bweforvideo-googAvailableReceiveBandwidth,0.0,0.0,0.0,0.0,0.0,0.0,0.0,0.0,0.0,0.0,0.0,0.0,0.0,0.0,0.0,0.0,0.0,0.0,0.0,0.0,0.0,0.0,0.0,0.0,0.0,0.0,0.0,0.0,0.0,0.0,0.0,0.0,0.0,0.0,0.0,0.0,0.0,0.0,0.0,0.0,0.0,0.0,0.0,0.0,0.0,0.0,0.0,0.0,0.0,0.0,0.0,0.0,0.0,0.0,0.0,0.0,0.0,0.0,0.0,0.0,0.0,0.0,0.0,0.0,0.0,0.0,0.0,0.0,0.0,0.0,0.0,0.0,0.0,0.0,0.0,0.0,0.0,0.0,0.0,0.0
bweforvideo-googAvailableSendBandwidth,300000.0,300000.0,301000.0,239699.0,222686.0,225418.0,227363.0,227224.0,227224.0,227852.0,231789.0,179087.0,191087.0,207374.0,224964.0,243961.0,264478.0,286636.0,195355.0,211311.0,136296.0,136296.0,147174.0,104009.0,108448.0,117558.0,127963.0,139200.0,151336.0,164443.0,178598.0,192905.0,145551.0,101365.0,102130.0,110879.0,120098.0,130514.0,141955.0,154311.0,167656.0,179570.0,194936.0,210941.0,228816.0,248121.0,268971.0,291489.0,175568.0,179160.0,194493.0,211052.0,228936.0,248251.0,269111.0,291640.0,309815.0,335600.0,197861.0,197861.0,214690.0,232865.0,252494.0,273694.0,296590.0,203181.0,220435.0,239070.0,259196.0,280932.0,304407.0,329760.0,357141.0,189723.0,189723.0,205901.0,223373.0,242243.0,262622.0,284632.0
bweforvideo-googBucketDelay,0.0,0.0,0.0,5.0,0.0,0.0,0.0,0.0,0.0,0.0,0.0,3.0,0.0,0.0,0.0,0.0,4.0,0.0,0.0,3.0,0.0,0.0,0.0,0.0,0.0,0.0,0.0,4.0,0.0,4.0,0.0,0.0,0.0,0.0,0.0,0.0,4.0,0.0,0.0,0.0,0.0,0.0,0.0,0.0,0.0,0.0,0.0,0.0,0.0,0.0,0.0,4.0,0.0,5.0,0.0,0.0,0.0,0.0,0.0,5.0,0.0,0.0,0.0,0.0,0.0,0.0,0.0,0.0,0.0,0.0,0.0,0.0,0.0,0.0,0.0,0.0,0.0,0.0,0.0,0.0
timestamp,1544722357,1544722358,1544722359,1544722360,1544722361,1544722362,1544722363,1544722364,1544722365,1544722366,1544722367,1544722368,1544722369,1544722370,1544722371,1544722372,1544722373,1544722374,1544722375,1544722376,1544722377,1544722378,1544722379,1544722380,1544722381,1544722382,1544722383,1544722384,1544722385,1544722386,1544722387,1544722388,1544722389,1544722390,1544722391,1544722392,1544722393,1544722394,1544722395,1544722396,1544722397,1544722398,1544722399,1544722400,1544722401,1544722402,1544722403,1544722404,1544722405,1544722406,1544722407,1544722408,1544722409,1544722410,1544722411,1544722412,1544722413,1544722414,1544722415,1544722416,1544722417,1544722418,1544722419,1544722420,1544722421,1544722422,1544722423,1544722424,1544722425,1544722426,1544722427,1544722428,1544722429,1544722430,1544722431,1544722432,1544722433,1544722434,1544722435,1544722436
audio_bitsReceivedPerSecond,-1,-1,0.0,366245.55461473326,333053.63528009533,345027.5229357798,316272.0,366502.5025025025,273568.0,227464.0,255440.0,365040.0,295384.0,293792.0,320456.0,307424.0,269448.0,223952.0,237618.38161838162,244673.34669338676,247648.35164835164,231312.0,172424.0,189552.0,191920.0,212048.0,206056.0,204448.0,164776.0,126416.0,123448.0,102808.0,101536.0,120872.0,108896.0,77008.0,100816.0,89568.0,92556.55655655656,103928.07192807193,117957.95795795796,107200.0,114813.18681318681,127896.0,135056.0,154192.0,153648.0,175824.0,171648.0,149696.0,159512.0,156424.0,163872.0,155307.30730730732,163316.6833166833,170280.0,165848.0,196968.0,208184.0,223456.0,257560.0,248200.0,268016.0,205872.0,245416.0,185856.0,181458.54145854147,200088.0880880881,201416.0,222608.0,236216.0,244752.0,253984.0,264831.16883116885,302849.15084915084,287799.5991983968,271384.0,341016.0,230088.0,302486.4864864865
audio_bitsSentPerSecond,-1,-1,0.0,304806.0965283658,257144.21930870082,269104.99490316,377808.0,254278.27827827827,253888.0,260392.0,257640.0,315680.0,215416.0,241040.0,247576.0,267560.0,278920.0,284136.0,247056.94305694307,252192.3847695391,234453.54645354644,200384.0,157312.0,160256.0,136248.0,140704.0,157600.0,161520.0,174368.0,177584.0,205232.0,209104.0,210832.0,187080.0,119016.0,138256.0,148616.0,158496.0,166046.04604604605,170421.57842157842,192368.36836836836,192792.0,220699.3006993007,237664.0,244312.0,259520.0,283656.0,315568.0,269528.0,222504.0,237016.0,225888.0,260832.0,268452.45245245245,286681.31868131866,295520.0,320592.0,361712.0,315088.0,235056.0,260216.0,242080.0,273832.0,292216.0,313552.0,277560.0,260827.17282717282,276548.54854854854,274736.0,268768.0,313064.0,326024.0,372184.0,296063.93606393604,257694.3056943057,225258.51703406815,245528.0,258856.0,279208.0,271055.05505505507
audio_packetsSentPerSecond,-1,-1,0.0,109.22946655376799,101.31108462455303,102.95616717635066,123.0,106.10610610610611,104.0,104.0,104.0,112.0,110.0,118.0,121.0,126.0,135.0,132.0,129.87012987012986,130.26052104208418,129.87012987012986,125.0,110.0,111.0,121.0,123.0,124.0,124.0,125.0,125.0,126.0,129.0,126.0,120.0,110.0,123.0,122.0,125.0,126.12612612612612,123.87612387612387,126.12612612612612,129.0,130.86913086913086,132.0,131.0,133.0,132.0,132.0,126.0,129.0,129.0,130.0,133.0,135.13513513513513,132.86713286713288,132.0,132.0,134.0,131.0,129.0,134.0,131.0,132.0,130.0,133.0,132.0,130.86913086913086,134.13413413413414,135.0,132.0,132.0,133.0,132.0,131.86813186813185,130.86913086913086,130.26052104208418,132.0,131.0,131.0,132.13213213213214
audio_googLocalAddress,-1,-1,10.164.0.12:35235,10.164.0.12:35235,10.164.0.12:35235,10.164.0.12:35235,10.164.0.12:35235,10.164.0.12:35235,10.164.0.12:35235,10.164.0.12:35235,10.164.0.12:35235,10.164.0.12:35235,10.164.0.12:35235,10.164.0.12:35235,10.164.0.12:35235,10.164.0.12:35235,10.164.0.12:35235,10.164.0.12:35235,10.164.0.12:35235,10.164.0.12:35235,10.164.0.12:35235,10.164.0.12:35235,10.164.0.12:35235,10.164.0.12:35235,10.164.0.12:35235,10.164.0.12:35235,10.164.0.12:35235,10.164.0.12:35235,10.164.0.12:35235,10.164.0.12:35235,10.164.0.12:35235,10.164.0.12:35235,10.164.0.12:35235,10.164.0.12:35235,10.164.0.12:35235,10.164.0.12:35235,10.164.0.12:35235,10.164.0.12:35235,10.164.0.12:35235,10.164.0.12:35235,10.164.0.12:35235,10.164.0.12:35235,10.164.0.12:35235,10.164.0.12:35235,10.164.0.12:35235,10.164.0.12:35235,10.164.0.12:35235,10.164.0.12:35235,10.164.0.12:35235,10.164.0.12:35235,10.164.0.12:35235,10.164.0.12:35235,10.164.0.12:35235,10.164.0.12:35235,10.164.0.12:35235,10.164.0.12:35235,10.164.0.12:35235,10.164.0.12:35235,10.164.0.12:35235,10.164.0.12:35235,10.164.0.12:35235,10.164.0.12:35235,10.164.0.12:35235,10.164.0.12:35235,10.164.0.12:35235,10.164.0.12:35235,10.164.0.12:35235,10.164.0.12:35235,10.164.0.12:35235,10.164.0.12:35235,10.164.0.12:35235,10.164.0.12:35235,10.164.0.12:35235,10.164.0.12:35235,10.164.0.12:35235,10.164.0.12:35235,10.164.0.12:35235,10.164.0.12:35235,10.164.0.12:35235,10.164.0.12:35235
audio_googRemoteAddress,-1,-1,10.164.0.11:40194,10.164.0.11:40194,10.164.0.11:40194,10.164.0.11:40194,10.164.0.11:40194,10.164.0.11:40194,10.164.0.11:40194,10.164.0.11:40194,10.164.0.11:40194,10.164.0.11:40194,10.164.0.11:40194,10.164.0.11:40194,10.164.0.11:40194,10.164.0.11:40194,10.164.0.11:40194,10.164.0.11:40194,10.164.0.11:40194,10.164.0.11:40194,10.164.0.11:40194,10.164.0.11:40194,10.164.0.11:40194,10.164.0.11:40194,10.164.0.11:40194,10.164.0.11:40194,10.164.0.11:40194,10.164.0.11:40194,10.164.0.11:40194,10.164.0.11:40194,10.164.0.11:40194,10.164.0.11:40194,10.164.0.11:40194,10.164.0.11:40194,10.164.0.11:40194,10.164.0.11:40194,10.164.0.11:40194,10.164.0.11:40194,10.164.0.11:40194,10.164.0.11:40194,10.164.0.11:40194,10.164.0.11:40194,10.164.0.11:40194,10.164.0.11:40194,10.164.0.11:40194,10.164.0.11:40194,10.164.0.11:40194,10.164.0.11:40194,10.164.0.11:40194,10.164.0.11:40194,10.164.0.11:40194,10.164.0.11:40194,10.164.0.11:40194,10.164.0.11:40194,10.164.0.11:40194,10.164.0.11:40194,10.164.0.11:40194,10.164.0.11:40194,10.164.0.11:40194,10.164.0.11:40194,10.164.0.11:40194,10.164.0.11:40194,10.164.0.11:40194,10.164.0.11:40194,10.164.0.11:40194,10.164.0.11:40194,10.164.0.11:40194,10.164.0.11:40194,10.164.0.11:40194,10.164.0.11:40194,10.164.0.11:40194,10.164.0.11:40194,10.164.0.11:40194,10.164.0.11:40194,10.164.0.11:40194,10.164.0.11:40194,10.164.0.11:40194,10.164.0.11:40194,10.164.0.11:40194,10.164.0.11:40194
audio_googRtt,-1,-1,99.0,99.0,378.0,688.0,688.0,688.0,655.0,655.0,491.0,491.0,368.0,368.0,368.0,276.0,276.0,218.0,218.0,218.0,223.0,223.0,167.0,167.0,167.0,125.0,125.0,94.0,94.0,94.0,70.0,70.0,53.0,53.0,53.0,40.0,40.0,30.0,30.0,30.0,22.0,22.0,16.0,16.0,16.0,12.0,12.0,9.0,9.0,9.0,7.0,7.0,5.0,5.0,5.0,4.0,4.0,3.0,3.0,3.0,2.0,2.0,1.0,1.0,1.0,16.0,16.0,12.0,12.0,12.0,9.0,9.0,7.0,7.0,7.0,5.0,5.0,4.0,4.0,4.0
audio_recv_bitsReceivedPerSecond,0.0,0.0,4496.0,21317.52751905165,30417.163289630513,29896.024464831804,20168.0,30062.06206206206,30968.0,24024.0,25080.0,24912.0,24888.0,24328.0,25840.0,19800.0,17624.0,29480.0,40511.48851148851,40400.80160320641,38065.93406593407,16648.0,17336.0,19280.0,18160.0,25352.0,22688.0,27056.0,24584.0,20784.0,20560.0,19368.0,20360.0,19712.0,19392.0,27368.0,19240.0,20080.0,20516.516516516516,19884.115884115883,30726.726726726727,17344.0,16703.296703296703,16720.0,16904.0,28560.0,28560.0,28376.0,28376.0,26448.0,37128.0,39976.0,39792.0,16552.55255255255,16703.296703296703,16904.0,16720.0,16536.0,16720.0,16720.0,16720.0,16904.0,16536.0,11304.0,24008.0,29680.0,39328.67132867133,40432.43243243243,40424.0,41088.0,40400.0,39744.0,39272.0,27716.283716283717,34341.65834165834,16753.507014028055,16720.0,16720.0,10752.0,35451.45145145145
audio_recv_packetsReceivedPerSecond,0.0,0.0,9.0,42.337002540220155,60.786650774731825,60.142711518858306,39.0,61.06106106106106,60.0,50.0,51.0,50.0,50.0,49.0,50.0,50.0,50.0,50.0,49.95004995004995,50.100200400801604,49.95004995004995,51.0,49.0,51.0,49.0,50.0,50.0,50.0,46.0,54.0,51.0,49.0,51.0,49.0,50.0,50.0,51.0,49.0,50.050050050050054,49.95004995004995,50.050050050050054,50.0,49.95004995004995,50.0,51.0,50.0,50.0,49.0,49.0,52.0,49.0,51.0,50.0,49.049049049049046,49.95004995004995,51.0,50.0,49.0,50.0,50.0,50.0,51.0,49.0,41.0,59.0,51.0,48.95104895104895,50.050050050050054,50.0,51.0,50.0,49.0,51.0,48.95104895104895,50.94905094905095,50.100200400801604,50.0,50.0,38.0,62.06206206206206
audio_recv_googCurrentDelayMs,0.0,0.0,25.0,103.0,156.0,262.0,274.0,175.0,332.0,319.0,237.0,136.0,122.0,124.0,125.0,123.0,125.0,107.0,110.0,117.0,120.0,140.0,148.0,125.0,129.0,122.0,120.0,127.0,100.0,221.0,158.0,205.0,179.0,138.0,108.0,202.0,207.0,171.0,172.0,127.0,71.0,70.0,70.0,62.0,60.0,66.0,65.0,64.0,86.0,164.0,144.0,66.0,71.0,69.0,68.0,68.0,68.0,68.0,68.0,68.0,68.0,68.0,68.0,46.0,235.0,207.0,159.0,71.0,69.0,70.0,70.0,69.0,70.0,69.0,69.0,70.0,69.0,69.0,52.0,197.0
audio_recv_googJitterBufferMs,0.0,0.0,6.0,93.0,237.0,375.0,107.0,281.0,423.0,329.0,238.0,160.0,118.0,98.0,98.0,95.0,95.0,120.0,101.0,91.0,91.0,189.0,139.0,129.0,99.0,94.0,111.0,99.0,191.0,244.0,231.0,174.0,164.0,112.0,247.0,212.0,202.0,149.0,119.0,87.0,50.0,50.0,50.0,45.0,62.0,54.0,54.0,34.0,216.0,193.0,109.0,66.0,58.0,38.0,38.0,58.0,58.0,38.0,38.0,38.0,38.0,58.0,38.0,120.0,265.0,215.0,113.0,39.0,39.0,59.0,59.0,39.0,59.0,39.0,59.0,59.0,59.0,59.0,88.0,284.0
audio_recv_googJitterReceived,0.0,0.0,0.0,15.0,15.0,15.0,12.0,12.0,12.0,3.0,3.0,3.0,3.0,3.0,3.0,3.0,3.0,3.0,3.0,3.0,3.0,3.0,3.0,3.0,3.0,1.0,1.0,1.0,1.0,8.0,8.0,8.0,8.0,8.0,8.0,9.0,9.0,9.0,1.0,1.0,1.0,1.0,1.0,1.0,1.0,1.0,1.0,1.0,1.0,2.0,2.0,2.0,2.0,2.0,2.0,2.0,1.0,1.0,1.0,1.0,1.0,1.0,1.0,1.0,1.0,4.0,4.0,4.0,4.0,4.0,4.0,1.0,1.0,1.0,1.0,1.0,1.0,1.0,9.0,9.0
audio_recv_googPreferredJitterBufferMs,0.0,0.0,140.0,100.0,100.0,100.0,100.0,100.0,100.0,100.0,100.0,100.0,100.0,100.0,100.0,100.0,100.0,100.0,100.0,100.0,100.0,100.0,100.0,100.0,100.0,100.0,100.0,100.0,100.0,100.0,80.0,60.0,60.0,60.0,60.0,60.0,60.0,60.0,60.0,60.0,60.0,60.0,60.0,40.0,40.0,40.0,40.0,40.0,40.0,40.0,40.0,40.0,40.0,40.0,40.0,40.0,40.0,40.0,40.0,40.0,40.0,40.0,40.0,40.0,40.0,40.0,40.0,40.0,40.0,40.0,40.0,40.0,40.0,40.0,40.0,40.0,40.0,40.0,40.0,40.0
audio_send_bitsSentPerSecond,0.0,0.0,15960.0,24311.600338696022,25907.03218116806,25141.692150866464,26288.0,16736.736736736737,16720.0,16720.0,16720.0,16720.0,16720.0,16720.0,16720.0,16720.0,16720.0,16720.0,16703.296703296703,17306.613226452904,13178.82117882118,14952.0,16720.0,16720.0,16720.0,15192.0,16520.0,16496.0,15856.0,16720.0,16720.0,16720.0,16720.0,16720.0,16720.0,16720.0,16720.0,16720.0,16736.736736736737,15912.087912087913,16392.392392392394,13936.0,13290.70929070929,14040.0,15584.0,14688.0,15144.0,15208.0,14456.0,15624.0,15640.0,16312.0,15608.0,14430.43043043043,13306.693306693307,13256.0,12696.0,13376.0,12696.0,10720.0,9200.0,9200.0,9200.0,12416.0,15648.0,15648.0,15624.375624375625,15735.735735735736,15352.0,15360.0,15472.0,15408.0,15864.0,14457.542457542457,10541.458541458542,10629.258517034068,9200.0,9200.0,12368.0,15495.495495495496
audio_send_packetsSentPerSecond,0.0,0.0,30.0,49.11092294665538,51.25148986889154,49.94903160040775,50.0,50.050050050050054,50.0,50.0,50.0,50.0,50.0,50.0,50.0,50.0,50.0,50.0,49.95004995004995,50.100200400801604,49.95004995004995,50.0,50.0,50.0,50.0,50.0,50.0,50.0,50.0,50.0,50.0,50.0,50.0,50.0,50.0,50.0,50.0,50.0,50.050050050050054,49.95004995004995,50.050050050050054,50.0,49.95004995004995,50.0,50.0,50.0,50.0,50.0,50.0,50.0,50.0,50.0,50.0,50.050050050050054,49.95004995004995,50.0,50.0,50.0,50.0,50.0,50.0,50.0,50.0,50.0,50.0,50.0,49.95004995004995,50.050050050050054,50.0,50.0,50.0,50.0,50.0,49.95004995004995,49.95004995004995,50.100200400801604,50.0,50.0,50.0,50.050050050050054
video_recv_bitsReceivedPerSecond,0.0,0.0,106552.0,336230.3132938188,291060.7866507747,310099.8980632008,281136.0,323947.94794794795,230872.0,193424.0,220776.0,329520.0,260672.0,258424.0,283736.0,276584.0,239824.0,185240.0,186509.4905094905,195695.39078156312,199624.37562437562,204840.0,146176.0,160784.0,165200.0,177240.0,173320.0,167680.0,132256.0,97920.0,96472.0,77088.0,74376.0,93832.0,83280.0,44632.0,75560.0,63392.0,65617.61761761762,76099.9000999001,80760.76076076076,82832.0,90165.83416583417,103784.0,110216.0,118040.0,116392.0,139032.0,135288.0,115696.0,114656.0,108680.0,115448.0,130602.60260260261,137774.22577422578,144744.0,139760.0,171008.0,181512.0,195872.0,229448.0,220408.0,239600.0,185720.0,211248.0,147600.0,134057.94205794207,150238.23823823823,152032.0,171072.0,186488.0,193984.0,204776.0,227124.87512487514,256455.54445554444,260384.76953907814,242936.0,313128.0,212784.0,252356.35635635635
video_recv_packetsReceivedPerSecond,0.0,0.0,13.0,44.87722269263336,40.524433849821214,41.7940876656473,40.0,45.04504504504504,33.0,29.0,30.0,56.0,60.0,60.0,60.0,60.0,63.0,60.0,59.94005994005994,60.120240480961925,60.93906093906094,59.0,60.0,60.0,60.0,60.0,60.0,60.0,44.0,44.0,43.0,41.0,44.0,60.0,38.0,20.0,28.0,50.0,60.06006006006006,59.94005994005994,60.06006006006006,60.0,59.94005994005994,60.0,60.0,60.0,60.0,60.0,59.0,61.0,60.0,60.0,60.0,60.06006006006006,59.94005994005994,60.0,60.0,60.0,60.0,60.0,61.0,60.0,60.0,48.0,72.0,60.0,59.94005994005994,60.06006006006006,60.0,60.0,62.0,60.0,60.0,59.94005994005994,59.94005994005994,60.120240480961925,60.0,60.0,47.0,73.07307307307308
video_recv_googCurrentDelayMs,0.0,0.0,21.0,61.0,49.0,42.0,112.0,107.0,104.0,100.0,97.0,102.0,101.0,97.0,95.0,92.0,100.0,99.0,97.0,95.0,91.0,91.0,90.0,88.0,87.0,86.0,85.0,84.0,85.0,83.0,83.0,82.0,81.0,79.0,83.0,82.0,82.0,82.0,80.0,79.0,77.0,76.0,76.0,75.0,74.0,74.0,74.0,73.0,73.0,73.0,71.0,71.0,70.0,69.0,69.0,68.0,68.0,67.0,65.0,65.0,64.0,63.0,62.0,61.0,60.0,61.0,60.0,60.0,59.0,59.0,59.0,58.0,57.0,57.0,56.0,55.0,55.0,53.0,53.0,54.0
video_recv_googDecodeMs,0.0,0.0,5.0,4.0,4.0,4.0,2.0,2.0,2.0,2.0,2.0,2.0,2.0,2.0,1.0,2.0,1.0,1.0,1.0,1.0,1.0,1.0,1.0,1.0,1.0,1.0,1.0,1.0,2.0,2.0,1.0,1.0,1.0,1.0,2.0,1.0,0.0,0.0,0.0,0.0,0.0,0.0,0.0,0.0,1.0,0.0,0.0,0.0,1.0,1.0,1.0,1.0,1.0,0.0,1.0,0.0,1.0,0.0,1.0,0.0,1.0,0.0,0.0,1.0,1.0,1.0,1.0,0.0,1.0,0.0,1.0,1.0,0.0,1.0,1.0,0.0,0.0,0.0,1.0,1.0
video_recv_googFrameHeightReceived,0.0,0.0,720.0,720.0,720.0,720.0,540.0,540.0,540.0,540.0,540.0,360.0,360.0,360.0,360.0,360.0,270.0,270.0,270.0,270.0,270.0,270.0,270.0,270.0,270.0,270.0,270.0,270.0,270.0,270.0,270.0,270.0,270.0,270.0,270.0,270.0,180.0,180.0,180.0,180.0,180.0,180.0,180.0,180.0,180.0,180.0,180.0,180.0,180.0,180.0,180.0,180.0,180.0,180.0,180.0,180.0,180.0,180.0,180.0,180.0,180.0,180.0,180.0,180.0,180.0,180.0,180.0,180.0,180.0,180.0,180.0,180.0,180.0,180.0,180.0,180.0,180.0,180.0,180.0,180.0
video_recv_googFrameRateOutput,0.0,0.0,15.0,21.0,19.0,21.0,20.0,33.0,29.0,24.0,29.0,49.0,61.0,60.0,56.0,62.0,61.0,61.0,60.0,56.0,62.0,59.0,61.0,61.0,60.0,56.0,60.0,61.0,47.0,42.0,44.0,41.0,44.0,60.0,38.0,20.0,24.0,49.0,61.0,61.0,61.0,60.0,61.0,60.0,60.0,60.0,60.0,60.0,59.0,60.0,61.0,59.0,60.0,60.0,60.0,60.0,60.0,60.0,60.0,60.0,60.0,60.0,60.0,49.0,69.0,60.0,60.0,60.0,61.0,60.0,60.0,60.0,60.0,60.0,60.0,60.0,60.0,60.0,48.0,71.0
video_recv_googFrameRateReceived,0.0,0.0,3.0,22.0,19.0,21.0,19.0,38.0,28.0,23.0,26.0,50.0,60.0,60.0,60.0,60.0,60.0,60.0,60.0,60.0,60.0,59.0,60.0,60.0,60.0,60.0,60.0,60.0,43.0,44.0,42.0,41.0,44.0,60.0,38.0,20.0,27.0,50.0,60.0,60.0,60.0,60.0,60.0,60.0,60.0,60.0,60.0,60.0,59.0,61.0,59.0,60.0,60.0,60.0,60.0,60.0,60.0,59.0,60.0,60.0,60.0,60.0,60.0,48.0,72.0,60.0,60.0,60.0,60.0,60.0,59.0,60.0,60.0,60.0,60.0,60.0,60.0,60.0,47.0,74.0
video_recv_googFrameWidthReceived,0.0,0.0,1280.0,1280.0,1280.0,1280.0,960.0,960.0,960.0,960.0,960.0,640.0,640.0,640.0,640.0,640.0,480.0,480.0,480.0,480.0,480.0,480.0,480.0,480.0,480.0,480.0,480.0,480.0,480.0,480.0,480.0,480.0,480.0,480.0,480.0,480.0,320.0,320.0,320.0,320.0,320.0,320.0,320.0,320.0,320.0,320.0,320.0,320.0,320.0,320.0,320.0,320.0,320.0,320.0,320.0,320.0,320.0,320.0,320.0,320.0,320.0,320.0,320.0,320.0,320.0,320.0,320.0,320.0,320.0,320.0,320.0,320.0,320.0,320.0,320.0,320.0,320.0,320.0,320.0,320.0
video_recv_googInterframeDelayMax,-1.0,-1.0,140.0,136.0,64.0,58.0,182.0,48.0,68.0,60.0,48.0,79.0,19.0,22.0,104.0,18.0,49.0,94.0,32.0,99.0,18.0,119.0,31.0,21.0,27.0,90.0,48.0,18.0,107.0,81.0,118.0,65.0,49.0,36.0,186.0,121.0,102.0,63.0,18.0,18.0,18.0,18.0,20.0,19.0,21.0,21.0,22.0,21.0,141.0,18.0,18.0,18.0,18.0,18.0,18.0,19.0,18.0,18.0,18.0,18.0,18.0,18.0,18.0,132.0,26.0,36.0,18.0,18.0,18.0,18.0,18.0,18.0,18.0,18.0,18.0,18.0,18.0,18.0,110.0,20.0
video_recv_googJitterBufferMs,0.0,0.0,74.0,46.0,36.0,29.0,97.0,92.0,89.0,85.0,82.0,87.0,86.0,83.0,81.0,79.0,88.0,87.0,85.0,83.0,79.0,79.0,78.0,76.0,75.0,74.0,73.0,72.0,73.0,71.0,71.0,70.0,69.0,67.0,71.0,70.0,71.0,70.0,68.0,67.0,66.0,65.0,65.0,64.0,63.0,63.0,63.0,62.0,62.0,62.0,60.0,60.0,59.0,58.0,58.0,57.0,57.0,56.0,54.0,54.0,53.0,52.0,51.0,50.0,50.0,50.0,49.0,49.0,48.0,48.0,48.0,47.0,46.0,46.0,45.0,44.0,44.0,42.0,42.0,43.0
video_recv_googPlisSent,0.0,0.0,0.0,0.0,0.0,0.0,0.0,0.0,0.0,0.0,0.0,0.0,0.0,0.0,0.0,0.0,0.0,0.0,0.0,0.0,0.0,0.0,0.0,0.0,0.0,0.0,0.0,0.0,0.0,0.0,0.0,0.0,0.0,0.0,0.0,0.0,0.0,0.0,0.0,0.0,0.0,0.0,0.0,0.0,0.0,0.0,0.0,0.0,0.0,0.0,0.0,0.0,0.0,0.0,0.0,0.0,0.0,0.0,0.0,0.0,0.0,0.0,0.0,0.0,0.0,0.0,0.0,0.0,0.0,0.0,0.0,0.0,0.0,0.0,0.0,0.0,0.0,0.0,0.0,0.0
video_send_bitsSentPerSecond,0.0,0.0,312408.0,269439.45808636746,222064.36233611443,234226.2996941896,340544.0,227419.41941941943,227248.0,234280.0,230760.0,289232.0,192744.0,210944.0,219736.0,240168.0,250600.0,256872.0,219708.2917082917,224064.12825651304,210869.13086913087,176520.0,134752.0,132992.0,111656.0,117336.0,132568.0,138912.0,147424.0,151808.0,182536.0,182616.0,182592.0,160856.0,98208.0,113000.0,122808.0,133328.0,139699.6996996997,146261.73826173827,169865.86586586587,168376.0,193606.3936063936,212760.0,217896.0,233232.0,257504.0,289192.0,246208.0,196688.0,211248.0,198776.0,233992.0,246262.26226226226,257814.18581418582,271096.0,296984.0,336272.0,291368.0,213872.0,239224.0,222272.0,253496.0,270072.0,286016.0,250776.0,234413.58641358642,252892.89289289288,244032.0,242608.0,286424.0,299672.0,345488.0,270529.47052947053,236299.7002997003,204112.2244488978,225160.0,238824.0,256264.0,244444.44444444444
video_send_packetsLost,0.0,0.0,0.0,0.0,0.0,0.0,0.0,0.0,0.0,0.0,0.0,0.0,0.0,0.0,0.0,0.0,0.0,0.0,0.0,0.0,0.0,0.0,0.0,0.0,0.0,0.0,0.0,0.0,0.0,0.0,0.0,0.0,0.0,0.0,0.0,0.0,0.0,0.0,0.0,0.0,0.0,0.0,0.0,0.0,0.0,0.0,0.0,0.0,0.0,0.0,0.0,0.0,0.0,0.0,0.0,0.0,0.0,0.0,0.0,0.0,0.0,0.0,0.0,0.0,0.0,0.0,0.0,0.0,0.0,0.0,0.0,0.0,0.0,0.0,0.0,0.0,0.0,0.0,0.0,0.0
video_send_packetsSentPerSecond,0.0,0.0,41.0,36.40982218458933,29.797377830750893,31.600407747196737,51.0,34.034034034034036,32.0,33.0,31.0,42.0,41.0,49.0,48.0,55.0,62.0,61.0,59.94005994005994,59.11823647294589,60.93906093906094,60.0,46.0,47.0,59.0,60.0,60.0,60.0,60.0,59.0,61.0,60.0,60.0,54.0,53.0,60.0,59.0,61.0,60.06006006006006,59.94005994005994,60.06006006006006,60.0,59.94005994005994,61.0,60.0,60.0,60.0,60.0,60.0,60.0,60.0,59.0,61.0,62.06206206206206,59.94005994005994,60.0,60.0,60.0,60.0,59.0,61.0,60.0,60.0,62.0,60.0,60.0,59.94005994005994,63.06306306306306,60.0,61.0,60.0,61.0,61.0,60.93906093906094,59.94005994005994,60.120240480961925,60.0,60.0,60.0,60.06006006006006
video_send_googEncodeUsagePercent,0.0,0.0,0.0,64.0,64.0,64.0,64.0,64.0,64.0,64.0,64.0,64.0,64.0,64.0,64.0,48.0,46.0,64.0,64.0,52.0,47.0,43.0,39.0,36.0,32.0,30.0,27.0,25.0,23.0,22.0,20.0,19.0,18.0,17.0,16.0,15.0,14.0,14.0,13.0,13.0,12.0,12.0,12.0,12.0,12.0,11.0,11.0,11.0,11.0,11.0,11.0,11.0,11.0,11.0,11.0,11.0,11.0,11.0,12.0,12.0,12.0,12.0,12.0,12.0,12.0,12.0,12.0,12.0,12.0,12.0,12.0,12.0,12.0,12.0,12.0,13.0,13.0,13.0,13.0,13.0
video_send_googFrameHeightSent,0.0,0.0,720.0,720.0,720.0,720.0,540.0,540.0,540.0,540.0,540.0,360.0,360.0,360.0,360.0,360.0,270.0,270.0,270.0,270.0,270.0,270.0,270.0,270.0,270.0,270.0,270.0,270.0,270.0,270.0,270.0,270.0,270.0,270.0,270.0,270.0,270.0,270.0,270.0,270.0,270.0,270.0,270.0,270.0,270.0,270.0,270.0,270.0,270.0,270.0,270.0,270.0,270.0,270.0,270.0,270.0,270.0,270.0,270.0,270.0,270.0,270.0,270.0,270.0,270.0,270.0,270.0,270.0,270.0,270.0,270.0,270.0,270.0,270.0,270.0,270.0,270.0,270.0,270.0,270.0
video_send_googFrameRateSent,0.0,0.0,14.0,18.0,14.0,15.0,24.0,24.0,25.0,30.0,30.0,40.0,41.0,49.0,49.0,56.0,61.0,61.0,61.0,61.0,61.0,61.0,47.0,47.0,60.0,61.0,61.0,61.0,61.0,61.0,61.0,61.0,61.0,54.0,54.0,61.0,61.0,61.0,61.0,61.0,61.0,61.0,61.0,61.0,61.0,61.0,61.0,61.0,61.0,61.0,61.0,61.0,61.0,61.0,61.0,61.0,61.0,61.0,61.0,61.0,61.0,61.0,61.0,61.0,61.0,61.0,61.0,61.0,61.0,61.0,61.0,61.0,61.0,61.0,61.0,61.0,61.0,61.0,61.0,60.0
video_send_googFrameWidthSent,0.0,0.0,1280.0,1280.0,1280.0,1280.0,960.0,960.0,960.0,960.0,960.0,640.0,640.0,640.0,640.0,640.0,480.0,480.0,480.0,480.0,480.0,480.0,480.0,480.0,480.0,480.0,480.0,480.0,480.0,480.0,480.0,480.0,480.0,480.0,480.0,480.0,480.0,480.0,480.0,480.0,480.0,480.0,480.0,480.0,480.0,480.0,480.0,480.0,480.0,480.0,480.0,480.0,480.0,480.0,480.0,480.0,480.0,480.0,480.0,480.0,480.0,480.0,480.0,480.0,480.0,480.0,480.0,480.0,480.0,480.0,480.0,480.0,480.0,480.0,480.0,480.0,480.0,480.0,480.0,480.0
video_send_googRtt,0.0,0.0,0.0,0.0,0.0,0.0,1097.0,1092.0,1071.0,1014.0,730.0,590.0,0.0,222.0,155.0,109.0,0.0,93.0,95.0,66.0,46.0,0.0,240.0,183.0,128.0,89.0,62.0,43.0,30.0,0.0,129.0,90.0,63.0,80.0,92.0,126.0,117.0,82.0,57.0,0.0,1.0,1.0,1.0,1.0,1.0,0.0,1.0,1.0,0.0,1.0,76.0,53.0,37.0,26.0,18.0,12.0,8.0,5.0,0.0,1.0,45.0,31.0,0.0,23.0,16.0,68.0,62.0,43.0,30.0,21.0,15.0,10.0,0.0,1.0,1.0,51.0,41.0,29.0,20.0,14.0
audio_send_packetsLost,-1,-1,-1,-1,-1,0.0,0.0,0.0,0.0,0.0,0.0,0.0,0.0,0.0,0.0,0.0,0.0,0.0,0.0,0.0,0.0,0.0,0.0,0.0,0.0,0.0,0.0,0.0,0.0,0.0,0.0,0.0,0.0,0.0,0.0,0.0,0.0,0.0,0.0,0.0,0.0,0.0,0.0,0.0,0.0,0.0,0.0,0.0,0.0,0.0,0.0,0.0,0.0,0.0,0.0,0.0,0.0,0.0,0.0,0.0,0.0,0.0,0.0,0.0,0.0,0.0,0.0,0.0,0.0,0.0,0.0,0.0,0.0,0.0,0.0,0.0,0.0,0.0,0.0,0.0
audio_send_googJitterReceived,-1,-1,-1,-1,-1,20.0,20.0,20.0,20.0,20.0,3.0,3.0,3.0,3.0,3.0,3.0,1.0,1.0,1.0,1.0,1.0,6.0,6.0,6.0,6.0,6.0,6.0,6.0,1.0,1.0,1.0,1.0,1.0,1.0,1.0,5.0,5.0,5.0,5.0,1.0,1.0,1.0,1.0,1.0,1.0,1.0,1.0,1.0,1.0,1.0,1.0,1.0,1.0,1.0,1.0,1.0,1.0,1.0,1.0,7.0,7.0,7.0,7.0,7.0,1.0,1.0,1.0,1.0,1.0,1.0,1.0,1.0,1.0,1.0,6.0,6.0,6.0,6.0,6.0,1.0
audio_send_googRtt,-1,-1,-1,-1,-1,1031.0,1031.0,1031.0,1031.0,1031.0,530.0,530.0,530.0,530.0,530.0,530.0,185.0,185.0,185.0,185.0,185.0,105.0,105.0,105.0,105.0,105.0,105.0,105.0,257.0,257.0,257.0,257.0,257.0,257.0,257.0,71.0,71.0,71.0,71.0,2.0,2.0,2.0,2.0,2.0,2.0,1.0,1.0,1.0,1.0,1.0,1.0,1.0,1.0,1.0,2.0,2.0,2.0,2.0,2.0,297.0,297.0,297.0,297.0,297.0,382.0,382.0,382.0,382.0,382.0,1.0,1.0,1.0,1.0,1.0,170.0,170.0,170.0,170.0,170.0,181.0
video_recv_resolutionChangesReceived,0,0,1,1,1,1,2,2,2,2,2,3,3,3,3,3,4,4,4,4,4,4,4,4,4,4,4,4,4,4,4,4,4,4,4,4,5,5,5,5,5,5,5,5,5,5,5,5,5,5,5,5,5,5,5,5,5,5,5,5,5,5,5,5,5,5,5,5,5,5,5,5,5,5,5,5,5,5,5,5
video_send_resolutionChangesSent,0,0,1,1,1,1,2,2,2,2,2,3,3,3,3,3,4,4,4,4,4,4,4,4,4,4,4,4,4,4,4,4,4,4,4,4,4,4,4,4,4,4,4,4,4,4,4,4,4,4,4,4,4,4,4,4,4,4,4,4,4,4,4,4,4,4,4,4,4,4,4,4,4,4,4,4,4,4,4,4
1_way_delay_audio_send,-0.5,-0.5,-0.5,-0.5,-0.5,515.5,515.5,515.5,515.5,515.5,265.0,265.0,265.0,265.0,265.0,265.0,92.5,92.5,92.5,92.5,92.5,52.5,52.5,52.5,52.5,52.5,52.5,52.5,128.5,128.5,128.5,128.5,128.5,128.5,128.5,35.5,35.5,35.5,35.5,1.0,1.0,1.0,1.0,1.0,1.0,0.5,0.5,0.5,0.5,0.5,0.5,0.5,0.5,0.5,1.0,1.0,1.0,1.0,1.0,148.5,148.5,148.5,148.5,148.5,191.0,191.0,191.0,191.0,191.0,0.5,0.5,0.5,0.5,0.5,85.0,85.0,85.0,85.0,85.0,90.5
1_way_delay_video_send,0.0,0.0,0.0,0.0,0.0,0.0,548.5,546.0,535.5,507.0,365.0,295.0,0.0,111.0,77.5,54.5,0.0,46.5,47.5,33.0,23.0,0.0,120.0,91.5,64.0,44.5,31.0,21.5,15.0,0.0,64.5,45.0,31.5,40.0,46.0,63.0,58.5,41.0,28.5,0.0,0.5,0.5,0.5,0.5,0.5,0.0,0.5,0.5,0.0,0.5,38.0,26.5,18.5,13.0,9.0,6.0,4.0,2.5,0.0,0.5,22.5,15.5,0.0,11.5,8.0,34.0,31.0,21.5,15.0,10.5,7.5,5.0,0.0,0.5,0.5,25.5,20.5,14.5,10.0,7.0
ear_ear_delay_audio_send,-1.5,-1.5,-1.5,-1.5,1.5,597.5,526.5,662.5,765.5,708.5,728.0,676.0,492.0,424.0,474.0,436.0,228.5,196.5,163.5,151.5,213.5,140.5,65.5,414.5,384.5,354.5,322.5,292.5,338.5,295.5,275.5,295.5,295.5,295.5,303.5,282.5,267.5,237.5,207.5,170.0,170.0,170.0,170.0,170.0,170.0,169.5,169.5,169.5,169.5,169.5,82.5,337.5,307.5,274.5,242.0,212.0,180.0,170.0,170.0,317.5,187.5,539.5,507.5,474.5,485.0,455.0,425.0,392.0,362.0,169.5,169.5,169.5,169.5,169.5,254.0,173.0,438.0,402.0,370.0,342.5
audio_recv_kbitsReceivedPerSecond,0,0,4,20,29,29,19,29,30,23,24,24,24,23,25,19,17,28,39,39,37,16,16,18,17,24,22,26,24,20,20,18,19,19,18,26,18,19,20,19,30,16,16,16,16,27,27,27,27,25,36,39,38,16,16,16,16,16,16,16,16,16,16,11,23,28,38,39,39,40,39,38,38,27,33,16,16,16,10,34
video_recv_kbitsReceivedPerSecond,0,0,104,328,284,302,274,316,225,188,215,321,254,252,277,270,234,180,182,191,194,200,142,157,161,173,169,163,129,95,94,75,72,91,81,43,73,61,64,74,78,80,88,101,107,115,113,135,132,112,111,106,112,127,134,141,136,167,177,191,224,215,233,181,206,144,130,146,148,167,182,189,199,221,250,254,237,305,207,246
audio_packet_loss_percentage_send,0.0,0.0,0.0,2.0020408163265304,0.0,0.0,0.0,0.0,0.0,0.0,0.0,0.0,0.0,0.0,0.0,0.0,0.0,0.0,0.0,0.0,0.0,0.0,0.0,0.0,0.0,0.0,0.0,0.0,0.0,0.0,0.0,0.0,0.0,0.0,0.0,0.0,0.0,0.0,0.0,0.0,0.0,0.0,0.0,0.0,0.0,0.0,0.0,0.0,0.0,0.0,0.0,0.0,0.0,0.0,0.0,0.0,0.0,0.0,0.0,0.0,0.0,0.0,0.0,0.0,0.0,0.0,0.0,0.0,0.0,0.0,0.0,0.0,0.0,0.0,0.0,0.0,0.0
e_model_audio_send,94.164,33.0433209470233,43.152,24.927999999999997,11.12599999999999,18.763999999999996,16.150999999999996,23.119,47.775000000000006,56.887,50.187000000000005,55.279,83.084,87.372,90.276,90.56400000000001,85.09400000000001,90.828,92.628,58.160000000000004,62.18000000000001,66.2,70.488,74.50800000000001,68.344,74.106,76.786,74.106,74.106,74.106,73.034,75.848,77.858,81.878,85.898,90.12,90.12,90.12,90.12,90.12,90.12,90.132,90.132,90.132,90.132,90.132,92.22,68.47800000000001,72.498,76.92,81.275,85.295,89.583,90.12,90.12,71.158,88.578,41.410000000000004,45.69800000000001,50.120000000000005,48.713,52.733000000000004,56.753,61.175000000000004,65.195,90.132,90.132,90.132,90.132,90.132,79.667,90.048,55.011,59.83500000000001,64.123
kpi_audio_synchronization,4.4271616559393925,1.7390301318210195,2.221010620985344,1.413045087092736,1.051119573761368,1.216744204825792,1.149608915883343,1.350295917760887,2.4586111497343754,2.9376010638872794,2.584819902055579,2.8530684485415274,4.135043683963072,4.269423134160065,4.3457031973079685,4.352571810236993,4.201096568245913,4.358754126675137,4.397941034479936,3.0042576225280007,3.2121861423760003,3.414110104,3.6198030361000963,3.8006711945484164,3.518405571558912,3.783186099238888,3.8969585139904086,3.783186099238888,3.783186099238888,3.783186099238888,3.7358772962968723,3.8579015390786564,3.9405318230910162,4.092966980542936,4.226027822284456,4.341928899904,4.341928899904,4.341928899904,4.341928899904,4.341928899904,4.341928899904,4.342220567420225,4.342220567420225,4.342220567420225,4.342220567420225,4.342220567420225,4.389518544664001,3.5248321104205367,3.7118630858900565,3.902468142784,4.071270141296876,4.207411073668376,4.328650113051991,4.341928899904,4.341928899904,3.650829992745816,4.302624123144136,2.1336270454530006,2.3509978302212566,2.5813009959040003,2.507563368058321,2.7188624552621414,2.930569010791561,3.1606603568593754,3.364341256970875,4.342220567420225,4.342220567420225,4.342220567420225,4.342220567420225,4.342220567420225,4.01135076064226,4.340174225145857,2.8389544207556834,3.091449219944876,3.3107009100779314
eye_eye_delay_video_send,-1.0,-1.0,-1.0,-1.0,0.0,79.0,604.5,623.0,596.5,590.0,443.0,369.0,70.0,192.0,156.5,131.5,74.0,118.5,123.5,107.0,95.0,70.0,192.0,162.5,133.0,109.5,95.0,83.5,75.0,58.0,121.5,100.0,84.5,91.0,97.0,115.0,109.5,91.0,77.5,49.0,48.5,48.5,47.5,47.5,46.5,48.0,47.5,46.5,45.0,44.5,84.0,72.5,64.5,59.0,54.0,54.0,50.0,47.5,44.0,44.5,64.5,58.5,42.0,53.5,49.0,74.0,72.0,62.5,56.0,55.5,52.5,49.0,43.0,42.5,41.5,65.5,61.5,55.5,51.0,47.0
kpi_video_synchronization,5,5,5,5,5,5,1,1,1,1,1,1.4133333333333336,5,3.7733333333333334,4.246666666666667,4.58,5,4.753333333333333,4.6866666666666665,4.906666666666666,5,5,3.7733333333333334,4.166666666666667,4.56,4.873333333333333,5,5,5,5,4.713333333333333,1,5,5,5,4.8,4.873333333333333,5,5,5,5,5,5,5,5,5,5,5,5,5,5,5,5,5,5,5,5,5,5,5,5,5,5,5,5,5,5,5,5,5,5,5,5,5,5,5,5,5,5,5
av_delay_send,-0.5,-0.5,-0.5,-0.5,1.5,518.5,-78.0,39.5,169.0,118.5,285.0,307.0,422.0,232.0,317.5,304.5,154.5,78.0,40.0,44.5,118.5,70.5,-126.5,252.0,251.5,245.0,227.5,209.0,263.5,237.5,154.0,195.5,211.0,204.5,206.5,167.5,158.0,146.5,130.0,121.0,121.5,121.5,122.5,122.5,123.5,121.5,122.0,123.0,124.5,125.0,-1.5,265.0,243.0,215.5,188.0,158.0,130.0,122.5,126.0,273.0,123.0,481.0,465.5,421.0,436.0,381.0,353.0,329.5,306.0,114.0,117.0,120.5,126.5,127.0,212.5,107.5,376.5,346.5,319.0,295.5
kpi_av_synchronization,5,5,5,5,5,1,5,5,1,1,1,1,1,1,1,1,1,2.36,5,5,1,2.96,4.9,1,1,1,1,1,1,1,1,1,1,1,1,1,1,1,1,1,1,1,1,1,1,1,1,1,1,1,5,1,1,1,1,1,1,1,1,1,1,1,1,1,1,1,1,1,1,1,1,1,1,1,1,1,1,1,1,1
kpi_resolution_stability,2.502131383293008,2.502131383293008,2.502131383293008,2.502131383293008,2.502131383293008,2.502131383293008,2.502131383293008,2.502131383293008,2.502131383293008,2.502131383293008,2.502131383293008,2.502131383293008,2.502131383293008,2.502131383293008,2.502131383293008,2.502131383293008,2.502131383293008,2.502131383293008,2.502131383293008,2.502131383293008,2.502131383293008,2.502131383293008,2.502131383293008,2.502131383293008,2.502131383293008,2.502131383293008,2.502131383293008,2.502131383293008,2.502131383293008,2.502131383293008,2.502131383293008,2.502131383293008,2.502131383293008,2.502131383293008,2.502131383293008,2.502131383293008,2.502131383293008,2.502131383293008,2.502131383293008,2.502131383293008,2.502131383293008,2.502131383293008,2.502131383293008,2.502131383293008,2.502131383293008,2.502131383293008,2.502131383293008,2.502131383293008,2.502131383293008,2.502131383293008,2.502131383293008,2.502131383293008,2.502131383293008,2.502131383293008,2.502131383293008,2.502131383293008,2.502131383293008,2.502131383293008,2.502131383293008,2.502131383293008,2.502131383293008,2.502131383293008,2.502131383293008,2.502131383293008,2.502131383293008,2.502131383293008,2.502131383293008,2.502131383293008,2.502131383293008,2.502131383293008,2.502131383293008,2.502131383293008,2.502131383293008,2.502131383293008,2.502131383293008,2.502131383293008,2.502131383293008,2.502131383293008,2.502131383293008,2.502131383293008
max_resolution_percentage,5.0,5.0,5.0,5.0,5.0,5.0,5.0,5.0,5.0,5.0,5.0,5.0,5.0,5.0,5.0,5.0,5.0,5.0,5.0,5.0,5.0,5.0,5.0,5.0,5.0,5.0,5.0,5.0,5.0,5.0,5.0,5.0,5.0,5.0,5.0,5.0,5.0,5.0,5.0,5.0,5.0,5.0,5.0,5.0,5.0,5.0,5.0,5.0,5.0,5.0,5.0,5.0,5.0,5.0,5.0,5.0,5.0,5.0,5.0,5.0,5.0,5.0,5.0,5.0,5.0,5.0,5.0,5.0,5.0,5.0,5.0,5.0,5.0,5.0,5.0,5.0,5.0,5.0,5.0,5.0
kpi_resolution_stability_norm,2.504163299631932,2.504163299631932,2.504163299631932,2.504163299631932,2.504163299631932,2.504163299631932,2.504163299631932,2.504163299631932,2.504163299631932,2.504163299631932,2.504163299631932,2.504163299631932,2.504163299631932,2.504163299631932,2.504163299631932,2.504163299631932,2.504163299631932,2.504163299631932,2.504163299631932,2.504163299631932,2.504163299631932,2.504163299631932,2.504163299631932,2.504163299631932,2.504163299631932,2.504163299631932,2.504163299631932,2.504163299631932,2.504163299631932,2.504163299631932,2.504163299631932,2.504163299631932,2.504163299631932,2.504163299631932,2.504163299631932,2.504163299631932,2.504163299631932,2.504163299631932,2.504163299631932,2.504163299631932,2.504163299631932,2.504163299631932,2.504163299631932,2.504163299631932,2.504163299631932,2.504163299631932,2.504163299631932,2.504163299631932,2.504163299631932,2.504163299631932,2.504163299631932,2.504163299631932,2.504163299631932,2.504163299631932,2.504163299631932,2.504163299631932,2.504163299631932,2.504163299631932,2.504163299631932,2.504163299631932,2.504163299631932,2.504163299631932,2.504163299631932,2.504163299631932,2.504163299631932,2.504163299631932,2.504163299631932,2.504163299631932,2.504163299631932,2.504163299631932,2.504163299631932,2.504163299631932,2.504163299631932,2.504163299631932,2.504163299631932,2.504163299631932,2.504163299631932,2.504163299631932,2.504163299631932,2.504163299631932
max_resolution_percentage_norm,11.25,11.25,11.25,11.25,11.25,11.25,11.25,11.25,11.25,11.25,11.25,11.25,11.25,11.25,11.25,11.25,11.25,11.25,11.25,11.25,11.25,11.25,11.25,11.25,11.25,11.25,11.25,11.25,11.25,11.25,11.25,11.25,11.25,11.25,11.25,11.25,11.25,11.25,11.25,11.25,11.25,11.25,11.25,11.25,11.25,11.25,11.25,11.25,11.25,11.25,11.25,11.25,11.25,11.25,11.25,11.25,11.25,11.25,11.25,11.25,11.25,11.25,11.25,11.25,11.25,11.25,11.25,11.25,11.25,11.25,11.25,11.25,11.25,11.25,11.25,11.25,11.25,11.25,11.25,11.25
kpi_fps_stability,1,1,4.233712451884842,4.59543356514211,4.487839843855012,4.59543356514211,4.542982187053405,5,4.942427872760581,4.738985153469177,4.942427872760581,5,5,5,5,5,5,5,5,5,5,5,5,5,5,5,5,5,5,5,5,5,5,5,5,4.542982187053405,4.738985153469177,5,5,5,5,5,5,5,5,5,5,5,5,5,5,5,5,5,5,5,5,5,5,5,5,5,5,5,5,5,5,5,5,5,5,5,5,5,5,5,5,5,5,5
kpi_q_audio,1,1,1,3,4,4,3,4,4,3,4,4,4,3,4,3,3,4,5,5,5,3,3,3,3,4,3,4,4,3,3,3,3,3,3,4,3,3,3,3,4,3,3,3,3,4,4,4,4,4,5,5,5,3,3,3,3,3,3,3,3,3,3,2,3,4,5,5,5,5,5,5,5,4,5,3,3,3,2,5
kpi_q_video,2.3499999999999996,2.05,2.05,2.15,2.1,1.95,1.6857142857142855,1.6857142857142855,1.7428571428571429,1.7428571428571429,1.8,1.457142857142857,1.5142857142857142,1.5714285714285714,1.6285714285714286,1.6285714285714286,1.5714285714285714,1.4,1.4,1.4,1.4,1.457142857142857,1.4,1.5714285714285714,1.6285714285714286,1.7428571428571429,1.9,1.8499999999999999,1.95,1.6857142857142855,1.8,1.457142857142857,1.4,1.457142857142857,1.457142857142857,1.5714285714285714,1.6857142857142855,1.6857142857142855,1.7428571428571429,1.9,2.0,2.05,1.95,2.3,1.8,2.0
qoe_simple_normal,2.99468462843771,2.646003347980113,3.238508810979179,3.2256883816451007,3.159208815504876,2.726099394726551,2.665850402781653,2.7643185940369235,2.442948741462329,2.4622627231529735,2.466495745688494,2.494679563065461,3.0451635839324047,2.9333221471818063,3.003914111870197,3.04171432812157,3.062026602820975,3.1746763844453856,3.4649564112385107,3.3345471432438516,2.9235762380417776,3.1733138210793648,3.265904041048159,2.9249423020397707,2.946806968268451,3.030089460761993,3.0829953904433793,3.06202067769321,3.078687344359876,3.034639725312257,3.0165789588478007,2.5604017583103267,3.0045035358990013,3.030964585139691,3.0457491231109715,2.9792827819585512,3.039145710223614,3.096722258719492,3.1062460682433017,3.132436544433778,3.1491032111004444,3.1574689519355807,3.1408022852689137,3.1991356186022473,3.1158022852689142,3.1491356186022474
qoe_simple_smooth,2.9696846284377103,2.571003347980113,3.1635088109791787,3.167355048311767,3.0925421488382097,2.6344327280598843,2.5301361170673675,2.628604308322638,2.316758265271853,2.3360722469624973,2.3498290790218275,2.320870039255937,2.8808778696466906,2.778560242419901,2.8586760166321024,2.8964762328834754,2.9072646980590697,2.9913430511120525,3.2816230779051776,3.151213809910519,2.740242904708445,2.999504297269841,3.0825707077148254,2.770180397277866,2.801568873030355,2.903898984571517,2.9829953904433792,2.953687344359876,2.9870206776932093,2.898925439597971,2.8999122921811344,2.386592234500803,2.821170202565668,2.8571550613301677,2.8719395993014474,2.824520877196647,2.9034314245093285,2.961007973005206,2.980055592052826,3.032436544433778,3.0657698777671114,3.08246895193558,3.049135618602247,3.1658022852689136,2.9991356186022475,3.065802285268914
