bweforvideo-googAvailableReceiveBandwidth,0.0,0.0,0.0,0.0,0.0,0.0,0.0,0.0,0.0,0.0,0.0,0.0,0.0,0.0,0.0,0.0,0.0,0.0,0.0,0.0,0.0,0.0,0.0,0.0,0.0,0.0,0.0,0.0,0.0,0.0,0.0,0.0,0.0,0.0,0.0,0.0,0.0,0.0,0.0,0.0,0.0,0.0,0.0,0.0,0.0,0.0,0.0,0.0,0.0,0.0,0.0,0.0,0.0,0.0,0.0,0.0,0.0,0.0,0.0,0.0,0.0,0.0,0.0,0.0,0.0,0.0,0.0,0.0,0.0,0.0,0.0,0.0,0.0,0.0,0.0,0.0,0.0,0.0,0.0,0.0,0.0,0.0,0.0,0.0,0.0,0.0,0.0,0.0,0.0,0.0,0.0,0.0,0.0,0.0,0.0,0.0,0.0,0.0,0.0,0.0,0.0,0.0,0.0,0.0,0.0,0.0,0.0,0.0,0.0,0.0,0.0,0.0,0.0,0.0,0.0,0.0,0.0,0.0
bweforvideo-googAvailableSendBandwidth,496115.0,502065.0,502065.0,502065.0,502065.0,502065.0,502065.0,502065.0,502065.0,502065.0,502065.0,502065.0,502065.0,502065.0,502065.0,502065.0,502065.0,502065.0,502065.0,502065.0,502065.0,502065.0,502065.0,502065.0,502065.0,502065.0,502065.0,502065.0,502065.0,502065.0,502065.0,502065.0,502065.0,502065.0,502065.0,502065.0,502065.0,502065.0,502065.0,502065.0,502065.0,502065.0,502065.0,502065.0,502065.0,502065.0,502065.0,502065.0,502065.0,502065.0,502065.0,502065.0,502065.0,502065.0,502065.0,502065.0,502065.0,502065.0,502065.0,502065.0,502065.0,502065.0,502065.0,502065.0,502065.0,502065.0,502065.0,502065.0,502065.0,502065.0,502065.0,502065.0,502065.0,502065.0,502065.0,502065.0,502065.0,502065.0,502065.0,502065.0,502065.0,502065.0,502065.0,502065.0,502065.0,502065.0,502065.0,502065.0,502065.0,502065.0,502065.0,502065.0,502065.0,502065.0,502065.0,502065.0,502065.0,502065.0,502065.0,502065.0,502065.0,502065.0,502065.0,502065.0,502065.0,502065.0,502065.0,502065.0,502065.0,502065.0,502065.0,502065.0,502065.0,502065.0,502065.0,502065.0,502065.0,502065.0
bweforvideo-googBucketDelay,10.0,0.0,0.0,0.0,0.0,0.0,0.0,0.0,0.0,0.0,0.0,1.0,0.0,0.0,0.0,0.0,0.0,0.0,0.0,0.0,0.0,0.0,0.0,0.0,0.0,0.0,0.0,0.0,0.0,0.0,0.0,0.0,0.0,0.0,0.0,0.0,0.0,0.0,0.0,0.0,0.0,0.0,0.0,0.0,0.0,0.0,0.0,0.0,0.0,0.0,0.0,0.0,0.0,0.0,0.0,0.0,0.0,0.0,0.0,0.0,0.0,0.0,0.0,0.0,2.0,0.0,0.0,0.0,0.0,1.0,1.0,0.0,0.0,0.0,1.0,0.0,0.0,0.0,0.0,0.0,0.0,0.0,0.0,0.0,0.0,1.0,1.0,0.0,1.0,0.0,0.0,0.0,0.0,3.0,0.0,0.0,0.0,0.0,0.0,0.0,0.0,0.0,0.0,0.0,0.0,1.0,0.0,0.0,0.0,3.0,0.0,0.0,0.0,0.0,0.0,0.0,0.0,0.0
timestamp,1620383349,1620383350,1620383351,1620383352,1620383353,1620383354,1620383355,1620383356,1620383357,1620383358,1620383359,1620383360,1620383361,1620383362,1620383363,1620383364,1620383365,1620383366,1620383367,1620383368,1620383369,1620383370,1620383371,1620383372,1620383373,1620383374,1620383375,1620383376,1620383377,1620383378,1620383379,1620383380,1620383381,1620383382,1620383383,1620383384,1620383385,1620383386,1620383387,1620383388,1620383389,1620383390,1620383391,1620383392,1620383393,1620383394,1620383395,1620383396,1620383397,1620383398,1620383399,1620383400,1620383401,1620383402,1620383403,1620383404,1620383405,1620383406,1620383407,1620383408,1620383409,1620383410,1620383411,1620383412,1620383413,1620383414,1620383415,1620383416,1620383417,1620383418,1620383419,1620383420,1620383421,1620383422,1620383423,1620383424,1620383425,1620383426,1620383427,1620383428,1620383429,1620383430,1620383431,1620383432,1620383433,1620383434,1620383435,1620383436,1620383437,1620383438,1620383439,1620383440,1620383441,1620383442,1620383443,1620383444,1620383445,1620383446,1620383447,1620383448,1620383449,1620383450,1620383451,1620383452,1620383453,1620383454,1620383455,1620383456,1620383457,1620383458,1620383459,1620383460,1620383461,1620383462,1620383463,1620383464,1620383465,1620383466
audio_bitsReceivedPerSecond,286632.0,483088.0,457432.0,527536.0,460152.0,477168.0,469464.0,451440.0,464528.0,380304.0,380928.0,402888.0,410864.0,421952.0,389288.0,459496.0,453184.0,445336.0,478832.0,472024.0,469496.0,475864.0,453400.0,440912.0,366568.0,393232.0,366544.0,368824.0,404360.0,392680.0,392304.0,431920.0,429336.0,447520.0,427976.0,468768.0,451872.0,451984.0,477648.0,455888.0,437424.0,420584.0,426728.0,424376.0,405576.0,455160.0,431376.0,421952.0,399520.0,364912.0,353192.0,407560.0,362512.0,341952.0,307176.0,343104.0,319008.0,331496.0,355992.0,347872.0,362280.0,366400.0,382512.0,390280.0,393432.0,425968.0,363376.0,324408.0,342528.0,335408.0,328568.0,333344.0,352640.0,356040.0,359056.0,409696.0,377480.0,380256.0,395648.0,403728.0,392624.0,413912.0,432712.0,422720.0,438640.0,511864.0,466176.0,447016.0,463808.0,460016.0,434248.0,404720.0,404232.0,395936.0,391920.0,363712.0,322920.0,326584.0,334120.0,338968.0,336408.0,378480.0,350656.0,365440.0,372560.0,382472.0,363088.0,377440.0,394808.0,409560.0,404832.0,404184.0,441760.0,438640.0,455256.0,465872.0,456640.0,466256.0
audio_bitsSentPerSecond,293848.0,280864.0,262568.0,265952.0,256208.0,271800.0,251288.0,246736.0,257624.0,252928.0,262032.0,243616.0,260888.0,255344.0,246616.0,269000.0,256616.0,248336.0,270880.0,264984.0,274672.0,253416.0,276920.0,259640.0,252992.0,281832.0,257496.0,249040.0,267520.0,261024.0,283128.0,250648.0,273808.0,264232.0,252808.0,281624.0,258016.0,249464.0,262040.0,265496.0,284080.0,248544.0,278416.0,264168.0,248560.0,284720.0,256456.0,250640.0,266296.0,262256.0,282560.0,279952.0,251008.0,258328.0,252424.0,283192.0,258008.0,249688.0,263464.0,259984.0,284216.0,245216.0,276168.0,254768.0,241192.0,278720.0,246248.0,252856.0,257952.0,252440.0,276240.0,235480.0,270176.0,259120.0,247408.0,273744.0,254664.0,241792.0,255184.0,259480.0,276736.0,234576.0,272328.0,253648.0,243600.0,276112.0,253600.0,247904.0,255272.0,255224.0,272160.0,235736.0,273800.0,256504.0,244816.0,275264.0,250664.0,250144.0,266312.0,256568.0,272240.0,271392.0,247840.0,247600.0,252064.0,267272.0,257400.0,252040.0,257088.0,263296.0,271928.0,245152.0,280624.0,255272.0,250880.0,278200.0,258368.0,252824.0
audio_packetsSentPerSecond,135.0,145.0,138.0,139.0,137.0,136.0,136.0,137.0,140.0,136.0,136.0,136.0,137.0,140.0,137.0,137.0,137.0,135.0,138.0,138.0,134.0,135.0,139.0,134.0,134.0,138.0,140.0,136.0,135.0,138.0,136.0,136.0,140.0,137.0,137.0,134.0,134.0,135.0,136.0,138.0,138.0,137.0,138.0,135.0,137.0,138.0,134.0,137.0,136.0,137.0,136.0,140.0,138.0,137.0,136.0,136.0,138.0,135.0,135.0,136.0,136.0,138.0,140.0,135.0,136.0,136.0,136.0,138.0,136.0,136.0,135.0,137.0,139.0,136.0,136.0,137.0,139.0,135.0,135.0,139.0,135.0,134.0,139.0,137.0,135.0,134.0,139.0,135.0,137.0,136.0,137.0,137.0,136.0,136.0,136.0,137.0,136.0,136.0,138.0,136.0,136.0,139.0,136.0,135.0,139.0,134.0,138.0,136.0,135.0,134.0,138.0,136.0,137.0,135.0,139.0,137.0,135.0,140.0
audio_googLocalAddress,34.67.229.81:42988,34.67.229.81:42988,34.67.229.81:42988,34.67.229.81:42988,34.67.229.81:42988,34.67.229.81:42988,34.67.229.81:42988,34.67.229.81:42988,34.67.229.81:42988,34.67.229.81:42988,34.67.229.81:42988,34.67.229.81:42988,34.67.229.81:42988,34.67.229.81:42988,34.67.229.81:42988,34.67.229.81:42988,34.67.229.81:42988,34.67.229.81:42988,34.67.229.81:42988,34.67.229.81:42988,34.67.229.81:42988,34.67.229.81:42988,34.67.229.81:42988,34.67.229.81:42988,34.67.229.81:42988,34.67.229.81:42988,34.67.229.81:42988,34.67.229.81:42988,34.67.229.81:42988,34.67.229.81:42988,34.67.229.81:42988,34.67.229.81:42988,34.67.229.81:42988,34.67.229.81:42988,34.67.229.81:42988,34.67.229.81:42988,34.67.229.81:42988,34.67.229.81:42988,34.67.229.81:42988,34.67.229.81:42988,34.67.229.81:42988,34.67.229.81:42988,34.67.229.81:42988,34.67.229.81:42988,34.67.229.81:42988,34.67.229.81:42988,34.67.229.81:42988,34.67.229.81:42988,34.67.229.81:42988,34.67.229.81:42988,34.67.229.81:42988,34.67.229.81:42988,34.67.229.81:42988,34.67.229.81:42988,34.67.229.81:42988,34.67.229.81:42988,34.67.229.81:42988,34.67.229.81:42988,34.67.229.81:42988,34.67.229.81:42988,34.67.229.81:42988,34.67.229.81:42988,34.67.229.81:42988,34.67.229.81:42988,34.67.229.81:42988,34.67.229.81:42988,34.67.229.81:42988,34.67.229.81:42988,34.67.229.81:42988,34.67.229.81:42988,34.67.229.81:42988,34.67.229.81:42988,34.67.229.81:42988,34.67.229.81:42988,34.67.229.81:42988,34.67.229.81:42988,34.67.229.81:42988,34.67.229.81:42988,34.67.229.81:42988,34.67.229.81:42988,34.67.229.81:42988,34.67.229.81:42988,34.67.229.81:42988,34.67.229.81:42988,34.67.229.81:42988,34.67.229.81:42988,34.67.229.81:42988,34.67.229.81:42988,34.67.229.81:42988,34.67.229.81:42988,34.67.229.81:42988,34.67.229.81:42988,34.67.229.81:42988,34.67.229.81:42988,34.67.229.81:42988,34.67.229.81:42988,34.67.229.81:42988,34.67.229.81:42988,34.67.229.81:42988,34.67.229.81:42988,34.67.229.81:42988,34.67.229.81:42988,34.67.229.81:42988,34.67.229.81:42988,34.67.229.81:42988,34.67.229.81:42988,34.67.229.81:42988,34.67.229.81:42988,34.67.229.81:42988,34.67.229.81:42988,34.67.229.81:42988,34.67.229.81:42988,34.67.229.81:42988,34.67.229.81:42988,34.67.229.81:42988,34.67.229.81:42988,34.67.229.81:42988,34.67.229.81:42988
audio_googRemoteAddress,158.101.112.6:10000,158.101.112.6:10000,158.101.112.6:10000,158.101.112.6:10000,158.101.112.6:10000,158.101.112.6:10000,158.101.112.6:10000,158.101.112.6:10000,158.101.112.6:10000,158.101.112.6:10000,158.101.112.6:10000,158.101.112.6:10000,158.101.112.6:10000,158.101.112.6:10000,158.101.112.6:10000,158.101.112.6:10000,158.101.112.6:10000,158.101.112.6:10000,158.101.112.6:10000,158.101.112.6:10000,158.101.112.6:10000,158.101.112.6:10000,158.101.112.6:10000,158.101.112.6:10000,158.101.112.6:10000,158.101.112.6:10000,158.101.112.6:10000,158.101.112.6:10000,158.101.112.6:10000,158.101.112.6:10000,158.101.112.6:10000,158.101.112.6:10000,158.101.112.6:10000,158.101.112.6:10000,158.101.112.6:10000,158.101.112.6:10000,158.101.112.6:10000,158.101.112.6:10000,158.101.112.6:10000,158.101.112.6:10000,158.101.112.6:10000,158.101.112.6:10000,158.101.112.6:10000,158.101.112.6:10000,158.101.112.6:10000,158.101.112.6:10000,158.101.112.6:10000,158.101.112.6:10000,158.101.112.6:10000,158.101.112.6:10000,158.101.112.6:10000,158.101.112.6:10000,158.101.112.6:10000,158.101.112.6:10000,158.101.112.6:10000,158.101.112.6:10000,158.101.112.6:10000,158.101.112.6:10000,158.101.112.6:10000,158.101.112.6:10000,158.101.112.6:10000,158.101.112.6:10000,158.101.112.6:10000,158.101.112.6:10000,158.101.112.6:10000,158.101.112.6:10000,158.101.112.6:10000,158.101.112.6:10000,158.101.112.6:10000,158.101.112.6:10000,158.101.112.6:10000,158.101.112.6:10000,158.101.112.6:10000,158.101.112.6:10000,158.101.112.6:10000,158.101.112.6:10000,158.101.112.6:10000,158.101.112.6:10000,158.101.112.6:10000,158.101.112.6:10000,158.101.112.6:10000,158.101.112.6:10000,158.101.112.6:10000,158.101.112.6:10000,158.101.112.6:10000,158.101.112.6:10000,158.101.112.6:10000,158.101.112.6:10000,158.101.112.6:10000,158.101.112.6:10000,158.101.112.6:10000,158.101.112.6:10000,158.101.112.6:10000,158.101.112.6:10000,158.101.112.6:10000,158.101.112.6:10000,158.101.112.6:10000,158.101.112.6:10000,158.101.112.6:10000,158.101.112.6:10000,158.101.112.6:10000,158.101.112.6:10000,158.101.112.6:10000,158.101.112.6:10000,158.101.112.6:10000,158.101.112.6:10000,158.101.112.6:10000,158.101.112.6:10000,158.101.112.6:10000,158.101.112.6:10000,158.101.112.6:10000,158.101.112.6:10000,158.101.112.6:10000,158.101.112.6:10000,158.101.112.6:10000,158.101.112.6:10000,158.101.112.6:10000,158.101.112.6:10000
audio_googRtt,25.0,25.0,25.0,25.0,25.0,25.0,25.0,25.0,25.0,25.0,25.0,25.0,25.0,25.0,25.0,25.0,25.0,25.0,25.0,25.0,25.0,25.0,25.0,25.0,25.0,25.0,25.0,25.0,25.0,25.0,25.0,25.0,25.0,25.0,25.0,25.0,25.0,25.0,25.0,25.0,25.0,25.0,25.0,25.0,25.0,25.0,25.0,25.0,25.0,25.0,25.0,25.0,25.0,25.0,25.0,25.0,25.0,25.0,25.0,25.0,25.0,25.0,25.0,25.0,25.0,25.0,25.0,25.0,25.0,25.0,25.0,25.0,25.0,25.0,25.0,25.0,25.0,25.0,25.0,25.0,25.0,25.0,25.0,25.0,25.0,25.0,25.0,25.0,25.0,25.0,25.0,25.0,25.0,25.0,25.0,25.0,25.0,25.0,25.0,25.0,25.0,25.0,25.0,25.0,25.0,25.0,25.0,25.0,25.0,25.0,25.0,25.0,25.0,25.0,25.0,25.0,25.0,25.0
audio_send_bitsSentPerSecond_2762617683,22928.0,23088.0,24720.0,24504.0,18280.0,18336.0,18336.0,17696.0,17696.0,17696.0,10800.0,12408.0,10840.0,15160.0,17560.0,16616.0,22504.0,25680.0,25016.0,24368.0,24912.0,25112.0,24976.0,25080.0,24376.0,24536.0,24360.0,25016.0,24920.0,25136.0,24688.0,25184.0,24720.0,24624.0,24752.0,25056.0,25264.0,24928.0,24816.0,25440.0,25776.0,25976.0,25576.0,24744.0,24704.0,25152.0,24768.0,24920.0,25424.0,24848.0,25472.0,24472.0,24712.0,24592.0,25552.0,25488.0,24888.0,22328.0,24744.0,24688.0,25144.0,24952.0,18296.0,17712.0,17984.0,18264.0,18960.0,18264.0,18392.0,18264.0,18352.0,18336.0,18296.0,18336.0,18240.0,18192.0,18456.0,16904.0,16816.0,18144.0,18280.0,18336.0,17352.0,16896.0,19488.0,18392.0,18240.0,18312.0,16008.0,17472.0,17960.0,18296.0,18296.0,18064.0,18496.0,18272.0,18176.0,20392.0,24608.0,17672.0,18336.0,18320.0,18336.0,18320.0,18280.0,18320.0,20128.0,22800.0,22168.0,21936.0,22088.0,22800.0,23360.0,21952.0,22848.0,22696.0,23200.0,22832.0
audio_send_packetsSentPerSecond_2762617683,50.0,49.0,50.0,50.0,49.0,50.0,50.0,50.0,50.0,50.0,50.0,49.0,50.0,50.0,49.0,50.0,49.0,50.0,49.0,50.0,50.0,49.0,50.0,49.0,50.0,50.0,50.0,50.0,49.0,50.0,50.0,49.0,50.0,50.0,49.0,50.0,49.0,50.0,49.0,50.0,50.0,50.0,50.0,50.0,50.0,50.0,49.0,50.0,50.0,49.0,50.0,49.0,50.0,50.0,50.0,50.0,49.0,50.0,50.0,49.0,50.0,50.0,49.0,50.0,49.0,50.0,50.0,49.0,50.0,49.0,50.0,50.0,49.0,50.0,49.0,49.0,50.0,50.0,50.0,50.0,49.0,50.0,50.0,50.0,49.0,50.0,49.0,50.0,50.0,50.0,50.0,49.0,49.0,49.0,50.0,50.0,49.0,50.0,50.0,49.0,50.0,50.0,50.0,50.0,49.0,50.0,49.0,50.0,49.0,49.0,50.0,50.0,49.0,50.0,50.0,49.0,49.0,50.0
video_send_bitsSentPerSecond_3232079898,247464.0,230984.0,212896.0,215176.0,212728.0,229184.0,208704.0,203888.0,214680.0,210720.0,226720.0,206752.0,225528.0,214136.0,204208.0,227560.0,208680.0,198800.0,220152.0,215816.0,225960.0,204288.0,226632.0,210608.0,204944.0,232216.0,206992.0,199704.0,218232.0,210832.0,234032.0,200840.0,223200.0,214968.0,202904.0,232800.0,209024.0,200120.0,212912.0,214664.0,232800.0,197800.0,227880.0,215712.0,199600.0,233944.0,208024.0,200888.0,216528.0,212072.0,232984.0,230168.0,201256.0,208808.0,202616.0,233288.0,207248.0,203360.0,214752.0,210600.0,234728.0,195048.0,232096.0,212904.0,198936.0,236424.0,202512.0,206888.0,217272.0,209256.0,234056.0,192352.0,226456.0,216376.0,204392.0,230576.0,211080.0,200688.0,214528.0,215480.0,234088.0,192696.0,230080.0,212152.0,199824.0,234072.0,209152.0,205984.0,214752.0,213064.0,229432.0,192656.0,231016.0,213424.0,201856.0,232264.0,207896.0,205032.0,216680.0,214152.0,229520.0,228528.0,205096.0,205344.0,207856.0,225304.0,212064.0,204344.0,210880.0,217616.0,224440.0,197832.0,232616.0,209296.0,202368.0,230504.0,211344.0,203464.0
video_send_packetsLost_3232079898,0.0,0.0,0.0,0.0,0.0,0.0,0.0,0.0,0.0,0.0,0.0,0.0,0.0,0.0,0.0,0.0,0.0,0.0,0.0,0.0,0.0,0.0,0.0,0.0,0.0,0.0,0.0,0.0,0.0,0.0,0.0,0.0,0.0,0.0,0.0,0.0,0.0,0.0,0.0,0.0,0.0,0.0,0.0,0.0,0.0,0.0,0.0,0.0,0.0,0.0,0.0,0.0,0.0,0.0,0.0,0.0,0.0,0.0,0.0,0.0,0.0,0.0,0.0,0.0,0.0,0.0,0.0,0.0,0.0,0.0,0.0,0.0,0.0,0.0,0.0,0.0,0.0,0.0,0.0,0.0,0.0,0.0,0.0,0.0,0.0,0.0,0.0,0.0,0.0,0.0,0.0,0.0,0.0,0.0,0.0,0.0,0.0,0.0,0.0,0.0,0.0,0.0,0.0,0.0,0.0,0.0,0.0,0.0,0.0,0.0,0.0,0.0,0.0,0.0,0.0,0.0,0.0,0.0
video_send_packetsSentPerSecond_3232079898,60.0,65.0,60.0,60.0,60.0,60.0,60.0,60.0,61.0,60.0,60.0,59.0,61.0,60.0,60.0,60.0,59.0,60.0,59.0,61.0,60.0,59.0,62.0,59.0,60.0,60.0,60.0,60.0,59.0,60.0,60.0,59.0,61.0,60.0,59.0,60.0,59.0,60.0,60.0,60.0,60.0,60.0,61.0,60.0,61.0,60.0,59.0,60.0,60.0,59.0,60.0,63.0,61.0,60.0,60.0,60.0,59.0,60.0,60.0,59.0,60.0,60.0,62.0,60.0,59.0,61.0,59.0,59.0,61.0,59.0,60.0,60.0,61.0,60.0,59.0,59.0,61.0,59.0,60.0,60.0,59.0,60.0,62.0,60.0,59.0,60.0,59.0,60.0,61.0,60.0,61.0,59.0,60.0,60.0,59.0,60.0,59.0,60.0,60.0,59.0,60.0,64.0,60.0,60.0,60.0,59.0,61.0,59.0,59.0,59.0,60.0,60.0,60.0,60.0,60.0,59.0,60.0,59.0
video_send_googEncodeUsagePercent_3232079898,47.0,41.0,36.0,33.0,29.0,26.0,24.0,22.0,21.0,19.0,18.0,17.0,17.0,16.0,16.0,15.0,15.0,15.0,15.0,15.0,15.0,15.0,15.0,15.0,14.0,14.0,15.0,15.0,14.0,15.0,14.0,14.0,14.0,14.0,14.0,14.0,14.0,14.0,14.0,14.0,14.0,14.0,14.0,14.0,14.0,14.0,14.0,14.0,14.0,14.0,14.0,14.0,14.0,14.0,14.0,14.0,15.0,15.0,15.0,14.0,14.0,14.0,15.0,15.0,14.0,15.0,15.0,15.0,14.0,14.0,14.0,14.0,14.0,15.0,15.0,15.0,15.0,15.0,15.0,14.0,15.0,14.0,14.0,14.0,14.0,15.0,15.0,15.0,15.0,14.0,14.0,14.0,14.0,14.0,14.0,14.0,14.0,15.0,14.0,14.0,14.0,14.0,14.0,14.0,14.0,14.0,15.0,15.0,15.0,14.0,15.0,15.0,15.0,15.0,15.0,15.0,15.0,15.0
video_send_googFrameHeightInput_3232079898,720.0,720.0,720.0,720.0,720.0,720.0,720.0,720.0,720.0,720.0,720.0,720.0,720.0,720.0,720.0,720.0,720.0,720.0,720.0,720.0,720.0,720.0,720.0,720.0,720.0,720.0,720.0,720.0,720.0,720.0,720.0,720.0,720.0,720.0,720.0,720.0,720.0,720.0,720.0,720.0,720.0,720.0,720.0,720.0,720.0,720.0,720.0,720.0,720.0,720.0,720.0,720.0,720.0,720.0,720.0,720.0,720.0,720.0,720.0,720.0,720.0,720.0,720.0,720.0,720.0,720.0,720.0,720.0,720.0,720.0,720.0,720.0,720.0,720.0,720.0,720.0,720.0,720.0,720.0,720.0,720.0,720.0,720.0,720.0,720.0,720.0,720.0,720.0,720.0,720.0,720.0,720.0,720.0,720.0,720.0,720.0,720.0,720.0,720.0,720.0,720.0,720.0,720.0,720.0,720.0,720.0,720.0,720.0,720.0,720.0,720.0,720.0,720.0,720.0,720.0,720.0,720.0,720.0
video_send_googFrameHeightSent_3232079898,180.0,180.0,180.0,180.0,180.0,180.0,180.0,180.0,180.0,180.0,180.0,180.0,180.0,180.0,180.0,180.0,180.0,180.0,180.0,180.0,180.0,180.0,180.0,180.0,180.0,180.0,180.0,180.0,180.0,180.0,180.0,180.0,180.0,180.0,180.0,180.0,180.0,180.0,180.0,180.0,180.0,180.0,180.0,180.0,180.0,180.0,180.0,180.0,180.0,180.0,180.0,180.0,180.0,180.0,180.0,180.0,180.0,180.0,180.0,180.0,180.0,180.0,180.0,180.0,180.0,180.0,180.0,180.0,180.0,180.0,180.0,180.0,180.0,180.0,180.0,180.0,180.0,180.0,180.0,180.0,180.0,180.0,180.0,180.0,180.0,180.0,180.0,180.0,180.0,180.0,180.0,180.0,180.0,180.0,180.0,180.0,180.0,180.0,180.0,180.0,180.0,180.0,180.0,180.0,180.0,180.0,180.0,180.0,180.0,180.0,180.0,180.0,180.0,180.0,180.0,180.0,180.0,180.0
video_send_googFrameRateSent_3232079898,60.0,60.0,60.0,60.0,60.0,60.0,60.0,60.0,60.0,60.0,60.0,61.0,60.0,60.0,60.0,60.0,60.0,60.0,60.0,60.0,60.0,60.0,60.0,60.0,60.0,60.0,60.0,60.0,60.0,60.0,60.0,60.0,60.0,60.0,61.0,60.0,60.0,60.0,60.0,60.0,60.0,60.0,60.0,60.0,60.0,60.0,60.0,60.0,60.0,59.0,60.0,60.0,60.0,60.0,60.0,60.0,60.0,60.0,60.0,59.0,60.0,60.0,60.0,59.0,61.0,60.0,60.0,61.0,60.0,60.0,61.0,60.0,60.0,59.0,61.0,60.0,62.0,59.0,60.0,60.0,60.0,59.0,59.0,60.0,61.0,61.0,61.0,60.0,61.0,59.0,60.0,59.0,60.0,60.0,60.0,59.0,60.0,59.0,60.0,60.0,60.0,59.0,60.0,59.0,61.0,60.0,61.0,60.0,60.0,60.0,59.0,59.0,60.0,59.0,59.0,60.0,61.0,59.0
video_send_googFrameWidthInput_3232079898,1280.0,1280.0,1280.0,1280.0,1280.0,1280.0,1280.0,1280.0,1280.0,1280.0,1280.0,1280.0,1280.0,1280.0,1280.0,1280.0,1280.0,1280.0,1280.0,1280.0,1280.0,1280.0,1280.0,1280.0,1280.0,1280.0,1280.0,1280.0,1280.0,1280.0,1280.0,1280.0,1280.0,1280.0,1280.0,1280.0,1280.0,1280.0,1280.0,1280.0,1280.0,1280.0,1280.0,1280.0,1280.0,1280.0,1280.0,1280.0,1280.0,1280.0,1280.0,1280.0,1280.0,1280.0,1280.0,1280.0,1280.0,1280.0,1280.0,1280.0,1280.0,1280.0,1280.0,1280.0,1280.0,1280.0,1280.0,1280.0,1280.0,1280.0,1280.0,1280.0,1280.0,1280.0,1280.0,1280.0,1280.0,1280.0,1280.0,1280.0,1280.0,1280.0,1280.0,1280.0,1280.0,1280.0,1280.0,1280.0,1280.0,1280.0,1280.0,1280.0,1280.0,1280.0,1280.0,1280.0,1280.0,1280.0,1280.0,1280.0,1280.0,1280.0,1280.0,1280.0,1280.0,1280.0,1280.0,1280.0,1280.0,1280.0,1280.0,1280.0,1280.0,1280.0,1280.0,1280.0,1280.0,1280.0
video_send_googFrameWidthSent_3232079898,320.0,320.0,320.0,320.0,320.0,320.0,320.0,320.0,320.0,320.0,320.0,320.0,320.0,320.0,320.0,320.0,320.0,320.0,320.0,320.0,320.0,320.0,320.0,320.0,320.0,320.0,320.0,320.0,320.0,320.0,320.0,320.0,320.0,320.0,320.0,320.0,320.0,320.0,320.0,320.0,320.0,320.0,320.0,320.0,320.0,320.0,320.0,320.0,320.0,320.0,320.0,320.0,320.0,320.0,320.0,320.0,320.0,320.0,320.0,320.0,320.0,320.0,320.0,320.0,320.0,320.0,320.0,320.0,320.0,320.0,320.0,320.0,320.0,320.0,320.0,320.0,320.0,320.0,320.0,320.0,320.0,320.0,320.0,320.0,320.0,320.0,320.0,320.0,320.0,320.0,320.0,320.0,320.0,320.0,320.0,320.0,320.0,320.0,320.0,320.0,320.0,320.0,320.0,320.0,320.0,320.0,320.0,320.0,320.0,320.0,320.0,320.0,320.0,320.0,320.0,320.0,320.0,320.0
video_send_googRtt_3232079898,26.0,26.0,26.0,26.0,26.0,25.0,25.0,25.0,25.0,25.0,25.0,25.0,25.0,25.0,25.0,25.0,25.0,25.0,25.0,25.0,25.0,25.0,25.0,25.0,25.0,25.0,25.0,25.0,25.0,25.0,25.0,25.0,25.0,25.0,25.0,25.0,25.0,25.0,25.0,25.0,25.0,25.0,25.0,25.0,25.0,25.0,25.0,25.0,25.0,25.0,25.0,25.0,25.0,25.0,25.0,26.0,26.0,25.0,25.0,25.0,25.0,25.0,25.0,25.0,25.0,25.0,25.0,25.0,25.0,25.0,25.0,25.0,25.0,25.0,25.0,25.0,25.0,25.0,25.0,25.0,25.0,25.0,25.0,25.0,25.0,26.0,26.0,25.0,25.0,25.0,25.0,25.0,25.0,25.0,25.0,25.0,25.0,25.0,25.0,25.0,25.0,25.0,25.0,25.0,25.0,25.0,25.0,25.0,25.0,25.0,25.0,25.0,25.0,25.0,25.0,25.0,25.0,25.0
audio_recv_bitsReceivedPerSecond_3168200719,6248.0,5576.0,4472.0,4296.0,4352.0,4328.0,2248.0,3256.0,3664.0,5424.0,5808.0,8216.0,8288.0,8256.0,8240.0,8264.0,8224.0,8280.0,8200.0,8256.0,8264.0,8240.0,8256.0,8208.0,8264.0,8264.0,8256.0,8232.0,8168.0,8208.0,8264.0,8136.0,8120.0,8224.0,8144.0,8296.0,8216.0,8144.0,8144.0,8240.0,8168.0,8248.0,8256.0,9936.0,8128.0,8264.0,7824.0,8136.0,8168.0,8096.0,7976.0,8000.0,8016.0,8088.0,8152.0,8104.0,8232.0,8040.0,8144.0,8048.0,8024.0,9064.0,7024.0,5184.0,6904.0,6928.0,5544.0,6584.0,7064.0,7120.0,6280.0,5720.0,6632.0,6184.0,14088.0,23096.0,15768.0,7232.0,5896.0,7744.0,10168.0,8728.0,9712.0,8712.0,22456.0,40752.0,35616.0,5864.0,8152.0,6032.0,4968.0,6168.0,6136.0,6000.0,6872.0,5760.0,7744.0,11592.0,6096.0,6792.0,7264.0,7312.0,9048.0,5968.0,6744.0,7056.0,9328.0,7816.0,14056.0,13288.0,13560.0,13344.0,16096.0,12744.0,14992.0,14960.0,14088.0,18336.0
audio_recv_packetsReceivedPerSecond_3168200719,9.0,4.0,4.0,4.0,3.0,4.0,2.0,3.0,5.0,8.0,8.0,7.0,8.0,8.0,7.0,8.0,7.0,8.0,7.0,8.0,8.0,7.0,8.0,7.0,8.0,8.0,8.0,8.0,7.0,8.0,8.0,7.0,8.0,8.0,7.0,8.0,7.0,8.0,7.0,8.0,8.0,8.0,8.0,10.0,8.0,8.0,7.0,8.0,8.0,7.0,8.0,7.0,8.0,8.0,8.0,8.0,7.0,8.0,8.0,7.0,8.0,9.0,7.0,6.0,8.0,9.0,8.0,9.0,10.0,9.0,10.0,9.0,10.0,10.0,27.0,45.0,28.0,10.0,8.0,10.0,10.0,9.0,10.0,9.0,24.0,48.0,41.0,9.0,12.0,8.0,7.0,9.0,9.0,10.0,10.0,9.0,11.0,19.0,10.0,9.0,12.0,11.0,15.0,10.0,10.0,12.0,15.0,13.0,22.0,20.0,22.0,21.0,25.0,20.0,24.0,23.0,22.0,29.0
audio_recv_googCurrentDelayMs_3168200719,54.0,63.0,60.0,53.0,56.0,58.0,54.0,56.0,64.0,58.0,53.0,49.0,50.0,45.0,45.0,45.0,45.0,45.0,40.0,44.0,55.0,45.0,45.0,45.0,44.0,45.0,44.0,55.0,45.0,45.0,45.0,45.0,45.0,45.0,46.0,50.0,46.0,45.0,45.0,45.0,44.0,45.0,45.0,46.0,55.0,45.0,44.0,44.0,44.0,45.0,52.0,45.0,44.0,45.0,44.0,44.0,50.0,53.0,46.0,45.0,45.0,44.0,49.0,40.0,49.0,43.0,53.0,51.0,48.0,40.0,72.0,44.0,42.0,56.0,66.0,66.0,53.0,45.0,40.0,63.0,52.0,45.0,58.0,47.0,67.0,55.0,70.0,53.0,41.0,38.0,65.0,72.0,43.0,47.0,55.0,48.0,64.0,66.0,51.0,48.0,54.0,48.0,59.0,53.0,54.0,58.0,66.0,72.0,44.0,58.0,62.0,46.0,46.0,50.0,47.0,45.0,64.0,56.0
audio_recv_googJitterBufferMs_3168200719,8.0,17.0,12.0,42.0,42.0,42.0,1.0,2.0,50.0,12.0,8.0,7.0,7.0,5.0,5.0,5.0,5.0,5.0,2.0,5.0,15.0,5.0,5.0,5.0,5.0,5.0,5.0,15.0,5.0,5.0,5.0,5.0,5.0,5.0,6.0,7.0,5.0,5.0,5.0,5.0,5.0,5.0,5.0,5.0,15.0,5.0,5.0,5.0,5.0,5.0,12.0,5.0,5.0,5.0,5.0,5.0,8.0,12.0,5.0,5.0,5.0,5.0,8.0,3.0,12.0,4.0,30.0,6.0,22.0,22.0,27.0,2.0,22.0,30.0,20.0,20.0,12.0,23.0,2.0,20.0,30.0,2.0,4.0,26.0,20.0,2.0,60.0,3.0,2.0,2.0,37.0,17.0,2.0,3.0,30.0,3.0,6.0,60.0,22.0,3.0,11.0,23.0,10.0,3.0,30.0,29.0,17.0,18.0,3.0,13.0,27.0,2.0,22.0,3.0,3.0,23.0,13.0,32.0
audio_recv_googJitterReceived_3168200719,3.0,2.0,3.0,3.0,3.0,3.0,3.0,3.0,3.0,3.0,2.0,2.0,2.0,1.0,1.0,1.0,2.0,2.0,2.0,1.0,3.0,2.0,2.0,2.0,1.0,2.0,2.0,2.0,1.0,2.0,2.0,1.0,1.0,1.0,1.0,1.0,1.0,1.0,2.0,1.0,2.0,2.0,2.0,2.0,2.0,2.0,1.0,2.0,2.0,2.0,2.0,1.0,2.0,2.0,1.0,2.0,4.0,3.0,2.0,2.0,2.0,1.0,1.0,1.0,1.0,2.0,2.0,2.0,1.0,2.0,2.0,1.0,2.0,2.0,2.0,1.0,2.0,2.0,2.0,2.0,1.0,1.0,1.0,1.0,1.0,2.0,1.0,1.0,1.0,1.0,2.0,1.0,1.0,1.0,1.0,1.0,1.0,2.0,1.0,1.0,1.0,1.0,1.0,1.0,1.0,1.0,2.0,1.0,1.0,1.0,1.0,1.0,1.0,1.0,1.0,1.0,1.0,2.0
audio_recv_googPreferredJitterBufferMs_3168200719,20.0,40.0,40.0,40.0,40.0,40.0,40.0,40.0,40.0,20.0,20.0,20.0,20.0,20.0,20.0,20.0,20.0,20.0,20.0,20.0,20.0,20.0,20.0,20.0,20.0,20.0,20.0,20.0,20.0,20.0,20.0,20.0,20.0,20.0,20.0,20.0,20.0,20.0,20.0,20.0,20.0,20.0,20.0,20.0,20.0,20.0,20.0,20.0,20.0,20.0,20.0,20.0,20.0,20.0,20.0,20.0,20.0,20.0,20.0,20.0,20.0,20.0,20.0,20.0,20.0,20.0,20.0,20.0,20.0,20.0,20.0,20.0,20.0,20.0,20.0,20.0,20.0,20.0,20.0,20.0,20.0,20.0,20.0,20.0,20.0,20.0,20.0,20.0,20.0,20.0,20.0,20.0,20.0,20.0,20.0,20.0,20.0,20.0,20.0,20.0,20.0,20.0,20.0,20.0,20.0,20.0,20.0,20.0,20.0,20.0,20.0,20.0,20.0,20.0,20.0,20.0,20.0,20.0
video_recv_bitsReceivedPerSecond_1920158776,256736.0,290376.0,215480.0,239480.0,196744.0,230216.0,212656.0,202072.0,235456.0,205520.0,202008.0,216960.0,213560.0,229376.0,197688.0,229280.0,211112.0,202432.0,231384.0,207712.0,208352.0,213128.0,213048.0,231480.0,193840.0,234776.0,208816.0,202896.0,229816.0,209280.0,203712.0,216416.0,216856.0,225856.0,196440.0,233720.0,207648.0,204264.0,230584.0,208632.0,205416.0,210848.0,217928.0,227816.0,202064.0,234000.0,201576.0,207688.0,225552.0,211584.0,206568.0,245664.0,195728.0,218304.0,201040.0,231240.0,204920.0,204768.0,228056.0,209976.0,206904.0,209408.0,218888.0,221440.0,207728.0,232704.0,200648.0,208792.0,225704.0,213960.0,207520.0,204752.0,221728.0,221568.0,206584.0,230672.0,204904.0,208328.0,221432.0,215912.0,206096.0,204856.0,229184.0,215400.0,207600.0,238280.0,198168.0,207176.0,224912.0,212168.0,205928.0,207552.0,222880.0,219240.0,213160.0,226952.0,205368.0,206880.0,220496.0,217592.0,206528.0,240200.0,203880.0,207856.0,212384.0,232136.0,200448.0,210800.0,214576.0,217776.0,204408.0,203304.0,225312.0,215120.0,220448.0,222472.0,211792.0,204008.0
video_recv_packetsReceivedPerSecond_1920158776,61.0,71.0,60.0,60.0,59.0,61.0,60.0,61.0,62.0,60.0,60.0,59.0,60.0,60.0,59.0,61.0,59.0,60.0,59.0,60.0,60.0,60.0,60.0,60.0,60.0,61.0,60.0,60.0,59.0,60.0,60.0,60.0,60.0,60.0,59.0,61.0,59.0,60.0,59.0,60.0,60.0,60.0,60.0,60.0,60.0,63.0,59.0,60.0,61.0,59.0,60.0,65.0,60.0,60.0,60.0,62.0,59.0,60.0,60.0,59.0,60.0,60.0,61.0,61.0,60.0,62.0,60.0,59.0,60.0,59.0,60.0,60.0,60.0,60.0,59.0,61.0,59.0,60.0,60.0,60.0,59.0,60.0,61.0,61.0,59.0,61.0,59.0,60.0,60.0,60.0,60.0,59.0,59.0,60.0,59.0,61.0,59.0,60.0,60.0,59.0,60.0,65.0,61.0,60.0,59.0,61.0,59.0,60.0,59.0,60.0,59.0,60.0,59.0,60.0,61.0,61.0,60.0,59.0
video_recv_googCurrentDelayMs_1920158776,26.0,29.0,29.0,29.0,30.0,30.0,30.0,30.0,30.0,29.0,29.0,30.0,30.0,30.0,30.0,31.0,31.0,31.0,31.0,31.0,31.0,31.0,31.0,31.0,31.0,30.0,30.0,30.0,30.0,30.0,30.0,30.0,30.0,30.0,30.0,30.0,30.0,30.0,30.0,30.0,30.0,30.0,30.0,29.0,30.0,30.0,29.0,30.0,29.0,29.0,29.0,34.0,33.0,33.0,33.0,32.0,32.0,32.0,32.0,32.0,32.0,32.0,32.0,32.0,32.0,31.0,32.0,32.0,32.0,32.0,32.0,32.0,32.0,32.0,32.0,32.0,32.0,32.0,32.0,32.0,32.0,32.0,32.0,32.0,32.0,32.0,32.0,32.0,31.0,31.0,32.0,31.0,31.0,31.0,31.0,31.0,31.0,32.0,31.0,31.0,31.0,32.0,32.0,32.0,32.0,32.0,32.0,32.0,32.0,32.0,32.0,32.0,32.0,32.0,31.0,31.0,31.0,31.0
video_recv_googDecodeMs_1920158776,1.0,1.0,1.0,1.0,1.0,1.0,1.0,1.0,1.0,1.0,1.0,1.0,1.0,2.0,1.0,1.0,1.0,1.0,1.0,1.0,1.0,1.0,1.0,1.0,1.0,1.0,1.0,1.0,1.0,1.0,1.0,2.0,1.0,1.0,1.0,1.0,1.0,1.0,1.0,1.0,1.0,1.0,1.0,1.0,1.0,1.0,1.0,1.0,1.0,1.0,1.0,1.0,1.0,1.0,1.0,1.0,1.0,1.0,1.0,1.0,1.0,1.0,1.0,1.0,1.0,1.0,1.0,1.0,1.0,1.0,1.0,1.0,1.0,1.0,1.0,2.0,1.0,1.0,1.0,1.0,1.0,1.0,1.0,1.0,1.0,1.0,1.0,1.0,1.0,1.0,1.0,1.0,1.0,1.0,1.0,1.0,1.0,1.0,1.0,1.0,4.0,1.0,1.0,1.0,1.0,1.0,1.0,1.0,1.0,1.0,1.0,1.0,1.0,1.0,1.0,1.0,1.0,1.0
video_recv_googFrameHeightReceived_1920158776,180.0,180.0,180.0,180.0,180.0,180.0,180.0,180.0,180.0,180.0,180.0,180.0,180.0,180.0,180.0,180.0,180.0,180.0,180.0,180.0,180.0,180.0,180.0,180.0,180.0,180.0,180.0,180.0,180.0,180.0,180.0,180.0,180.0,180.0,180.0,180.0,180.0,180.0,180.0,180.0,180.0,180.0,180.0,180.0,180.0,180.0,180.0,180.0,180.0,180.0,180.0,180.0,180.0,180.0,180.0,180.0,180.0,180.0,180.0,180.0,180.0,180.0,180.0,180.0,180.0,180.0,180.0,180.0,180.0,180.0,180.0,180.0,180.0,180.0,180.0,180.0,180.0,180.0,180.0,180.0,180.0,180.0,180.0,180.0,180.0,180.0,180.0,180.0,180.0,180.0,180.0,180.0,180.0,180.0,180.0,180.0,180.0,180.0,180.0,180.0,180.0,180.0,180.0,180.0,180.0,180.0,180.0,180.0,180.0,180.0,180.0,180.0,180.0,180.0,180.0,180.0,180.0,180.0
video_recv_googFrameRateOutput_1920158776,60.0,60.0,60.0,60.0,60.0,60.0,60.0,60.0,60.0,60.0,60.0,60.0,60.0,60.0,60.0,60.0,60.0,60.0,60.0,60.0,60.0,60.0,60.0,60.0,60.0,60.0,60.0,60.0,60.0,60.0,60.0,60.0,60.0,60.0,60.0,60.0,60.0,60.0,60.0,60.0,60.0,60.0,60.0,60.0,60.0,60.0,60.0,60.0,60.0,60.0,60.0,60.0,60.0,60.0,60.0,60.0,60.0,60.0,60.0,60.0,60.0,60.0,60.0,60.0,60.0,60.0,60.0,60.0,60.0,60.0,60.0,60.0,60.0,60.0,60.0,59.0,60.0,60.0,60.0,60.0,60.0,60.0,60.0,60.0,60.0,60.0,60.0,60.0,60.0,60.0,60.0,60.0,60.0,60.0,60.0,60.0,60.0,60.0,60.0,60.0,60.0,60.0,60.0,60.0,60.0,60.0,60.0,60.0,60.0,60.0,60.0,60.0,60.0,60.0,60.0,60.0,60.0,60.0
video_recv_googFrameRateReceived_1920158776,60.0,60.0,60.0,60.0,60.0,60.0,60.0,60.0,60.0,60.0,60.0,60.0,60.0,60.0,60.0,60.0,60.0,60.0,60.0,60.0,60.0,60.0,60.0,60.0,60.0,60.0,60.0,60.0,60.0,60.0,60.0,60.0,60.0,60.0,60.0,60.0,60.0,60.0,60.0,60.0,60.0,60.0,60.0,60.0,60.0,60.0,60.0,60.0,60.0,60.0,60.0,60.0,60.0,60.0,60.0,60.0,59.0,60.0,60.0,60.0,60.0,60.0,60.0,60.0,60.0,60.0,60.0,60.0,60.0,60.0,60.0,60.0,60.0,60.0,60.0,60.0,60.0,60.0,60.0,60.0,60.0,60.0,60.0,60.0,60.0,60.0,60.0,60.0,60.0,60.0,60.0,60.0,60.0,60.0,60.0,60.0,60.0,60.0,60.0,60.0,60.0,60.0,60.0,60.0,60.0,60.0,59.0,60.0,60.0,61.0,59.0,60.0,60.0,60.0,60.0,60.0,60.0,60.0
video_recv_googFrameWidthReceived_1920158776,320.0,320.0,320.0,320.0,320.0,320.0,320.0,320.0,320.0,320.0,320.0,320.0,320.0,320.0,320.0,320.0,320.0,320.0,320.0,320.0,320.0,320.0,320.0,320.0,320.0,320.0,320.0,320.0,320.0,320.0,320.0,320.0,320.0,320.0,320.0,320.0,320.0,320.0,320.0,320.0,320.0,320.0,320.0,320.0,320.0,320.0,320.0,320.0,320.0,320.0,320.0,320.0,320.0,320.0,320.0,320.0,320.0,320.0,320.0,320.0,320.0,320.0,320.0,320.0,320.0,320.0,320.0,320.0,320.0,320.0,320.0,320.0,320.0,320.0,320.0,320.0,320.0,320.0,320.0,320.0,320.0,320.0,320.0,320.0,320.0,320.0,320.0,320.0,320.0,320.0,320.0,320.0,320.0,320.0,320.0,320.0,320.0,320.0,320.0,320.0,320.0,320.0,320.0,320.0,320.0,320.0,320.0,320.0,320.0,320.0,320.0,320.0,320.0,320.0,320.0,320.0,320.0,320.0
video_recv_googInterframeDelayMax_1920158776,19.0,19.0,20.0,20.0,19.0,18.0,19.0,19.0,25.0,19.0,20.0,20.0,19.0,24.0,20.0,20.0,21.0,21.0,24.0,19.0,19.0,22.0,22.0,20.0,20.0,23.0,21.0,20.0,21.0,32.0,19.0,20.0,22.0,22.0,19.0,21.0,21.0,20.0,20.0,19.0,22.0,21.0,22.0,19.0,21.0,19.0,23.0,19.0,19.0,19.0,19.0,22.0,19.0,19.0,19.0,23.0,23.0,19.0,19.0,20.0,19.0,19.0,19.0,19.0,19.0,19.0,20.0,20.0,19.0,19.0,19.0,24.0,19.0,19.0,21.0,19.0,22.0,22.0,19.0,18.0,26.0,19.0,24.0,19.0,21.0,19.0,20.0,18.0,19.0,20.0,24.0,21.0,20.0,19.0,25.0,21.0,20.0,20.0,21.0,20.0,20.0,23.0,19.0,19.0,22.0,19.0,22.0,20.0,20.0,19.0,20.0,20.0,19.0,20.0,20.0,20.0,21.0,22.0
video_recv_googJitterBufferMs_1920158776,13.0,17.0,17.0,17.0,18.0,18.0,19.0,19.0,18.0,18.0,18.0,19.0,19.0,19.0,19.0,19.0,19.0,19.0,19.0,19.0,19.0,19.0,19.0,19.0,19.0,18.0,18.0,18.0,18.0,18.0,18.0,18.0,18.0,18.0,18.0,18.0,18.0,18.0,18.0,18.0,18.0,18.0,18.0,18.0,18.0,18.0,17.0,18.0,17.0,17.0,17.0,22.0,21.0,21.0,21.0,21.0,21.0,21.0,21.0,21.0,21.0,21.0,21.0,21.0,21.0,20.0,20.0,20.0,20.0,20.0,20.0,20.0,20.0,20.0,20.0,20.0,20.0,20.0,20.0,20.0,20.0,20.0,20.0,20.0,20.0,20.0,20.0,20.0,19.0,19.0,20.0,19.0,19.0,19.0,19.0,19.0,19.0,19.0,19.0,19.0,19.0,20.0,20.0,20.0,20.0,20.0,20.0,20.0,20.0,20.0,20.0,20.0,20.0,20.0,19.0,19.0,19.0,19.0
video_recv_googPlisSent_1920158776,1.0,1.0,1.0,1.0,1.0,1.0,1.0,1.0,1.0,1.0,1.0,1.0,1.0,1.0,1.0,1.0,1.0,1.0,1.0,1.0,1.0,1.0,1.0,1.0,1.0,1.0,1.0,1.0,1.0,1.0,1.0,1.0,1.0,1.0,1.0,1.0,1.0,1.0,1.0,1.0,1.0,1.0,1.0,1.0,1.0,1.0,1.0,1.0,1.0,1.0,1.0,1.0,1.0,1.0,1.0,1.0,1.0,1.0,1.0,1.0,1.0,1.0,1.0,1.0,1.0,1.0,1.0,1.0,1.0,1.0,1.0,1.0,1.0,1.0,1.0,1.0,1.0,1.0,1.0,1.0,1.0,1.0,1.0,1.0,1.0,1.0,1.0,1.0,1.0,1.0,1.0,1.0,1.0,1.0,1.0,1.0,1.0,1.0,1.0,1.0,1.0,1.0,1.0,1.0,1.0,1.0,1.0,1.0,1.0,1.0,1.0,1.0,1.0,1.0,1.0,1.0,1.0,1.0
audio_send_packetsLost_2762617683,0.0,0.0,0.0,0.0,0.0,0.0,0.0,0.0,0.0,0.0,0.0,0.0,0.0,0.0,0.0,0.0,0.0,0.0,0.0,0.0,0.0,0.0,0.0,0.0,0.0,0.0,0.0,0.0,0.0,0.0,0.0,0.0,0.0,0.0,0.0,0.0,0.0,0.0,0.0,0.0,0.0,0.0,0.0,0.0,0.0,0.0,0.0,0.0,0.0,0.0,0.0,0.0,0.0,0.0,0.0,0.0,0.0,0.0,0.0,0.0,0.0,0.0,0.0,0.0,0.0,0.0,0.0,0.0,0.0,0.0,0.0,0.0,0.0,0.0,0.0,0.0,0.0,0.0,0.0,0.0,0.0,0.0,0.0,0.0,0.0,0.0,0.0,0.0,0.0,0.0,0.0,0.0,0.0,0.0,0.0,0.0,0.0,0.0,0.0,0.0,0.0,0.0,0.0,0.0,0.0,0.0,0.0,0.0,0.0,0.0,0.0,0.0,0.0,0.0,0.0,0.0,0.0,0.0
audio_send_googJitterReceived_2762617683,0.0,0.0,0.0,0.0,0.0,0.0,0.0,0.0,0.0,0.0,0.0,0.0,0.0,0.0,0.0,0.0,0.0,0.0,0.0,0.0,0.0,0.0,0.0,0.0,0.0,0.0,0.0,0.0,0.0,0.0,0.0,0.0,0.0,0.0,0.0,0.0,0.0,0.0,0.0,0.0,0.0,0.0,0.0,0.0,0.0,0.0,0.0,0.0,0.0,0.0,0.0,0.0,0.0,0.0,0.0,0.0,0.0,0.0,0.0,0.0,0.0,0.0,0.0,0.0,0.0,0.0,0.0,0.0,0.0,0.0,0.0,0.0,0.0,0.0,0.0,0.0,0.0,0.0,0.0,0.0,0.0,0.0,0.0,0.0,0.0,0.0,0.0,0.0,0.0,0.0,0.0,0.0,0.0,0.0,0.0,0.0,0.0,0.0,0.0,0.0,0.0,0.0,0.0,0.0,0.0,0.0,0.0,0.0,0.0,0.0,0.0,0.0,0.0,0.0,0.0,0.0,0.0,0.0
audio_recv_bitsReceivedPerSecond_328041424,0.0,16704.0,12776.0,4376.0,2056.0,4344.0,4432.0,0.0,4064.0,3408.0,4928.0,4160.0,4168.0,4176.0,4616.0,3624.0,4264.0,4760.0,4704.0,4208.0,4664.0,5744.0,3760.0,0.0,5960.0,0.0,3864.0,7520.0,4384.0,2032.0,0.0,5440.0,3704.0,1808.0,2440.0,2184.0,4976.0,1808.0,5656.0,6640.0,9352.0,14352.0,9968.0,7944.0,13032.0,15280.0,14448.0,16072.0,8976.0,10040.0,10728.0,12952.0,13192.0,13776.0,12728.0,12656.0,14472.0,14728.0,15336.0,14520.0,13896.0,13848.0,15424.0,15216.0,14968.0,15904.0,14976.0,13888.0,14472.0,13808.0,13304.0,14776.0,14240.0,14504.0,14760.0,14288.0,14928.0,15336.0,14376.0,15024.0,14808.0,14608.0,15080.0,15232.0,14920.0,14824.0,13536.0,14864.0,14160.0,15656.0,15680.0,15584.0,15080.0,15656.0,15792.0,12232.0,18792.0,15368.0,14184.0,15656.0,15360.0,15360.0,13856.0,14560.0,15240.0,8704.0,9912.0,7440.0,11488.0,11040.0,11536.0,10152.0,9728.0,12240.0,8688.0,10288.0,9256.0,8768.0
audio_recv_packetsReceivedPerSecond_328041424,0.0,22.0,23.0,6.0,2.0,6.0,6.0,0.0,6.0,5.0,7.0,5.0,6.0,6.0,6.0,5.0,5.0,7.0,6.0,6.0,7.0,8.0,6.0,0.0,10.0,0.0,6.0,13.0,7.0,3.0,0.0,8.0,7.0,3.0,3.0,4.0,7.0,3.0,9.0,11.0,16.0,24.0,18.0,14.0,23.0,27.0,24.0,29.0,17.0,18.0,19.0,23.0,24.0,26.0,24.0,23.0,25.0,27.0,28.0,26.0,26.0,26.0,27.0,28.0,27.0,29.0,27.0,25.0,28.0,26.0,26.0,29.0,27.0,28.0,27.0,27.0,28.0,28.0,28.0,28.0,27.0,27.0,28.0,28.0,27.0,28.0,26.0,29.0,28.0,28.0,28.0,27.0,26.0,28.0,27.0,22.0,34.0,28.0,28.0,28.0,27.0,28.0,27.0,28.0,27.0,14.0,14.0,11.0,17.0,16.0,18.0,15.0,14.0,19.0,13.0,15.0,13.0,13.0
audio_recv_googCurrentDelayMs_328041424,0.0,103.0,219.0,204.0,301.0,434.0,536.0,564.0,474.0,504.0,695.0,827.0,907.0,915.0,935.0,952.0,963.0,950.0,963.0,953.0,957.0,979.0,960.0,920.0,1015.0,684.0,615.0,623.0,795.0,885.0,867.0,1063.0,864.0,834.0,880.0,922.0,923.0,942.0,933.0,918.0,936.0,937.0,944.0,856.0,868.0,936.0,947.0,947.0,829.0,741.0,849.0,885.0,888.0,924.0,925.0,914.0,924.0,895.0,902.0,835.0,720.0,773.0,845.0,779.0,530.0,419.0,473.0,310.0,442.0,475.0,621.0,728.0,759.0,571.0,385.0,499.0,334.0,421.0,440.0,325.0,499.0,356.0,332.0,436.0,297.0,430.0,335.0,325.0,412.0,276.0,431.0,426.0,310.0,505.0,450.0,360.0,480.0,350.0,439.0,436.0,324.0,475.0,437.0,355.0,436.0,348.0,472.0,639.0,737.0,772.0,811.0,809.0,797.0,815.0,827.0,827.0,828.0,817.0
audio_recv_googJitterBufferMs_328041424,0.0,53.0,198.0,121.0,124.0,120.0,184.0,122.0,124.0,163.0,241.0,261.0,251.0,241.0,262.0,242.0,220.0,263.0,270.0,264.0,262.0,290.0,307.0,264.0,204.0,143.0,122.0,362.0,422.0,262.0,222.0,282.0,322.0,161.0,142.0,134.0,242.0,222.0,222.0,382.0,502.0,710.0,800.0,302.0,682.0,892.0,902.0,935.0,315.0,642.0,662.0,742.0,661.0,792.0,775.0,755.0,799.0,681.0,902.0,491.0,842.0,662.0,875.0,493.0,90.0,580.0,274.0,241.0,442.0,702.0,662.0,722.0,562.0,177.0,422.0,389.0,142.0,579.0,212.0,420.0,418.0,23.0,560.0,238.0,281.0,436.0,20.0,562.0,235.0,282.0,443.0,118.0,402.0,403.0,85.0,421.0,312.0,141.0,557.0,208.0,401.0,421.0,80.0,541.0,266.0,246.0,421.0,402.0,463.0,547.0,505.0,462.0,464.0,529.0,489.0,442.0,470.0,426.0
audio_recv_googJitterReceived_328041424,0.0,16.0,25.0,42.0,40.0,60.0,63.0,63.0,92.0,83.0,82.0,73.0,71.0,80.0,75.0,72.0,79.0,66.0,71.0,75.0,72.0,60.0,61.0,61.0,73.0,73.0,92.0,61.0,55.0,64.0,64.0,79.0,63.0,84.0,90.0,101.0,87.0,92.0,75.0,61.0,41.0,29.0,31.0,29.0,22.0,18.0,18.0,19.0,23.0,23.0,22.0,21.0,21.0,19.0,18.0,19.0,20.0,17.0,17.0,19.0,18.0,17.0,18.0,17.0,17.0,17.0,17.0,18.0,17.0,18.0,19.0,16.0,16.0,18.0,20.0,17.0,17.0,18.0,17.0,17.0,19.0,17.0,18.0,18.0,18.0,17.0,18.0,17.0,18.0,18.0,20.0,19.0,18.0,17.0,16.0,15.0,18.0,17.0,17.0,17.0,17.0,17.0,18.0,19.0,17.0,28.0,28.0,34.0,30.0,29.0,27.0,29.0,30.0,26.0,33.0,30.0,31.0,33.0
audio_recv_googPreferredJitterBufferMs_328041424,0.0,380.0,820.0,1260.0,1360.0,1580.0,1660.0,1660.0,1980.0,1980.0,1980.0,1980.0,1980.0,1980.0,1980.0,1980.0,1980.0,1980.0,1980.0,1980.0,1980.0,1960.0,1960.0,1960.0,1960.0,1960.0,1940.0,1980.0,1960.0,1960.0,1960.0,1960.0,1940.0,1940.0,1940.0,1940.0,1920.0,1920.0,1920.0,1920.0,1920.0,1920.0,1920.0,1920.0,1900.0,1900.0,1900.0,1880.0,1840.0,1820.0,1820.0,1800.0,1800.0,1800.0,1800.0,1800.0,1800.0,1780.0,1780.0,1780.0,1780.0,1780.0,1780.0,1780.0,1780.0,1780.0,1760.0,1760.0,1740.0,1720.0,1720.0,1700.0,1700.0,1700.0,1700.0,1700.0,1700.0,1700.0,1700.0,1700.0,1700.0,1700.0,1700.0,1700.0,1700.0,1700.0,1700.0,1700.0,1700.0,1700.0,1700.0,1700.0,1700.0,1700.0,1700.0,1700.0,1700.0,1700.0,1700.0,1700.0,1700.0,1700.0,1700.0,1700.0,1700.0,1700.0,1700.0,1700.0,1700.0,1700.0,1700.0,1700.0,1700.0,1700.0,1720.0,1720.0,1720.0,1720.0
video_recv_bitsReceivedPerSecond_1177306205,0.0,138416.0,194064.0,251344.0,228432.0,209088.0,220968.0,218144.0,194048.0,137920.0,141240.0,145584.0,157112.0,152912.0,151272.0,189744.0,200016.0,201696.0,206144.0,222856.0,219064.0,219552.0,198736.0,174048.0,131016.0,123248.0,115528.0,121152.0,134584.0,144168.0,152968.0,172112.0,171792.0,183344.0,192248.0,196232.0,201384.0,209544.0,203576.0,203232.0,184664.0,156384.0,160144.0,148632.0,152368.0,165640.0,176440.0,159464.0,128416.0,105056.0,97448.0,109984.0,114624.0,72856.0,57736.0,60224.0,61120.0,72752.0,73960.0,84392.0,102888.0,103072.0,110160.0,117736.0,132712.0,138560.0,112640.0,66056.0,65976.0,67896.0,70216.0,77648.0,77944.0,82280.0,89472.0,105368.0,108216.0,117056.0,123352.0,134136.0,130312.0,153712.0,146512.0,152072.0,161240.0,175888.0,188688.0,186608.0,183760.0,195400.0,176248.0,144912.0,129984.0,122960.0,124720.0,88968.0,61272.0,60312.0,61760.0,67976.0,75104.0,84632.0,92728.0,104832.0,107624.0,104880.0,113464.0,121424.0,122392.0,137200.0,144056.0,145496.0,158928.0,167256.0,179288.0,186176.0,189912.0,196368.0
video_recv_packetsReceivedPerSecond_1177306205,0.0,31.0,33.0,39.0,37.0,38.0,38.0,36.0,33.0,27.0,22.0,25.0,29.0,26.0,26.0,33.0,35.0,34.0,35.0,39.0,36.0,39.0,36.0,29.0,23.0,28.0,39.0,33.0,27.0,36.0,30.0,36.0,34.0,34.0,33.0,34.0,33.0,37.0,35.0,35.0,33.0,27.0,34.0,35.0,33.0,33.0,33.0,29.0,20.0,32.0,35.0,33.0,30.0,16.0,10.0,30.0,37.0,35.0,29.0,27.0,31.0,32.0,30.0,34.0,32.0,30.0,22.0,13.0,14.0,42.0,29.0,32.0,28.0,32.0,30.0,30.0,32.0,32.0,30.0,33.0,31.0,32.0,34.0,33.0,30.0,35.0,33.0,34.0,32.0,36.0,32.0,26.0,27.0,36.0,32.0,21.0,10.0,32.0,35.0,29.0,30.0,30.0,30.0,32.0,31.0,29.0,32.0,33.0,31.0,30.0,32.0,33.0,30.0,34.0,35.0,33.0,33.0,36.0
video_recv_googCurrentDelayMs_1177306205,0.0,75.0,138.0,136.0,131.0,120.0,108.0,111.0,114.0,119.0,126.0,129.0,128.0,129.0,158.0,160.0,161.0,160.0,162.0,163.0,166.0,168.0,171.0,172.0,173.0,176.0,177.0,179.0,175.0,173.0,173.0,173.0,173.0,172.0,170.0,170.0,169.0,169.0,169.0,170.0,170.0,171.0,172.0,172.0,170.0,170.0,170.0,173.0,181.0,189.0,191.0,189.0,188.0,185.0,185.0,193.0,191.0,189.0,189.0,185.0,184.0,183.0,180.0,176.0,175.0,173.0,171.0,171.0,187.0,187.0,186.0,182.0,180.0,176.0,175.0,174.0,172.0,171.0,168.0,165.0,166.0,167.0,167.0,164.0,165.0,164.0,165.0,166.0,166.0,166.0,164.0,165.0,167.0,166.0,166.0,166.0,173.0,174.0,175.0,175.0,174.0,173.0,171.0,167.0,166.0,163.0,160.0,159.0,159.0,159.0,159.0,159.0,159.0,159.0,159.0,162.0,159.0,160.0
video_recv_googDecodeMs_1177306205,0.0,1.0,1.0,1.0,1.0,1.0,1.0,1.0,1.0,1.0,1.0,1.0,1.0,1.0,1.0,1.0,1.0,1.0,1.0,1.0,1.0,3.0,1.0,1.0,1.0,1.0,1.0,1.0,1.0,1.0,1.0,1.0,1.0,1.0,1.0,1.0,1.0,1.0,1.0,1.0,1.0,1.0,1.0,1.0,1.0,1.0,1.0,1.0,2.0,1.0,1.0,1.0,1.0,1.0,1.0,1.0,1.0,1.0,1.0,2.0,1.0,1.0,0.0,1.0,1.0,1.0,1.0,1.0,1.0,1.0,1.0,1.0,1.0,2.0,1.0,2.0,1.0,1.0,1.0,1.0,1.0,1.0,2.0,1.0,1.0,1.0,1.0,1.0,2.0,1.0,1.0,1.0,1.0,1.0,2.0,1.0,2.0,1.0,1.0,1.0,2.0,1.0,1.0,1.0,1.0,1.0,1.0,1.0,1.0,1.0,1.0,1.0,1.0,2.0,1.0,1.0,1.0,2.0
video_recv_googFrameHeightReceived_1177306205,0.0,180.0,180.0,180.0,180.0,180.0,180.0,180.0,180.0,180.0,180.0,180.0,180.0,180.0,180.0,180.0,180.0,180.0,180.0,180.0,180.0,180.0,180.0,180.0,180.0,180.0,180.0,180.0,180.0,180.0,180.0,180.0,180.0,180.0,180.0,180.0,180.0,180.0,180.0,180.0,180.0,180.0,180.0,180.0,180.0,180.0,180.0,180.0,180.0,180.0,180.0,180.0,180.0,180.0,180.0,180.0,180.0,180.0,180.0,180.0,180.0,180.0,180.0,180.0,180.0,180.0,180.0,180.0,180.0,180.0,180.0,180.0,180.0,180.0,180.0,180.0,180.0,180.0,180.0,180.0,180.0,180.0,180.0,180.0,180.0,180.0,180.0,180.0,180.0,180.0,180.0,180.0,180.0,180.0,180.0,180.0,180.0,180.0,180.0,180.0,180.0,180.0,180.0,180.0,180.0,180.0,180.0,180.0,180.0,180.0,180.0,180.0,180.0,180.0,180.0,180.0,180.0,180.0
video_recv_googFrameRateOutput_1177306205,0.0,27.0,26.0,32.0,32.0,30.0,33.0,30.0,31.0,27.0,17.0,23.0,25.0,23.0,20.0,25.0,29.0,26.0,31.0,28.0,27.0,32.0,32.0,27.0,28.0,16.0,31.0,29.0,32.0,31.0,28.0,23.0,30.0,31.0,32.0,29.0,26.0,26.0,24.0,31.0,30.0,24.0,25.0,31.0,31.0,31.0,32.0,31.0,13.0,18.0,30.0,32.0,32.0,28.0,10.0,16.0,31.0,33.0,31.0,31.0,31.0,30.0,32.0,32.0,31.0,31.0,31.0,16.0,5.0,29.0,33.0,32.0,31.0,32.0,24.0,33.0,31.0,32.0,30.0,32.0,32.0,32.0,31.0,30.0,32.0,30.0,31.0,29.0,28.0,29.0,28.0,30.0,22.0,32.0,32.0,29.0,10.0,20.0,26.0,32.0,31.0,29.0,33.0,20.0,32.0,30.0,32.0,31.0,32.0,32.0,32.0,31.0,30.0,32.0,32.0,32.0,30.0,31.0
video_recv_googFrameRateReceived_1177306205,0.0,27.0,29.0,32.0,32.0,30.0,32.0,30.0,28.0,24.0,17.0,23.0,25.0,23.0,20.0,30.0,31.0,28.0,33.0,31.0,29.0,34.0,30.0,27.0,22.0,25.0,39.0,32.0,27.0,33.0,30.0,29.0,32.0,30.0,30.0,31.0,26.0,31.0,28.0,29.0,28.0,23.0,32.0,32.0,31.0,30.0,32.0,24.0,12.0,28.0,36.0,34.0,29.0,16.0,7.0,27.0,35.0,33.0,27.0,28.0,31.0,31.0,30.0,31.0,32.0,28.0,22.0,14.0,10.0,36.0,27.0,30.0,29.0,32.0,29.0,30.0,31.0,30.0,30.0,30.0,32.0,28.0,34.0,31.0,30.0,32.0,31.0,28.0,30.0,30.0,27.0,23.0,27.0,36.0,31.0,19.0,9.0,29.0,33.0,28.0,28.0,31.0,29.0,28.0,31.0,28.0,33.0,34.0,32.0,30.0,32.0,33.0,28.0,32.0,31.0,29.0,31.0,30.0
video_recv_googFrameWidthReceived_1177306205,0.0,320.0,320.0,320.0,320.0,320.0,320.0,320.0,320.0,320.0,320.0,320.0,320.0,320.0,320.0,320.0,320.0,320.0,320.0,320.0,320.0,320.0,320.0,320.0,320.0,320.0,320.0,320.0,320.0,320.0,320.0,320.0,320.0,320.0,320.0,320.0,320.0,320.0,320.0,320.0,320.0,320.0,320.0,320.0,320.0,320.0,320.0,320.0,320.0,320.0,320.0,320.0,320.0,320.0,320.0,320.0,320.0,320.0,320.0,320.0,320.0,320.0,320.0,320.0,320.0,320.0,320.0,320.0,320.0,320.0,320.0,320.0,320.0,320.0,320.0,320.0,320.0,320.0,320.0,320.0,320.0,320.0,320.0,320.0,320.0,320.0,320.0,320.0,320.0,320.0,320.0,320.0,320.0,320.0,320.0,320.0,320.0,320.0,320.0,320.0,320.0,320.0,320.0,320.0,320.0,320.0,320.0,320.0,320.0,320.0,320.0,320.0,320.0,320.0,320.0,320.0,320.0,320.0
video_recv_googInterframeDelayMax_1177306205,-1.0,142.0,141.0,133.0,137.0,133.0,134.0,132.0,123.0,152.0,191.0,178.0,156.0,161.0,186.0,186.0,159.0,155.0,153.0,176.0,176.0,152.0,149.0,152.0,152.0,319.0,154.0,156.0,148.0,151.0,146.0,149.0,145.0,147.0,149.0,148.0,150.0,150.0,201.0,147.0,147.0,178.0,219.0,147.0,148.0,146.0,145.0,143.0,230.0,340.0,166.0,149.0,149.0,153.0,328.0,241.0,143.0,142.0,142.0,140.0,139.0,155.0,148.0,140.0,140.0,140.0,140.0,200.0,268.0,143.0,138.0,136.0,147.0,139.0,149.0,142.0,146.0,142.0,143.0,138.0,138.0,139.0,139.0,137.0,137.0,147.0,135.0,140.0,136.0,160.0,141.0,141.0,172.0,142.0,150.0,161.0,210.0,205.0,156.0,137.0,137.0,138.0,142.0,203.0,141.0,141.0,140.0,137.0,138.0,139.0,139.0,138.0,143.0,138.0,136.0,137.0,140.0,138.0
video_recv_googJitterBufferMs_1177306205,0.0,73.0,132.0,125.0,121.0,108.0,96.0,100.0,102.0,107.0,114.0,117.0,116.0,117.0,146.0,148.0,150.0,149.0,151.0,152.0,155.0,156.0,159.0,160.0,161.0,164.0,164.0,166.0,163.0,160.0,161.0,160.0,160.0,159.0,157.0,157.0,157.0,157.0,157.0,158.0,158.0,159.0,160.0,160.0,158.0,158.0,158.0,161.0,169.0,177.0,179.0,177.0,176.0,173.0,173.0,181.0,179.0,177.0,176.0,173.0,172.0,170.0,167.0,164.0,163.0,161.0,159.0,159.0,175.0,175.0,174.0,171.0,168.0,164.0,163.0,162.0,160.0,158.0,155.0,152.0,153.0,154.0,154.0,152.0,152.0,152.0,153.0,154.0,154.0,154.0,152.0,153.0,155.0,154.0,154.0,154.0,161.0,162.0,163.0,163.0,162.0,161.0,159.0,156.0,154.0,152.0,148.0,147.0,147.0,147.0,147.0,147.0,147.0,147.0,147.0,150.0,147.0,147.0
video_recv_googPlisSent_1177306205,1.0,1.0,1.0,1.0,1.0,1.0,1.0,1.0,1.0,1.0,1.0,1.0,1.0,1.0,1.0,1.0,1.0,1.0,1.0,1.0,1.0,1.0,1.0,1.0,1.0,1.0,1.0,1.0,1.0,1.0,1.0,1.0,1.0,1.0,1.0,1.0,1.0,1.0,1.0,1.0,1.0,1.0,1.0,1.0,1.0,1.0,1.0,1.0,1.0,1.0,1.0,1.0,1.0,1.0,1.0,1.0,1.0,1.0,1.0,1.0,1.0,1.0,1.0,1.0,1.0,1.0,1.0,1.0,1.0,1.0,1.0,1.0,1.0,1.0,1.0,1.0,1.0,1.0,1.0,1.0,1.0,1.0,1.0,1.0,1.0,1.0,1.0,1.0,1.0,1.0,1.0,1.0,1.0,1.0,1.0,1.0,1.0,1.0,1.0,1.0,1.0,1.0,1.0,1.0,1.0,1.0,1.0,1.0,1.0,1.0,1.0,1.0,1.0,1.0,1.0,1.0,1.0,1.0
audio_send_googRtt_2762617683,-1,26.0,27.0,27.0,26.0,26.0,26.0,26.0,26.0,30.0,29.0,29.0,29.0,29.0,28.0,26.0,25.0,25.0,25.0,27.0,25.0,26.0,26.0,25.0,25.0,26.0,26.0,26.0,28.0,25.0,25.0,25.0,26.0,26.0,26.0,26.0,25.0,25.0,26.0,26.0,26.0,26.0,25.0,25.0,25.0,26.0,26.0,27.0,25.0,25.0,25.0,26.0,25.0,28.0,25.0,25.0,26.0,27.0,26.0,28.0,27.0,27.0,25.0,26.0,26.0,26.0,26.0,26.0,25.0,25.0,26.0,26.0,26.0,25.0,25.0,26.0,26.0,26.0,26.0,26.0,26.0,26.0,28.0,26.0,26.0,25.0,26.0,26.0,26.0,26.0,27.0,27.0,26.0,26.0,27.0,26.0,27.0,28.0,27.0,26.0,28.0,27.0,27.0,27.0,25.0,25.0,25.0,26.0,27.0,27.0,26.0,27.0,27.0,27.0,26.0,26.0,26.0,26.0
video_send_resolutionChangesInput_3232079898,0,0,0,0,0,0,0,0,0,0,0,0,0,0,0,0,0,0,0,0,0,0,0,0,0,0,0,0,0,0,0,0,0,0,0,0,0,0,0,0,0,0,0,0,0,0,0,0,0,0,0,0,0,0,0,0,0,0,0,0,0,0,0,0,0,0,0,0,0,0,0,0,0,0,0,0,0,0,0,0,0,0,0,0,0,0,0,0,0,0,0,0,0,0,0,0,0,0,0,0,0,0,0,0,0,0,0,0,0,0,0,0,0,0,0,0,0,0
video_send_resolutionChangesSent_3232079898,0,0,0,0,0,0,0,0,0,0,0,0,0,0,0,0,0,0,0,0,0,0,0,0,0,0,0,0,0,0,0,0,0,0,0,0,0,0,0,0,0,0,0,0,0,0,0,0,0,0,0,0,0,0,0,0,0,0,0,0,0,0,0,0,0,0,0,0,0,0,0,0,0,0,0,0,0,0,0,0,0,0,0,0,0,0,0,0,0,0,0,0,0,0,0,0,0,0,0,0,0,0,0,0,0,0,0,0,0,0,0,0,0,0,0,0,0,0
video_recv_resolutionChangesReceived_1920158776,0,0,0,0,0,0,0,0,0,0,0,0,0,0,0,0,0,0,0,0,0,0,0,0,0,0,0,0,0,0,0,0,0,0,0,0,0,0,0,0,0,0,0,0,0,0,0,0,0,0,0,0,0,0,0,0,0,0,0,0,0,0,0,0,0,0,0,0,0,0,0,0,0,0,0,0,0,0,0,0,0,0,0,0,0,0,0,0,0,0,0,0,0,0,0,0,0,0,0,0,0,0,0,0,0,0,0,0,0,0,0,0,0,0,0,0,0,0
video_recv_resolutionChangesReceived_1177306205,1,2,2,2,2,2,2,2,2,2,2,2,2,2,2,2,2,2,2,2,2,2,2,2,2,2,2,2,2,2,2,2,2,2,2,2,2,2,2,2,2,2,2,2,2,2,2,2,2,2,2,2,2,2,2,2,2,2,2,2,2,2,2,2,2,2,2,2,2,2,2,2,2,2,2,2,2,2,2,2,2,2,2,2,2,2,2,2,2,2,2,2,2,2,2,2,2,2,2,2,2,2,2,2,2,2,2,2,2,2,2,2,2,2,2,2,2,2
1_way_delay_audio_send_3232079898_0,-0.5,13.0,13.5,13.5,13.0,13.0,13.0,13.0,13.0,15.0,14.5,14.5,14.5,14.5,14.0,13.0,12.5,12.5,12.5,13.5,12.5,13.0,13.0,12.5,12.5,13.0,13.0,13.0,14.0,12.5,12.5,12.5,13.0,13.0,13.0,13.0,12.5,12.5,13.0,13.0,13.0,13.0,12.5,12.5,12.5,13.0,13.0,13.5,12.5,12.5,12.5,13.0,12.5,14.0,12.5,12.5,13.0,13.5,13.0,14.0,13.5,13.5,12.5,13.0,13.0,13.0,13.0,13.0,12.5,12.5,13.0,13.0,13.0,12.5,12.5,13.0,13.0,13.0,13.0,13.0,13.0,13.0,14.0,13.0,13.0,12.5,13.0,13.0,13.0,13.0,13.5,13.5,13.0,13.0,13.5,13.0,13.5,14.0,13.5,13.0,14.0,13.5,13.5,13.5,12.5,12.5,12.5,13.0,13.5,13.5,13.0,13.5,13.5,13.5,13.0,13.0,13.0,13.0
1_way_delay_video_send_3232079898_0,13.0,13.0,13.0,13.0,13.0,12.5,12.5,12.5,12.5,12.5,12.5,12.5,12.5,12.5,12.5,12.5,12.5,12.5,12.5,12.5,12.5,12.5,12.5,12.5,12.5,12.5,12.5,12.5,12.5,12.5,12.5,12.5,12.5,12.5,12.5,12.5,12.5,12.5,12.5,12.5,12.5,12.5,12.5,12.5,12.5,12.5,12.5,12.5,12.5,12.5,12.5,12.5,12.5,12.5,12.5,13.0,13.0,12.5,12.5,12.5,12.5,12.5,12.5,12.5,12.5,12.5,12.5,12.5,12.5,12.5,12.5,12.5,12.5,12.5,12.5,12.5,12.5,12.5,12.5,12.5,12.5,12.5,12.5,12.5,12.5,13.0,13.0,12.5,12.5,12.5,12.5,12.5,12.5,12.5,12.5,12.5,12.5,12.5,12.5,12.5,12.5,12.5,12.5,12.5,12.5,12.5,12.5,12.5,12.5,12.5,12.5,12.5,12.5,12.5,12.5,12.5,12.5,12.5
ear_ear_delay_audio_send_3232079898_0,-0.5,17.0,17.5,17.5,14.0,13.0,14.0,14.0,15.0,19.0,17.5,16.5,16.5,24.5,16.0,21.0,13.5,13.5,18.5,18.5,14.5,22.0,18.0,15.5,15.5,16.0,14.0,18.0,63.0,15.5,21.5,14.5,26.0,23.0,15.0,17.0,18.5,20.5,17.0,20.0,16.0,23.0,16.5,32.5,20.5,13.0,18.0,16.5,22.5,21.5,20.5,22.0,24.5,15.0,21.5,17.5,15.0,15.5,17.0,16.0,27.5,26.5,15.5,17.0,25.0,25.0,50.0,22.0,17.5,18.5,14.0,22.0,23.0,22.5,23.5,16.0,16.0,18.0,17.0,15.0,13.0,16.0,19.0,25.0,20.0,24.5,14.0,43.0,16.0,17.0,16.5,17.5,16.0,13.0,17.5,21.0,15.5,25.0,20.5,14.0,21.0,21.5,22.5,23.5,22.5,19.5,32.5,24.0,25.5,15.5,23.0,15.5,21.5,53.5,25.0,24.0,16.0,13.0
audio_packet_loss_percentage_send_3232079898_0,0.0,0.0,0.0,0.0,0.0,0.0,0.0,0.0,0.0,0.0,0.0,0.0,0.0,0.0,0.0,0.0,0.0,0.0,0.0,0.0,0.0,0.0,0.0,0.0,0.0,0.0,0.0,0.0,0.0,0.0,0.0,0.0,0.0,0.0,0.0,0.0,0.0,0.0,0.0,0.0,0.0,0.0,0.0,0.0,0.0,0.0,0.0,0.0,0.0,0.0,0.0,0.0,0.0,0.0,0.0,0.0,0.0,0.0,0.0,0.0,0.0,0.0,0.0,0.0,0.0,0.0,0.0,0.0,0.0,0.0,0.0,0.0,0.0,0.0,0.0,0.0,0.0,0.0,0.0,0.0,0.0,0.0,0.0,0.0,0.0,0.0,0.0,0.0,0.0,0.0,0.0,0.0,0.0,0.0,0.0,0.0,0.0,0.0,0.0,0.0,0.0,0.0,0.0,0.0,0.0,0.0,0.0,0.0,0.0,0.0,0.0,0.0,0.0,0.0,0.0,0.0,0.0
e_model_audio_send_3232079898_0,93.792,93.78,93.78,93.864,93.888,93.864,93.864,93.84,93.744,93.78,93.804,93.804,93.61200000000001,93.816,93.696,93.876,93.876,93.756,93.756,93.852,93.672,93.768,93.828,93.828,93.816,93.864,93.768,92.688,93.828,93.684,93.852,93.57600000000001,93.648,93.84,93.792,93.756,93.708,93.792,93.72,93.816,93.648,93.804,93.42,93.708,93.888,93.768,93.804,93.66,93.684,93.708,93.672,93.61200000000001,93.84,93.684,93.78,93.84,93.828,93.792,93.816,93.54,93.56400000000001,93.828,93.792,93.60000000000001,93.60000000000001,93.0,93.672,93.78,93.756,93.864,93.672,93.648,93.66,93.636,93.816,93.816,93.768,93.792,93.84,93.888,93.816,93.744,93.60000000000001,93.72,93.61200000000001,93.864,93.168,93.816,93.792,93.804,93.78,93.816,93.888,93.78,93.696,93.828,93.60000000000001,93.708,93.864,93.696,93.684,93.66,93.636,93.66,93.732,93.42,93.62400000000001,93.58800000000001,93.828,93.648,93.828,93.684,92.916,93.60000000000001,93.62400000000001,93.816
kpi_audio_synchronization_3232079898_0,4.420450283536384,4.420229860936,4.420229860936,4.4217676780241915,4.422204849258496,4.4217676780241915,4.4217676780241915,4.421329526272,4.4195671256965126,4.420229860936,4.420670461442753,4.420670461442753,4.417118292301504,4.420890394582528,4.418680057397249,4.421986386242368,4.421986386242368,4.419788281943489,4.419788281943489,4.421548724676544,4.418235058276864,4.420009193714176,4.4211100828831364,4.4211100828831364,4.420890394582528,4.4217676780241915,4.420009193714176,4.399156533047297,4.4211100828831364,4.418457679857473,4.421548724676544,4.416445308871168,4.4177890832834565,4.421329526272,4.420450283536384,4.419788281943489,4.418902190823617,4.420450283536384,4.419124080064001,4.420890394582528,4.4177890832834565,4.420670461442753,4.413503760184001,4.418902190823617,4.422204849258496,4.420009193714176,4.420670461442753,4.418012192728001,4.418457679857473,4.418902190823617,4.418235058276864,4.417118292301504,4.421329526272,4.418457679857473,4.420229860936,4.421329526272,4.4211100828831364,4.420450283536384,4.420890394582528,4.415770134952001,4.416220494188992,4.4211100828831364,4.420450283536384,4.416894208,4.416894208,4.405381000000001,4.418235058276864,4.420229860936,4.419788281943489,4.4217676780241915,4.418235058276864,4.4177890832834565,4.418012192728001,4.417565730015808,4.420890394582528,4.420890394582528,4.420009193714176,4.420450283536384,4.421329526272,4.422204849258496,4.420890394582528,4.4195671256965126,4.416894208,4.419124080064001,4.417118292301504,4.4217676780241915,4.408665544216576,4.420890394582528,4.420450283536384,4.420670461442753,4.420229860936,4.420890394582528,4.422204849258496,4.420229860936,4.418680057397249,4.4211100828831364,4.416894208,4.418902190823617,4.4217676780241915,4.418680057397249,4.418457679857473,4.418012192728001,4.417565730015808,4.418012192728001,4.419345725045825,4.413503760184001,4.417342132997633,4.4166698801656965,4.4211100828831364,4.4177890832834565,4.4211100828831364,4.418457679857473,4.403721082500928,4.416894208,4.417342132997633,4.420890394582528
eye_eye_delay_video_send_3232079898_0,26.0,54.0,64.0,68.0,73.0,71.5,72.5,74.5,75.5,76.5,75.5,74.5,76.5,75.5,76.5,77.5,78.5,78.5,80.5,81.5,81.5,82.5,82.5,82.5,81.5,81.5,82.5,82.5,83.5,82.5,82.5,83.5,85.5,86.5,85.5,85.5,86.5,87.5,86.5,86.5,87.5,88.5,87.5,87.5,86.5,86.5,85.5,85.5,85.5,85.5,85.5,85.5,85.5,85.5,85.5,86.0,85.0,83.5,83.5,84.5,83.5,83.5,83.5,83.5,83.5,83.5,84.5,83.5,83.5,84.5,83.5,84.5,84.5,84.5,85.5,86.5,86.5,87.5,85.5,86.5,85.5,86.5,86.5,86.5,86.5,87.0,86.0,86.5,84.5,84.5,86.5,86.5,84.5,85.5,85.5,85.5,86.5,85.5,86.5,87.5,88.5,88.5,88.5,88.5,87.5,87.5,86.5,87.5,86.5,86.5,86.5,87.5,88.5,88.5,87.5,88.5,87.5,86.5
kpi_video_synchronization_3232079898_0,5,5,5,5,5,5,5,5,5,5,5,5,5,5,5,5,5,5,5,5,5,5,5,5,5,5,5,5,5,5,5,5,5,5,5,5,5,5,5,5,5,5,5,5,5,5,5,5,5,5,5,5,5,5,5,5,5,5,5,5,5,5,5,5,5,5,5,5,5,5,5,5,5,5,5,5,5,5,5,5,5,5,5,5,5,5,5,5,5,5,5,5,5,5,5,5,5,5,5,5,5,5,5,5,5,5,5,5,5,5,5,5,5,5,5,5,5,5
av_delay_send_3232079898_0,-26.5,-37.0,-46.5,-50.5,-59.0,-58.5,-58.5,-60.5,-60.5,-57.5,-58.0,-58.0,-60.0,-51.0,-60.5,-56.5,-65.0,-65.0,-62.0,-63.0,-67.0,-60.5,-64.5,-67.0,-66.0,-65.5,-68.5,-64.5,-20.5,-67.0,-61.0,-69.0,-59.5,-63.5,-70.5,-68.5,-68.0,-67.0,-69.5,-66.5,-71.5,-65.5,-71.0,-55.0,-66.0,-73.5,-67.5,-69.0,-63.0,-64.0,-65.0,-63.5,-61.0,-70.5,-64.0,-68.5,-70.0,-68.0,-66.5,-68.5,-56.0,-57.0,-68.0,-66.5,-58.5,-58.5,-34.5,-61.5,-66.0,-66.0,-69.5,-62.5,-61.5,-62.0,-62.0,-70.5,-70.5,-69.5,-68.5,-71.5,-72.5,-70.5,-67.5,-61.5,-66.5,-62.5,-72.0,-43.5,-68.5,-67.5,-70.0,-69.0,-68.5,-72.5,-68.0,-64.5,-71.0,-60.5,-66.0,-73.5,-67.5,-67.0,-66.0,-65.0,-65.0,-68.0,-54.0,-63.5,-61.0,-71.0,-63.5,-72.0,-67.0,-35.0,-62.5,-64.5,-71.5,-73.5
kpi_av_synchronization_3232079898_0,5,5,5,5,5,5,5,5,5,5,5,5,5,5,5,5,5,5,5,5,5,5,5,5,5,5,5,5,5,5,5,5,5,5,5,5,5,5,5,5,5,5,5,5,5,5,5,5,5,5,5,5,5,5,5,5,5,5,5,5,5,5,5,5,5,5,5,5,5,5,5,5,5,5,5,5,5,5,5,5,5,5,5,5,5,5,5,5,5,5,5,5,5,5,5,5,5,5,5,5,5,5,5,5,5,5,5,5,5,5,5,5,5,5,5,5,5,5
1_way_delay_audio_send_3232079898_1,-0.5,13.0,13.5,13.5,13.0,13.0,13.0,13.0,13.0,15.0,14.5,14.5,14.5,14.5,14.0,13.0,12.5,12.5,12.5,13.5,12.5,13.0,13.0,12.5,12.5,13.0,13.0,13.0,14.0,12.5,12.5,12.5,13.0,13.0,13.0,13.0,12.5,12.5,13.0,13.0,13.0,13.0,12.5,12.5,12.5,13.0,13.0,13.5,12.5,12.5,12.5,13.0,12.5,14.0,12.5,12.5,13.0,13.5,13.0,14.0,13.5,13.5,12.5,13.0,13.0,13.0,13.0,13.0,12.5,12.5,13.0,13.0,13.0,12.5,12.5,13.0,13.0,13.0,13.0,13.0,13.0,13.0,14.0,13.0,13.0,12.5,13.0,13.0,13.0,13.0,13.5,13.5,13.0,13.0,13.5,13.0,13.5,14.0,13.5,13.0,14.0,13.5,13.5,13.5,12.5,12.5,12.5,13.0,13.5,13.5,13.0,13.5,13.5,13.5,13.0,13.0,13.0,13.0
1_way_delay_video_send_3232079898_1,13.0,13.0,13.0,13.0,13.0,12.5,12.5,12.5,12.5,12.5,12.5,12.5,12.5,12.5,12.5,12.5,12.5,12.5,12.5,12.5,12.5,12.5,12.5,12.5,12.5,12.5,12.5,12.5,12.5,12.5,12.5,12.5,12.5,12.5,12.5,12.5,12.5,12.5,12.5,12.5,12.5,12.5,12.5,12.5,12.5,12.5,12.5,12.5,12.5,12.5,12.5,12.5,12.5,12.5,12.5,13.0,13.0,12.5,12.5,12.5,12.5,12.5,12.5,12.5,12.5,12.5,12.5,12.5,12.5,12.5,12.5,12.5,12.5,12.5,12.5,12.5,12.5,12.5,12.5,12.5,12.5,12.5,12.5,12.5,12.5,13.0,13.0,12.5,12.5,12.5,12.5,12.5,12.5,12.5,12.5,12.5,12.5,12.5,12.5,12.5,12.5,12.5,12.5,12.5,12.5,12.5,12.5,12.5,12.5,12.5,12.5,12.5,12.5,12.5,12.5,12.5,12.5,12.5
ear_ear_delay_audio_send_3232079898_1,5.5,14.0,17.5,13.5,17.0,14.0,16.0,22.0,24.0,18.0,17.5,16.5,16.5,21.5,21.0,21.0,21.5,19.5,18.5,17.5,15.5,25.0,25.0,19.5,14.5,17.0,16.0,23.0,16.0,14.5,21.5,22.5,17.0,20.0,16.0,18.0,15.5,22.5,16.0,14.0,19.0,15.0,15.5,13.5,21.5,17.0,23.0,15.5,17.5,17.5,21.5,16.0,26.5,21.0,23.5,17.5,13.0,15.5,13.0,23.0,20.5,20.5,18.5,24.0,18.0,22.0,15.0,24.0,18.5,17.5,18.0,18.0,20.0,23.5,17.5,25.0,23.0,23.0,21.0,22.0,18.0,18.0,17.0,24.0,22.0,17.5,19.0,14.0,24.0,18.0,21.5,22.5,26.0,17.0,22.5,19.0,15.5,20.0,16.5,20.0,24.0,24.5,17.5,16.5,23.5,15.5,18.5,19.0,19.5,15.5,22.0,15.5,23.5,17.5,17.0,15.0,20.0,16.0
audio_packet_loss_percentage_send_3232079898_1,0.0,0.0,0.0,0.0,0.0,0.0,0.0,0.0,0.0,0.0,0.0,0.0,0.0,0.0,0.0,0.0,0.0,0.0,0.0,0.0,0.0,0.0,0.0,0.0,0.0,0.0,0.0,0.0,0.0,0.0,0.0,0.0,0.0,0.0,0.0,0.0,0.0,0.0,0.0,0.0,0.0,0.0,0.0,0.0,0.0,0.0,0.0,0.0,0.0,0.0,0.0,0.0,0.0,0.0,0.0,0.0,0.0,0.0,0.0,0.0,0.0,0.0,0.0,0.0,0.0,0.0,0.0,0.0,0.0,0.0,0.0,0.0,0.0,0.0,0.0,0.0,0.0,0.0,0.0,0.0,0.0,0.0,0.0,0.0,0.0,0.0,0.0,0.0,0.0,0.0,0.0,0.0,0.0,0.0,0.0,0.0,0.0,0.0,0.0,0.0,0.0,0.0,0.0,0.0,0.0,0.0,0.0,0.0,0.0,0.0,0.0,0.0,0.0,0.0,0.0,0.0,0.0
e_model_audio_send_3232079898_1,94.068,93.864,93.78,93.876,93.792,93.864,93.816,93.672,93.62400000000001,93.768,93.78,93.804,93.804,93.684,93.696,93.696,93.684,93.732,93.756,93.78,93.828,93.60000000000001,93.60000000000001,93.732,93.852,93.792,93.816,93.648,93.816,93.852,93.684,93.66,93.792,93.72,93.816,93.768,93.828,93.66,93.816,93.864,93.744,93.84,93.828,93.876,93.684,93.792,93.648,93.828,93.78,93.78,93.684,93.816,93.56400000000001,93.696,93.636,93.78,93.888,93.828,93.888,93.648,93.708,93.708,93.756,93.62400000000001,93.768,93.672,93.84,93.62400000000001,93.756,93.78,93.768,93.768,93.72,93.636,93.78,93.60000000000001,93.648,93.648,93.696,93.672,93.768,93.768,93.792,93.62400000000001,93.672,93.78,93.744,93.864,93.62400000000001,93.768,93.684,93.66,93.57600000000001,93.792,93.66,93.744,93.828,93.72,93.804,93.72,93.62400000000001,93.61200000000001,93.78,93.804,93.636,93.828,93.756,93.744,93.732,93.828,93.672,93.828,93.636,93.78,93.792,93.84,93.72
kpi_audio_synchronization_3232079898_1,4.425452320902975,4.4217676780241915,4.420229860936,4.421986386242368,4.420450283536384,4.4217676780241915,4.420890394582528,4.418235058276864,4.417342132997633,4.420009193714176,4.420229860936,4.420670461442753,4.420670461442753,4.418457679857473,4.418680057397249,4.418680057397249,4.418457679857473,4.419345725045825,4.419788281943489,4.420229860936,4.4211100828831364,4.416894208,4.416894208,4.419345725045825,4.421548724676544,4.420450283536384,4.420890394582528,4.4177890832834565,4.420890394582528,4.421548724676544,4.418457679857473,4.418012192728001,4.420450283536384,4.419124080064001,4.420890394582528,4.420009193714176,4.4211100828831364,4.418012192728001,4.420890394582528,4.4217676780241915,4.4195671256965126,4.421329526272,4.4211100828831364,4.421986386242368,4.418457679857473,4.420450283536384,4.4177890832834565,4.4211100828831364,4.420229860936,4.420229860936,4.418457679857473,4.420890394582528,4.416220494188992,4.418680057397249,4.417565730015808,4.420229860936,4.422204849258496,4.4211100828831364,4.422204849258496,4.4177890832834565,4.418902190823617,4.418902190823617,4.419788281943489,4.417342132997633,4.420009193714176,4.418235058276864,4.421329526272,4.417342132997633,4.419788281943489,4.420229860936,4.420009193714176,4.420009193714176,4.419124080064001,4.417565730015808,4.420229860936,4.416894208,4.4177890832834565,4.4177890832834565,4.418680057397249,4.418235058276864,4.420009193714176,4.420009193714176,4.420450283536384,4.417342132997633,4.418235058276864,4.420229860936,4.4195671256965126,4.4217676780241915,4.417342132997633,4.420009193714176,4.418457679857473,4.418012192728001,4.416445308871168,4.420450283536384,4.418012192728001,4.4195671256965126,4.4211100828831364,4.419124080064001,4.420670461442753,4.419124080064001,4.417342132997633,4.417118292301504,4.420229860936,4.420670461442753,4.417565730015808,4.4211100828831364,4.419788281943489,4.4195671256965126,4.419345725045825,4.4211100828831364,4.418235058276864,4.4211100828831364,4.417565730015808,4.420229860936,4.420450283536384,4.421329526272,4.419124080064001
eye_eye_delay_video_send_3232079898_1,26.0,31.0,30.0,29.0,29.0,28.5,28.5,27.5,27.5,27.5,27.5,27.5,27.5,27.5,27.5,27.5,27.5,27.5,27.5,27.5,27.5,26.5,26.5,26.5,26.5,26.5,26.5,26.5,26.5,26.5,26.5,26.5,26.5,26.5,26.5,26.5,26.5,26.5,26.5,26.5,26.5,26.5,26.5,25.5,26.5,25.5,25.5,25.5,25.5,25.5,25.5,28.5,28.5,28.5,28.5,29.0,29.0,28.5,28.5,28.5,28.5,27.5,27.5,27.5,27.5,27.5,27.5,27.5,27.5,27.5,27.5,27.5,27.5,27.5,27.5,27.5,27.5,27.5,27.5,27.5,27.5,27.5,27.5,27.5,27.5,28.0,28.0,27.5,27.5,27.5,27.5,27.5,27.5,27.5,27.5,27.5,27.5,27.5,27.5,26.5,26.5,28.5,27.5,27.5,28.5,27.5,28.5,27.5,27.5,27.5,27.5,27.5,27.5,27.5,27.5,27.5,27.5,27.5
kpi_video_synchronization_3232079898_1,5,5,5,5,5,5,5,5,5,5,5,5,5,5,5,5,5,5,5,5,5,5,5,5,5,5,5,5,5,5,5,5,5,5,5,5,5,5,5,5,5,5,5,5,5,5,5,5,5,5,5,5,5,5,5,5,5,5,5,5,5,5,5,5,5,5,5,5,5,5,5,5,5,5,5,5,5,5,5,5,5,5,5,5,5,5,5,5,5,5,5,5,5,5,5,5,5,5,5,5,5,5,5,5,5,5,5,5,5,5,5,5,5,5,5,5,5,5
av_delay_send_3232079898_1,-20.5,-17.0,-12.5,-15.5,-12.0,-14.5,-12.5,-5.5,-3.5,-9.5,-10.0,-11.0,-11.0,-6.0,-6.5,-6.5,-6.0,-8.0,-9.0,-10.0,-12.0,-1.5,-1.5,-7.0,-12.0,-9.5,-10.5,-3.5,-10.5,-12.0,-5.0,-4.0,-9.5,-6.5,-10.5,-8.5,-11.0,-4.0,-10.5,-12.5,-7.5,-11.5,-11.0,-12.0,-5.0,-8.5,-2.5,-10.0,-8.0,-8.0,-4.0,-12.5,-2.0,-7.5,-5.0,-11.5,-16.0,-13.0,-15.5,-5.5,-8.0,-7.0,-9.0,-3.5,-9.5,-5.5,-12.5,-3.5,-9.0,-10.0,-9.5,-9.5,-7.5,-4.0,-10.0,-2.5,-4.5,-4.5,-6.5,-5.5,-9.5,-9.5,-10.5,-3.5,-5.5,-10.5,-9.0,-13.5,-3.5,-9.5,-6.0,-5.0,-1.5,-10.5,-5.0,-8.5,-12.0,-7.5,-11.0,-6.5,-2.5,-4.0,-10.0,-11.0,-5.0,-12.0,-10.0,-8.5,-8.0,-12.0,-5.5,-12.0,-4.0,-10.0,-10.5,-12.5,-7.5,-11.5
kpi_av_synchronization_3232079898_1,5,5,5,5,5,5,5,5,5,5,5,5,5,5,5,5,5,5,5,5,5,5,5,5,5,5,5,5,5,5,5,5,5,5,5,5,5,5,5,5,5,5,5,5,5,5,5,5,5,5,5,5,5,5,5,5,5,5,5,5,5,5,5,5,5,5,5,5,5,5,5,5,5,5,5,5,5,5,5,5,5,5,5,5,5,5,5,5,5,5,5,5,5,5,5,5,5,5,5,5,5,5,5,5,5,5,5,5,5,5,5,5,5,5,5,5,5,5
audio_recv_kbitsReceivedPerSecond_3168200719,6,5,4,4,4,4,2,3,3,5,5,8,8,8,8,8,8,8,8,8,8,8,8,8,8,8,8,8,7,8,8,7,7,8,7,8,8,7,7,8,7,8,8,9,7,8,7,7,7,7,7,7,7,7,7,7,8,7,7,7,7,8,6,5,6,6,5,6,6,6,6,5,6,6,13,22,15,7,5,7,9,8,9,8,21,39,34,5,7,5,4,6,5,5,6,5,7,11,5,6,7,7,8,5,6,6,9,7,13,12,13,13,15,12,14,14,13,17
kpi_q_audio_3168200719,1,1,1,1,1,1,1,1,1,1,1,1,1,1,1,1,1,1,1,1,1,1,1,1,1,1,1,1,1,1,1,1,1,1,1,1,1,1,1,1,1,1,1,2,1,1,1,1,1,1,1,1,1,1,1,1,1,1,1,1,1,1,1,1,1,1,1,1,1,1,1,1,1,1,2,3,2,1,1,1,2,1,1,1,3,5,5,1,1,1,1,1,1,1,1,1,1,2,1,1,1,1,1,1,1,1,1,1,2,2,2,2,2,2,2,2,2,3
video_recv_kbitsReceivedPerSecond_1920158776,250,283,210,233,192,224,207,197,229,200,197,211,208,224,193,223,206,197,225,202,203,208,208,226,189,229,203,198,224,204,198,211,211,220,191,228,202,199,225,203,200,205,212,222,197,228,196,202,220,206,201,239,191,213,196,225,200,199,222,205,202,204,213,216,202,227,195,203,220,208,202,199,216,216,201,225,200,203,216,210,201,200,223,210,202,232,193,202,219,207,201,202,217,214,208,221,200,202,215,212,201,234,199,202,207,226,195,205,209,212,199,198,220,210,215,217,206,199
kpi_resolution_stability_1920158776,4.303535113616246,4.303535113616246,4.303535113616246,4.303535113616246,4.303535113616246,4.303535113616246,4.303535113616246,4.303535113616246,4.303535113616246,4.303535113616246,4.303535113616246,4.303535113616246,4.303535113616246,4.303535113616246,4.303535113616246,4.303535113616246,4.303535113616246,4.303535113616246,4.303535113616246,4.303535113616246,4.303535113616246,4.303535113616246,4.303535113616246,4.303535113616246,4.303535113616246,4.303535113616246,4.303535113616246,4.303535113616246,4.303535113616246,4.303535113616246,4.303535113616246,4.303535113616246,4.303535113616246,4.303535113616246,4.303535113616246,4.303535113616246,4.303535113616246,4.303535113616246,4.303535113616246,4.303535113616246,4.303535113616246,4.303535113616246,4.303535113616246,4.303535113616246,4.303535113616246,4.303535113616246,4.303535113616246,4.303535113616246,4.303535113616246,4.303535113616246,4.303535113616246,4.303535113616246,4.303535113616246,4.303535113616246,4.303535113616246,4.303535113616246,4.303535113616246,4.303535113616246,4.303535113616246,4.303535113616246,4.303535113616246,4.303535113616246,4.303535113616246,4.303535113616246,4.303535113616246,4.303535113616246,4.303535113616246,4.303535113616246,4.303535113616246,4.303535113616246,4.303535113616246,4.303535113616246,4.303535113616246,4.303535113616246,4.303535113616246,4.303535113616246,4.303535113616246,4.303535113616246,4.303535113616246,4.303535113616246,4.303535113616246,4.303535113616246,4.303535113616246,4.303535113616246,4.303535113616246,4.303535113616246,4.303535113616246,4.303535113616246,4.303535113616246,4.303535113616246,4.303535113616246,4.303535113616246,4.303535113616246,4.303535113616246,4.303535113616246,4.303535113616246,4.303535113616246,4.303535113616246,4.303535113616246,4.303535113616246,4.303535113616246,4.303535113616246,4.303535113616246,4.303535113616246,4.303535113616246,4.303535113616246,4.303535113616246,4.303535113616246,4.303535113616246,4.303535113616246,4.303535113616246,4.303535113616246,4.303535113616246,4.303535113616246,4.303535113616246,4.303535113616246,4.303535113616246,4.303535113616246
max_resolution_percentage_1920158776,100.0,100.0,100.0,100.0,100.0,100.0,100.0,100.0,100.0,100.0,100.0,100.0,100.0,100.0,100.0,100.0,100.0,100.0,100.0,100.0,100.0,100.0,100.0,100.0,100.0,100.0,100.0,100.0,100.0,100.0,100.0,100.0,100.0,100.0,100.0,100.0,100.0,100.0,100.0,100.0,100.0,100.0,100.0,100.0,100.0,100.0,100.0,100.0,100.0,100.0,100.0,100.0,100.0,100.0,100.0,100.0,100.0,100.0,100.0,100.0,100.0,100.0,100.0,100.0,100.0,100.0,100.0,100.0,100.0,100.0,100.0,100.0,100.0,100.0,100.0,100.0,100.0,100.0,100.0,100.0,100.0,100.0,100.0,100.0,100.0,100.0,100.0,100.0,100.0,100.0,100.0,100.0,100.0,100.0,100.0,100.0,100.0,100.0,100.0,100.0,100.0,100.0,100.0,100.0,100.0,100.0,100.0,100.0,100.0,100.0,100.0,100.0,100.0,100.0,100.0,100.0,100.0,100.0
kpi_resolution_stability_norm_1920158776,kpi_resolution_stability_1920158776,4.303535113616246,4.303535113616246,4.303535113616246,4.303535113616246,4.303535113616246,4.303535113616246,4.303535113616246,4.303535113616246,4.303535113616246,4.303535113616246,4.303535113616246,4.303535113616246,4.303535113616246,4.303535113616246,4.303535113616246,4.303535113616246,4.303535113616246,4.303535113616246,4.303535113616246,4.303535113616246,4.303535113616246,4.303535113616246,4.303535113616246,4.303535113616246,4.303535113616246,4.303535113616246,4.303535113616246,4.303535113616246,4.303535113616246,4.303535113616246,4.303535113616246,4.303535113616246,4.303535113616246,4.303535113616246,4.303535113616246,4.303535113616246,4.303535113616246,4.303535113616246,4.303535113616246,4.303535113616246,4.303535113616246,4.303535113616246,4.303535113616246,4.303535113616246,4.303535113616246,4.303535113616246,4.303535113616246,4.303535113616246,4.303535113616246,4.303535113616246,4.303535113616246,4.303535113616246,4.303535113616246,4.303535113616246,4.303535113616246,4.303535113616246,4.303535113616246,4.303535113616246,4.303535113616246,4.303535113616246,4.303535113616246,4.303535113616246,4.303535113616246,4.303535113616246,4.303535113616246,4.303535113616246,4.303535113616246,4.303535113616246,4.303535113616246,4.303535113616246,4.303535113616246,4.303535113616246,4.303535113616246,4.303535113616246,4.303535113616246,4.303535113616246,4.303535113616246,4.303535113616246,4.303535113616246,4.303535113616246,4.303535113616246,4.303535113616246,4.303535113616246,4.303535113616246,4.303535113616246,4.303535113616246,4.303535113616246,4.303535113616246,4.303535113616246,4.303535113616246,4.303535113616246,4.303535113616246,4.303535113616246,4.303535113616246,4.303535113616246,4.303535113616246,4.303535113616246,4.303535113616246,4.303535113616246,4.303535113616246,4.303535113616246,4.303535113616246,4.303535113616246,4.303535113616246,4.303535113616246,4.303535113616246,4.303535113616246,4.303535113616246,4.303535113616246,4.303535113616246,4.303535113616246,4.303535113616246,4.303535113616246,4.303535113616246,4.303535113616246,4.303535113616246,4.303535113616246,4.303535113616246
max_resolution_percentage_norm_1920158776,max_resolution_percentage_1920158776,100.0,100.0,100.0,100.0,100.0,100.0,100.0,100.0,100.0,100.0,100.0,100.0,100.0,100.0,100.0,100.0,100.0,100.0,100.0,100.0,100.0,100.0,100.0,100.0,100.0,100.0,100.0,100.0,100.0,100.0,100.0,100.0,100.0,100.0,100.0,100.0,100.0,100.0,100.0,100.0,100.0,100.0,100.0,100.0,100.0,100.0,100.0,100.0,100.0,100.0,100.0,100.0,100.0,100.0,100.0,100.0,100.0,100.0,100.0,100.0,100.0,100.0,100.0,100.0,100.0,100.0,100.0,100.0,100.0,100.0,100.0,100.0,100.0,100.0,100.0,100.0,100.0,100.0,100.0,100.0,100.0,100.0,100.0,100.0,100.0,100.0,100.0,100.0,100.0,100.0,100.0,100.0,100.0,100.0,100.0,100.0,100.0,100.0,100.0,100.0,100.0,100.0,100.0,100.0,100.0,100.0,100.0,100.0,100.0,100.0,100.0,100.0,100.0,100.0,100.0,100.0,100.0,100.0
kpi_fps_stability_1920158776,5,5,5,5,5,5,5,5,5,5,5,5,5,5,5,5,5,5,5,5,5,5,5,5,5,5,5,5,5,5,5,5,5,5,5,5,5,5,5,5,5,5,5,5,5,5,5,5,5,5,5,5,5,5,5,5,5,5,5,5,5,5,5,5,5,5,5,5,5,5,5,5,5,5,5,5,5,5,5,5,5,5,5,5,5,5,5,5,5,5,5,5,5,5,5,5,5,5,5,5,5,5,5,5,5,5,5,5,5,5,5,5,5,5,5,5,5,5
kpi_q_video_1920158776,2.0,2.2,1.8499999999999999,1.95,1.7428571428571429,1.9,1.8,1.7428571428571429,1.9,1.8,1.7428571428571429,1.8499999999999999,1.8,1.9,1.7428571428571429,1.9,1.8,1.7428571428571429,1.9,1.8,1.8,1.8,1.8,1.9,1.6857142857142855,1.9,1.8,1.7428571428571429,1.9,1.8,1.7428571428571429,1.8499999999999999,1.8499999999999999,1.8499999999999999,1.7428571428571429,1.9,1.8,1.7428571428571429,1.9,1.8,1.8,1.8,1.8499999999999999,1.9,1.7428571428571429,1.9,1.7428571428571429,1.8,1.8499999999999999,1.8,1.8,1.95,1.7428571428571429,1.8499999999999999,1.7428571428571429,1.9,1.8,1.7428571428571429,1.9,1.8,1.8,1.8,1.8499999999999999,1.8499999999999999,1.8,1.9,1.7428571428571429,1.8,1.8499999999999999,1.8,1.8,1.7428571428571429,1.8499999999999999,1.8499999999999999,1.8,1.9,1.8,1.8,1.8499999999999999,1.8499999999999999,1.8,1.8,1.9,1.8499999999999999,1.8,1.95,1.7428571428571429,1.8,1.8499999999999999,1.8,1.8,1.8,1.8499999999999999,1.8499999999999999,1.8,1.9,1.8,1.8,1.8499999999999999,1.8499999999999999,1.8,1.95,1.7428571428571429,1.8,1.8,1.9,1.7428571428571429,1.8,1.8,1.8499999999999999,1.7428571428571429,1.7428571428571429,1.8499999999999999,1.8499999999999999,1.8499999999999999,1.8499999999999999,1.8,1.7428571428571429
audio_recv_kbitsReceivedPerSecond_328041424,0,16,12,4,2,4,4,0,3,3,4,4,4,4,4,3,4,4,4,4,4,5,3,0,5,0,3,7,4,1,0,5,3,1,2,2,4,1,5,6,9,14,9,7,12,14,14,15,8,9,10,12,12,13,12,12,14,14,14,14,13,13,15,14,14,15,14,13,14,13,12,14,13,14,14,13,14,14,14,14,14,14,14,14,14,14,13,14,13,15,15,15,14,15,15,11,18,15,13,15,15,15,13,14,14,8,9,7,11,10,11,9,9,11,8,10,9,8
kpi_q_audio_328041424,1,3,2,1,1,1,1,1,1,1,1,1,1,1,1,1,1,1,1,1,1,1,1,1,1,1,1,1,1,1,1,1,1,1,1,1,1,1,1,1,1,2,2,1,2,2,2,2,1,2,2,2,2,2,2,2,2,2,2,2,2,2,2,2,2,2,2,2,2,2,2,2,2,2,2,2,2,2,2,2,2,2,2,2,2,2,2,2,2,2,2,2,2,2,2,2,3,2,2,2,2,2,2,2,2,1,2,1,2,2,2,2,1,2,1,2,1,1
video_recv_kbitsReceivedPerSecond_1177306205,0,135,189,245,223,204,215,213,189,134,137,142,153,149,147,185,195,196,201,217,213,214,194,169,127,120,112,118,131,140,149,168,167,179,187,191,196,204,198,198,180,152,156,145,148,161,172,155,125,102,95,107,111,71,56,58,59,71,72,82,100,100,107,114,129,135,110,64,64,66,68,75,76,80,87,102,105,114,120,130,127,150,143,148,157,171,184,182,179,190,172,141,126,120,121,86,59,58,60,66,73,82,90,102,105,102,110,118,119,133,140,142,155,163,175,181,185,191
kpi_resolution_stability_1177306205,4.208216073921531,4.208216073921531,4.208216073921531,4.208216073921531,4.208216073921531,4.208216073921531,4.208216073921531,4.208216073921531,4.208216073921531,4.208216073921531,4.208216073921531,4.208216073921531,4.208216073921531,4.208216073921531,4.208216073921531,4.208216073921531,4.208216073921531,4.208216073921531,4.208216073921531,4.208216073921531,4.208216073921531,4.208216073921531,4.208216073921531,4.208216073921531,4.208216073921531,4.208216073921531,4.208216073921531,4.208216073921531,4.208216073921531,4.208216073921531,4.208216073921531,4.208216073921531,4.208216073921531,4.208216073921531,4.208216073921531,4.208216073921531,4.208216073921531,4.208216073921531,4.208216073921531,4.208216073921531,4.208216073921531,4.208216073921531,4.208216073921531,4.208216073921531,4.208216073921531,4.208216073921531,4.208216073921531,4.208216073921531,4.208216073921531,4.208216073921531,4.208216073921531,4.208216073921531,4.208216073921531,4.208216073921531,4.208216073921531,4.208216073921531,4.208216073921531,4.208216073921531,4.208216073921531,4.208216073921531,4.208216073921531,4.208216073921531,4.208216073921531,4.208216073921531,4.208216073921531,4.208216073921531,4.208216073921531,4.208216073921531,4.208216073921531,4.208216073921531,4.208216073921531,4.208216073921531,4.208216073921531,4.208216073921531,4.208216073921531,4.208216073921531,4.208216073921531,4.208216073921531,4.208216073921531,4.208216073921531,4.208216073921531,4.208216073921531,4.208216073921531,4.208216073921531,4.208216073921531,4.208216073921531,4.208216073921531,4.208216073921531,4.208216073921531,4.208216073921531,4.208216073921531,4.208216073921531,4.208216073921531,4.208216073921531,4.208216073921531,4.208216073921531,4.208216073921531,4.208216073921531,4.208216073921531,4.208216073921531,4.208216073921531,4.208216073921531,4.208216073921531,4.208216073921531,4.208216073921531,4.208216073921531,4.208216073921531,4.208216073921531,4.208216073921531,4.208216073921531,4.208216073921531,4.208216073921531,4.208216073921531,4.208216073921531,4.208216073921531,4.208216073921531,4.208216073921531,4.208216073921531
max_resolution_percentage_1177306205,99.15254237288136,99.15254237288136,99.15254237288136,99.15254237288136,99.15254237288136,99.15254237288136,99.15254237288136,99.15254237288136,99.15254237288136,99.15254237288136,99.15254237288136,99.15254237288136,99.15254237288136,99.15254237288136,99.15254237288136,99.15254237288136,99.15254237288136,99.15254237288136,99.15254237288136,99.15254237288136,99.15254237288136,99.15254237288136,99.15254237288136,99.15254237288136,99.15254237288136,99.15254237288136,99.15254237288136,99.15254237288136,99.15254237288136,99.15254237288136,99.15254237288136,99.15254237288136,99.15254237288136,99.15254237288136,99.15254237288136,99.15254237288136,99.15254237288136,99.15254237288136,99.15254237288136,99.15254237288136,99.15254237288136,99.15254237288136,99.15254237288136,99.15254237288136,99.15254237288136,99.15254237288136,99.15254237288136,99.15254237288136,99.15254237288136,99.15254237288136,99.15254237288136,99.15254237288136,99.15254237288136,99.15254237288136,99.15254237288136,99.15254237288136,99.15254237288136,99.15254237288136,99.15254237288136,99.15254237288136,99.15254237288136,99.15254237288136,99.15254237288136,99.15254237288136,99.15254237288136,99.15254237288136,99.15254237288136,99.15254237288136,99.15254237288136,99.15254237288136,99.15254237288136,99.15254237288136,99.15254237288136,99.15254237288136,99.15254237288136,99.15254237288136,99.15254237288136,99.15254237288136,99.15254237288136,99.15254237288136,99.15254237288136,99.15254237288136,99.15254237288136,99.15254237288136,99.15254237288136,99.15254237288136,99.15254237288136,99.15254237288136,99.15254237288136,99.15254237288136,99.15254237288136,99.15254237288136,99.15254237288136,99.15254237288136,99.15254237288136,99.15254237288136,99.15254237288136,99.15254237288136,99.15254237288136,99.15254237288136,99.15254237288136,99.15254237288136,99.15254237288136,99.15254237288136,99.15254237288136,99.15254237288136,99.15254237288136,99.15254237288136,99.15254237288136,99.15254237288136,99.15254237288136,99.15254237288136,99.15254237288136,99.15254237288136,99.15254237288136,99.15254237288136,99.15254237288136,99.15254237288136
kpi_resolution_stability_norm_1177306205,kpi_resolution_stability_1177306205,4.208216073921531,4.208216073921531,4.208216073921531,4.208216073921531,4.208216073921531,4.208216073921531,4.208216073921531,4.208216073921531,4.208216073921531,4.208216073921531,4.208216073921531,4.208216073921531,4.208216073921531,4.208216073921531,4.208216073921531,4.208216073921531,4.208216073921531,4.208216073921531,4.208216073921531,4.208216073921531,4.208216073921531,4.208216073921531,4.208216073921531,4.208216073921531,4.208216073921531,4.208216073921531,4.208216073921531,4.208216073921531,4.208216073921531,4.208216073921531,4.208216073921531,4.208216073921531,4.208216073921531,4.208216073921531,4.208216073921531,4.208216073921531,4.208216073921531,4.208216073921531,4.208216073921531,4.208216073921531,4.208216073921531,4.208216073921531,4.208216073921531,4.208216073921531,4.208216073921531,4.208216073921531,4.208216073921531,4.208216073921531,4.208216073921531,4.208216073921531,4.208216073921531,4.208216073921531,4.208216073921531,4.208216073921531,4.208216073921531,4.208216073921531,4.208216073921531,4.208216073921531,4.208216073921531,4.208216073921531,4.208216073921531,4.208216073921531,4.208216073921531,4.208216073921531,4.208216073921531,4.208216073921531,4.208216073921531,4.208216073921531,4.208216073921531,4.208216073921531,4.208216073921531,4.208216073921531,4.208216073921531,4.208216073921531,4.208216073921531,4.208216073921531,4.208216073921531,4.208216073921531,4.208216073921531,4.208216073921531,4.208216073921531,4.208216073921531,4.208216073921531,4.208216073921531,4.208216073921531,4.208216073921531,4.208216073921531,4.208216073921531,4.208216073921531,4.208216073921531,4.208216073921531,4.208216073921531,4.208216073921531,4.208216073921531,4.208216073921531,4.208216073921531,4.208216073921531,4.208216073921531,4.208216073921531,4.208216073921531,4.208216073921531,4.208216073921531,4.208216073921531,4.208216073921531,4.208216073921531,4.208216073921531,4.208216073921531,4.208216073921531,4.208216073921531,4.208216073921531,4.208216073921531,4.208216073921531,4.208216073921531,4.208216073921531,4.208216073921531,4.208216073921531,4.208216073921531,4.208216073921531
max_resolution_percentage_norm_1177306205,max_resolution_percentage_1177306205,99.15254237288136,99.15254237288136,99.15254237288136,99.15254237288136,99.15254237288136,99.15254237288136,99.15254237288136,99.15254237288136,99.15254237288136,99.15254237288136,99.15254237288136,99.15254237288136,99.15254237288136,99.15254237288136,99.15254237288136,99.15254237288136,99.15254237288136,99.15254237288136,99.15254237288136,99.15254237288136,99.15254237288136,99.15254237288136,99.15254237288136,99.15254237288136,99.15254237288136,99.15254237288136,99.15254237288136,99.15254237288136,99.15254237288136,99.15254237288136,99.15254237288136,99.15254237288136,99.15254237288136,99.15254237288136,99.15254237288136,99.15254237288136,99.15254237288136,99.15254237288136,99.15254237288136,99.15254237288136,99.15254237288136,99.15254237288136,99.15254237288136,99.15254237288136,99.15254237288136,99.15254237288136,99.15254237288136,99.15254237288136,99.15254237288136,99.15254237288136,99.15254237288136,99.15254237288136,99.15254237288136,99.15254237288136,99.15254237288136,99.15254237288136,99.15254237288136,99.15254237288136,99.15254237288136,99.15254237288136,99.15254237288136,99.15254237288136,99.15254237288136,99.15254237288136,99.15254237288136,99.15254237288136,99.15254237288136,99.15254237288136,99.15254237288136,99.15254237288136,99.15254237288136,99.15254237288136,99.15254237288136,99.15254237288136,99.15254237288136,99.15254237288136,99.15254237288136,99.15254237288136,99.15254237288136,99.15254237288136,99.15254237288136,99.15254237288136,99.15254237288136,99.15254237288136,99.15254237288136,99.15254237288136,99.15254237288136,99.15254237288136,99.15254237288136,99.15254237288136,99.15254237288136,99.15254237288136,99.15254237288136,99.15254237288136,99.15254237288136,99.15254237288136,99.15254237288136,99.15254237288136,99.15254237288136,99.15254237288136,99.15254237288136,99.15254237288136,99.15254237288136,99.15254237288136,99.15254237288136,99.15254237288136,99.15254237288136,99.15254237288136,99.15254237288136,99.15254237288136,99.15254237288136,99.15254237288136,99.15254237288136,99.15254237288136,99.15254237288136,99.15254237288136,99.15254237288136,99.15254237288136
kpi_fps_stability_1177306205,1,4.865606628121216,4.8250342659265355,5,5,4.978873396874005,5,4.978873396874005,5,4.865606628121216,4.368267837086116,4.693231865584395,4.782870430458232,4.693231865584395,4.542982187053405,4.782870430458232,4.942427872760581,4.8250342659265355,5,4.904703300310673,4.865606628121216,5,5,4.865606628121216,4.904703300310673,4.303093943648576,5,4.942427872760581,5,5,4.904703300310673,4.693231865584395,4.978873396874005,5,5,4.942427872760581,4.8250342659265355,4.8250342659265355,4.738985153469177,5,4.978873396874005,4.738985153469177,4.782870430458232,5,5,5,5,5,4.079873320937373,4.429715418300614,4.978873396874005,5,5,4.904703300310673,3.7978212420642405,4.303093943648576,5,5,5,5,5,4.978873396874005,5,5,5,5,5,4.303093943648576,3.052660297075077,4.942427872760581,5,5,5,5,4.738985153469177,5,5,5,4.978873396874005,5,5,5,5,4.978873396874005,5,4.978873396874005,5,4.942427872760581,4.904703300310673,4.942427872760581,4.904703300310673,4.978873396874005,4.645444442750246,5,5,4.942427872760581,3.7978212420642405,4.542982187053405,4.8250342659265355,5,5,4.942427872760581,5,4.542982187053405,5,4.978873396874005,5,5,5,5,5,5,4.978873396874005,5,5,5,4.978873396874005,5
kpi_q_video_1177306205,1.4,1.6857142857142855,2.0,1.9,1.8,1.8499999999999999,1.8499999999999999,1.6857142857142855,1.4,1.4,1.457142857142857,1.5142857142857142,1.5142857142857142,1.457142857142857,1.6857142857142855,1.7428571428571429,1.7428571428571429,1.8,1.8499999999999999,1.8499999999999999,1.8499999999999999,1.7428571428571429,1.6285714285714286,1.4,1.457142857142857,1.5142857142857142,1.5714285714285714,1.5714285714285714,1.6285714285714286,1.6857142857142855,1.7428571428571429,1.7428571428571429,1.8,1.7428571428571429,1.7428571428571429,1.6857142857142855,1.5142857142857142,1.5142857142857142,1.457142857142857,1.457142857142857,1.5714285714285714,1.6285714285714286,1.5142857142857142,1.4,1.4,1.4,1.5142857142857142,1.457142857142857,1.457142857142857,1.5142857142857142,1.6285714285714286,1.6857142857142855,1.6857142857142855,1.6285714285714286,1.7428571428571429,1.6285714285714286,1.457142857142857,1.4,1.457142857142857,1.457142857142857,1.5142857142857142,1.5714285714285714,1.6285714285714286,1.6857142857142855,1.6857142857142855,1.7428571428571429
