bweforvideo-googAvailableReceiveBandwidth,0.0,0.0,0.0,0.0,0.0,0.0,0.0,0.0,0.0,0.0,0.0,0.0,0.0,0.0,0.0,0.0,0.0,0.0,0.0,0.0,0.0,0.0,0.0,0.0,0.0,0.0,0.0,0.0,0.0,0.0,0.0,0.0,0.0,0.0,0.0,0.0,0.0,0.0,0.0,0.0,0.0,0.0,0.0,0.0,0.0,0.0,0.0,0.0,0.0,0.0,0.0,0.0,0.0,0.0,0.0,0.0,0.0,0.0,0.0,0.0,0.0,0.0,0.0,0.0,0.0,0.0,0.0,0.0,0.0,0.0,0.0,0.0,0.0,0.0,0.0,0.0,0.0,0.0,0.0,0.0,0.0,0.0,0.0,0.0,0.0,0.0,0.0,0.0,0.0,0.0,0.0,0.0,0.0,0.0,0.0,0.0,0.0,0.0,0.0,0.0,0.0,0.0,0.0,0.0,0.0,0.0,0.0,0.0,0.0,0.0,0.0,0.0,0.0,0.0,0.0,0.0,0.0,0.0,0.0,0.0,0.0,0.0,0.0,0.0,0.0,0.0,0.0,0.0,0.0,0.0,0.0,0.0,0.0,0.0,0.0,0.0,0.0,0.0,0.0,0.0,0.0,0.0,0.0,0.0,0.0,0.0,0.0,0.0
bweforvideo-googAvailableSendBandwidth,300000.0,300000.0,301000.0,32364.0,39364.0,42364.0,46753.0,51493.0,56612.0,62141.0,68112.0,74561.0,81526.0,89048.0,97172.0,105946.0,115422.0,125656.0,136708.0,148645.0,161537.0,175460.0,190497.0,113725.0,123823.0,100254.0,109274.0,118069.0,128515.0,139796.0,151980.0,165138.0,179349.0,193207.0,209664.0,118961.0,129478.0,140836.0,153103.0,164974.0,179172.0,194506.0,211066.0,228951.0,248267.0,269128.0,289277.0,313419.0,225183.0,243118.0,263567.0,285652.0,308267.0,333072.0,359902.0,388892.0,420156.0,453863.0,490587.0,530310.0,572812.0,618818.0,665951.0,429104.0,461011.0,335877.0,357586.0,381839.0,409464.0,441285.0,476760.0,515052.0,556460.0,300000.0,300000.0,300000.0,300000.0,300000.0,135981.0,135981.0,145119.0,156726.0,168664.0,183157.0,197529.0,211612.0,211802.0,229746.0,249126.0,270056.0,292660.0,309339.0,335086.0,263251.0,285311.0,309136.0,334867.0,362656.0,392668.0,425081.0,460087.0,361476.0,390780.0,246757.0,217843.0,236270.0,166693.0,181028.0,196510.0,186598.0,202526.0,219728.0,238306.0,258370.0,280040.0,303443.0,328718.0,356015.0,385496.0,229401.0,248753.0,269653.0,289861.0,314050.0,340174.0,368388.0,398859.0,428321.0,463587.0,501674.0,542808.0,587233.0,635212.0,687029.0,410051.0,443841.0,479665.0,517311.0,562222.0,604311.0,653437.0,493097.0,528533.0,570936.0,616931.0,666531.0,719898.0,596639.0
bweforvideo-googBucketDelay,0.0,0.0,110.0,670.0,331.0,0.0,0.0,0.0,0.0,9.0,10.0,0.0,11.0,0.0,11.0,0.0,0.0,0.0,0.0,0.0,0.0,0.0,0.0,0.0,0.0,0.0,0.0,0.0,0.0,0.0,0.0,0.0,0.0,0.0,0.0,0.0,0.0,0.0,0.0,0.0,0.0,0.0,0.0,0.0,0.0,0.0,0.0,0.0,0.0,0.0,0.0,0.0,0.0,0.0,0.0,0.0,0.0,0.0,0.0,0.0,0.0,0.0,0.0,0.0,0.0,0.0,0.0,0.0,0.0,0.0,0.0,0.0,0.0,0.0,0.0,0.0,0.0,0.0,95.0,15.0,1.0,0.0,0.0,0.0,3.0,3.0,0.0,0.0,1.0,0.0,0.0,0.0,0.0,0.0,0.0,0.0,0.0,0.0,0.0,0.0,0.0,1.0,0.0,1.0,0.0,0.0,0.0,0.0,0.0,0.0,0.0,0.0,0.0,0.0,0.0,0.0,0.0,0.0,0.0,0.0,0.0,0.0,0.0,0.0,0.0,0.0,0.0,0.0,0.0,0.0,0.0,0.0,0.0,0.0,0.0,0.0,0.0,0.0,0.0,0.0,0.0,1.0,0.0,0.0,0.0,0.0,0.0,0.0
timestamp,1541185197,1541185198,1541185199,1541185200,1541185201,1541185202,1541185203,1541185204,1541185205,1541185206,1541185207,1541185208,1541185209,1541185210,1541185211,1541185212,1541185213,1541185214,1541185215,1541185216,1541185217,1541185218,1541185219,1541185220,1541185221,1541185222,1541185223,1541185224,1541185225,1541185226,1541185227,1541185228,1541185229,1541185230,1541185231,1541185232,1541185233,1541185234,1541185235,1541185236,1541185237,1541185238,1541185239,1541185240,1541185241,1541185242,1541185243,1541185244,1541185245,1541185246,1541185247,1541185248,1541185249,1541185250,1541185251,1541185252,1541185253,1541185254,1541185255,1541185256,1541185257,1541185258,1541185259,1541185260,1541185261,1541185262,1541185263,1541185264,1541185265,1541185266,1541185267,1541185268,1541185269,1541185195,1541185196,1541185197,1541185198,1541185199,1541185200,1541185201,1541185202,1541185203,1541185204,1541185205,1541185206,1541185207,1541185208,1541185209,1541185210,1541185211,1541185212,1541185213,1541185214,1541185215,1541185216,1541185217,1541185218,1541185219,1541185220,1541185221,1541185222,1541185223,1541185224,1541185225,1541185226,1541185227,1541185228,1541185229,1541185230,1541185231,1541185232,1541185233,1541185234,1541185235,1541185236,1541185237,1541185238,1541185239,1541185240,1541185241,1541185242,1541185243,1541185244,1541185245,1541185246,1541185247,1541185248,1541185249,1541185250,1541185251,1541185252,1541185253,1541185254,1541185255,1541185256,1541185257,1541185258,1541185259,1541185260,1541185261,1541185262,1541185263,1541185264,1541185265,1541185266,1541185267,1541185268,1541185269
audio_bitsReceivedPerSecond,-1,-1,0.0,391467.1968190855,166855.99194360524,183008.0,264495.5044955045,195955.95595595596,201190.8091908092,225457.45745745747,253266.73326673327,304231.7682317682,247112.0,270912.0,271016.0,308232.0,315667.6676676677,304575.4245754246,314568.0,334558.5585585586,344856.0,367408.0,381392.0,411296.0,440936.0,463824.1758241758,428336.0,367695.3907815631,328080.0,262449.55044955044,255648.0,183807.8078078078,205074.92507492506,217369.36936936938,216311.6883116883,228552.0,247959.95995995996,261642.35764235765,287024.0,296792.7927927928,337326.67332667334,345032.0,389536.0,394106.10610610613,296663.33666333667,286022.02202202205,302849.15084915084,305841.8418418418,350209.7902097902,350704.0,411352.0,416928.0,432304.0,491856.0,492640.0,601832.0,632080.0,585064.0,654752.0,487176.0,549240.0,524504.0,559735.7357357357,571284.7152847153,615592.0,678910.9109109109,546789.2107892107,534384.0,609880.0,608576.0,709344.0,706010.01001001,633614.3856143856,-1,-1,-1,-1,0.0,361530.50672182004,110181.15942028986,82518.68629671574,66885.77154308617,73856.0,84560.0,87400.0,88672.0,96024.0,106400.75973409307,113672.94350842418,119393.93939393939,178514.97005988023,143831.83183183183,154439.31795386158,158384.07960199006,163190.38076152303,241284.05491024288,192712.0,188168.0,211590.6103286385,166721.94135490395,161527.80692549841,163831.73996175907,151298.10568295114,154484.96993987975,160837.2093023256,170288.0,189912.0,180256.0,220976.0,227480.0,208864.0,204032.0,194008.0,192608.0,202208.0,216944.0,240600.0,234152.0,276888.0,288368.0,255096.0,318896.0,330416.0,323536.0,304952.0,321008.0,337816.0,308744.0,377472.0,383888.0,370856.0,461448.0,464040.0,456864.0,502072.0,496447.55244755244,591119.1191191191,616144.0,638683.1588962893,679232.8767123288,490496.0,385330.7984790875,410759.4936708861,421232.0,457416.0,487000.0,517576.0,527504.0
audio_bitsSentPerSecond,-1,-1,0.0,234353.87673956263,105877.13997985901,65120.0,70121.87812187812,75315.31531531531,84259.74025974025,95943.94394394394,97878.12187812188,102305.69430569431,111096.0,114528.0,178144.0,130304.0,152000.0,145014.98501498502,166080.0,228828.82882882882,184656.0,195448.0,206968.0,186064.0,166584.0,155276.72327672326,161432.0,153274.54909819638,154480.0,171580.41958041958,173480.0,190966.96696696695,209102.8971028971,219563.56356356357,224503.4965034965,185240.0,209273.27327327328,193862.13786213787,196384.0,213509.50950950952,220387.61238761237,248824.0,263680.0,279015.01501501503,275420.5794205794,276572.57257257256,318337.66233766236,345577.57757757755,299332.66733266733,320512.0,319720.0,334568.0,354808.0,377296.0,381688.0,398112.0,461480.0,473920.0,460512.0,519512.0,537824.0,629208.0,672264.2642642643,662097.9020979021,516672.0,430398.3983983984,393070.92907092907,415568.0,436696.0,473696.0,494272.0,547195.1951951951,591584.4155844155,-1,-1,-1,-1,0.0,406792.1406411582,178311.59420289856,176924.12231030577,185250.50100200402,263248.0,195400.0,219952.0,231824.0,226664.0,314339.9810066477,268804.757185332,263288.8888888889,289229.54091816366,308572.57257257256,327325.9779338014,299255.72139303485,325058.1162324649,346500.5279831045,334544.0,377736.0,397708.92018779344,413063.70070778567,477615.9496327387,456022.9445506692,402791.6251246261,330661.3226452906,302300.2114164905,264800.0,194968.0,209344.0,211528.0,213680.0,225944.0,238848.0,253376.0,268896.0,294400.0,318512.0,324168.0,379304.0,382112.0,354976.0,297584.0,292000.0,307184.0,317096.0,360960.0,376872.0,402760.0,423560.0,453928.0,478032.0,555928.0,629952.0,628304.0,625520.0,548944.0,504663.33666333667,536960.960960961,553304.0,546983.8249286393,579523.7091675447,666488.0,632243.3460076046,534995.7805907173,537160.0,637536.0,641104.0,719696.0,664248.0
audio_packetsSentPerSecond,-1,-1,0.0,89.46322067594433,64.45115810674723,65.0,62.93706293706294,63.06306306306306,66.93306693306694,66.06606606606607,68.93106893106894,69.93006993006993,73.0,75.0,82.0,79.0,83.08308308308308,82.91708291708292,96.0,112.11211211211211,127.0,127.0,129.0,125.0,123.0,122.87712287712287,121.0,122.24448897795591,125.0,124.87512487512487,124.0,127.12712712712712,128.87112887112886,130.13013013013014,129.87012987012986,127.0,123.12312312312312,125.87412587412588,127.0,127.12712712712712,127.87212787212788,129.0,133.0,131.13113113113113,134.86513486513488,132.13213213213214,130.86913086913086,132.13213213213214,131.86813186813185,132.0,133.0,133.0,135.0,132.0,135.0,132.0,133.0,135.0,134.0,145.0,145.0,170.0,180.18018018018017,178.82117882117882,141.0,138.13813813813815,132.86713286713288,131.0,136.0,132.0,139.0,143.14314314314313,151.84815184815184,-1,-1,-1,-1,0.0,99.27611168562565,84.23913043478261,80.40770101925254,77.15430861723446,93.0,82.0,87.0,91.0,92.0,113.01044634377968,115.9563924677899,122.22222222222223,128.7425149700599,129.12912912912913,133.4002006018054,131.34328358208955,132.26452905811624,130.93980992608238,134.0,133.0,131.45539906103286,134.47927199191102,132.21406086044072,131.93116634799236,133.59920239282152,132.26452905811624,126.84989429175475,132.0,112.0,131.0,129.0,130.0,130.0,131.0,133.0,131.0,132.0,132.0,132.0,135.0,131.0,132.0,132.0,133.0,134.0,133.0,131.0,133.0,133.0,137.0,133.0,139.0,153.0,178.0,173.0,162.0,155.0,143.85614385614386,150.15015015015015,150.0,147.47859181731684,157.00737618545838,179.0,170.15209125475286,142.40506329113924,152.0,167.0,174.0,186.0,177.0
audio_googLocalAddress,-1,-1,10.164.0.9:37372,10.164.0.9:37372,10.164.0.9:37372,10.164.0.9:37372,10.164.0.9:37372,10.164.0.9:37372,10.164.0.9:37372,10.164.0.9:37372,10.164.0.9:37372,10.164.0.9:37372,10.164.0.9:37372,10.164.0.9:37372,10.164.0.9:37372,10.164.0.9:37372,10.164.0.9:37372,10.164.0.9:37372,10.164.0.9:37372,10.164.0.9:37372,10.164.0.9:37372,10.164.0.9:37372,10.164.0.9:37372,10.164.0.9:37372,10.164.0.9:37372,10.164.0.9:37372,10.164.0.9:37372,10.164.0.9:37372,10.164.0.9:37372,10.164.0.9:37372,10.164.0.9:37372,10.164.0.9:37372,10.164.0.9:37372,10.164.0.9:37372,10.164.0.9:37372,10.164.0.9:37372,10.164.0.9:37372,10.164.0.9:37372,10.164.0.9:37372,10.164.0.9:37372,10.164.0.9:37372,10.164.0.9:37372,10.164.0.9:37372,10.164.0.9:37372,10.164.0.9:37372,10.164.0.9:37372,10.164.0.9:37372,10.164.0.9:37372,10.164.0.9:37372,10.164.0.9:37372,10.164.0.9:37372,10.164.0.9:37372,10.164.0.9:37372,10.164.0.9:37372,10.164.0.9:37372,10.164.0.9:37372,10.164.0.9:37372,10.164.0.9:37372,10.164.0.9:37372,10.164.0.9:37372,10.164.0.9:37372,10.164.0.9:37372,10.164.0.9:37372,10.164.0.9:37372,10.164.0.9:37372,10.164.0.9:37372,10.164.0.9:37372,10.164.0.9:37372,10.164.0.9:37372,10.164.0.9:37372,10.164.0.9:37372,10.164.0.9:37372,10.164.0.9:37372,-1,-1,-1,-1,10.164.0.8:55967,10.164.0.8:55967,10.164.0.8:55967,10.164.0.8:55967,10.164.0.8:55967,10.164.0.8:55967,10.164.0.8:55967,10.164.0.8:55967,10.164.0.8:55967,10.164.0.8:55967,10.164.0.8:55967,10.164.0.8:55967,10.164.0.8:55967,10.164.0.8:55967,10.164.0.8:55967,10.164.0.8:55967,10.164.0.8:55967,10.164.0.8:55967,10.164.0.8:55967,10.164.0.8:55967,10.164.0.8:55967,10.164.0.8:55967,10.164.0.8:55967,10.164.0.8:55967,10.164.0.8:55967,10.164.0.8:55967,10.164.0.8:55967,10.164.0.8:55967,10.164.0.8:55967,10.164.0.8:55967,10.164.0.8:55967,10.164.0.8:55967,10.164.0.8:55967,10.164.0.8:55967,10.164.0.8:55967,10.164.0.8:55967,10.164.0.8:55967,10.164.0.8:55967,10.164.0.8:55967,10.164.0.8:55967,10.164.0.8:55967,10.164.0.8:55967,10.164.0.8:55967,10.164.0.8:55967,10.164.0.8:55967,10.164.0.8:55967,10.164.0.8:55967,10.164.0.8:55967,10.164.0.8:55967,10.164.0.8:55967,10.164.0.8:55967,10.164.0.8:55967,10.164.0.8:55967,10.164.0.8:55967,10.164.0.8:55967,10.164.0.8:55967,10.164.0.8:55967,10.164.0.8:55967,10.164.0.8:55967,10.164.0.8:55967,10.164.0.8:55967,10.164.0.8:55967,10.164.0.8:55967,10.164.0.8:55967,10.164.0.8:55967,10.164.0.8:55967,10.164.0.8:55967,10.164.0.8:55967,10.164.0.8:55967,10.164.0.8:55967,10.164.0.8:55967
audio_googRemoteAddress,-1,-1,10.164.0.8:55967,10.164.0.8:55967,10.164.0.8:55967,10.164.0.8:55967,10.164.0.8:55967,10.164.0.8:55967,10.164.0.8:55967,10.164.0.8:55967,10.164.0.8:55967,10.164.0.8:55967,10.164.0.8:55967,10.164.0.8:55967,10.164.0.8:55967,10.164.0.8:55967,10.164.0.8:55967,10.164.0.8:55967,10.164.0.8:55967,10.164.0.8:55967,10.164.0.8:55967,10.164.0.8:55967,10.164.0.8:55967,10.164.0.8:55967,10.164.0.8:55967,10.164.0.8:55967,10.164.0.8:55967,10.164.0.8:55967,10.164.0.8:55967,10.164.0.8:55967,10.164.0.8:55967,10.164.0.8:55967,10.164.0.8:55967,10.164.0.8:55967,10.164.0.8:55967,10.164.0.8:55967,10.164.0.8:55967,10.164.0.8:55967,10.164.0.8:55967,10.164.0.8:55967,10.164.0.8:55967,10.164.0.8:55967,10.164.0.8:55967,10.164.0.8:55967,10.164.0.8:55967,10.164.0.8:55967,10.164.0.8:55967,10.164.0.8:55967,10.164.0.8:55967,10.164.0.8:55967,10.164.0.8:55967,10.164.0.8:55967,10.164.0.8:55967,10.164.0.8:55967,10.164.0.8:55967,10.164.0.8:55967,10.164.0.8:55967,10.164.0.8:55967,10.164.0.8:55967,10.164.0.8:55967,10.164.0.8:55967,10.164.0.8:55967,10.164.0.8:55967,10.164.0.8:55967,10.164.0.8:55967,10.164.0.8:55967,10.164.0.8:55967,10.164.0.8:55967,10.164.0.8:55967,10.164.0.8:55967,10.164.0.8:55967,10.164.0.8:55967,10.164.0.8:55967,-1,-1,-1,-1,10.164.0.9:37372,10.164.0.9:37372,10.164.0.9:37372,10.164.0.9:37372,10.164.0.9:37372,10.164.0.9:37372,10.164.0.9:37372,10.164.0.9:37372,10.164.0.9:37372,10.164.0.9:37372,10.164.0.9:37372,10.164.0.9:37372,10.164.0.9:37372,10.164.0.9:37372,10.164.0.9:37372,10.164.0.9:37372,10.164.0.9:37372,10.164.0.9:37372,10.164.0.9:37372,10.164.0.9:37372,10.164.0.9:37372,10.164.0.9:37372,10.164.0.9:37372,10.164.0.9:37372,10.164.0.9:37372,10.164.0.9:37372,10.164.0.9:37372,10.164.0.9:37372,10.164.0.9:37372,10.164.0.9:37372,10.164.0.9:37372,10.164.0.9:37372,10.164.0.9:37372,10.164.0.9:37372,10.164.0.9:37372,10.164.0.9:37372,10.164.0.9:37372,10.164.0.9:37372,10.164.0.9:37372,10.164.0.9:37372,10.164.0.9:37372,10.164.0.9:37372,10.164.0.9:37372,10.164.0.9:37372,10.164.0.9:37372,10.164.0.9:37372,10.164.0.9:37372,10.164.0.9:37372,10.164.0.9:37372,10.164.0.9:37372,10.164.0.9:37372,10.164.0.9:37372,10.164.0.9:37372,10.164.0.9:37372,10.164.0.9:37372,10.164.0.9:37372,10.164.0.9:37372,10.164.0.9:37372,10.164.0.9:37372,10.164.0.9:37372,10.164.0.9:37372,10.164.0.9:37372,10.164.0.9:37372,10.164.0.9:37372,10.164.0.9:37372,10.164.0.9:37372,10.164.0.9:37372,10.164.0.9:37372,10.164.0.9:37372,10.164.0.9:37372,10.164.0.9:37372
audio_googRtt,-1,-1,165.0,124.0,93.0,93.0,93.0,70.0,70.0,52.0,52.0,52.0,39.0,39.0,29.0,29.0,29.0,22.0,22.0,17.0,17.0,17.0,13.0,13.0,10.0,10.0,10.0,8.0,8.0,6.0,6.0,6.0,5.0,5.0,4.0,4.0,4.0,3.0,3.0,2.0,2.0,2.0,1.0,1.0,1.0,1.0,1.0,1.0,1.0,1.0,1.0,1.0,1.0,1.0,1.0,1.0,1.0,1.0,1.0,2.0,2.0,2.0,2.0,2.0,1.0,1.0,1.0,1.0,1.0,1.0,1.0,1.0,1.0,-1,-1,-1,-1,3000.0,82.0,61.0,46.0,46.0,34.0,34.0,34.0,25.0,25.0,19.0,19.0,19.0,14.0,14.0,11.0,11.0,11.0,8.0,8.0,6.0,6.0,6.0,4.0,4.0,3.0,3.0,3.0,2.0,2.0,1.0,1.0,1.0,1.0,1.0,1.0,1.0,1.0,1.0,1.0,1.0,1.0,1.0,1.0,1.0,1.0,1.0,1.0,1.0,1.0,1.0,1.0,1.0,1.0,1.0,1.0,1.0,1.0,1.0,1.0,1.0,1.0,1.0,1.0,1.0,1.0,1.0,1.0,1.0,1.0,0.0
audio_recv_bitsReceivedPerSecond,0.0,0.0,2301.6983016983017,27586.48111332008,24773.413897280967,24560.0,23648.351648351647,16736.736736736737,16511.48851148851,16736.736736736737,16703.296703296703,16703.296703296703,16096.0,16720.0,16720.0,16720.0,16736.736736736737,16703.296703296703,16720.0,16736.736736736737,16720.0,16536.0,15888.0,15776.0,15160.0,16223.776223776224,16096.0,15519.038076152305,14376.0,12531.468531468532,11872.0,10570.570570570571,9814.185814185814,9209.20920920921,9190.80919080919,12464.0,15439.43943943944,16623.376623376622,16096.0,16736.736736736737,15456.543456543457,15824.0,15680.0,15399.399399399399,13490.50949050949,13509.50950950951,14313.686313686314,15487.487487487488,15952.047952047951,15544.0,15560.0,15936.0,16096.0,16096.0,15296.0,15096.0,15624.0,15880.0,15472.0,12696.0,11216.0,9824.0,9209.20920920921,12379.620379620379,15512.0,15231.231231231232,15776.223776223776,14360.0,15352.0,15664.0,15176.0,15255.255255255255,15992.007992007992,-1,-1,-1,-1,-1,0.0,26043.478260869564,24045.300113250283,23943.887775551102,23360.0,23288.0,23344.0,23768.0,23744.0,24083.570750237417,24618.434093161544,24008.08080808081,24415.169660678643,24464.464464464465,24674.022066198595,24692.537313432837,24641.28256513026,24549.102428722283,24272.0,25168.0,23707.042253521126,23328.61476238625,25267.576075550893,24045.88910133843,23872.38285144566,23863.72745490982,24803.38266384778,21584.0,16584.0,16200.0,16384.0,16576.0,16200.0,27144.0,41208.0,39592.0,40400.0,40400.0,40400.0,41208.0,39592.0,41208.0,17688.0,16448.0,25072.0,39152.0,40400.0,40400.0,41208.0,39592.0,41208.0,39592.0,40400.0,41208.0,39592.0,41208.0,39480.0,18509.490509490508,16296.296296296296,16464.0,15314.938154138916,29437.302423603793,40016.0,40707.22433460076,40059.0717299578,31960.0,38344.0,40400.0,40400.0,40400.0
audio_recv_packetsReceivedPerSecond,0.0,0.0,4.995004995004995,56.66003976143141,50.35246727089628,50.0,49.95004995004995,50.050050050050054,49.95004995004995,50.050050050050054,49.95004995004995,49.95004995004995,50.0,50.0,50.0,50.0,50.050050050050054,49.95004995004995,50.0,50.050050050050054,50.0,49.0,50.0,50.0,50.0,49.95004995004995,50.0,50.100200400801604,50.0,49.95004995004995,50.0,50.050050050050054,49.95004995004995,50.050050050050054,49.95004995004995,50.0,50.050050050050054,49.95004995004995,50.0,50.050050050050054,49.95004995004995,50.0,50.0,50.050050050050054,49.95004995004995,50.050050050050054,49.95004995004995,50.050050050050054,49.95004995004995,50.0,50.0,50.0,50.0,50.0,50.0,50.0,50.0,50.0,50.0,50.0,50.0,50.0,50.050050050050054,49.95004995004995,50.0,50.050050050050054,49.95004995004995,50.0,50.0,50.0,50.0,50.050050050050054,49.95004995004995,-1,-1,-1,-1,-1,0.0,49.81884057971015,50.962627406568515,49.098196392785574,50.0,49.0,50.0,51.0,50.0,50.332383665716996,50.54509415262636,49.494949494949495,49.9001996007984,50.050050050050054,50.150451354062184,49.75124378109453,50.100200400801604,49.63041182682154,50.0,51.0,49.76525821596244,49.54499494438827,50.36726128016789,49.7131931166348,49.85044865403788,50.100200400801604,49.68287526427061,50.0,51.0,49.0,50.0,51.0,49.0,50.0,51.0,49.0,50.0,50.0,50.0,51.0,49.0,51.0,50.0,50.0,49.0,50.0,50.0,50.0,51.0,49.0,51.0,49.0,50.0,51.0,49.0,51.0,49.0,50.94905094905095,49.049049049049046,50.0,45.670789724072314,54.794520547945204,50.0,50.38022813688213,49.57805907172996,51.0,49.0,50.0,50.0,50.0
audio_recv_googCurrentDelayMs,0.0,0.0,12.0,97.0,110.0,65.0,63.0,63.0,63.0,66.0,80.0,66.0,67.0,64.0,65.0,62.0,59.0,65.0,67.0,63.0,60.0,61.0,53.0,53.0,53.0,75.0,75.0,70.0,72.0,75.0,79.0,75.0,74.0,70.0,69.0,65.0,59.0,58.0,48.0,59.0,60.0,59.0,58.0,96.0,104.0,60.0,59.0,58.0,57.0,57.0,56.0,56.0,56.0,56.0,56.0,56.0,56.0,56.0,69.0,138.0,128.0,88.0,61.0,61.0,60.0,45.0,61.0,61.0,59.0,58.0,58.0,42.0,61.0,-1,-1,-1,-1,-1,65.0,73.0,81.0,124.0,96.0,72.0,76.0,75.0,78.0,88.0,79.0,85.0,87.0,91.0,55.0,54.0,54.0,64.0,64.0,64.0,68.0,64.0,55.0,63.0,56.0,56.0,66.0,65.0,65.0,65.0,64.0,64.0,67.0,63.0,60.0,60.0,60.0,48.0,46.0,45.0,46.0,46.0,46.0,46.0,46.0,68.0,61.0,41.0,42.0,42.0,42.0,42.0,42.0,42.0,42.0,42.0,42.0,42.0,42.0,42.0,34.0,104.0,63.0,40.0,50.0,50.0,50.0,50.0,49.0,49.0
audio_recv_googJitterBufferMs,0.0,0.0,0.0,129.0,104.0,68.0,68.0,68.0,68.0,68.0,80.0,68.0,68.0,65.0,65.0,63.0,60.0,68.0,68.0,65.0,63.0,43.0,43.0,43.0,43.0,75.0,59.0,106.0,101.0,69.0,80.0,58.0,55.0,53.0,50.0,48.0,48.0,48.0,43.0,38.0,38.0,38.0,38.0,113.0,83.0,48.0,37.0,37.0,37.0,37.0,37.0,37.0,37.0,37.0,37.0,37.0,37.0,37.0,162.0,124.0,92.0,62.0,39.0,39.0,39.0,42.0,39.0,39.0,39.0,39.0,39.0,42.0,39.0,-1,-1,-1,-1,-1,142.0,101.0,107.0,192.0,107.0,47.0,47.0,67.0,67.0,77.0,107.0,76.0,76.0,76.0,49.0,49.0,49.0,39.0,39.0,59.0,129.0,67.0,102.0,64.0,49.0,49.0,39.0,39.0,59.0,39.0,39.0,59.0,114.0,53.0,65.0,45.0,45.0,28.0,28.0,48.0,28.0,48.0,48.0,48.0,28.0,82.0,38.0,25.0,45.0,25.0,45.0,25.0,25.0,45.0,25.0,45.0,25.0,45.0,25.0,25.0,62.0,98.0,39.0,30.0,20.0,40.0,20.0,20.0,20.0,20.0
audio_recv_googJitterReceived,0.0,0.0,0.0,0.0,0.0,0.0,0.0,6.0,6.0,6.0,6.0,6.0,2.0,2.0,2.0,2.0,2.0,2.0,2.0,2.0,2.0,2.0,2.0,2.0,2.0,6.0,6.0,6.0,6.0,3.0,3.0,3.0,3.0,3.0,3.0,1.0,1.0,1.0,1.0,1.0,1.0,1.0,1.0,1.0,1.0,1.0,1.0,1.0,1.0,1.0,1.0,1.0,1.0,1.0,1.0,1.0,1.0,1.0,1.0,1.0,2.0,2.0,2.0,2.0,2.0,2.0,1.0,1.0,1.0,1.0,1.0,1.0,1.0,-1,-1,-1,-1,-1,0.0,0.0,27.0,27.0,27.0,27.0,10.0,10.0,10.0,10.0,10.0,10.0,9.0,9.0,9.0,9.0,9.0,9.0,2.0,2.0,2.0,4.0,4.0,4.0,4.0,2.0,2.0,2.0,2.0,1.0,1.0,1.0,1.0,1.0,1.0,1.0,1.0,1.0,1.0,1.0,1.0,1.0,1.0,1.0,1.0,1.0,1.0,1.0,1.0,1.0,1.0,1.0,1.0,1.0,1.0,1.0,1.0,1.0,1.0,1.0,1.0,1.0,1.0,1.0,1.0,1.0,1.0,1.0,1.0,1.0
audio_recv_googPreferredJitterBufferMs,0.0,0.0,40.0,40.0,40.0,40.0,40.0,40.0,40.0,40.0,40.0,40.0,40.0,40.0,40.0,40.0,40.0,40.0,40.0,40.0,40.0,40.0,40.0,40.0,40.0,40.0,40.0,40.0,40.0,40.0,40.0,40.0,40.0,40.0,40.0,40.0,40.0,40.0,20.0,20.0,20.0,20.0,20.0,20.0,20.0,20.0,20.0,20.0,20.0,20.0,20.0,20.0,20.0,20.0,20.0,20.0,20.0,20.0,60.0,20.0,20.0,20.0,20.0,20.0,20.0,20.0,20.0,20.0,20.0,20.0,20.0,20.0,20.0,-1,-1,-1,-1,-1,40.0,60.0,60.0,60.0,60.0,60.0,60.0,60.0,60.0,60.0,60.0,60.0,60.0,60.0,40.0,40.0,40.0,40.0,40.0,40.0,40.0,40.0,40.0,40.0,40.0,40.0,40.0,40.0,40.0,40.0,40.0,40.0,40.0,40.0,40.0,40.0,40.0,20.0,20.0,20.0,20.0,20.0,20.0,20.0,20.0,20.0,20.0,20.0,20.0,20.0,20.0,20.0,20.0,20.0,20.0,20.0,20.0,20.0,20.0,20.0,20.0,20.0,20.0,20.0,20.0,20.0,20.0,20.0,20.0,20.0
audio_send_bitsSentPerSecond,0.0,0.0,5842.157842157842,23491.053677932407,24209.466263846927,26496.0,23584.415584415583,23831.83183183183,23272.727272727272,22806.806806806806,23224.775224775225,25062.937062937064,23064.0,25000.0,23856.0,25296.0,24096.096096096095,24935.064935064936,24864.0,24536.536536536536,24352.0,24648.0,23888.0,23736.0,24576.0,24279.72027972028,24464.0,23414.82965931864,24816.0,24735.264735264736,17112.0,16392.392392392394,16351.648351648351,16392.392392392394,16359.64035964036,16904.0,40400.4004004004,40127.87212787213,40848.0,40320.32032032032,40071.92807192807,40728.0,40032.0,40944.944944944946,28451.548451548453,16432.432432432433,16255.744255744255,37885.88588588589,40007.992007992005,40872.0,39928.0,40400.0,40408.0,40488.0,40872.0,39952.0,40336.0,40488.0,40848.0,28336.0,16472.0,16456.0,16472.472472472473,17118.88111888112,39800.0,40792.792792792796,40535.46453546453,31728.0,38008.0,40976.0,39888.0,40376.37637637638,40503.496503496506,-1,0.0,0.0,0.0,0.0,16529.47259565667,24652.17391304348,24896.942242355606,24617.234468937877,20760.0,16528.0,16720.0,16720.0,16720.0,16402.659069325735,15952.42814667988,16888.88888888889,16686.626746506987,16736.736736736737,16770.310932798395,16636.81592039801,16753.507014028055,17072.86166842661,16904.0,16112.0,15399.06103286385,15474.216380182002,15874.08184679958,16275.334608030593,15122.632103688933,15110.220440881763,14393.23467230444,11208.0,11912.0,10448.0,9200.0,9200.0,9200.0,15744.0,15904.0,16016.0,16720.0,16096.0,15472.0,15896.0,15520.0,14544.0,13384.0,13592.0,15280.0,15392.0,16144.0,15208.0,16264.0,15472.0,16096.0,16080.0,15144.0,15544.0,15128.0,16096.0,13728.0,13306.693306693307,9833.833833833834,9200.0,9103.710751665081,15974.710221285564,15576.0,14539.923954372623,15561.181434599157,15176.0,15312.0,15608.0,15352.0,15152.0
audio_send_packetsSentPerSecond,0.0,0.0,11.988011988011989,47.713717693836976,48.338368580060425,54.0,49.95004995004995,50.050050050050054,49.95004995004995,49.049049049049046,49.95004995004995,50.94905094905095,49.0,51.0,49.0,51.0,50.050050050050054,49.95004995004995,50.0,50.050050050050054,50.0,50.0,50.0,50.0,50.0,49.95004995004995,50.0,50.100200400801604,50.0,49.95004995004995,50.0,50.050050050050054,49.95004995004995,50.050050050050054,49.95004995004995,50.0,50.050050050050054,49.95004995004995,50.0,50.050050050050054,49.95004995004995,50.0,50.0,50.050050050050054,49.95004995004995,50.050050050050054,49.95004995004995,50.050050050050054,49.95004995004995,50.0,50.0,50.0,50.0,50.0,50.0,50.0,50.0,50.0,50.0,50.0,50.0,50.0,50.050050050050054,49.95004995004995,50.0,50.050050050050054,49.95004995004995,50.0,50.0,50.0,50.0,50.050050050050054,49.95004995004995,-1,0.0,0.0,0.0,0.0,34.126163391933815,50.72463768115942,49.83012457531144,50.100200400801604,50.0,50.0,50.0,50.0,50.0,50.332383665716996,49.554013875123886,50.505050505050505,49.9001996007984,50.050050050050054,50.150451354062184,49.75124378109453,50.100200400801604,49.63041182682154,51.0,49.0,49.76525821596244,50.55611729019211,49.31794333683106,49.7131931166348,50.847457627118644,49.098196392785574,50.7399577167019,50.0,50.0,50.0,50.0,50.0,50.0,50.0,50.0,50.0,50.0,50.0,50.0,50.0,50.0,50.0,50.0,50.0,50.0,50.0,50.0,50.0,50.0,50.0,50.0,50.0,50.0,50.0,50.0,50.0,50.0,49.95004995004995,50.050050050050054,50.0,49.476688867745004,50.5795574288725,50.0,49.42965779467681,50.63291139240506,50.0,50.0,50.0,50.0,50.0
video_recv_bitsReceivedPerSecond,0.0,0.0,87928.07192807193,360333.99602385686,122054.38066465256,153976.0,240223.77622377622,167327.32732732734,186981.01898101898,194882.88288288287,229434.56543456545,280863.13686313684,223272.0,246640.0,244856.0,282568.0,288808.8088088088,278217.7822177822,286760.0,307587.5875875876,316840.0,338840.0,354704.0,384080.0,415136.0,436779.2207792208,400608.0,340617.23446893785,302504.0,238953.04695304696,233136.0,163227.22722722724,184743.25674325673,197989.98998999,196043.95604395604,205400.0,221805.8058058058,234053.94605394604,259296.0,269437.4374374374,309978.021978022,317848.0,362784.0,367863.86386386387,272015.984015984,261333.33333333334,276547.4525474525,278614.61461461463,323164.83516483515,323992.0,385280.0,389136.0,404976.0,463904.0,465520.0,573728.0,603352.0,557088.0,626560.0,462128.0,526584.0,502792.0,538114.1141141141,546757.2427572428,587696.0,650722.7227227227,519136.86313686316,508776.0,581184.0,580256.0,680504.0,677445.4454454455,604435.5644355644,-1,-1,-1,-1,-1,0.0,80181.15942028986,53164.212910532275,38180.360721442885,45776.0,56616.0,59336.0,59560.0,67352.0,76360.87369420702,83774.03369672943,88905.0505050505,147632.73453093812,112432.43243243243,122559.67903711133,126304.4776119403,130981.96392785572,206648.36325237592,158952.0,154536.0,177171.8309859155,135563.19514661274,127815.32004197272,131632.88718929255,119609.17248255234,121867.73547094189,127238.90063424947,139888.0,164520.0,155312.0,194176.0,199848.0,181864.0,168376.0,145128.0,143728.0,152288.0,166160.0,190376.0,182888.0,225096.0,236520.0,225648.0,291496.0,293624.0,273216.0,254072.0,269872.0,285320.0,257080.0,325840.0,332320.0,318888.0,408912.0,412544.0,404536.0,451232.0,466149.8501498501,562322.3223223223,586768.0,610686.9647954329,635734.4573234984,438768.0,333125.4752851711,359088.60759493674,377696.0,407064.0,435576.0,465752.0,475616.0
video_recv_packetsReceivedPerSecond,0.0,0.0,9.99000999000999,48.70775347912525,16.112789526686807,20.0,32.967032967032964,24.024024024024023,24.975024975024976,27.027027027027028,34.96503496503497,43.956043956043956,47.0,56.0,60.0,60.0,64.06406406406407,59.94005994005994,60.0,60.06006006006006,60.0,62.0,60.0,61.0,61.0,60.93906093906094,60.0,60.120240480961925,60.0,53.946053946053944,50.0,54.054054054054056,59.94005994005994,60.06006006006006,59.94005994005994,60.0,60.06006006006006,59.94005994005994,60.0,60.06006006006006,59.94005994005994,60.0,62.0,60.06006006006006,59.94005994005994,60.06006006006006,59.94005994005994,60.06006006006006,59.94005994005994,61.0,60.0,64.0,62.0,64.0,71.0,93.0,104.0,88.0,98.0,69.0,84.0,71.0,79.07907907907908,80.91908091908093,93.0,108.10810810810811,73.92607392607393,74.0,93.0,90.0,111.0,110.11011011011011,104.8951048951049,-1,-1,-1,-1,-1,0.0,10.869565217391305,6.795016987542469,5.01002004008016,6.0,8.0,10.0,9.0,11.0,11.396011396011396,13.875123885034688,15.151515151515152,20.95808383233533,19.01901901901902,21.063189568706118,25.870646766169155,31.062124248496993,60.190073917634635,60.0,60.0,60.093896713615024,59.656218402426695,59.81112277019937,60.22944550669216,59.82053838484546,60.120240480961925,60.25369978858351,60.0,60.0,60.0,61.0,60.0,60.0,60.0,60.0,60.0,60.0,60.0,60.0,60.0,61.0,60.0,61.0,60.0,60.0,60.0,60.0,60.0,60.0,62.0,62.0,60.0,61.0,62.0,60.0,62.0,68.0,67.93206793206794,87.08708708708708,97.0,99.90485252140819,103.26659641728135,67.0,57.98479087452471,60.12658227848101,61.0,61.0,66.0,67.0,66.0
video_recv_googCurrentDelayMs,0.0,0.0,21.0,72.0,70.0,58.0,71.0,71.0,72.0,66.0,67.0,77.0,76.0,73.0,71.0,70.0,85.0,83.0,81.0,80.0,78.0,77.0,76.0,73.0,72.0,70.0,70.0,68.0,67.0,67.0,66.0,67.0,67.0,67.0,66.0,66.0,65.0,65.0,63.0,62.0,61.0,60.0,63.0,62.0,62.0,62.0,62.0,61.0,60.0,58.0,57.0,59.0,62.0,60.0,60.0,58.0,57.0,57.0,54.0,54.0,53.0,52.0,52.0,50.0,49.0,48.0,49.0,48.0,47.0,45.0,44.0,54.0,55.0,-1,-1,-1,-1,-1,72.0,204.0,205.0,124.0,19.0,16.0,15.0,15.0,15.0,16.0,39.0,43.0,71.0,75.0,76.0,71.0,68.0,72.0,69.0,68.0,66.0,65.0,64.0,63.0,62.0,61.0,61.0,61.0,60.0,60.0,57.0,56.0,55.0,55.0,55.0,54.0,53.0,53.0,52.0,50.0,53.0,53.0,53.0,52.0,51.0,50.0,50.0,50.0,49.0,50.0,52.0,52.0,51.0,49.0,48.0,47.0,47.0,59.0,57.0,55.0,55.0,55.0,56.0,56.0,56.0,56.0,55.0,54.0,53.0,52.0
video_recv_googDecodeMs,0.0,0.0,11.0,4.0,5.0,4.0,3.0,3.0,2.0,2.0,2.0,2.0,3.0,3.0,2.0,2.0,1.0,1.0,2.0,1.0,1.0,2.0,1.0,1.0,1.0,1.0,1.0,1.0,1.0,1.0,1.0,1.0,1.0,1.0,1.0,1.0,1.0,1.0,1.0,1.0,1.0,2.0,1.0,1.0,2.0,1.0,1.0,1.0,2.0,1.0,1.0,2.0,2.0,2.0,2.0,2.0,2.0,2.0,2.0,2.0,2.0,2.0,2.0,2.0,2.0,2.0,1.0,2.0,2.0,2.0,2.0,3.0,2.0,-1,-1,-1,-1,-1,4.0,4.0,6.0,6.0,3.0,3.0,2.0,3.0,3.0,3.0,3.0,2.0,2.0,3.0,3.0,3.0,2.0,1.0,1.0,1.0,2.0,1.0,2.0,1.0,2.0,1.0,2.0,1.0,2.0,2.0,1.0,1.0,1.0,1.0,1.0,1.0,2.0,1.0,1.0,2.0,1.0,1.0,1.0,2.0,2.0,1.0,1.0,1.0,1.0,2.0,1.0,1.0,2.0,2.0,1.0,1.0,2.0,2.0,2.0,2.0,2.0,2.0,2.0,2.0,2.0,2.0,2.0,3.0,2.0,2.0
video_recv_googFrameHeightReceived,0.0,0.0,720.0,720.0,720.0,720.0,540.0,540.0,540.0,540.0,540.0,360.0,360.0,360.0,360.0,360.0,270.0,270.0,270.0,270.0,270.0,270.0,270.0,270.0,270.0,270.0,270.0,270.0,270.0,270.0,270.0,270.0,270.0,270.0,270.0,270.0,270.0,270.0,270.0,270.0,270.0,270.0,270.0,270.0,270.0,270.0,270.0,270.0,270.0,270.0,270.0,360.0,360.0,360.0,360.0,360.0,360.0,360.0,360.0,360.0,360.0,360.0,360.0,360.0,360.0,360.0,360.0,360.0,360.0,360.0,360.0,540.0,540.0,-1,-1,-1,-1,-1,720.0,720.0,720.0,540.0,540.0,540.0,540.0,540.0,540.0,540.0,540.0,540.0,360.0,360.0,360.0,360.0,360.0,270.0,270.0,270.0,270.0,270.0,270.0,270.0,270.0,270.0,270.0,270.0,270.0,270.0,270.0,270.0,270.0,270.0,270.0,270.0,270.0,270.0,270.0,270.0,270.0,270.0,270.0,270.0,270.0,270.0,270.0,270.0,270.0,270.0,270.0,270.0,270.0,270.0,270.0,270.0,270.0,360.0,360.0,360.0,360.0,360.0,360.0,360.0,360.0,360.0,360.0,360.0,360.0,360.0
video_recv_googFrameRateOutput,0.0,0.0,47.0,20.0,10.0,8.0,12.0,18.0,22.0,25.0,26.0,37.0,47.0,56.0,60.0,61.0,59.0,60.0,60.0,60.0,60.0,60.0,60.0,60.0,60.0,60.0,60.0,60.0,60.0,54.0,52.0,51.0,60.0,60.0,60.0,60.0,60.0,60.0,60.0,60.0,60.0,60.0,60.0,60.0,60.0,60.0,60.0,60.0,60.0,60.0,60.0,60.0,60.0,60.0,60.0,60.0,60.0,60.0,60.0,60.0,60.0,61.0,59.0,60.0,60.0,60.0,60.0,60.0,60.0,60.0,60.0,59.0,60.0,-1,-1,-1,-1,-1,29.0,4.0,1.0,2.0,3.0,2.0,6.0,5.0,7.0,8.0,7.0,8.0,16.0,19.0,21.0,26.0,30.0,57.0,60.0,60.0,60.0,60.0,60.0,60.0,60.0,60.0,60.0,60.0,60.0,60.0,61.0,60.0,59.0,60.0,60.0,60.0,60.0,60.0,60.0,61.0,59.0,60.0,60.0,60.0,60.0,60.0,60.0,60.0,60.0,60.0,60.0,60.0,60.0,60.0,60.0,60.0,60.0,60.0,60.0,60.0,56.0,66.0,60.0,46.0,61.0,59.0,60.0,60.0,60.0,60.0
video_recv_googFrameRateReceived,0.0,0.0,2.0,21.0,9.0,8.0,13.0,18.0,22.0,25.0,26.0,39.0,47.0,56.0,60.0,60.0,59.0,60.0,60.0,60.0,60.0,60.0,60.0,60.0,60.0,60.0,60.0,60.0,60.0,54.0,50.0,52.0,60.0,60.0,60.0,60.0,60.0,60.0,60.0,60.0,60.0,59.0,60.0,60.0,60.0,60.0,60.0,60.0,60.0,60.0,60.0,60.0,60.0,60.0,60.0,60.0,60.0,60.0,60.0,60.0,60.0,60.0,60.0,60.0,60.0,60.0,60.0,60.0,60.0,60.0,60.0,60.0,60.0,-1,-1,-1,-1,-1,14.0,5.0,2.0,2.0,2.0,3.0,5.0,6.0,6.0,8.0,7.0,8.0,17.0,19.0,21.0,26.0,31.0,58.0,60.0,60.0,60.0,60.0,60.0,60.0,60.0,60.0,60.0,60.0,60.0,60.0,59.0,60.0,60.0,60.0,60.0,60.0,60.0,60.0,60.0,60.0,59.0,60.0,60.0,60.0,60.0,60.0,60.0,60.0,60.0,60.0,59.0,60.0,60.0,60.0,60.0,60.0,60.0,60.0,59.0,60.0,54.0,68.0,60.0,47.0,60.0,60.0,60.0,60.0,60.0,60.0
video_recv_googFrameWidthReceived,0.0,0.0,1280.0,1280.0,1280.0,1280.0,960.0,960.0,960.0,960.0,960.0,640.0,640.0,640.0,640.0,640.0,480.0,480.0,480.0,480.0,480.0,480.0,480.0,480.0,480.0,480.0,480.0,480.0,480.0,480.0,480.0,480.0,480.0,480.0,480.0,480.0,480.0,480.0,480.0,480.0,480.0,480.0,480.0,480.0,480.0,480.0,480.0,480.0,480.0,480.0,480.0,640.0,640.0,640.0,640.0,640.0,640.0,640.0,640.0,640.0,640.0,640.0,640.0,640.0,640.0,640.0,640.0,640.0,640.0,640.0,640.0,960.0,960.0,-1,-1,-1,-1,-1,1280.0,1280.0,1280.0,960.0,960.0,960.0,960.0,960.0,960.0,960.0,960.0,960.0,640.0,640.0,640.0,640.0,640.0,480.0,480.0,480.0,480.0,480.0,480.0,480.0,480.0,480.0,480.0,480.0,480.0,480.0,480.0,480.0,480.0,480.0,480.0,480.0,480.0,480.0,480.0,480.0,480.0,480.0,480.0,480.0,480.0,480.0,480.0,480.0,480.0,480.0,480.0,480.0,480.0,480.0,480.0,480.0,480.0,640.0,640.0,640.0,640.0,640.0,640.0,640.0,640.0,640.0,640.0,640.0,640.0,640.0
video_recv_googInterframeDelayMax,-1.0,-1.0,27.0,383.0,383.0,195.0,147.0,120.0,66.0,67.0,99.0,53.0,34.0,34.0,19.0,18.0,27.0,18.0,18.0,18.0,19.0,19.0,23.0,19.0,19.0,38.0,20.0,45.0,32.0,35.0,35.0,50.0,18.0,18.0,18.0,18.0,18.0,18.0,18.0,18.0,18.0,21.0,18.0,43.0,18.0,18.0,18.0,18.0,19.0,18.0,18.0,20.0,19.0,19.0,18.0,18.0,18.0,18.0,50.0,18.0,18.0,18.0,18.0,18.0,18.0,24.0,18.0,22.0,18.0,18.0,18.0,51.0,18.0,-1,-1,-1,-1,-1,89.0,239.0,1130.0,765.0,416.0,431.0,301.0,254.0,194.0,207.0,209.0,156.0,138.0,67.0,68.0,51.0,34.0,35.0,18.0,18.0,47.0,18.0,41.0,18.0,18.0,18.0,18.0,21.0,18.0,28.0,21.0,18.0,72.0,18.0,19.0,18.0,18.0,18.0,18.0,19.0,18.0,18.0,18.0,18.0,19.0,54.0,18.0,18.0,18.0,18.0,18.0,18.0,18.0,18.0,18.0,18.0,19.0,43.0,34.0,18.0,53.0,19.0,19.0,35.0,23.0,18.0,18.0,18.0,21.0,18.0
video_recv_googJitterBufferMs,0.0,0.0,11.0,75.0,55.0,43.0,56.0,66.0,57.0,52.0,53.0,63.0,62.0,59.0,58.0,57.0,72.0,70.0,68.0,67.0,65.0,64.0,63.0,61.0,60.0,58.0,58.0,56.0,55.0,56.0,54.0,55.0,55.0,55.0,54.0,54.0,53.0,53.0,51.0,50.0,49.0,48.0,51.0,50.0,50.0,50.0,50.0,49.0,48.0,47.0,45.0,52.0,50.0,48.0,48.0,46.0,44.0,44.0,41.0,41.0,40.0,39.0,39.0,38.0,37.0,36.0,37.0,36.0,35.0,34.0,33.0,42.0,42.0,-1,-1,-1,-1,-1,83.0,189.0,291.0,108.0,3.0,0.0,0.0,0.0,0.0,1.0,25.0,30.0,82.0,70.0,63.0,58.0,55.0,59.0,56.0,55.0,53.0,52.0,51.0,50.0,50.0,49.0,49.0,49.0,48.0,48.0,45.0,44.0,43.0,43.0,43.0,42.0,42.0,41.0,40.0,38.0,41.0,41.0,41.0,40.0,39.0,38.0,38.0,38.0,37.0,38.0,40.0,40.0,39.0,37.0,36.0,36.0,35.0,47.0,45.0,43.0,42.0,42.0,43.0,43.0,43.0,43.0,42.0,41.0,40.0,39.0
video_recv_googPlisSent,0.0,0.0,0.0,0.0,0.0,0.0,0.0,0.0,0.0,0.0,0.0,0.0,0.0,0.0,0.0,0.0,0.0,0.0,0.0,0.0,0.0,0.0,0.0,0.0,0.0,0.0,0.0,0.0,0.0,0.0,0.0,0.0,0.0,0.0,0.0,0.0,0.0,0.0,0.0,0.0,0.0,0.0,0.0,0.0,0.0,0.0,0.0,0.0,0.0,0.0,0.0,0.0,0.0,0.0,0.0,0.0,0.0,0.0,0.0,0.0,0.0,0.0,0.0,0.0,0.0,0.0,0.0,0.0,0.0,0.0,0.0,0.0,0.0,-1,-1,-1,-1,-1,0.0,0.0,0.0,0.0,0.0,0.0,0.0,0.0,0.0,0.0,0.0,0.0,0.0,0.0,0.0,0.0,0.0,0.0,0.0,0.0,0.0,0.0,0.0,0.0,0.0,0.0,0.0,0.0,0.0,0.0,0.0,0.0,0.0,0.0,0.0,0.0,0.0,0.0,0.0,0.0,0.0,0.0,0.0,0.0,0.0,0.0,0.0,0.0,0.0,0.0,0.0,0.0,0.0,0.0,0.0,0.0,0.0,0.0,0.0,0.0,0.0,0.0,0.0,0.0,0.0,0.0,0.0,0.0,0.0,0.0
video_send_bitsSentPerSecond,0.0,0.0,155204.7952047952,202894.63220675944,77284.99496475328,33712.0,41662.33766233766,47015.015015015015,55744.255744255745,68940.94094094094,69474.52547452548,72031.96803196803,81744.0,83448.0,147440.0,98720.0,120936.93693693694,113526.47352647352,132768.0,196076.07607607607,150592.0,161344.0,172696.0,153512.0,133864.0,122669.33066933067,129400.0,122004.00801603206,120784.0,138037.96203796205,147984.0,165173.17317317319,182905.0949050949,192472.47247247247,197658.34165834167,158848.0,160720.7207207207,144367.63236763238,145984.0,163499.4994994995,170501.4985014985,197936.0,212416.0,227387.3873873874,234949.05094905096,248768.76876876876,291452.5474525475,296512.5125125125,248167.83216783218,268664.0,268064.0,283128.0,303136.0,325640.0,328688.0,347856.0,409512.0,421304.0,408464.0,479064.0,509832.0,599872.0,642514.5145145145,631600.3996003997,464792.0,377577.57757757755,340675.32467532466,373040.0,386496.0,421520.0,442960.0,494630.63063063065,539284.7152847153,-1,0.0,0.0,0.0,0.0,376843.8469493278,146311.59420289856,145721.40430351076,155743.4869739479,236824.0,173288.0,202248.0,208976.0,198032.0,290674.26400759735,245843.4093161546,237527.27272727274,263137.7245508982,282210.21021021024,300782.3470411234,272143.2835820895,297723.4468937876,318715.94508975715,305728.0,350672.0,377630.0469483568,379267.947421638,450896.11752360966,428627.15105162526,376007.9760717846,303991.9839679359,277386.8921775899,241960.0,173248.0,188304.0,192168.0,193952.0,206056.0,212272.0,226032.0,242080.0,266608.0,291216.0,297720.0,351648.0,355920.0,329264.0,273032.0,266776.0,279808.0,290040.0,334208.0,350592.0,374960.0,396568.0,426936.0,450224.0,527952.0,601240.0,600792.0,596896.0,522448.0,479912.0879120879,515403.4034034034,532136.0,526020.9324452901,550870.3898840885,638336.0,604669.2015209126,507586.49789029534,509648.0,609744.0,611848.0,690952.0,635992.0
video_send_packetsLost,0.0,0.0,0.0,0.0,0.0,0.0,0.0,0.0,0.0,0.0,0.0,0.0,0.0,0.0,0.0,0.0,0.0,0.0,0.0,0.0,0.0,0.0,0.0,0.0,0.0,0.0,0.0,0.0,0.0,0.0,0.0,0.0,0.0,0.0,0.0,0.0,0.0,0.0,0.0,0.0,0.0,0.0,0.0,0.0,0.0,0.0,0.0,0.0,0.0,0.0,0.0,0.0,0.0,0.0,0.0,0.0,0.0,0.0,0.0,0.0,0.0,0.0,0.0,0.0,0.0,0.0,0.0,0.0,0.0,0.0,0.0,0.0,0.0,-1,0.0,0.0,0.0,0.0,0.0,0.0,0.0,0.0,0.0,0.0,0.0,0.0,0.0,0.0,0.0,0.0,0.0,0.0,0.0,0.0,0.0,0.0,0.0,0.0,0.0,0.0,0.0,0.0,0.0,0.0,0.0,0.0,0.0,0.0,0.0,0.0,0.0,0.0,0.0,0.0,0.0,0.0,0.0,0.0,0.0,0.0,0.0,0.0,0.0,0.0,0.0,0.0,0.0,0.0,0.0,0.0,0.0,0.0,0.0,0.0,0.0,0.0,0.0,0.0,0.0,0.0,0.0,0.0,0.0,0.0,0.0,0.0,0.0,0.0
video_send_packetsSentPerSecond,0.0,0.0,19.98001998001998,28.82703777335984,10.070493454179255,4.0,5.994005994005994,6.006006006006006,8.991008991008991,11.01101101101101,10.989010989010989,10.989010989010989,13.0,14.0,21.0,17.0,20.02002002002002,20.97902097902098,30.0,47.047047047047045,60.0,60.0,60.0,60.0,60.0,59.94005994005994,60.0,60.120240480961925,60.0,59.94005994005994,60.0,60.06006006006006,60.93906093906094,60.06006006006006,59.94005994005994,60.0,60.06006006006006,59.94005994005994,60.0,60.06006006006006,59.94005994005994,60.0,61.0,60.06006006006006,60.93906093906094,60.06006006006006,59.94005994005994,60.06006006006006,59.94005994005994,60.0,60.0,61.0,63.0,60.0,61.0,62.0,60.0,61.0,62.0,72.0,73.0,97.0,107.10710710710711,105.89410589410589,68.0,65.06506506506507,58.94105894105894,60.0,62.0,60.0,67.0,70.07007007007007,79.92007992007991,-1,0.0,0.0,0.0,0.0,49.638055842812825,19.92753623188406,19.25254813137033,20.04008016032064,35.0,23.0,27.0,31.0,29.0,51.282051282051285,54.509415262636274,56.56565656565657,59.880239520958085,60.06006006006006,64.1925777331996,59.701492537313435,60.120240480961925,60.190073917634635,60.0,62.0,61.032863849765256,59.656218402426695,61.90975865687303,60.22944550669216,59.82053838484546,60.120240480961925,54.96828752642706,59.0,43.0,61.0,60.0,60.0,60.0,60.0,60.0,60.0,60.0,60.0,60.0,62.0,60.0,60.0,60.0,60.0,60.0,60.0,60.0,61.0,60.0,65.0,62.0,66.0,79.0,105.0,101.0,89.0,81.0,71.92807192807193,78.07807807807808,78.0,76.11798287345385,83.24552160168598,107.0,96.95817490494296,68.56540084388186,79.0,95.0,99.0,113.0,104.0
video_send_googEncodeUsagePercent,0.0,0.0,0.0,0.0,64.0,64.0,64.0,64.0,64.0,64.0,64.0,64.0,64.0,64.0,64.0,64.0,64.0,64.0,64.0,64.0,64.0,64.0,52.0,47.0,43.0,39.0,36.0,33.0,30.0,28.0,26.0,24.0,22.0,20.0,19.0,18.0,17.0,16.0,15.0,15.0,14.0,14.0,14.0,13.0,13.0,13.0,12.0,12.0,12.0,12.0,12.0,12.0,12.0,12.0,12.0,12.0,12.0,12.0,13.0,13.0,64.0,64.0,53.0,49.0,45.0,42.0,39.0,36.0,33.0,31.0,29.0,28.0,26.0,-1,0.0,0.0,0.0,0.0,0.0,64.0,64.0,64.0,64.0,64.0,64.0,64.0,64.0,64.0,64.0,64.0,51.0,47.0,47.0,64.0,64.0,50.0,46.0,42.0,38.0,35.0,33.0,31.0,29.0,27.0,25.0,24.0,22.0,21.0,19.0,18.0,18.0,17.0,16.0,16.0,15.0,15.0,14.0,14.0,14.0,14.0,14.0,14.0,14.0,14.0,13.0,13.0,13.0,13.0,64.0,64.0,52.0,48.0,44.0,41.0,38.0,36.0,33.0,31.0,30.0,28.0,27.0,26.0,25.0,24.0,23.0,23.0,22.0,22.0
video_send_googFrameHeightSent,0.0,0.0,720.0,720.0,540.0,540.0,540.0,540.0,540.0,540.0,540.0,540.0,540.0,540.0,360.0,360.0,360.0,360.0,360.0,270.0,270.0,270.0,270.0,270.0,270.0,270.0,270.0,270.0,270.0,270.0,270.0,270.0,270.0,270.0,270.0,270.0,270.0,270.0,270.0,270.0,270.0,270.0,270.0,270.0,270.0,270.0,270.0,270.0,270.0,270.0,270.0,270.0,270.0,270.0,270.0,270.0,270.0,270.0,270.0,360.0,360.0,360.0,360.0,360.0,360.0,360.0,360.0,360.0,360.0,360.0,360.0,360.0,360.0,-1,0.0,0.0,0.0,0.0,720.0,720.0,720.0,720.0,540.0,540.0,540.0,540.0,540.0,360.0,360.0,360.0,360.0,360.0,270.0,270.0,270.0,270.0,270.0,270.0,270.0,270.0,270.0,270.0,270.0,270.0,270.0,270.0,270.0,270.0,270.0,270.0,270.0,270.0,270.0,270.0,270.0,270.0,270.0,270.0,270.0,270.0,270.0,270.0,270.0,270.0,270.0,270.0,270.0,360.0,360.0,360.0,360.0,360.0,360.0,360.0,360.0,360.0,360.0,360.0,360.0,360.0,360.0,360.0,360.0,360.0,360.0,360.0,360.0,540.0
video_send_googFrameRateSent,0.0,0.0,8.0,9.0,2.0,1.0,2.0,2.0,4.0,6.0,7.0,6.0,8.0,7.0,14.0,17.0,20.0,21.0,30.0,45.0,60.0,60.0,60.0,60.0,60.0,60.0,60.0,60.0,60.0,60.0,60.0,60.0,60.0,60.0,60.0,60.0,60.0,60.0,60.0,60.0,60.0,59.0,60.0,60.0,59.0,59.0,59.0,59.0,60.0,60.0,59.0,59.0,60.0,59.0,60.0,59.0,59.0,59.0,60.0,59.0,59.0,60.0,60.0,60.0,60.0,46.0,59.0,60.0,60.0,60.0,60.0,60.0,60.0,-1,0.0,0.0,0.0,0.0,22.0,7.0,8.0,8.0,16.0,20.0,25.0,27.0,23.0,49.0,56.0,56.0,60.0,60.0,60.0,60.0,60.0,60.0,60.0,60.0,60.0,60.0,60.0,60.0,60.0,60.0,55.0,60.0,43.0,60.0,60.0,60.0,60.0,60.0,60.0,60.0,60.0,60.0,60.0,60.0,60.0,60.0,60.0,60.0,60.0,60.0,60.0,60.0,60.0,60.0,60.0,60.0,60.0,60.0,60.0,60.0,60.0,60.0,60.0,60.0,60.0,60.0,60.0,60.0,60.0,60.0,60.0,60.0,60.0,60.0
video_send_googFrameWidthSent,0.0,0.0,1280.0,1280.0,960.0,960.0,960.0,960.0,960.0,960.0,960.0,960.0,960.0,960.0,640.0,640.0,640.0,640.0,640.0,480.0,480.0,480.0,480.0,480.0,480.0,480.0,480.0,480.0,480.0,480.0,480.0,480.0,480.0,480.0,480.0,480.0,480.0,480.0,480.0,480.0,480.0,480.0,480.0,480.0,480.0,480.0,480.0,480.0,480.0,480.0,480.0,480.0,480.0,480.0,480.0,480.0,480.0,480.0,480.0,640.0,640.0,640.0,640.0,640.0,640.0,640.0,640.0,640.0,640.0,640.0,640.0,640.0,640.0,-1,0.0,0.0,0.0,0.0,1280.0,1280.0,1280.0,1280.0,960.0,960.0,960.0,960.0,960.0,640.0,640.0,640.0,640.0,640.0,480.0,480.0,480.0,480.0,480.0,480.0,480.0,480.0,480.0,480.0,480.0,480.0,480.0,480.0,480.0,480.0,480.0,480.0,480.0,480.0,480.0,480.0,480.0,480.0,480.0,480.0,480.0,480.0,480.0,480.0,480.0,480.0,480.0,480.0,480.0,640.0,640.0,640.0,640.0,640.0,640.0,640.0,640.0,640.0,640.0,640.0,640.0,640.0,640.0,640.0,640.0,640.0,640.0,640.0,640.0,960.0
video_send_googRtt,0.0,0.0,0.0,0.0,0.0,2.0,20.0,14.0,10.0,7.0,5.0,3.0,2.0,2.0,2.0,2.0,2.0,2.0,2.0,2.0,2.0,2.0,2.0,2.0,0.0,2.0,11.0,0.0,2.0,2.0,2.0,0.0,1.0,1.0,1.0,1.0,1.0,29.0,20.0,14.0,0.0,2.0,2.0,1.0,0.0,1.0,1.0,1.0,1.0,3.0,2.0,1.0,1.0,1.0,0.0,1.0,1.0,0.0,1.0,1.0,13.0,9.0,6.0,4.0,0.0,34.0,31.0,22.0,16.0,11.0,8.0,5.0,3.0,-1,0.0,0.0,0.0,0.0,0.0,0.0,0.0,2.0,2.0,2.0,2.0,2.0,2.0,1.0,1.0,1.0,1.0,1.0,1.0,1.0,1.0,1.0,1.0,1.0,1.0,0.0,0.0,2.0,2.0,2.0,2.0,2.0,11.0,8.0,5.0,0.0,1.0,1.0,13.0,9.0,6.0,4.0,3.0,2.0,1.0,1.0,1.0,32.0,23.0,16.0,11.0,11.0,8.0,5.0,4.0,3.0,2.0,1.0,1.0,1.0,1.0,0.0,2.0,2.0,1.0,1.0,1.0,1.0,1.0,1.0,1.0,1.0,1.0,1.0
audio_send_packetsLost,-1,-1,-1,-1,-1,0.0,0.0,0.0,0.0,0.0,0.0,0.0,0.0,0.0,0.0,0.0,0.0,0.0,0.0,0.0,0.0,0.0,0.0,0.0,0.0,0.0,0.0,0.0,0.0,0.0,0.0,0.0,0.0,0.0,0.0,0.0,0.0,0.0,0.0,0.0,0.0,0.0,0.0,0.0,0.0,0.0,0.0,0.0,0.0,0.0,0.0,0.0,0.0,0.0,0.0,0.0,0.0,0.0,0.0,0.0,0.0,0.0,0.0,0.0,0.0,0.0,0.0,0.0,0.0,0.0,0.0,0.0,0.0,-1,-1,-1,-1,-1,-1,-1,-1,0.0,0.0,0.0,0.0,0.0,0.0,0.0,0.0,0.0,0.0,0.0,0.0,0.0,0.0,0.0,0.0,0.0,0.0,0.0,0.0,0.0,0.0,0.0,0.0,0.0,0.0,0.0,0.0,0.0,0.0,0.0,0.0,0.0,0.0,0.0,0.0,0.0,0.0,0.0,0.0,0.0,0.0,0.0,0.0,0.0,0.0,0.0,0.0,0.0,0.0,0.0,0.0,0.0,0.0,0.0,0.0,0.0,0.0,0.0,0.0,0.0,0.0,0.0,0.0,0.0,0.0,0.0
audio_send_googJitterReceived,-1,-1,-1,-1,-1,27.0,27.0,27.0,10.0,10.0,10.0,10.0,10.0,10.0,9.0,9.0,9.0,9.0,9.0,9.0,9.0,2.0,2.0,4.0,4.0,4.0,4.0,2.0,2.0,2.0,2.0,1.0,1.0,1.0,1.0,1.0,1.0,1.0,1.0,1.0,1.0,1.0,1.0,1.0,1.0,1.0,1.0,1.0,1.0,1.0,1.0,1.0,1.0,1.0,1.0,1.0,1.0,1.0,1.0,1.0,1.0,1.0,1.0,1.0,1.0,1.0,1.0,1.0,1.0,1.0,1.0,1.0,1.0,-1,-1,-1,-1,-1,-1,-1,-1,6.0,6.0,6.0,6.0,6.0,6.0,2.0,2.0,2.0,2.0,2.0,2.0,2.0,2.0,2.0,2.0,2.0,2.0,2.0,6.0,6.0,6.0,3.0,3.0,3.0,3.0,3.0,3.0,1.0,1.0,1.0,1.0,1.0,1.0,1.0,1.0,1.0,1.0,1.0,1.0,1.0,1.0,1.0,1.0,1.0,1.0,1.0,1.0,1.0,1.0,1.0,1.0,1.0,1.0,2.0,2.0,2.0,2.0,2.0,2.0,1.0,1.0,1.0,1.0,1.0,1.0,1.0
audio_send_googRtt,-1,-1,-1,-1,-1,126.0,126.0,126.0,1.0,1.0,1.0,1.0,1.0,1.0,2.0,2.0,2.0,2.0,2.0,2.0,2.0,2.0,2.0,2.0,2.0,2.0,2.0,2.0,2.0,2.0,2.0,2.0,2.0,2.0,2.0,2.0,2.0,2.0,2.0,2.0,2.0,2.0,2.0,2.0,2.0,2.0,2.0,2.0,2.0,2.0,2.0,2.0,2.0,2.0,2.0,2.0,2.0,2.0,80.0,80.0,80.0,2.0,2.0,2.0,2.0,2.0,2.0,2.0,2.0,2.0,2.0,2.0,2.0,-1,-1,-1,-1,-1,-1,-1,-1,2.0,2.0,2.0,2.0,2.0,2.0,2.0,2.0,2.0,2.0,2.0,2.0,2.0,2.0,2.0,2.0,2.0,2.0,2.0,2.0,2.0,2.0,2.0,2.0,2.0,2.0,2.0,2.0,84.0,84.0,84.0,84.0,2.0,2.0,2.0,2.0,2.0,2.0,2.0,2.0,2.0,2.0,2.0,2.0,2.0,2.0,2.0,2.0,1.0,1.0,1.0,1.0,1.0,1.0,2.0,2.0,2.0,2.0,2.0,2.0,1.0,1.0,1.0,1.0,1.0,1.0,1.0
video_recv_resolutionChangesReceived,0,0,1,1,1,1,2,2,2,2,2,3,3,3,3,3,4,4,4,4,4,4,4,4,4,4,4,4,4,4,4,4,4,4,4,4,4,4,4,4,4,4,4,4,4,4,4,4,4,4,4,5,5,5,5,5,5,5,5,5,5,5,5,5,5,5,5,5,5,5,5,6,6,0,0,0,0,0,1,1,1,2,2,2,2,2,2,2,2,2,3,3,3,3,3,4,4,4,4,4,4,4,4,4,4,4,4,4,4,4,4,4,4,4,4,4,4,4,4,4,4,4,4,4,4,4,4,4,4,4,4,4,4,4,4,5,5,5,5,5,5,5,5,5,5,5,5,5
video_send_resolutionChangesSent,0,0,1,1,2,2,2,2,2,2,2,2,2,2,3,3,3,3,3,4,4,4,4,4,4,4,4,4,4,4,4,4,4,4,4,4,4,4,4,4,4,4,4,4,4,4,4,4,4,4,4,4,4,4,4,4,4,4,4,5,5,5,5,5,5,5,5,5,5,5,5,5,5,0,1,1,1,1,2,2,2,2,3,3,3,3,3,4,4,4,4,4,5,5,5,5,5,5,5,5,5,5,5,5,5,5,5,5,5,5,5,5,5,5,5,5,5,5,5,5,5,5,5,5,5,5,5,6,6,6,6,6,6,6,6,6,6,6,6,6,6,6,6,6,6,6,6,7
1_way_delay_audio_send,-0.5,-0.5,-0.5,-0.5,-0.5,63.0,63.0,63.0,0.5,0.5,0.5,0.5,0.5,0.5,1.0,1.0,1.0,1.0,1.0,1.0,1.0,1.0,1.0,1.0,1.0,1.0,1.0,1.0,1.0,1.0,1.0,1.0,1.0,1.0,1.0,1.0,1.0,1.0,1.0,1.0,1.0,1.0,1.0,1.0,1.0,1.0,1.0,1.0,1.0,1.0,1.0,1.0,1.0,1.0,1.0,1.0,1.0,1.0,40.0,40.0,40.0,1.0,1.0,1.0,1.0,1.0,1.0,1.0,1.0,1.0,1.0,1.0,1.0,-0.5,-0.5,-0.5,-0.5,-0.5,-0.5,-0.5,-0.5,1.0,1.0,1.0,1.0,1.0,1.0,1.0,1.0,1.0,1.0,1.0,1.0,1.0,1.0,1.0,1.0,1.0,1.0,1.0,1.0,1.0,1.0,1.0,1.0,1.0,1.0,1.0,1.0,42.0,42.0,42.0,42.0,1.0,1.0,1.0,1.0,1.0,1.0,1.0,1.0,1.0,1.0,1.0,1.0,1.0,1.0,1.0,1.0,0.5,0.5,0.5,0.5,0.5,0.5,1.0,1.0,1.0,1.0,1.0,1.0,0.5,0.5,0.5,0.5,0.5,0.5,0.5
1_way_delay_video_send,0.0,0.0,0.0,0.0,0.0,1.0,10.0,7.0,5.0,3.5,2.5,1.5,1.0,1.0,1.0,1.0,1.0,1.0,1.0,1.0,1.0,1.0,1.0,1.0,0.0,1.0,5.5,0.0,1.0,1.0,1.0,0.0,0.5,0.5,0.5,0.5,0.5,14.5,10.0,7.0,0.0,1.0,1.0,0.5,0.0,0.5,0.5,0.5,0.5,1.5,1.0,0.5,0.5,0.5,0.0,0.5,0.5,0.0,0.5,0.5,6.5,4.5,3.0,2.0,0.0,17.0,15.5,11.0,8.0,5.5,4.0,2.5,1.5,-0.5,0.0,0.0,0.0,0.0,0.0,0.0,0.0,1.0,1.0,1.0,1.0,1.0,1.0,0.5,0.5,0.5,0.5,0.5,0.5,0.5,0.5,0.5,0.5,0.5,0.5,0.0,0.0,1.0,1.0,1.0,1.0,1.0,5.5,4.0,2.5,0.0,0.5,0.5,6.5,4.5,3.0,2.0,1.5,1.0,0.5,0.5,0.5,16.0,11.5,8.0,5.5,5.5,4.0,2.5,2.0,1.5,1.0,0.5,0.5,0.5,0.5,0.0,1.0,1.0,0.5,0.5,0.5,0.5,0.5,0.5,0.5,0.5,0.5,0.5
ear_ear_delay_audio_send,-1.5,-1.5,-1.5,-1.5,-1.5,205.0,164.0,170.0,192.5,107.5,47.5,47.5,67.5,67.5,78.0,108.0,77.0,77.0,77.0,50.0,50.0,50.0,40.0,40.0,60.0,130.0,68.0,103.0,65.0,50.0,50.0,40.0,40.0,60.0,40.0,40.0,60.0,115.0,54.0,66.0,46.0,46.0,29.0,29.0,49.0,29.0,49.0,49.0,49.0,29.0,83.0,39.0,26.0,46.0,26.0,46.0,26.0,26.0,85.0,65.0,85.0,26.0,46.0,26.0,26.0,63.0,99.0,40.0,31.0,21.0,41.0,21.0,21.0,-0.5,-0.5,-0.5,128.5,103.5,67.5,67.5,67.5,69.0,69.0,81.0,69.0,69.0,66.0,66.0,64.0,61.0,69.0,69.0,66.0,64.0,44.0,44.0,44.0,44.0,76.0,60.0,107.0,102.0,70.0,81.0,59.0,56.0,54.0,51.0,49.0,90.0,90.0,85.0,80.0,39.0,39.0,39.0,114.0,84.0,49.0,38.0,38.0,38.0,38.0,38.0,38.0,38.0,38.0,38.0,38.0,37.5,37.5,162.5,124.5,92.5,62.5,40.0,40.0,40.0,43.0,40.0,40.0,39.5,39.5,39.5,42.5,39.5
audio_recv_kbitsReceivedPerSecond,0,0,2,26,24,23,23,16,16,16,16,16,15,16,16,16,16,16,16,16,16,16,15,15,14,15,15,15,14,12,11,10,9,8,8,12,15,16,15,16,15,15,15,15,13,13,13,15,15,15,15,15,15,15,14,14,15,15,15,12,10,9,8,12,15,14,15,14,14,15,14,14,15,0,0,0,0,0,0,25,23,23,22,22,22,23,23,23,24,23,23,23,24,24,24,23,23,24,23,22,24,23,23,23,24,21,16,15,16,16,15,26,40,38,39,39,39,40,38,40,17,16,24,38,39,39,40,38,40,38,39,40,38,40,38,18,15,16,14,28,39,39,39,31,37,39,39,39
video_recv_kbitsReceivedPerSecond,0,0,85,351,119,150,234,163,182,190,224,274,218,240,239,275,282,271,280,300,309,330,346,375,405,426,391,332,295,233,227,159,180,193,191,200,216,228,253,263,302,310,354,359,265,255,270,272,315,316,376,380,395,453,454,560,589,544,611,451,514,491,525,533,573,635,506,496,567,566,664,661,590,0,0,0,0,0,0,78,51,37,44,55,57,58,65,74,81,86,144,109,119,123,127,201,155,150,173,132,124,128,116,119,124,136,160,151,189,195,177,164,141,140,148,162,185,178,219,230,220,284,286,266,248,263,278,251,318,324,311,399,402,395,440,455,549,573,596,620,428,325,350,368,397,425,454,464
audio_packet_loss_percentage_send,0.0,0.0,0.0,1.8518518518518516,0.0,0.0,0.0,0.0,0.0,0.0,0.0,0.0,0.0,0.0,0.0,0.0,0.0,0.0,0.0,0.0,0.0,0.0,0.0,0.0,0.0,0.0,0.0,0.0,0.0,0.0,0.0,0.0,0.0,0.0,0.0,0.0,0.0,0.0,0.0,0.0,0.0,0.0,0.0,0.0,0.0,0.0,0.0,0.0,0.0,0.0,0.0,0.0,0.0,0.0,0.0,0.0,0.0,0.0,0.0,0.0,0.0,0.0,0.0,0.0,0.0,0.0,0.0,0.0,0.0,0.0,-0.0,0.0,0.0,0.0,1.9959999999999998,0.0,0.0,0.0,0.0,0.0,0.0,0.0,0.0,0.0,0.0,0.0,0.0,0.0,0.0,0.0,0.0,0.0,0.0,0.0,0.0,0.0,0.0,0.0,0.0,0.0,0.0,0.0,0.0,0.0,0.0,0.0,0.0,0.0,0.0,0.0,0.0,0.0,0.0,0.0,0.0,0.0,0.0,0.0,0.0,0.0,0.0,0.0,0.0,0.0,0.0,0.0,0.0,0.0,0.0,0.0,0.0,0.0,0.0,0.0,0.0,0.0,0.0,0.0,0.0,0.0
e_model_audio_send,85.68252583995411,90.26400000000001,90.12,87.908,91.62,93.06,93.06,92.58,92.58,92.328,91.608,92.352,92.352,92.352,93.0,93.0,93.0,93.24000000000001,93.24000000000001,92.76,91.08,92.568,91.72800000000001,92.64,93.0,93.0,93.24000000000001,93.24000000000001,92.76,93.24000000000001,93.24000000000001,92.76,91.44,92.904,92.616,93.096,93.096,93.504,93.504,93.024,93.504,93.024,93.024,93.024,93.504,92.208,93.264,93.57600000000001,93.096,93.57600000000001,93.096,93.57600000000001,93.57600000000001,92.16,92.64,92.16,93.57600000000001,93.096,93.57600000000001,93.57600000000001,92.688,91.824,93.24000000000001,93.456,93.696,93.21600000000001,93.696,70.32158458320164,70.92158458320165,92.58,92.58,92.58,91.95109767477149,92.544,92.256,92.544,92.544,92.616,92.616,92.664,92.736,92.544,92.544,92.616,92.664,93.144,93.144,93.144,93.144,92.376,92.76,91.632,91.75200000000001,92.52,92.256,92.784,92.85600000000001,92.904,92.976,93.024,92.04,92.04,92.16,92.28,93.264,93.264,93.264,91.464,92.184,93.024,93.288,93.288,93.288,93.288,93.288,93.288,93.288,93.288,93.288,93.288,93.3,93.3,90.3,91.212,91.98,92.7,93.24000000000001,93.24000000000001,93.24000000000001,93.168,93.24000000000001,93.24000000000001,93.25200000000001,93.25200000000001,93.25200000000001,93.18,93.25200000000001
kpi_audio_synchronization,4.219431995726147,4.345414205281792,4.341928899904,4.284440211658817,4.376639451304,4.406559459688,4.406559459688,4.3969643574160004,4.3969643574160004,4.391774602779137,4.376375934486016,4.392273356652544,4.392273356652544,4.392273356652544,4.405381000000001,4.405381000000001,4.405381000000001,4.4100587624320005,4.4100587624320005,4.400607275968,4.3645530540160005,4.396719594558976,4.379000673857536,4.398184609792,4.405381000000001,4.405381000000001,4.4100587624320005,4.4100587624320005,4.400607275968,4.4100587624320005,4.4100587624320005,4.400607275968,4.372662426112,4.403482993265152,4.397697221513727,4.407263652878848,4.407263652878848,4.415092772503553,4.415092772503553,4.405853104095233,4.415092772503553,4.405853104095233,4.405853104095233,4.405853104095233,4.415092772503553,4.389266694639616,4.410521238433792,4.416445308871168,4.407263652878848,4.416445308871168,4.407263652878848,4.416445308871168,4.416445308871168,4.388256944128,4.398184609792,4.388256944128,4.416445308871168,4.407263652878848,4.416445308871168,4.416445308871168,4.399156533047297,4.381083749650433,4.4100587624320005,4.414186221580288,4.418680057397249,4.409595321008128,4.418680057397249,3.612045888326315,3.6399195765722054,4.3969643574160004,4.3969643574160004,4.3969643574160004,4.383818678960373,4.396229357043712,4.390272683327488,4.396229357043712,4.396229357043712,4.397697221513727,4.397697221513727,4.3986710471633925,4.400124648030209,4.396229357043712,4.396229357043712,4.397697221513727,4.3986710471633925,4.408199210010112,4.408199210010112,4.408199210010112,4.408199210010112,4.392771166586368,4.400607275968,4.376902736564224,4.379522837522945,4.395738170944,4.390272683327488,4.401088950095873,4.402528243813888,4.403482993265152,4.404907936288769,4.405853104095233,4.385716140352001,4.385716140352001,4.388256944128,4.390774265536001,4.410521238433792,4.410521238433792,4.410521238433792,4.3731956975825925,4.388762289321472,4.405853104095233,4.410982748432896,4.410982748432896,4.410982748432896,4.410982748432896,4.410982748432896,4.410982748432896,4.410982748432896,4.410982748432896,4.410982748432896,4.410982748432896,4.411213141,4.411213141,4.346280511000001,4.367550450599104,4.3844369552560005,4.399398919,4.4100587624320005,4.4100587624320005,4.4100587624320005,4.408665544216576,4.4100587624320005,4.4100587624320005,4.410290121146945,4.410290121146945,4.410290121146945,4.408898349976,4.410290121146945
eye_eye_delay_video_send,-1.0,-1.0,-1.0,-1.0,-1.0,84.0,199.0,298.0,113.0,6.5,2.5,1.5,1.0,1.0,2.0,26.0,31.0,83.0,71.0,64.0,59.0,56.0,60.0,57.0,55.0,54.0,57.5,51.0,51.0,51.0,50.0,49.0,49.5,48.5,48.5,45.5,44.5,57.5,53.0,50.0,42.0,43.0,42.0,40.5,38.0,41.5,41.5,41.5,40.5,40.5,39.0,38.5,38.5,37.5,38.0,40.5,40.5,39.0,37.5,36.5,42.5,39.5,50.0,47.0,43.0,59.0,57.5,54.0,51.0,48.5,47.0,44.5,42.5,-0.5,0.0,11.0,75.0,55.0,43.0,56.0,66.0,58.0,53.0,54.0,64.0,63.0,60.0,58.5,57.5,72.5,70.5,68.5,67.5,65.5,64.5,63.5,61.5,60.5,58.5,58.0,56.0,56.0,57.0,55.0,56.0,56.0,60.5,58.0,56.5,53.0,53.5,51.5,56.5,53.5,51.0,53.0,51.5,51.0,50.5,50.5,49.5,64.0,58.5,53.0,57.5,55.5,52.0,50.5,48.0,45.5,45.0,41.5,41.5,40.5,39.5,39.0,39.0,38.0,36.5,37.5,36.5,35.5,34.5,33.5,42.5,42.5
kpi_video_synchronization,5,5,5,5,5,5,3.68,2.3600000000000003,4.826666666666666,5,5,5,5,5,5,5,5,5,5,5,5,5,5,5,5,5,5,5,5,5,5,5,5,5,5,5,5,5,5,5,5,5,5,5,5,5,5,5,5,5,5,5,5,5,5,5,5,5,5,5,5,5,5,5,5,5,5,5,5,5,5,5,5,5,5,5,5,5,5,5,5,5,5,5,5,5,5,5,5,5,5,5,5,5,5,5,5,5,5,5,5,5,5,5,5,5,5,5,5,5,5,5,5,5,5,5,5,5,5,5,5,5,5,5,5,5,5,5,5,5,5,5,5,5,5,5,5,5,5,5,5,5,5,5,5,5
av_delay_send,-0.5,-0.5,-0.5,-0.5,-0.5,121.0,-35.0,-128.0,79.5,101.0,45.0,46.0,66.5,66.5,76.0,82.0,46.0,-6.0,6.0,-14.0,-9.0,-6.0,-20.0,-17.0,5.0,76.0,10.5,52.0,14.0,-1.0,0.0,-9.0,-9.5,11.5,-8.5,-5.5,15.5,57.5,1.0,16.0,4.0,3.0,-13.0,-11.5,11.0,-12.5,7.5,7.5,8.5,-11.5,44.0,0.5,-12.5,8.5,-12.0,5.5,-14.5,-13.0,47.5,28.5,42.5,-13.5,-4.0,-21.0,-17.0,4.0,41.5,-14.0,-20.0,-27.5,-6.0,-23.5,-21.5,0.0,-0.5,-11.5,53.5,48.5,24.5,11.5,1.5,11.0,16.0,27.0,5.0,6.0,6.0,7.5,6.5,-11.5,-1.5,0.5,-1.5,-1.5,-20.5,-19.5,-17.5,-16.5,17.5,2.0,51.0,46.0,13.0,26.0,3.0,0.0,-6.5,-7.0,-7.5,37.0,36.5,33.5,23.5,-14.5,-12.0,-14.0,62.5,33.0,-1.5,-12.5,-11.5,-26.0,-20.5,-15.0,-19.5,-17.5,-14.0,-12.5,-10.0,-8.0,-7.5,121.0,83.0,52.0,23.0,1.0,1.0,2.0,6.5,2.5,3.5,4.0,5.0,6.0,0.0,-3.0
kpi_av_synchronization,5,5,5,5,5,1,5,4.8,2.24,1,5,4.92,3.2800000000000002,3.2800000000000002,2.52,2.04,4.92,5,5,5,5,5,5,5,5,2.52,5,4.4399999999999995,5,5,5,5,5,5,5,5,5,4.0,5,5,5,5,5,5,5,5,5,5,5,5,5,5,5,5,5,5,5,5,4.8,5,5,5,5,5,5,5,5,5,5,5,5,5,5,5,5,5,4.32,4.72,5,5,5,5,5,5,5,5,5,5,5,5,5,5,5,5,5,5,5,5,5,5,4.52,4.92,5,5,5,5,5,5,5,5,5,5,5,5,5,5,3.6,5,5,5,5,5,5,5,5,5,5,5,5,5,5,1,1.96,4.4399999999999995,5,5,5,5,5,5,5,5,5,5,5,5
kpi_resolution_stability,2.5022601195368246,2.5022601195368246,2.5022601195368246,2.5022601195368246,2.5022601195368246,2.5022601195368246,2.5022601195368246,2.5022601195368246,2.5022601195368246,2.5022601195368246,2.5022601195368246,2.5022601195368246,2.5022601195368246,2.5022601195368246,2.5022601195368246,2.5022601195368246,2.5022601195368246,2.5022601195368246,2.5022601195368246,2.5022601195368246,2.5022601195368246,2.5022601195368246,2.5022601195368246,2.5022601195368246,2.5022601195368246,2.5022601195368246,2.5022601195368246,2.5022601195368246,2.5022601195368246,2.5022601195368246,2.5022601195368246,2.5022601195368246,2.5022601195368246,2.5022601195368246,2.5022601195368246,2.5022601195368246,2.5022601195368246,2.5022601195368246,2.5022601195368246,2.5022601195368246,2.5022601195368246,2.5022601195368246,2.5022601195368246,2.5022601195368246,2.5022601195368246,2.5022601195368246,2.5022601195368246,2.5022601195368246,2.5022601195368246,2.5022601195368246,2.5022601195368246,2.5022601195368246,2.5022601195368246,2.5022601195368246,2.5022601195368246,2.5022601195368246,2.5022601195368246,2.5022601195368246,2.5022601195368246,2.5022601195368246,2.5022601195368246,2.5022601195368246,2.5022601195368246,2.5022601195368246,2.5022601195368246,2.5022601195368246,2.5022601195368246,2.5022601195368246,2.5022601195368246,2.5022601195368246,2.5022601195368246,2.5022601195368246,2.5022601195368246,2.5018752581838193,2.5018752581838193,2.5018752581838193,2.5018752581838193,2.5018752581838193,2.5018752581838193,2.5018752581838193,2.5018752581838193,2.5018752581838193,2.5018752581838193,2.5018752581838193,2.5018752581838193,2.5018752581838193,2.5018752581838193,2.5018752581838193,2.5018752581838193,2.5018752581838193,2.5018752581838193,2.5018752581838193,2.5018752581838193,2.5018752581838193,2.5018752581838193,2.5018752581838193,2.5018752581838193,2.5018752581838193,2.5018752581838193,2.5018752581838193,2.5018752581838193,2.5018752581838193,2.5018752581838193,2.5018752581838193,2.5018752581838193,2.5018752581838193,2.5018752581838193,2.5018752581838193,2.5018752581838193,2.5018752581838193,2.5018752581838193,2.5018752581838193,2.5018752581838193,2.5018752581838193,2.5018752581838193,2.5018752581838193,2.5018752581838193,2.5018752581838193,2.5018752581838193,2.5018752581838193,2.5018752581838193,2.5018752581838193,2.5018752581838193,2.5018752581838193,2.5018752581838193,2.5018752581838193,2.5018752581838193,2.5018752581838193,2.5018752581838193,2.5018752581838193,2.5018752581838193,2.5018752581838193,2.5018752581838193,2.5018752581838193,2.5018752581838193,2.5018752581838193,2.5018752581838193,2.5018752581838193,2.5018752581838193,2.5018752581838193,2.5018752581838193,2.5018752581838193,2.5018752581838193,2.5018752581838193,2.5018752581838193,2.5018752581838193,2.5018752581838193,2.5018752581838193
max_resolution_percentage,5.47945205479452,5.47945205479452,5.47945205479452,5.47945205479452,5.47945205479452,5.47945205479452,5.47945205479452,5.47945205479452,5.47945205479452,5.47945205479452,5.47945205479452,5.47945205479452,5.47945205479452,5.47945205479452,5.47945205479452,5.47945205479452,5.47945205479452,5.47945205479452,5.47945205479452,5.47945205479452,5.47945205479452,5.47945205479452,5.47945205479452,5.47945205479452,5.47945205479452,5.47945205479452,5.47945205479452,5.47945205479452,5.47945205479452,5.47945205479452,5.47945205479452,5.47945205479452,5.47945205479452,5.47945205479452,5.47945205479452,5.47945205479452,5.47945205479452,5.47945205479452,5.47945205479452,5.47945205479452,5.47945205479452,5.47945205479452,5.47945205479452,5.47945205479452,5.47945205479452,5.47945205479452,5.47945205479452,5.47945205479452,5.47945205479452,5.47945205479452,5.47945205479452,5.47945205479452,5.47945205479452,5.47945205479452,5.47945205479452,5.47945205479452,5.47945205479452,5.47945205479452,5.47945205479452,5.47945205479452,5.47945205479452,5.47945205479452,5.47945205479452,5.47945205479452,5.47945205479452,5.47945205479452,5.47945205479452,5.47945205479452,5.47945205479452,5.47945205479452,5.47945205479452,5.47945205479452,5.47945205479452,4.0,4.0,4.0,4.0,4.0,4.0,4.0,4.0,4.0,4.0,4.0,4.0,4.0,4.0,4.0,4.0,4.0,4.0,4.0,4.0,4.0,4.0,4.0,4.0,4.0,4.0,4.0,4.0,4.0,4.0,4.0,4.0,4.0,4.0,4.0,4.0,4.0,4.0,4.0,4.0,4.0,4.0,4.0,4.0,4.0,4.0,4.0,4.0,4.0,4.0,4.0,4.0,4.0,4.0,4.0,4.0,4.0,4.0,4.0,4.0,4.0,4.0,4.0,4.0,4.0,4.0,4.0,4.0,4.0,4.0,4.0,4.0,4.0,4.0,4.0
kpi_resolution_stability_norm,2.505869510405866,2.505869510405866,2.505869510405866,2.505869510405866,2.505869510405866,2.505869510405866,2.505869510405866,2.505869510405866,2.505869510405866,2.505869510405866,2.505869510405866,2.505869510405866,2.505869510405866,2.505869510405866,2.505869510405866,2.505869510405866,2.505869510405866,2.505869510405866,2.505869510405866,2.505869510405866,2.505869510405866,2.505869510405866,2.505869510405866,2.505869510405866,2.505869510405866,2.505869510405866,2.505869510405866,2.505869510405866,2.505869510405866,2.505869510405866,2.505869510405866,2.505869510405866,2.505869510405866,2.505869510405866,2.505869510405866,2.505869510405866,2.505869510405866,2.505869510405866,2.505869510405866,2.505869510405866,2.505869510405866,2.505869510405866,2.505869510405866,2.505869510405866,2.505869510405866,2.505869510405866,2.505869510405866,2.505869510405866,2.505869510405866,2.505869510405866,2.505869510405866,2.505869510405866,2.505869510405866,2.505869510405866,2.505869510405866,2.505869510405866,2.505869510405866,2.505869510405866,2.505869510405866,2.505869510405866,2.505869510405866,2.505869510405866,2.505869510405866,2.505869510405866,2.505869510405866,2.505869510405866,2.505869510405866,2.505869510405866,2.505869510405866,2.505869510405866,2.505869510405866,2.505869510405866,2.505869510405866,2.506352929274566,2.506352929274566,2.506352929274566,2.506352929274566,2.506352929274566,2.506352929274566,2.506352929274566,2.506352929274566,2.506352929274566,2.506352929274566,2.506352929274566,2.506352929274566,2.506352929274566,2.506352929274566,2.506352929274566,2.506352929274566,2.506352929274566,2.506352929274566,2.506352929274566,2.506352929274566,2.506352929274566,2.506352929274566,2.506352929274566,2.506352929274566,2.506352929274566,2.506352929274566,2.506352929274566,2.506352929274566,2.506352929274566,2.506352929274566,2.506352929274566,2.506352929274566,2.506352929274566,2.506352929274566,2.506352929274566,2.506352929274566,2.506352929274566,2.506352929274566,2.506352929274566,2.506352929274566,2.506352929274566,2.506352929274566,2.506352929274566,2.506352929274566,2.506352929274566,2.506352929274566,2.506352929274566,2.506352929274566,2.506352929274566,2.506352929274566,2.506352929274566,2.506352929274566,2.506352929274566,2.506352929274566,2.506352929274566,2.506352929274566,2.506352929274566,2.506352929274566,2.506352929274566,2.506352929274566,2.506352929274566,2.506352929274566,2.506352929274566,2.506352929274566,2.506352929274566,2.506352929274566,2.506352929274566,2.506352929274566,2.506352929274566,2.506352929274566,2.506352929274566,2.506352929274566,2.506352929274566,2.506352929274566,2.506352929274566
max_resolution_percentage_norm,15.068493150684931,15.068493150684931,15.068493150684931,15.068493150684931,15.068493150684931,15.068493150684931,15.068493150684931,15.068493150684931,15.068493150684931,15.068493150684931,15.068493150684931,15.068493150684931,15.068493150684931,15.068493150684931,15.068493150684931,15.068493150684931,15.068493150684931,15.068493150684931,15.068493150684931,15.068493150684931,15.068493150684931,15.068493150684931,15.068493150684931,15.068493150684931,15.068493150684931,15.068493150684931,15.068493150684931,15.068493150684931,15.068493150684931,15.068493150684931,15.068493150684931,15.068493150684931,15.068493150684931,15.068493150684931,15.068493150684931,15.068493150684931,15.068493150684931,15.068493150684931,15.068493150684931,15.068493150684931,15.068493150684931,15.068493150684931,15.068493150684931,15.068493150684931,15.068493150684931,15.068493150684931,15.068493150684931,15.068493150684931,15.068493150684931,15.068493150684931,15.068493150684931,15.068493150684931,15.068493150684931,15.068493150684931,15.068493150684931,15.068493150684931,15.068493150684931,15.068493150684931,15.068493150684931,15.068493150684931,15.068493150684931,15.068493150684931,15.068493150684931,15.068493150684931,15.068493150684931,15.068493150684931,15.068493150684931,15.068493150684931,15.068493150684931,15.068493150684931,15.068493150684931,15.068493150684931,15.068493150684931,16.0,16.0,16.0,16.0,16.0,16.0,16.0,16.0,16.0,16.0,16.0,16.0,16.0,16.0,16.0,16.0,16.0,16.0,16.0,16.0,16.0,16.0,16.0,16.0,16.0,16.0,16.0,16.0,16.0,16.0,16.0,16.0,16.0,16.0,16.0,16.0,16.0,16.0,16.0,16.0,16.0,16.0,16.0,16.0,16.0,16.0,16.0,16.0,16.0,16.0,16.0,16.0,16.0,16.0,16.0,16.0,16.0,16.0,16.0,16.0,16.0,16.0,16.0,16.0,16.0,16.0,16.0,16.0,16.0,16.0,16.0,16.0,16.0,16.0,16.0
kpi_fps_stability,1,1,5,4.542982187053405,3.7978212420642405,3.5579329986594126,3.9938242084800133,4.429715418300614,4.645444442750246,4.782870430458232,4.8250342659265355,5,5,5,5,5,5,5,5,5,5,5,5,5,5,5,5,5,5,5,5,5,5,5,5,5,5,5,5,5,5,5,5,5,5,5,5,5,5,5,5,5,5,5,5,5,5,5,5,5,5,5,5,5,5,5,5,5,5,5,5,5,5,1,1,1,1,1,4.942427872760581,2.812772053670249,1,2.0676111086810853,2.5035023185016865,2.0676111086810853,3.2486632634908497,3.052660297075077,3.4143814103323455,3.5579329986594126,3.4143814103323455,3.5579329986594126,4.303093943648576,4.487839843855012,4.59543356514211,4.8250342659265355,4.978873396874005,5,5,5,5,5,5,5,5,5,5,5,5,5,5,5,5,5,5,5,5,5,5,5,5,5,5,5,5,5,5,5,5,5,5,5,5,5,5,5,5,5,5,5,5,5,5,5,5,5,5,5,5,5
kpi_q_audio,1,1,1,4,4,3,3,3,3,3,3,3,2,3,3,3,3,3,3,3,3,3,2,2,2,2,2,2,2,2,2,2,1,1,1,2,2,3,2,3,2,2,2,2,2,2,2,2,2,2,2,2,2,2,2,2,2,2,2,2,2,1,1,2,2,2,2,2,2,2,2,2,2,1,1,1,1,1,1,4,3,3,3,3,3,3,3,3,4,3,3,3,4,4,4,3,3,4,3,3,4,3,3,3,4,3,3,2,3,3,2,4,5,5,5,5,5,5,5,5,3,3,4,5,5,5,5,5,5,5,5,5,5,5,5,3,2,3,2,4,5,5,5,4,5,5,5,5
kpi_q_video,2.15,1.8499999999999999,1.95,1.95,2.15,2.2,2.1,2.15,2.25,2.3,2.4,2.5,2.65,2.8,2.8999999999999995,2.6999999999999997,2.4,2.25,1.95,1.9,1.5714285714285714,1.6857142857142855,1.7428571428571429,1.7428571428571429,1.8,1.8499999999999999,1.9,2.05,2.1,2.25,2.3,2.55,2.55,2.1,2.05,2.1,2.15,2.3499999999999996,2.3499999999999996,2.65,2.65,2.75,3.0,3.0,3.3666666666666667,3.4066666666666667,3.34,3.433333333333333,3.0,3.3,3.1999999999999997,3.313333333333333,3.3266666666666667,3.38,3.46,3.25,3.1999999999999997,3.3666666666666667,3.3666666666666667,3.5,3.2750000000000004,3.24,1.457142857142857,1.8,1.5142857142857142,1.5142857142857142,1.6285714285714286,1.4,1.4,1.5714285714285714,1.5142857142857142,1.6857142857142855,1.7428571428571429,1.6285714285714286,1.5714285714285714,1.457142857142857,1.457142857142857,1.457142857142857,1.5714285714285714,1.6857142857142855,1.6285714285714286,1.8499999999999999,1.9,1.8499999999999999,2.2,2.2,2.1,2.0,2.1,2.15,2.05,2.3499999999999996,2.4,2.3,2.75,2.75,2.75,2.9499999999999997,3.0,3.353333333333333,3.38,3.4066666666666667,3.4466666666666668,2.8999999999999995,2.4,2.5,2.5999999999999996,2.75,2.8999999999999995,3.0,3.05
qoe_simple_normal,2.93827022174735,2.90226824503131,3.5852143222115553,3.502657054693214,3.422041257155596,2.94927321751968,3.3030328636008917,3.214059720540769,3.256310854245337,3.1684533609407204,3.6348808148195353,3.6735859285169497,3.5163637062947273,3.5413637062947276,3.475042333333333,3.3883756666666667,3.6583756666666667,3.642784306936889,3.5927843069368888,3.5834008084408886,3.5246328790176507,3.5472545581256,3.554809598682583,3.556941147119746,3.5672645555555564,3.3000423333333337,3.5844509736035555,3.547228751381333,3.6167341417742223,3.642784306936889,3.6511176402702223,3.6917341417742224,3.688629158456889,3.6170536659183505,3.608077469057081,3.617473739208761,3.6258070725420937,3.548899196944839,3.6600103080559507,3.7089836782328036,3.7100103080559506,3.7256503448994707,3.767317011566137,3.767317011566137,3.829454752500395,3.8332518549599577,3.8245023598259773,3.8407161454301293,3.7674737392087607,3.818493923207907,3.800807072542094,3.8207161454301293,3.822938367652352,3.828695216014222,3.843131623310222,3.8070285493475553,3.8018272565412405,3.828584850319872,3.807382812096796,3.8518272565412404,3.812406281449699,3.804564861072271,2.755306686004511,2.815546619619134,2.8520436587605076,2.776488103204952,2.8399801666970155,3.488606720900138,3.135043048616565,2.8608239489411496,3.0298971768326566,3.1311171403741853,3.068155510980119,3.245949917734127,3.203867149990985,3.2452678943603352,3.268760348971902,3.244835084250724,3.2879710640717446,3.4313203768008536,3.45364623540553,3.5084832841914753,3.5550834009888796,3.5723899228134584,3.6325301296207075,3.633400808440889,3.614100304062692,3.597724759724772,3.6161931301048895,3.5705858537030544,3.5995654388995413,3.6586142493126546,3.6670536659183504,3.650545326254308,3.7256503448994707,3.7234129044835558,3.7234129044835558,3.7570285493475555,3.7656415850595555,3.826724582048199,3.8311690264926437,3.8356134709370884,3.838132855286954,3.748751365480164,3.667317011566137,3.5289980831592107,3.701220305381433,3.726220305381433,3.7512203053814326,3.7678869720480996,3.776220305381433
qoe_simple_smooth,2.8799368884140164,2.7939349116979773,3.4935476555448886,3.4109903880265473,3.3637079238222625,2.89927321751968,3.2363661969342243,3.1557263872074355,3.2146441875786707,3.1351200276073867,3.618214148152869,3.6735859285169497,3.5413637062947276,3.5913637062947275,3.5417089999999996,3.421709,3.6417090000000005,3.6011176402702225,3.501117640270222,3.483400808440889,3.3698709742557464,3.411540272411315,3.428619122492107,3.4307506709292697,3.4505978888888897,3.191709,3.484450973603556,3.4722287513813335,3.5500674751075554,3.6011176402702225,3.617784306936889,3.7000674751075557,3.6969624917902224,3.5503869992516837,3.533077469057081,3.550807072542094,3.567473739208761,3.5238991969448388,3.6350103080559504,3.733983678232804,3.735010308055951,3.767317011566137,3.8506503448994707,3.8506503448994707,3.97389919694484,3.984362966071069,3.964502359825977,3.996271700985685,3.850807072542094,3.951827256541241,3.9174737392087606,3.9562717009856847,3.9607161454301294,3.9753618826808883,4.003131623310222,3.9320285493475553,3.918493923207907,3.9730292947643164,3.951827256541241,4.018493923207907,3.941572948116366,3.927898194405604,2.5814971621949874,2.6988799529524674,2.6877579444747934,2.612202388919238,2.6947420714589203,3.305273387566805,2.9517097152832314,2.706062044179245,2.8656114625469424,2.9954028546599,2.941965034789643,3.100711822496032,3.0491052452290806,3.071458370550811,3.094950825162378,3.0710255604412002,3.1332091593098403,3.2956060910865683,3.308408140167435,3.400149950858142,3.4550834009888796,3.4640565894801245,3.5825301296207073,3.5834008084408886,3.547433637396025,3.514391426391439,3.5495264634382226,3.5122525203697212,3.524565438899541,3.633614249312654,3.6503869992516838,3.617211992920975,3.767317011566137,3.7650795711502223,3.7650795711502223,3.832028549347555,3.848974918392889,3.9689468042704217,3.97783569315931,3.986724582048199,3.995910633064732,3.8154180321468303,3.650650344899471,3.5289980831592107,3.7178869720480994,3.7678869720480996,3.817886972048099,3.851220305381433,3.8678869720480997
