bweforvideo-googAvailableReceiveBandwidth,0.0,0.0,0.0,0.0,0.0,0.0,0.0,0.0,0.0,0.0,0.0,0.0,0.0,0.0,0.0,0.0,0.0,0.0,0.0,0.0,0.0,0.0,0.0,0.0,0.0,0.0,0.0,0.0,0.0,0.0,0.0,0.0,0.0,0.0,0.0,0.0,0.0,0.0,0.0,0.0,0.0,0.0,0.0,0.0,0.0,0.0,0.0,0.0,0.0,0.0,0.0,0.0,0.0,0.0,0.0,0.0,0.0,0.0,0.0,0.0,0.0,0.0,0.0,0.0,0.0,0.0,0.0,0.0,0.0,0.0,0.0,0.0,0.0,0.0,0.0,0.0,0.0,0.0,0.0,0.0,0.0,0.0,0.0,0.0,0.0,0.0,0.0,0.0,0.0,0.0,0.0,0.0,0.0,0.0,0.0,0.0,0.0,0.0,0.0,0.0,0.0,0.0,0.0,0.0,0.0,0.0,0.0,0.0,0.0,0.0,0.0,0.0,0.0,0.0,0.0,0.0,0.0,0.0,0.0
bweforvideo-googAvailableSendBandwidth,475244.0,529278.0,542433.0,579228.0,617093.0,368770.0,396245.0,428945.0,464261.0,371571.0,400848.0,433916.0,469629.0,508199.0,549855.0,594843.0,643430.0,695904.0,752576.0,665221.0,692248.0,504871.0,526000.0,568681.0,614550.0,662995.0,627120.0,652691.0,592092.0,619800.0,648078.0,678033.0,709958.0,742123.0,583712.0,399669.0,427024.0,461052.0,498936.0,539851.0,584039.0,631762.0,681693.0,737228.0,686062.0,482096.0,501662.0,528345.0,529136.0,560770.0,588818.0,614839.0,643299.0,672550.0,705808.0,748180.0,653448.0,673745.0,635090.0,664031.0,693379.0,485825.0,505231.0,546047.0,590731.0,637263.0,689244.0,743661.0,600560.0,621909.0,643783.0,667530.0,693848.0,721082.0,551144.0,400800.0,427740.0,462959.0,500996.0,540502.0,583381.0,631051.0,682535.0,736818.0,549662.0,383206.0,404473.0,433286.0,462810.0,495509.0,529958.0,566716.0,613053.0,662249.0,715012.0,377729.0,391699.0,414350.0,438414.0,465017.0,495801.0,528571.0,557936.0,594747.0,623559.0,674361.0,681232.0,681264.0,607687.0,636655.0,666752.0,421573.0,439624.0,475794.0,514858.0,557047.0,601139.0,650230.0,556713.0
bweforvideo-googBucketDelay,0.0,7.0,0.0,0.0,0.0,0.0,0.0,0.0,0.0,0.0,0.0,0.0,0.0,0.0,0.0,0.0,0.0,0.0,0.0,0.0,12.0,0.0,0.0,0.0,0.0,0.0,0.0,0.0,0.0,0.0,0.0,0.0,0.0,65.0,0.0,0.0,0.0,0.0,0.0,0.0,0.0,0.0,0.0,0.0,13.0,0.0,0.0,0.0,0.0,0.0,0.0,0.0,0.0,0.0,0.0,0.0,0.0,0.0,0.0,0.0,0.0,0.0,0.0,0.0,0.0,0.0,0.0,0.0,0.0,0.0,0.0,0.0,0.0,0.0,0.0,0.0,0.0,0.0,0.0,0.0,0.0,0.0,0.0,0.0,0.0,0.0,0.0,0.0,0.0,0.0,0.0,0.0,0.0,0.0,0.0,0.0,0.0,0.0,0.0,0.0,0.0,0.0,0.0,0.0,0.0,0.0,0.0,0.0,0.0,0.0,0.0,0.0,0.0,0.0,0.0,0.0,0.0,0.0,0.0
timestamp,1548002671,1548002672,1548002673,1548002674,1548002675,1548002676,1548002677,1548002678,1548002679,1548002680,1548002681,1548002682,1548002683,1548002684,1548002685,1548002686,1548002687,1548002688,1548002689,1548002690,1548002691,1548002692,1548002693,1548002694,1548002695,1548002696,1548002697,1548002698,1548002699,1548002700,1548002701,1548002702,1548002703,1548002704,1548002705,1548002706,1548002707,1548002708,1548002709,1548002710,1548002711,1548002712,1548002713,1548002714,1548002715,1548002716,1548002717,1548002718,1548002719,1548002720,1548002721,1548002722,1548002723,1548002724,1548002725,1548002726,1548002727,1548002728,1548002729,1548002730,1548002731,1548002732,1548002733,1548002734,1548002735,1548002736,1548002737,1548002738,1548002739,1548002740,1548002741,1548002742,1548002743,1548002744,1548002745,1548002746,1548002747,1548002748,1548002749,1548002750,1548002751,1548002752,1548002753,1548002754,1548002755,1548002756,1548002757,1548002758,1548002759,1548002760,1548002761,1548002762,1548002763,1548002764,1548002765,1548002766,1548002767,1548002768,1548002769,1548002770,1548002771,1548002772,1548002773,1548002774,1548002775,1548002776,1548002777,1548002778,1548002779,1548002780,1548002781,1548002782,1548002783,1548002784,1548002785,1548002786,1548002787,1548002788,1548002789
audio_bitsReceivedPerSecond,0.0,695729.7297297297,678129.5774647887,706904.0,558880.0,476160.0,531952.0,591920.0,615728.0,613312.0,715656.0,733840.0,792016.0,876720.0,906200.0,852715.2847152847,824328.3283283283,895720.0,723656.0,667908.0919080919,685093.0930930931,627376.0,682296.0,719488.0,730008.0,727448.0,720056.0,835824.0,658608.0,595720.0,595024.0,573938.061938062,626920.0,682690.6906906907,717920.0,741792.0,735920.0,892384.0,895568.0,930560.0,910673.3266733267,809985.985985986,842240.0,744400.0,573608.0,543992.0,577814.1858141858,663303.3033033033,656208.0,744280.0,794109.8901098901,717277.2772772773,753576.0,699832.0,585528.0,466936.0,524344.0,619712.0,625312.0,723864.0,764624.0,708992.0,732288.0,730325.6743256743,788436.4364364365,791944.0,739792.0,878705.2947052947,741037.0370370371,743952.0,701928.0,657800.0,705544.0,718744.0,761310.6893106893,770114.1141141141,741768.0,844528.0,704360.0,708232.0,649584.0,592688.0,640032.0,670424.0,691992.0,702040.0,693968.0,780280.0,657344.0,719424.0,633320.0,589304.0,622456.0,670240.0,705104.0,702536.0,701768.0,778792.0,774048.0,897104.0,875040.0,809560.0,627688.0,875048.0,574696.0,541784.0,491624.0,558792.0,575616.0,627664.0,668544.0,630720.0,656216.0,674088.0,485944.0,469232.0,503904.0,543992.0,558672.0
audio_bitsSentPerSecond,0.0,565577.3955773956,569780.2816901408,589088.0,628360.0,550064.0,509320.0,472984.0,515472.0,496200.0,433504.0,483664.0,489440.0,508784.0,587896.0,574017.982017982,675923.9239239239,679888.0,789384.0,778085.914085914,778330.3303303303,760352.0,606144.0,614568.0,635656.0,642248.0,736432.0,726576.0,720520.0,665544.0,669984.0,765226.7732267732,735960.0,816584.5845845846,651456.0,578304.0,513296.0,508320.0,540344.0,553616.0,595780.2197802198,683907.9079079079,674560.0,676760.0,780128.0,662720.0,630417.5824175824,612068.0680680681,622352.0,588584.0,613530.4695304695,707667.6676676676,668512.0,660816.0,722752.0,727864.0,845296.0,771416.0,768968.0,731600.0,707376.0,777112.0,553536.0,563244.7552447553,615855.8558558559,640600.0,716384.0,696007.992007992,762018.018018018,708520.0,688032.0,772856.0,731176.0,704456.0,740811.1888111888,600152.1521521521,550104.0,487248.0,548192.0,563024.0,586792.0,692352.0,682208.0,694768.0,714168.0,620784.0,475184.0,440240.0,521904.0,526272.0,538608.0,645032.0,616416.0,641368.0,689216.0,633392.0,518912.0,427736.0,512864.0,496040.0,509016.0,606576.0,576296.0,604032.0,649768.0,659104.0,786096.0,690984.0,785360.0,716736.0,683848.0,752464.0,475784.0,485936.0,548160.0,575016.0,664712.0,602048.0,720216.0
audio_packetsSentPerSecond,0.0,204.54545454545453,211.26760563380282,208.0,205.0,203.0,200.0,202.0,203.0,202.0,198.0,204.0,196.0,203.0,207.0,205.7942057942058,211.2112112112112,214.0,225.0,225.77422577422578,226.22622622622623,222.0,210.0,212.0,209.0,210.0,219.0,219.0,220.0,211.0,214.0,224.77522477522479,219.0,227.22722722722722,219.0,208.0,193.0,201.0,201.0,203.0,209.7902097902098,213.2132132132132,213.0,216.0,226.0,217.0,205.7942057942058,209.2092092092092,208.0,209.0,210.78921078921078,215.2152152152152,216.0,217.0,217.0,218.0,232.0,231.0,226.0,220.0,217.0,226.0,200.0,203.7962037962038,207.2072072072072,210.0,209.0,214.78521478521478,227.22722722722722,217.0,218.0,222.0,217.0,223.0,220.7792207792208,209.2092092092092,203.0,199.0,202.0,205.0,206.0,215.0,214.0,221.0,220.0,210.0,193.0,199.0,201.0,205.0,202.0,212.0,208.0,212.0,215.0,212.0,199.0,197.0,202.0,201.0,201.0,212.0,198.0,206.0,208.0,210.0,225.0,217.0,226.0,217.0,219.0,218.0,193.0,197.0,208.0,207.0,207.0,208.0,219.0
audio_googLocalAddress,35.204.92.114:44256,35.204.92.114:44256,35.204.92.114:44256,35.204.92.114:44256,35.204.92.114:44256,35.204.92.114:44256,35.204.92.114:44256,35.204.92.114:44256,35.204.92.114:44256,35.204.92.114:44256,35.204.92.114:44256,35.204.92.114:44256,35.204.92.114:44256,35.204.92.114:44256,35.204.92.114:44256,35.204.92.114:44256,35.204.92.114:44256,35.204.92.114:44256,35.204.92.114:44256,35.204.92.114:44256,35.204.92.114:44256,35.204.92.114:44256,35.204.92.114:44256,35.204.92.114:44256,35.204.92.114:44256,35.204.92.114:44256,35.204.92.114:44256,35.204.92.114:44256,35.204.92.114:44256,35.204.92.114:44256,35.204.92.114:44256,35.204.92.114:44256,35.204.92.114:44256,35.204.92.114:44256,35.204.92.114:44256,35.204.92.114:44256,35.204.92.114:44256,35.204.92.114:44256,35.204.92.114:44256,35.204.92.114:44256,35.204.92.114:44256,35.204.92.114:44256,35.204.92.114:44256,35.204.92.114:44256,35.204.92.114:44256,35.204.92.114:44256,35.204.92.114:44256,35.204.92.114:44256,35.204.92.114:44256,35.204.92.114:44256,35.204.92.114:44256,35.204.92.114:44256,35.204.92.114:44256,35.204.92.114:44256,35.204.92.114:44256,35.204.92.114:44256,35.204.92.114:44256,35.204.92.114:44256,35.204.92.114:44256,35.204.92.114:44256,35.204.92.114:44256,35.204.92.114:44256,35.204.92.114:44256,35.204.92.114:44256,35.204.92.114:44256,35.204.92.114:44256,35.204.92.114:44256,35.204.92.114:44256,35.204.92.114:44256,35.204.92.114:44256,35.204.92.114:44256,35.204.92.114:44256,35.204.92.114:44256,35.204.92.114:44256,35.204.92.114:44256,35.204.92.114:44256,35.204.92.114:44256,35.204.92.114:44256,35.204.92.114:44256,35.204.92.114:44256,35.204.92.114:44256,35.204.92.114:44256,35.204.92.114:44256,35.204.92.114:44256,35.204.92.114:44256,35.204.92.114:44256,35.204.92.114:44256,35.204.92.114:44256,35.204.92.114:44256,35.204.92.114:44256,35.204.92.114:44256,35.204.92.114:44256,35.204.92.114:44256,35.204.92.114:44256,35.204.92.114:44256,35.204.92.114:44256,35.204.92.114:44256,35.204.92.114:44256,35.204.92.114:44256,35.204.92.114:44256,35.204.92.114:44256,35.204.92.114:44256,35.204.92.114:44256,35.204.92.114:44256,35.204.92.114:44256,35.204.92.114:44256,35.204.92.114:44256,35.204.92.114:44256,35.204.92.114:44256,35.204.92.114:44256,35.204.92.114:44256,35.204.92.114:44256,35.204.92.114:44256,35.204.92.114:44256,35.204.92.114:44256,35.204.92.114:44256,35.204.92.114:44256,35.204.92.114:44256,35.204.92.114:44256
audio_googRemoteAddress,18.197.254.38:443,18.197.254.38:443,18.197.254.38:443,18.197.254.38:443,18.197.254.38:443,18.197.254.38:443,18.197.254.38:443,18.197.254.38:443,18.197.254.38:443,18.197.254.38:443,18.197.254.38:443,18.197.254.38:443,18.197.254.38:443,18.197.254.38:443,18.197.254.38:443,18.197.254.38:443,18.197.254.38:443,18.197.254.38:443,18.197.254.38:443,18.197.254.38:443,18.197.254.38:443,18.197.254.38:443,18.197.254.38:443,18.197.254.38:443,18.197.254.38:443,18.197.254.38:443,18.197.254.38:443,18.197.254.38:443,18.197.254.38:443,18.197.254.38:443,18.197.254.38:443,18.197.254.38:443,18.197.254.38:443,18.197.254.38:443,18.197.254.38:443,18.197.254.38:443,18.197.254.38:443,18.197.254.38:443,18.197.254.38:443,18.197.254.38:443,18.197.254.38:443,18.197.254.38:443,18.197.254.38:443,18.197.254.38:443,18.197.254.38:443,18.197.254.38:443,18.197.254.38:443,18.197.254.38:443,18.197.254.38:443,18.197.254.38:443,18.197.254.38:443,18.197.254.38:443,18.197.254.38:443,18.197.254.38:443,18.197.254.38:443,18.197.254.38:443,18.197.254.38:443,18.197.254.38:443,18.197.254.38:443,18.197.254.38:443,18.197.254.38:443,18.197.254.38:443,18.197.254.38:443,18.197.254.38:443,18.197.254.38:443,18.197.254.38:443,18.197.254.38:443,18.197.254.38:443,18.197.254.38:443,18.197.254.38:443,18.197.254.38:443,18.197.254.38:443,18.197.254.38:443,18.197.254.38:443,18.197.254.38:443,18.197.254.38:443,18.197.254.38:443,18.197.254.38:443,18.197.254.38:443,18.197.254.38:443,18.197.254.38:443,18.197.254.38:443,18.197.254.38:443,18.197.254.38:443,18.197.254.38:443,18.197.254.38:443,18.197.254.38:443,18.197.254.38:443,18.197.254.38:443,18.197.254.38:443,18.197.254.38:443,18.197.254.38:443,18.197.254.38:443,18.197.254.38:443,18.197.254.38:443,18.197.254.38:443,18.197.254.38:443,18.197.254.38:443,18.197.254.38:443,18.197.254.38:443,18.197.254.38:443,18.197.254.38:443,18.197.254.38:443,18.197.254.38:443,18.197.254.38:443,18.197.254.38:443,18.197.254.38:443,18.197.254.38:443,18.197.254.38:443,18.197.254.38:443,18.197.254.38:443,18.197.254.38:443,18.197.254.38:443,18.197.254.38:443,18.197.254.38:443,18.197.254.38:443,18.197.254.38:443,18.197.254.38:443,18.197.254.38:443
audio_googRtt,14.0,14.0,14.0,14.0,14.0,14.0,14.0,14.0,14.0,14.0,14.0,14.0,14.0,14.0,14.0,14.0,14.0,14.0,14.0,14.0,14.0,44.0,44.0,44.0,36.0,36.0,30.0,30.0,30.0,26.0,26.0,23.0,23.0,23.0,27.0,27.0,24.0,24.0,24.0,21.0,21.0,19.0,19.0,19.0,18.0,18.0,18.0,18.0,18.0,17.0,17.0,16.0,16.0,16.0,16.0,16.0,28.0,28.0,28.0,24.0,24.0,55.0,55.0,55.0,45.0,45.0,37.0,37.0,37.0,31.0,31.0,27.0,27.0,27.0,24.0,24.0,21.0,21.0,21.0,19.0,19.0,18.0,18.0,18.0,26.0,26.0,23.0,23.0,23.0,21.0,21.0,19.0,19.0,19.0,18.0,18.0,17.0,17.0,17.0,22.0,22.0,20.0,20.0,20.0,18.0,18.0,20.0,20.0,20.0,18.0,18.0,33.0,33.0,33.0,28.0,28.0,25.0,25.0,25.0
audio_send_bitsSentPerSecond_2343984518,0.0,24810.81081081081,26366.197183098593,23792.0,24168.0,23696.0,23992.0,23976.0,24192.0,24104.0,24488.0,24568.0,24504.0,24784.0,24360.0,23656.343656343655,24112.11211211211,24608.0,24656.0,24719.28071928072,24720.72072072072,24568.0,24808.0,25216.0,24648.0,24568.0,24488.0,24592.0,24952.0,24520.0,25384.0,24000.0,25184.0,25137.13713713714,25200.0,24856.0,24640.0,24648.0,24776.0,25456.0,23904.095904095902,24456.456456456457,24352.0,24200.0,24752.0,24712.0,24903.096903096903,25009.00900900901,24728.0,24920.0,24855.144855144856,24936.936936936938,24576.0,24264.0,25264.0,24240.0,24136.0,24336.0,24672.0,24712.0,24944.0,24568.0,24208.0,24271.728271728272,24728.72872872873,23984.0,23984.0,24207.79220779221,24432.432432432433,24648.0,24704.0,24744.0,24648.0,24472.0,24231.76823176823,24568.568568568568,24584.0,24480.0,24504.0,25200.0,24608.0,24520.0,24392.0,24752.0,24240.0,24384.0,24512.0,25256.0,25232.0,25280.0,24808.0,24984.0,24712.0,24464.0,24680.0,23808.0,23968.0,24768.0,24600.0,24368.0,24384.0,24936.0,24712.0,25088.0,24464.0,24472.0,24688.0,24272.0,23304.0,23336.0,23840.0,24160.0,24552.0,24456.0,24168.0,24080.0,23936.0,25056.0,24496.0
audio_send_packetsLost_2343984518,1.0,1.0,1.0,1.0,1.0,1.0,1.0,1.0,1.0,1.0,1.0,1.0,1.0,1.0,1.0,1.0,1.0,1.0,1.0,1.0,1.0,1.0,1.0,1.0,1.0,1.0,1.0,1.0,1.0,1.0,1.0,1.0,1.0,1.0,1.0,1.0,1.0,1.0,1.0,1.0,1.0,1.0,1.0,1.0,1.0,1.0,1.0,1.0,1.0,1.0,1.0,1.0,1.0,1.0,1.0,1.0,1.0,1.0,1.0,1.0,1.0,1.0,1.0,1.0,1.0,1.0,1.0,1.0,1.0,1.0,1.0,1.0,1.0,1.0,1.0,1.0,1.0,1.0,1.0,1.0,1.0,1.0,1.0,1.0,1.0,1.0,1.0,1.0,1.0,1.0,1.0,1.0,1.0,1.0,1.0,1.0,1.0,1.0,1.0,1.0,1.0,1.0,1.0,1.0,1.0,1.0,1.0,1.0,1.0,1.0,1.0,1.0,1.0,1.0,1.0,1.0,1.0,1.0,1.0
audio_send_packetsSentPerSecond_2343984518,0.0,49.75429975429975,50.70422535211268,50.0,50.0,50.0,50.0,50.0,50.0,50.0,50.0,50.0,50.0,50.0,50.0,49.95004995004995,50.050050050050054,50.0,50.0,49.95004995004995,50.050050050050054,50.0,50.0,50.0,50.0,50.0,50.0,50.0,50.0,50.0,50.0,49.95004995004995,50.0,50.050050050050054,50.0,50.0,50.0,50.0,50.0,50.0,49.95004995004995,50.050050050050054,50.0,50.0,50.0,50.0,49.95004995004995,50.050050050050054,50.0,50.0,49.95004995004995,50.050050050050054,50.0,50.0,50.0,50.0,50.0,50.0,50.0,50.0,50.0,50.0,50.0,49.95004995004995,50.050050050050054,50.0,50.0,49.95004995004995,50.050050050050054,50.0,50.0,50.0,50.0,50.0,49.95004995004995,50.050050050050054,50.0,50.0,50.0,50.0,50.0,50.0,50.0,50.0,50.0,50.0,50.0,50.0,50.0,50.0,50.0,50.0,50.0,50.0,50.0,50.0,50.0,50.0,50.0,50.0,50.0,50.0,50.0,50.0,50.0,50.0,50.0,50.0,50.0,50.0,50.0,50.0,50.0,50.0,50.0,50.0,50.0,50.0,50.0
audio_send_googJitterReceived_2343984518,2.0,2.0,2.0,10.0,10.0,10.0,10.0,1.0,1.0,1.0,1.0,1.0,9.0,9.0,9.0,9.0,9.0,9.0,9.0,2.0,2.0,2.0,2.0,2.0,2.0,2.0,2.0,2.0,2.0,2.0,2.0,2.0,2.0,2.0,2.0,12.0,12.0,12.0,12.0,25.0,25.0,25.0,25.0,2.0,2.0,2.0,2.0,2.0,2.0,2.0,2.0,2.0,2.0,2.0,2.0,46.0,46.0,46.0,5.0,5.0,5.0,5.0,5.0,4.0,4.0,4.0,4.0,1.0,1.0,1.0,1.0,1.0,1.0,20.0,20.0,20.0,20.0,5.0,5.0,5.0,21.0,21.0,21.0,21.0,21.0,21.0,21.0,19.0,19.0,19.0,19.0,50.0,50.0,50.0,3.0,3.0,3.0,3.0,3.0,3.0,3.0,30.0,30.0,30.0,30.0,30.0,30.0,5.0,5.0,5.0,5.0,5.0,5.0,2.0,2.0,2.0,2.0,2.0,2.0
audio_send_googRtt_2343984518,39.0,39.0,39.0,171.0,171.0,171.0,171.0,39.0,39.0,39.0,39.0,39.0,50.0,50.0,50.0,50.0,50.0,50.0,50.0,39.0,39.0,39.0,39.0,39.0,39.0,39.0,39.0,39.0,39.0,39.0,39.0,49.0,49.0,49.0,49.0,40.0,40.0,40.0,40.0,110.0,110.0,110.0,110.0,39.0,39.0,39.0,39.0,39.0,39.0,39.0,39.0,39.0,39.0,39.0,39.0,39.0,39.0,39.0,40.0,40.0,40.0,40.0,40.0,163.0,163.0,163.0,163.0,47.0,47.0,47.0,47.0,47.0,47.0,39.0,39.0,39.0,39.0,39.0,39.0,39.0,39.0,39.0,39.0,39.0,39.0,39.0,39.0,39.0,39.0,39.0,39.0,39.0,39.0,39.0,40.0,40.0,40.0,40.0,40.0,40.0,40.0,40.0,40.0,40.0,40.0,40.0,40.0,39.0,39.0,39.0,39.0,39.0,39.0,104.0,104.0,104.0,104.0,104.0,39.0
video_send_bitsSentPerSecond_1047346405,0.0,521995.085995086,526152.1126760563,546272.0,588744.0,507872.0,469640.0,429264.0,475336.0,453296.0,390560.0,435728.0,450144.0,464240.0,547400.0,530989.010989011,635883.8838838838,635568.0,748928.0,733546.4535464535,733901.9019019019,712608.0,565184.0,569784.0,595528.0,598528.0,694624.0,682192.0,678568.0,622272.0,625016.0,718009.99000999,694576.0,770594.5945945946,609688.0,534200.0,473688.0,464120.0,499672.0,509280.0,552063.9360639361,636588.5885885886,633448.0,633248.0,738648.0,618792.0,590081.918081918,568928.9289289289,581904.0,543616.0,569214.7852147853,660556.5565565566,626552.0,616968.0,682056.0,685544.0,803312.0,731392.0,722824.0,687176.0,663528.0,728440.0,513944.0,520831.16883116885,575007.007007007,596552.0,677288.0,652555.4445554445,720248.2482482482,664400.0,644424.0,725272.0,690680.0,659648.0,699708.2917082917,556364.3643643644,509480.0,444208.0,508240.0,518336.0,543824.0,645344.0,641232.0,649984.0,673984.0,579832.0,432576.0,396424.0,481320.0,481376.0,494736.0,597288.0,576320.0,597544.0,648912.0,589408.0,479256.0,384392.0,472720.0,452216.0,466208.0,557952.0,538168.0,560288.0,610368.0,616440.0,745400.0,647832.0,745760.0,674152.0,639344.0,705224.0,436664.0,443448.0,507168.0,531544.0,625888.0,558288.0,679568.0
video_send_packetsLost_1047346405,0.0,0.0,0.0,0.0,0.0,0.0,0.0,0.0,0.0,0.0,0.0,0.0,0.0,0.0,0.0,0.0,0.0,0.0,0.0,0.0,0.0,0.0,0.0,0.0,0.0,0.0,0.0,0.0,0.0,0.0,0.0,0.0,0.0,0.0,0.0,0.0,0.0,0.0,0.0,0.0,0.0,0.0,0.0,0.0,0.0,0.0,0.0,0.0,0.0,0.0,0.0,0.0,0.0,0.0,0.0,0.0,0.0,0.0,0.0,0.0,0.0,0.0,0.0,0.0,0.0,0.0,0.0,0.0,0.0,0.0,0.0,0.0,0.0,0.0,0.0,0.0,0.0,0.0,0.0,0.0,0.0,0.0,0.0,0.0,0.0,0.0,0.0,0.0,0.0,0.0,0.0,0.0,0.0,0.0,0.0,0.0,0.0,0.0,0.0,0.0,0.0,0.0,0.0,0.0,0.0,0.0,0.0,0.0,0.0,0.0,0.0,0.0,0.0,0.0,0.0,0.0,0.0,0.0,0.0
video_send_packetsSentPerSecond_1047346405,0.0,126.53562653562653,129.57746478873239,130.0,129.0,126.0,123.0,121.0,126.0,124.0,121.0,121.0,121.0,123.0,130.0,126.87312687312688,134.13413413413414,135.0,151.0,146.85314685314685,148.14814814814815,141.0,132.0,132.0,133.0,132.0,140.0,141.0,141.0,134.0,134.0,143.85614385614386,142.0,146.14614614614615,141.0,130.0,117.0,122.0,125.0,126.0,128.87112887112886,133.13313313313313,135.0,138.0,148.0,139.0,129.87012987012986,134.13413413413414,131.0,129.0,131.86813186813185,136.13613613613614,135.0,138.0,142.0,143.0,152.0,152.0,147.0,141.0,140.0,143.0,124.0,127.87212787212788,130.13013013013014,131.0,134.0,137.86213786213787,148.14814814814815,139.0,139.0,142.0,142.0,143.0,142.85714285714286,130.13013013013014,126.0,122.0,126.0,126.0,129.0,135.0,135.0,142.0,143.0,133.0,116.0,122.0,125.0,124.0,123.0,131.0,132.0,133.0,140.0,132.0,122.0,121.0,126.0,122.0,124.0,129.0,127.0,131.0,134.0,134.0,148.0,140.0,149.0,139.0,136.0,137.0,118.0,121.0,128.0,128.0,132.0,130.0,143.0
video_send_googEncodeUsagePercent_1047346405,41.0,41.0,40.0,39.0,37.0,36.0,35.0,33.0,32.0,32.0,31.0,31.0,30.0,30.0,30.0,29.0,29.0,29.0,28.0,29.0,29.0,29.0,29.0,29.0,29.0,28.0,28.0,28.0,28.0,28.0,28.0,28.0,28.0,29.0,29.0,29.0,28.0,28.0,28.0,28.0,28.0,28.0,29.0,29.0,29.0,29.0,29.0,29.0,29.0,29.0,29.0,29.0,29.0,29.0,29.0,29.0,28.0,28.0,28.0,28.0,29.0,29.0,29.0,29.0,29.0,28.0,28.0,28.0,28.0,28.0,28.0,28.0,28.0,28.0,28.0,28.0,28.0,28.0,28.0,28.0,28.0,28.0,29.0,29.0,29.0,29.0,29.0,29.0,28.0,28.0,28.0,28.0,28.0,29.0,29.0,29.0,28.0,28.0,28.0,28.0,28.0,28.0,28.0,29.0,29.0,28.0,28.0,28.0,28.0,28.0,28.0,28.0,29.0,29.0,29.0,28.0,28.0,28.0,28.0
video_send_googFrameHeightSent_1047346405,360.0,360.0,360.0,360.0,360.0,360.0,360.0,360.0,360.0,360.0,360.0,360.0,360.0,360.0,360.0,360.0,360.0,360.0,360.0,360.0,360.0,360.0,360.0,360.0,360.0,360.0,360.0,360.0,360.0,360.0,360.0,360.0,360.0,360.0,360.0,360.0,360.0,360.0,360.0,360.0,360.0,360.0,360.0,360.0,360.0,360.0,360.0,360.0,360.0,360.0,360.0,360.0,360.0,360.0,360.0,360.0,360.0,360.0,360.0,360.0,360.0,360.0,360.0,360.0,360.0,360.0,360.0,360.0,360.0,360.0,360.0,360.0,360.0,360.0,360.0,360.0,360.0,360.0,360.0,360.0,360.0,360.0,360.0,360.0,360.0,360.0,360.0,360.0,360.0,360.0,360.0,360.0,360.0,360.0,360.0,360.0,360.0,360.0,360.0,360.0,360.0,360.0,360.0,360.0,360.0,360.0,360.0,360.0,360.0,360.0,360.0,360.0,360.0,360.0,360.0,360.0,360.0,360.0,360.0
video_send_googFrameRateSent_1047346405,59.0,60.0,60.0,60.0,60.0,60.0,60.0,60.0,60.0,60.0,60.0,60.0,60.0,60.0,60.0,60.0,60.0,60.0,60.0,60.0,60.0,60.0,60.0,60.0,60.0,60.0,59.0,59.0,59.0,60.0,59.0,60.0,60.0,60.0,59.0,59.0,56.0,59.0,60.0,59.0,59.0,60.0,59.0,60.0,59.0,59.0,59.0,60.0,59.0,59.0,59.0,59.0,59.0,59.0,59.0,60.0,59.0,59.0,59.0,59.0,59.0,59.0,56.0,59.0,59.0,59.0,59.0,59.0,59.0,59.0,59.0,59.0,59.0,59.0,59.0,59.0,59.0,59.0,59.0,59.0,59.0,59.0,59.0,59.0,59.0,59.0,56.0,59.0,59.0,59.0,59.0,59.0,59.0,59.0,59.0,59.0,59.0,59.0,59.0,59.0,59.0,59.0,59.0,60.0,60.0,59.0,59.0,60.0,59.0,59.0,59.0,59.0,57.0,59.0,59.0,60.0,59.0,59.0,59.0
video_send_googFrameWidthSent_1047346405,640.0,640.0,640.0,640.0,640.0,640.0,640.0,640.0,640.0,640.0,640.0,640.0,640.0,640.0,640.0,640.0,640.0,640.0,640.0,640.0,640.0,640.0,640.0,640.0,640.0,640.0,640.0,640.0,640.0,640.0,640.0,640.0,640.0,640.0,640.0,640.0,640.0,640.0,640.0,640.0,640.0,640.0,640.0,640.0,640.0,640.0,640.0,640.0,640.0,640.0,640.0,640.0,640.0,640.0,640.0,640.0,640.0,640.0,640.0,640.0,640.0,640.0,640.0,640.0,640.0,640.0,640.0,640.0,640.0,640.0,640.0,640.0,640.0,640.0,640.0,640.0,640.0,640.0,640.0,640.0,640.0,640.0,640.0,640.0,640.0,640.0,640.0,640.0,640.0,640.0,640.0,640.0,640.0,640.0,640.0,640.0,640.0,640.0,640.0,640.0,640.0,640.0,640.0,640.0,640.0,640.0,640.0,640.0,640.0,640.0,640.0,640.0,640.0,640.0,640.0,640.0,640.0,640.0,640.0
video_send_googRtt_1047346405,29.0,23.0,23.0,24.0,34.0,43.0,63.0,63.0,51.0,43.0,37.0,30.0,27.0,27.0,28.0,27.0,27.0,24.0,21.0,23.0,26.0,26.0,53.0,46.0,40.0,34.0,30.0,28.0,24.0,23.0,23.0,20.0,21.0,22.0,23.0,23.0,24.0,24.0,23.0,29.0,34.0,28.0,24.0,23.0,23.0,27.0,68.0,51.0,42.0,37.0,32.0,26.0,22.0,20.0,20.0,22.0,24.0,26.0,26.0,27.0,27.0,26.0,65.0,71.0,68.0,52.0,55.0,65.0,63.0,58.0,55.0,50.0,42.0,39.0,34.0,30.0,29.0,27.0,24.0,23.0,21.0,20.0,20.0,20.0,20.0,18.0,22.0,25.0,23.0,20.0,25.0,29.0,32.0,34.0,36.0,42.0,50.0,51.0,41.0,34.0,29.0,26.0,24.0,22.0,23.0,24.0,22.0,21.0,20.0,21.0,23.0,23.0,33.0,42.0,42.0,39.0,31.0,31.0,31.0
audio_recv_bitsReceivedPerSecond_3337666523,0.0,26373.464373464372,24608.450704225354,25872.0,26080.0,21152.0,15392.0,10664.0,10272.0,9992.0,10144.0,11856.0,8600.0,7912.0,8424.0,11244.755244755244,17177.17717717718,25736.0,18096.0,11180.81918081918,13445.445445445446,9280.0,16656.0,15776.0,9144.0,11224.0,7480.0,5952.0,15096.0,15880.0,15776.0,24959.040959040958,25344.0,26082.08208208208,25320.0,24320.0,23240.0,22200.0,24152.0,25520.0,27092.90709290709,24664.664664664666,26216.0,23776.0,19016.0,25304.0,26829.17082917083,25585.585585585584,26120.0,25904.0,25118.88111888112,25833.833833833833,25696.0,26032.0,25992.0,25624.0,25464.0,25920.0,26144.0,25944.0,25792.0,25984.0,25912.0,26725.274725274725,26226.226226226227,26112.0,6544.0,14617.382617382618,24280.28028028028,24616.0,26112.0,26856.0,26024.0,26376.0,25854.145854145852,25289.28928928929,25848.0,21784.0,26944.0,26160.0,26128.0,26152.0,20128.0,26272.0,23256.0,18608.0,16192.0,23656.0,26424.0,25528.0,26680.0,26720.0,26176.0,26360.0,25904.0,23176.0,22896.0,26608.0,24088.0,25160.0,25944.0,25936.0,21392.0,23456.0,26464.0,25632.0,17504.0,17928.0,16840.0,18736.0,20544.0,19040.0,25088.0,17760.0,9176.0,16200.0,26024.0,25888.0,26544.0
audio_recv_packetsReceivedPerSecond_3337666523,0.0,49.75429975429975,50.70422535211268,50.0,50.0,40.0,28.0,18.0,17.0,16.0,17.0,20.0,13.0,12.0,13.0,18.98101898101898,32.032032032032035,50.0,34.0,18.98101898101898,24.024024024024023,15.0,31.0,29.0,15.0,19.0,11.0,8.0,27.0,29.0,28.0,47.952047952047955,48.0,52.052052052052055,50.0,46.0,44.0,42.0,46.0,49.0,50.94905094905095,47.047047047047045,50.0,45.0,35.0,49.0,50.94905094905095,50.050050050050054,50.0,50.0,47.952047952047955,50.050050050050054,50.0,50.0,50.0,50.0,50.0,50.0,50.0,50.0,50.0,50.0,50.0,49.95004995004995,50.050050050050054,49.0,9.0,25.974025974025974,46.046046046046044,47.0,50.0,50.0,50.0,50.0,49.95004995004995,48.048048048048045,49.0,41.0,52.0,50.0,50.0,50.0,37.0,50.0,44.0,34.0,29.0,45.0,50.0,49.0,51.0,50.0,50.0,50.0,50.0,43.0,43.0,50.0,45.0,49.0,50.0,50.0,40.0,44.0,49.0,48.0,32.0,33.0,30.0,34.0,38.0,35.0,48.0,33.0,13.0,28.0,50.0,50.0,50.0
audio_recv_googCurrentDelayMs_3337666523,121.0,111.0,110.0,111.0,111.0,83.0,37.0,31.0,28.0,29.0,29.0,39.0,23.0,24.0,25.0,36.0,92.0,219.0,79.0,32.0,38.0,24.0,62.0,70.0,41.0,29.0,18.0,25.0,61.0,83.0,62.0,113.0,177.0,353.0,369.0,264.0,266.0,221.0,223.0,292.0,333.0,329.0,325.0,329.0,169.0,147.0,189.0,207.0,187.0,190.0,158.0,152.0,150.0,150.0,155.0,154.0,188.0,201.0,193.0,190.0,193.0,193.0,192.0,193.0,193.0,182.0,93.0,110.0,136.0,193.0,323.0,417.0,407.0,407.0,407.0,408.0,415.0,306.0,275.0,271.0,288.0,290.0,181.0,256.0,239.0,143.0,92.0,141.0,226.0,213.0,157.0,212.0,214.0,213.0,214.0,209.0,186.0,262.0,240.0,235.0,228.0,228.0,214.0,237.0,302.0,365.0,267.0,113.0,99.0,65.0,105.0,103.0,188.0,141.0,56.0,108.0,208.0,122.0,58.0
audio_recv_googJitterBufferMs_3337666523,115.0,105.0,105.0,105.0,105.0,2.0,0.0,2.0,2.0,2.0,2.0,3.0,3.0,8.0,6.0,9.0,89.0,199.0,2.0,5.0,7.0,3.0,23.0,50.0,1.0,2.0,1.0,9.0,47.0,29.0,30.0,93.0,226.0,367.0,367.0,210.0,190.0,141.0,172.0,258.0,342.0,297.0,322.0,258.0,14.0,91.0,219.0,199.0,184.0,184.0,144.0,144.0,144.0,144.0,148.0,148.0,215.0,192.0,187.0,187.0,187.0,187.0,187.0,187.0,187.0,167.0,5.0,64.0,83.0,160.0,289.0,397.0,401.0,401.0,401.0,382.0,403.0,215.0,255.0,274.0,274.0,274.0,176.0,238.0,185.0,64.0,45.0,113.0,196.0,176.0,167.0,198.0,198.0,198.0,198.0,112.0,227.0,253.0,192.0,213.0,222.0,222.0,32.0,204.0,275.0,337.0,92.0,41.0,24.0,30.0,78.0,47.0,239.0,1.0,1.0,87.0,202.0,100.0,39.0
audio_recv_googJitterReceived_3337666523,2.0,2.0,2.0,2.0,2.0,2.0,2.0,14.0,14.0,14.0,14.0,27.0,27.0,27.0,52.0,52.0,52.0,52.0,52.0,13.0,13.0,13.0,13.0,13.0,13.0,13.0,56.0,56.0,56.0,56.0,56.0,56.0,56.0,5.0,5.0,5.0,5.0,5.0,5.0,2.0,2.0,2.0,3.0,3.0,3.0,5.0,5.0,5.0,5.0,5.0,5.0,5.0,1.0,1.0,1.0,1.0,1.0,4.0,4.0,4.0,4.0,4.0,4.0,4.0,4.0,4.0,30.0,30.0,30.0,30.0,30.0,30.0,30.0,30.0,1.0,1.0,1.0,1.0,1.0,6.0,6.0,6.0,6.0,6.0,7.0,7.0,7.0,7.0,7.0,1.0,1.0,1.0,1.0,1.0,1.0,1.0,1.0,1.0,1.0,2.0,2.0,2.0,2.0,2.0,2.0,2.0,1.0,1.0,1.0,19.0,19.0,19.0,19.0,19.0,19.0,36.0,36.0,36.0,1.0
audio_recv_googPreferredJitterBufferMs_3337666523,100.0,100.0,100.0,100.0,100.0,100.0,240.0,340.0,340.0,340.0,360.0,360.0,440.0,440.0,280.0,280.0,440.0,440.0,20.0,440.0,440.0,440.0,440.0,440.0,440.0,440.0,440.0,440.0,440.0,440.0,440.0,440.0,440.0,440.0,440.0,440.0,440.0,400.0,400.0,400.0,400.0,400.0,400.0,400.0,180.0,180.0,180.0,180.0,180.0,180.0,180.0,180.0,180.0,180.0,180.0,180.0,180.0,180.0,180.0,180.0,180.0,180.0,180.0,180.0,180.0,180.0,520.0,520.0,520.0,520.0,520.0,520.0,520.0,520.0,520.0,520.0,520.0,320.0,320.0,320.0,320.0,320.0,300.0,300.0,300.0,300.0,300.0,240.0,240.0,240.0,240.0,240.0,240.0,240.0,240.0,240.0,280.0,280.0,280.0,280.0,280.0,280.0,280.0,440.0,440.0,440.0,440.0,440.0,260.0,260.0,260.0,200.0,200.0,200.0,380.0,440.0,440.0,20.0,20.0
video_recv_bitsReceivedPerSecond_498022440,0.0,164088.4520884521,181949.29577464788,158880.0,154528.0,162832.0,163632.0,179328.0,151208.0,173824.0,165192.0,155088.0,181944.0,159104.0,153448.0,161118.8811188811,164116.1161161161,181008.0,149288.0,178877.12287712286,162890.89089089088,153464.0,180984.0,159352.0,155768.0,160872.0,164840.0,180208.0,147632.0,177152.0,163664.0,153734.26573426573,171872.0,169057.05705705707,154888.0,162472.0,164248.0,180784.0,147344.0,218016.0,172771.22877122878,143575.57557557558,173776.0,158672.0,155344.0,163816.0,163844.15584415584,177313.31331331332,147800.0,178728.0,163668.33166833167,154290.2902902903,179376.0,159744.0,156792.0,161392.0,164904.0,177576.0,147768.0,181448.0,161648.0,152520.0,179536.0,160103.8961038961,157221.22122122123,162480.0,164096.0,178037.96203796205,148828.82882882882,178864.0,162248.0,157648.0,174544.0,162712.0,159760.23976023975,156140.14014014014,166744.0,170832.0,156704.0,181944.0,158528.0,154568.0,174344.0,155760.0,157768.0,158488.0,167160.0,173776.0,153080.0,223416.0,162304.0,148232.0,170336.0,164600.0,157440.0,156800.0,167272.0,172896.0,155248.0,179864.0,156064.0,157952.0,134368.0,206400.0,154736.0,156968.0,169320.0,171864.0,157728.0,175448.0,157112.0,160848.0,173168.0,166544.0,154080.0,159080.0,169136.0,170432.0,159424.0
video_recv_packetsReceivedPerSecond_498022440,0.0,60.1965601965602,59.15492957746479,60.0,60.0,60.0,60.0,60.0,60.0,61.0,60.0,60.0,60.0,60.0,60.0,59.94005994005994,60.06006006006006,60.0,60.0,62.93706293706294,60.06006006006006,60.0,60.0,60.0,60.0,60.0,60.0,60.0,60.0,62.0,60.0,59.94005994005994,57.0,63.06306306306306,60.0,60.0,60.0,60.0,60.0,64.0,65.93406593406593,60.06006006006006,60.0,60.0,60.0,60.0,60.93906093906094,59.05905905905906,60.0,62.0,59.94005994005994,60.06006006006006,60.0,60.0,60.0,60.0,60.0,60.0,60.0,63.0,60.0,60.0,60.0,59.94005994005994,60.06006006006006,60.0,60.0,59.94005994005994,60.06006006006006,62.0,60.0,61.0,59.0,60.0,60.93906093906094,59.05905905905906,60.0,58.0,62.0,63.0,60.0,60.0,60.0,57.0,60.0,60.0,60.0,60.0,60.0,65.0,63.0,60.0,60.0,60.0,60.0,60.0,60.0,60.0,60.0,62.0,60.0,60.0,48.0,72.0,60.0,60.0,60.0,60.0,60.0,61.0,60.0,60.0,60.0,60.0,60.0,60.0,60.0,60.0,60.0
video_recv_googCurrentDelayMs_498022440,54.0,54.0,54.0,54.0,55.0,55.0,54.0,54.0,54.0,55.0,54.0,55.0,54.0,54.0,54.0,54.0,54.0,54.0,54.0,54.0,54.0,54.0,54.0,54.0,54.0,54.0,54.0,54.0,54.0,54.0,54.0,54.0,54.0,54.0,54.0,54.0,54.0,53.0,54.0,59.0,59.0,59.0,59.0,58.0,59.0,58.0,58.0,58.0,58.0,58.0,58.0,58.0,58.0,58.0,58.0,57.0,57.0,57.0,57.0,57.0,57.0,57.0,57.0,57.0,57.0,56.0,56.0,56.0,56.0,56.0,56.0,56.0,56.0,56.0,55.0,55.0,55.0,55.0,55.0,56.0,55.0,55.0,55.0,55.0,55.0,55.0,55.0,54.0,55.0,62.0,65.0,65.0,65.0,65.0,65.0,64.0,64.0,63.0,63.0,64.0,64.0,63.0,63.0,63.0,63.0,63.0,62.0,62.0,62.0,61.0,62.0,61.0,61.0,61.0,61.0,61.0,60.0,60.0,60.0
video_recv_googDecodeMs_498022440,1.0,0.0,1.0,1.0,0.0,1.0,1.0,0.0,1.0,0.0,1.0,0.0,0.0,0.0,1.0,0.0,1.0,0.0,1.0,0.0,0.0,0.0,1.0,1.0,1.0,0.0,0.0,1.0,1.0,0.0,0.0,0.0,1.0,1.0,1.0,0.0,0.0,1.0,1.0,3.0,1.0,1.0,1.0,1.0,1.0,1.0,1.0,1.0,1.0,1.0,1.0,1.0,1.0,1.0,0.0,1.0,1.0,1.0,1.0,1.0,0.0,1.0,1.0,0.0,1.0,0.0,1.0,1.0,0.0,1.0,1.0,0.0,1.0,1.0,0.0,0.0,1.0,1.0,0.0,1.0,1.0,1.0,1.0,1.0,0.0,1.0,1.0,1.0,1.0,1.0,1.0,1.0,1.0,0.0,1.0,0.0,0.0,1.0,1.0,1.0,1.0,1.0,0.0,1.0,0.0,1.0,1.0,1.0,0.0,0.0,1.0,1.0,0.0,1.0,1.0,0.0,1.0,0.0,0.0
video_recv_googFrameHeightReceived_498022440,180.0,180.0,180.0,180.0,180.0,180.0,180.0,180.0,180.0,180.0,180.0,180.0,180.0,180.0,180.0,180.0,180.0,180.0,180.0,180.0,180.0,180.0,180.0,180.0,180.0,180.0,180.0,180.0,180.0,180.0,180.0,180.0,180.0,180.0,180.0,180.0,180.0,180.0,180.0,180.0,180.0,180.0,180.0,180.0,180.0,180.0,180.0,180.0,180.0,180.0,180.0,180.0,180.0,180.0,180.0,180.0,180.0,180.0,180.0,180.0,180.0,180.0,180.0,180.0,180.0,180.0,180.0,180.0,180.0,180.0,180.0,180.0,180.0,180.0,180.0,180.0,180.0,180.0,180.0,180.0,180.0,180.0,180.0,180.0,180.0,180.0,180.0,180.0,180.0,360.0,180.0,180.0,180.0,180.0,180.0,180.0,180.0,180.0,180.0,180.0,180.0,180.0,180.0,180.0,180.0,180.0,180.0,180.0,180.0,180.0,180.0,180.0,180.0,180.0,180.0,180.0,180.0,180.0,180.0
video_recv_googFrameRateOutput_498022440,60.0,60.0,60.0,60.0,61.0,60.0,60.0,60.0,60.0,59.0,60.0,60.0,60.0,60.0,60.0,60.0,60.0,60.0,60.0,60.0,61.0,60.0,60.0,60.0,60.0,60.0,60.0,60.0,60.0,60.0,60.0,60.0,55.0,63.0,60.0,60.0,60.0,60.0,60.0,56.0,58.0,60.0,60.0,61.0,60.0,60.0,60.0,60.0,60.0,60.0,60.0,60.0,60.0,61.0,60.0,60.0,60.0,60.0,60.0,60.0,58.0,60.0,58.0,60.0,60.0,60.0,59.0,61.0,58.0,60.0,60.0,60.0,60.0,60.0,60.0,60.0,60.0,58.0,62.0,60.0,60.0,60.0,58.0,57.0,60.0,56.0,60.0,60.0,58.0,58.0,56.0,60.0,60.0,60.0,60.0,60.0,61.0,60.0,60.0,60.0,60.0,60.0,50.0,66.0,60.0,60.0,60.0,60.0,60.0,60.0,60.0,60.0,60.0,60.0,60.0,60.0,60.0,60.0,60.0
video_recv_googFrameRateReceived_498022440,60.0,60.0,60.0,60.0,60.0,60.0,59.0,60.0,60.0,57.0,60.0,60.0,60.0,60.0,60.0,60.0,59.0,60.0,60.0,60.0,60.0,60.0,60.0,59.0,60.0,60.0,59.0,60.0,60.0,60.0,59.0,60.0,56.0,62.0,60.0,60.0,60.0,60.0,60.0,56.0,61.0,60.0,59.0,60.0,60.0,60.0,61.0,60.0,59.0,60.0,60.0,60.0,60.0,60.0,59.0,60.0,60.0,58.0,60.0,60.0,58.0,60.0,59.0,60.0,60.0,59.0,60.0,60.0,58.0,60.0,60.0,60.0,59.0,60.0,60.0,60.0,60.0,57.0,62.0,60.0,59.0,60.0,57.0,57.0,60.0,58.0,60.0,60.0,59.0,59.0,58.0,60.0,59.0,58.0,60.0,60.0,60.0,60.0,60.0,59.0,60.0,60.0,48.0,63.0,60.0,60.0,59.0,60.0,60.0,59.0,60.0,60.0,60.0,59.0,60.0,60.0,60.0,60.0,60.0
video_recv_googFrameWidthReceived_498022440,320.0,320.0,320.0,320.0,320.0,320.0,320.0,320.0,320.0,320.0,320.0,320.0,320.0,320.0,320.0,320.0,320.0,320.0,320.0,320.0,320.0,320.0,320.0,320.0,320.0,320.0,320.0,320.0,320.0,320.0,320.0,320.0,320.0,320.0,320.0,320.0,320.0,320.0,320.0,320.0,320.0,320.0,320.0,320.0,320.0,320.0,320.0,320.0,320.0,320.0,320.0,320.0,320.0,320.0,320.0,320.0,320.0,320.0,320.0,320.0,320.0,320.0,320.0,320.0,320.0,320.0,320.0,320.0,320.0,320.0,320.0,320.0,320.0,320.0,320.0,320.0,320.0,320.0,320.0,320.0,320.0,320.0,320.0,320.0,320.0,320.0,320.0,320.0,320.0,640.0,320.0,320.0,320.0,320.0,320.0,320.0,320.0,320.0,320.0,320.0,320.0,320.0,320.0,320.0,320.0,320.0,320.0,320.0,320.0,320.0,320.0,320.0,320.0,320.0,320.0,320.0,320.0,320.0,320.0
video_recv_googInterframeDelayMax_498022440,20.0,22.0,22.0,18.0,19.0,19.0,70.0,18.0,18.0,49.0,18.0,18.0,18.0,25.0,19.0,18.0,66.0,18.0,18.0,31.0,28.0,19.0,19.0,38.0,24.0,25.0,41.0,22.0,23.0,55.0,62.0,32.0,95.0,61.0,23.0,25.0,46.0,29.0,26.0,53.0,118.0,20.0,18.0,19.0,18.0,18.0,52.0,18.0,18.0,39.0,19.0,26.0,18.0,18.0,18.0,18.0,53.0,28.0,19.0,44.0,39.0,24.0,36.0,18.0,20.0,41.0,74.0,23.0,44.0,48.0,20.0,35.0,19.0,21.0,48.0,26.0,24.0,47.0,31.0,54.0,57.0,26.0,90.0,32.0,23.0,50.0,27.0,27.0,52.0,50.0,110.0,18.0,18.0,18.0,18.0,18.0,48.0,18.0,18.0,25.0,19.0,18.0,18.0,414.0,18.0,18.0,21.0,18.0,19.0,30.0,18.0,18.0,61.0,20.0,18.0,18.0,29.0,18.0,18.0
video_recv_googJitterBufferMs_498022440,43.0,43.0,43.0,43.0,44.0,44.0,43.0,43.0,43.0,44.0,43.0,44.0,43.0,43.0,43.0,43.0,43.0,43.0,43.0,43.0,43.0,43.0,43.0,43.0,43.0,43.0,43.0,43.0,43.0,43.0,43.0,43.0,43.0,43.0,43.0,43.0,43.0,42.0,43.0,48.0,48.0,48.0,48.0,47.0,48.0,47.0,47.0,47.0,47.0,47.0,47.0,47.0,47.0,47.0,47.0,46.0,46.0,46.0,46.0,46.0,46.0,46.0,46.0,46.0,46.0,45.0,45.0,45.0,45.0,45.0,45.0,45.0,45.0,45.0,45.0,44.0,44.0,44.0,44.0,45.0,44.0,44.0,44.0,44.0,44.0,44.0,44.0,43.0,44.0,54.0,54.0,54.0,54.0,54.0,54.0,53.0,53.0,52.0,53.0,53.0,53.0,53.0,52.0,52.0,52.0,52.0,51.0,51.0,51.0,51.0,51.0,50.0,50.0,50.0,50.0,50.0,49.0,49.0,49.0
video_recv_googPlisSent_498022440,0.0,0.0,0.0,0.0,0.0,0.0,0.0,0.0,0.0,0.0,0.0,0.0,0.0,0.0,0.0,0.0,0.0,0.0,0.0,0.0,0.0,0.0,0.0,0.0,0.0,0.0,0.0,0.0,0.0,0.0,0.0,0.0,0.0,0.0,0.0,0.0,0.0,0.0,0.0,0.0,0.0,0.0,0.0,0.0,0.0,0.0,0.0,0.0,0.0,0.0,0.0,0.0,0.0,0.0,0.0,0.0,0.0,0.0,0.0,0.0,0.0,0.0,0.0,0.0,0.0,0.0,0.0,0.0,0.0,0.0,0.0,0.0,0.0,0.0,0.0,0.0,0.0,0.0,0.0,0.0,0.0,0.0,0.0,0.0,0.0,0.0,0.0,0.0,0.0,0.0,0.0,0.0,0.0,0.0,0.0,0.0,0.0,0.0,0.0,0.0,0.0,0.0,0.0,0.0,0.0,0.0,0.0,0.0,0.0,0.0,0.0,0.0,0.0,0.0,0.0,0.0,0.0,0.0,0.0
audio_recv_bitsReceivedPerSecond_669380287,0.0,24948.40294840295,27898.591549295776,22136.0,24976.0,23672.0,25600.0,17272.0,10512.0,7152.0,7032.0,18728.0,25808.0,25752.0,26840.0,25470.52947052947,25737.737737737738,26856.0,25576.0,26317.682317682316,25417.41741741742,25896.0,25720.0,25648.0,25992.0,25168.0,25248.0,25944.0,25688.0,25832.0,26024.0,25822.177822177822,25960.0,23463.463463463464,21136.0,22592.0,25744.0,25992.0,25024.0,27208.0,21594.405594405594,17889.88988988989,25624.0,24776.0,21536.0,8240.0,8863.136863136862,8424.424424424424,10424.0,26048.0,25982.017982017984,26090.09009009009,25960.0,26016.0,24928.0,19112.0,8488.0,9640.0,16064.0,9400.0,8424.0,22168.0,9288.0,8439.560439560439,22598.598598598597,20960.0,25432.0,23392.60739260739,21557.557557557557,27072.0,25976.0,25416.0,25760.0,25456.0,26293.706293706295,26218.21821821822,26280.0,26112.0,26720.0,26056.0,26208.0,26088.0,25968.0,26600.0,26456.0,26424.0,26176.0,26328.0,26368.0,25920.0,25888.0,26128.0,26664.0,25840.0,26440.0,24760.0,23024.0,26128.0,25512.0,26264.0,24880.0,27528.0,20464.0,25392.0,27512.0,26200.0,26624.0,26392.0,26408.0,23752.0,21016.0,21072.0,19632.0,21920.0,24672.0,26192.0,19928.0,20136.0,17936.0
audio_recv_packetsReceivedPerSecond_669380287,0.0,47.2972972972973,50.70422535211268,42.0,48.0,45.0,50.0,31.0,16.0,8.0,8.0,36.0,50.0,49.0,51.0,49.95004995004995,49.049049049049046,51.0,49.0,50.94905094905095,50.050050050050054,50.0,50.0,50.0,50.0,50.0,50.0,50.0,50.0,50.0,50.0,49.95004995004995,50.0,44.04404404404404,39.0,42.0,50.0,50.0,48.0,52.0,39.96003996003996,33.033033033033036,49.0,47.0,41.0,13.0,13.986013986013987,13.013013013013014,17.0,50.0,49.95004995004995,50.050050050050054,50.0,50.0,48.0,35.0,13.0,16.0,30.0,15.0,13.0,43.0,15.0,12.987012987012987,44.04404404404404,40.0,50.0,43.956043956043956,40.04004004004004,52.0,50.0,50.0,50.0,50.0,49.95004995004995,50.050050050050054,50.0,50.0,50.0,50.0,50.0,50.0,50.0,50.0,50.0,50.0,50.0,50.0,50.0,50.0,50.0,50.0,50.0,50.0,50.0,46.0,43.0,50.0,50.0,50.0,46.0,54.0,40.0,45.0,52.0,50.0,50.0,50.0,50.0,44.0,39.0,39.0,36.0,42.0,47.0,50.0,37.0,37.0,32.0
audio_recv_googCurrentDelayMs_669380287,97.0,156.0,192.0,130.0,179.0,104.0,96.0,57.0,59.0,35.0,28.0,106.0,212.0,322.0,121.0,43.0,45.0,45.0,160.0,350.0,379.0,382.0,382.0,382.0,382.0,382.0,381.0,382.0,397.0,426.0,430.0,431.0,432.0,419.0,269.0,164.0,195.0,183.0,196.0,210.0,177.0,68.0,107.0,158.0,174.0,82.0,42.0,23.0,38.0,61.0,42.0,51.0,52.0,137.0,250.0,157.0,50.0,48.0,45.0,35.0,26.0,60.0,59.0,32.0,74.0,114.0,208.0,192.0,126.0,247.0,283.0,283.0,284.0,284.0,285.0,122.0,51.0,50.0,169.0,291.0,299.0,303.0,303.0,303.0,303.0,303.0,303.0,303.0,269.0,298.0,295.0,230.0,230.0,230.0,230.0,221.0,182.0,155.0,163.0,157.0,155.0,179.0,141.0,261.0,348.0,350.0,351.0,350.0,350.0,346.0,309.0,184.0,100.0,135.0,251.0,261.0,152.0,93.0,73.0
audio_recv_googJitterBufferMs_669380287,68.0,131.0,174.0,101.0,122.0,33.0,86.0,0.0,10.0,5.0,6.0,95.0,197.0,293.0,127.0,44.0,24.0,44.0,218.0,363.0,371.0,371.0,371.0,371.0,371.0,371.0,371.0,371.0,430.0,430.0,430.0,430.0,430.0,310.0,161.0,83.0,174.0,182.0,142.0,211.0,45.0,44.0,91.0,180.0,40.0,18.0,31.0,21.0,42.0,53.0,61.0,50.0,50.0,195.0,225.0,2.0,21.0,45.0,2.0,1.0,22.0,8.0,34.0,4.0,2.0,90.0,194.0,89.0,96.0,248.0,273.0,273.0,273.0,273.0,273.0,112.0,48.0,48.0,234.0,301.0,301.0,301.0,301.0,301.0,301.0,301.0,301.0,301.0,301.0,301.0,280.0,228.0,228.0,228.0,228.0,148.0,123.0,147.0,152.0,162.0,82.0,172.0,2.0,224.0,348.0,348.0,348.0,348.0,348.0,239.0,130.0,15.0,8.0,188.0,194.0,240.0,65.0,8.0,9.0
audio_recv_googJitterReceived_669380287,6.0,6.0,6.0,6.0,7.0,7.0,7.0,1.0,1.0,1.0,1.0,1.0,1.0,3.0,3.0,1.0,1.0,1.0,1.0,2.0,2.0,2.0,2.0,2.0,2.0,1.0,1.0,1.0,1.0,1.0,1.0,1.0,2.0,2.0,2.0,4.0,4.0,4.0,4.0,4.0,8.0,8.0,8.0,8.0,6.0,6.0,6.0,6.0,6.0,7.0,7.0,7.0,7.0,7.0,7.0,7.0,35.0,35.0,35.0,35.0,35.0,35.0,35.0,28.0,28.0,6.0,6.0,6.0,3.0,3.0,3.0,3.0,3.0,3.0,1.0,1.0,1.0,3.0,3.0,3.0,3.0,3.0,1.0,1.0,1.0,1.0,1.0,1.0,1.0,3.0,3.0,3.0,3.0,1.0,1.0,3.0,3.0,3.0,3.0,6.0,6.0,6.0,2.0,2.0,2.0,2.0,2.0,1.0,1.0,1.0,1.0,1.0,1.0,1.0,1.0,1.0,1.0,1.0,1.0
audio_recv_googPreferredJitterBufferMs_669380287,220.0,220.0,220.0,220.0,220.0,100.0,100.0,300.0,360.0,460.0,460.0,460.0,460.0,460.0,20.0,20.0,20.0,20.0,460.0,460.0,460.0,460.0,460.0,460.0,460.0,460.0,460.0,460.0,460.0,460.0,460.0,460.0,460.0,460.0,440.0,220.0,220.0,220.0,220.0,220.0,220.0,260.0,260.0,260.0,260.0,380.0,380.0,300.0,320.0,20.0,20.0,20.0,20.0,320.0,320.0,320.0,280.0,440.0,440.0,440.0,440.0,440.0,380.0,380.0,380.0,340.0,340.0,40.0,340.0,340.0,340.0,340.0,340.0,340.0,340.0,20.0,20.0,20.0,340.0,340.0,320.0,320.0,320.0,320.0,320.0,320.0,320.0,320.0,300.0,300.0,220.0,220.0,220.0,220.0,220.0,220.0,180.0,180.0,180.0,180.0,180.0,180.0,180.0,420.0,420.0,420.0,420.0,420.0,420.0,420.0,420.0,420.0,420.0,300.0,300.0,300.0,300.0,300.0,300.0
video_recv_bitsReceivedPerSecond_2386285789,0.0,453985.257985258,422715.4929577465,474568.0,329592.0,245840.0,303528.0,361576.0,421216.0,400880.0,506376.0,521056.0,551728.0,660832.0,691672.0,630417.5824175824,593089.0890890891,636416.0,507232.0,428299.7002997003,455231.23123123124,411472.0,434512.0,495040.0,516408.0,507536.0,498752.0,600736.0,445512.0,350720.0,363000.0,341122.8771228771,379800.0,440712.7127127127,493000.0,506848.0,498568.0,638776.0,674816.0,634320.0,659652.3476523476,594650.6506506506,592536.0,511200.0,354248.0,324496.0,358281.71828171826,427283.2832832833,447584.0,488792.0,551160.8391608392,481953.9539539539,498520.0,462624.0,353440.0,237088.0,304344.0,384392.0,411120.0,482488.0,541352.0,480736.0,492936.0,512015.984015984,557541.5415415416,556688.0,520848.0,638961.0389610389,521713.7137137137,488752.0,459880.0,419392.0,454184.0,480128.0,525170.8291708292,536344.3443443443,498744.0,601568.0,467120.0,448352.0,410432.0,357424.0,394704.0,438296.0,460120.0,474960.0,462128.0,529968.0,427128.0,420504.0,390568.0,359416.0,375640.0,428392.0,470096.0,474816.0,464824.0,527744.0,545384.0,640752.0,637000.0,567944.0,430688.0,596848.0,339448.0,309776.0,255352.0,318680.0,350136.0,386344.0,441936.0,402704.0,415056.0,442080.0,275992.0,245688.0,264856.0,302760.0,331656.0
video_recv_packetsReceivedPerSecond_2386285789,0.0,72.48157248157248,76.05633802816901,73.0,66.0,60.0,62.0,66.0,72.0,70.0,83.0,79.0,80.0,93.0,100.0,92.9070929070929,87.08708708708708,98.0,80.0,70.92907092907093,76.07607607607608,70.0,72.0,78.0,81.0,79.0,80.0,89.0,72.0,64.0,67.0,66.93306693306694,69.0,72.07207207207207,77.0,81.0,78.0,94.0,96.0,96.0,97.9020979020979,90.09009009009009,88.0,76.0,58.0,64.0,66.93306693306694,73.07307307307308,72.0,76.0,85.91408591408592,77.07707707707708,76.0,75.0,61.0,58.0,62.0,66.0,69.0,75.0,85.0,78.0,78.0,77.92207792207792,86.08608608608608,87.0,82.0,93.9060939060939,80.08008008008008,78.0,76.0,72.0,73.0,76.0,81.91808191808192,83.08308308308308,79.0,91.0,77.0,72.0,73.0,66.0,71.0,73.0,75.0,76.0,77.0,79.0,71.0,72.0,69.0,67.0,70.0,72.0,74.0,77.0,79.0,83.0,83.0,98.0,92.0,91.0,66.0,90.0,59.0,64.0,61.0,63.0,64.0,67.0,74.0,71.0,71.0,77.0,64.0,61.0,61.0,62.0,66.0
video_recv_googCurrentDelayMs_2386285789,40.0,39.0,39.0,39.0,40.0,41.0,41.0,39.0,38.0,38.0,37.0,37.0,36.0,36.0,35.0,35.0,35.0,35.0,36.0,36.0,36.0,36.0,36.0,35.0,35.0,35.0,35.0,34.0,35.0,35.0,35.0,35.0,35.0,35.0,34.0,34.0,34.0,33.0,32.0,33.0,40.0,39.0,39.0,39.0,40.0,40.0,40.0,40.0,39.0,38.0,39.0,38.0,38.0,38.0,39.0,39.0,39.0,38.0,38.0,37.0,37.0,37.0,36.0,36.0,36.0,36.0,36.0,35.0,36.0,36.0,36.0,36.0,36.0,35.0,35.0,35.0,35.0,34.0,35.0,35.0,35.0,35.0,35.0,34.0,34.0,34.0,34.0,34.0,34.0,34.0,34.0,34.0,34.0,33.0,33.0,33.0,33.0,32.0,32.0,32.0,37.0,37.0,37.0,37.0,37.0,38.0,38.0,38.0,38.0,37.0,37.0,37.0,37.0,36.0,37.0,37.0,37.0,37.0,37.0
video_recv_googDecodeMs_2386285789,3.0,2.0,1.0,2.0,2.0,2.0,1.0,2.0,2.0,2.0,1.0,2.0,2.0,2.0,2.0,2.0,2.0,2.0,2.0,2.0,2.0,2.0,2.0,2.0,2.0,2.0,2.0,2.0,1.0,2.0,2.0,2.0,2.0,2.0,1.0,2.0,2.0,2.0,2.0,2.0,2.0,2.0,2.0,2.0,2.0,2.0,2.0,1.0,2.0,2.0,1.0,2.0,2.0,2.0,2.0,2.0,2.0,2.0,2.0,1.0,2.0,2.0,2.0,2.0,2.0,2.0,2.0,1.0,2.0,2.0,2.0,2.0,2.0,2.0,2.0,2.0,2.0,2.0,2.0,2.0,2.0,2.0,3.0,2.0,2.0,2.0,2.0,2.0,2.0,2.0,3.0,2.0,2.0,2.0,2.0,2.0,2.0,2.0,2.0,2.0,1.0,2.0,2.0,2.0,2.0,2.0,2.0,2.0,2.0,2.0,3.0,2.0,2.0,2.0,2.0,1.0,2.0,2.0,2.0
video_recv_googFrameHeightReceived_2386285789,360.0,360.0,360.0,360.0,360.0,360.0,360.0,360.0,360.0,360.0,360.0,360.0,360.0,360.0,360.0,360.0,360.0,360.0,360.0,360.0,360.0,360.0,360.0,360.0,360.0,360.0,360.0,360.0,360.0,360.0,360.0,360.0,360.0,360.0,360.0,360.0,360.0,360.0,360.0,360.0,360.0,360.0,360.0,360.0,360.0,360.0,360.0,360.0,360.0,360.0,360.0,360.0,360.0,360.0,360.0,360.0,360.0,360.0,360.0,360.0,360.0,360.0,360.0,360.0,360.0,360.0,360.0,360.0,360.0,360.0,360.0,360.0,360.0,360.0,360.0,360.0,360.0,360.0,360.0,360.0,360.0,360.0,360.0,360.0,360.0,360.0,360.0,360.0,360.0,360.0,360.0,360.0,360.0,360.0,360.0,360.0,360.0,360.0,360.0,360.0,360.0,360.0,360.0,360.0,360.0,360.0,360.0,360.0,360.0,360.0,360.0,360.0,360.0,360.0,360.0,360.0,360.0,360.0,360.0
video_recv_googFrameRateOutput_2386285789,59.0,59.0,60.0,58.0,50.0,60.0,61.0,60.0,59.0,60.0,59.0,60.0,59.0,60.0,59.0,60.0,59.0,60.0,59.0,60.0,60.0,61.0,60.0,60.0,59.0,60.0,59.0,60.0,59.0,60.0,60.0,59.0,60.0,60.0,60.0,60.0,59.0,59.0,59.0,60.0,59.0,60.0,60.0,59.0,46.0,60.0,59.0,60.0,60.0,60.0,60.0,60.0,60.0,60.0,53.0,52.0,60.0,59.0,60.0,60.0,60.0,60.0,59.0,59.0,60.0,60.0,60.0,60.0,57.0,60.0,60.0,60.0,60.0,56.0,60.0,60.0,60.0,60.0,59.0,60.0,60.0,60.0,60.0,61.0,60.0,60.0,55.0,60.0,60.0,60.0,60.0,60.0,60.0,60.0,60.0,60.0,60.0,61.0,60.0,60.0,58.0,62.0,51.0,59.0,50.0,53.0,60.0,60.0,60.0,60.0,60.0,61.0,60.0,60.0,60.0,60.0,60.0,56.0,60.0
video_recv_googFrameRateReceived_2386285789,60.0,60.0,59.0,57.0,53.0,60.0,58.0,60.0,60.0,60.0,60.0,60.0,60.0,59.0,61.0,60.0,59.0,60.0,60.0,60.0,58.0,60.0,59.0,59.0,60.0,60.0,59.0,60.0,60.0,60.0,59.0,60.0,60.0,60.0,60.0,60.0,60.0,60.0,58.0,61.0,58.0,62.0,59.0,57.0,49.0,60.0,60.0,60.0,59.0,60.0,60.0,59.0,60.0,60.0,48.0,56.0,60.0,59.0,60.0,60.0,58.0,60.0,59.0,60.0,60.0,59.0,60.0,60.0,56.0,62.0,60.0,60.0,60.0,56.0,58.0,60.0,60.0,59.0,60.0,60.0,58.0,60.0,59.0,60.0,60.0,59.0,55.0,60.0,60.0,60.0,60.0,60.0,59.0,58.0,60.0,60.0,59.0,60.0,60.0,59.0,55.0,65.0,48.0,62.0,52.0,53.0,59.0,60.0,60.0,59.0,59.0,61.0,60.0,60.0,60.0,60.0,60.0,56.0,60.0
video_recv_googFrameWidthReceived_2386285789,640.0,640.0,640.0,640.0,640.0,640.0,640.0,640.0,640.0,640.0,640.0,640.0,640.0,640.0,640.0,640.0,640.0,640.0,640.0,640.0,640.0,640.0,640.0,640.0,640.0,640.0,640.0,640.0,640.0,640.0,640.0,640.0,640.0,640.0,640.0,640.0,640.0,640.0,640.0,640.0,640.0,640.0,640.0,640.0,640.0,640.0,640.0,640.0,640.0,640.0,640.0,640.0,640.0,640.0,640.0,640.0,640.0,640.0,640.0,640.0,640.0,640.0,640.0,640.0,640.0,640.0,640.0,640.0,640.0,640.0,640.0,640.0,640.0,640.0,640.0,640.0,640.0,640.0,640.0,640.0,640.0,640.0,640.0,640.0,640.0,640.0,640.0,640.0,640.0,640.0,640.0,640.0,640.0,640.0,640.0,640.0,640.0,640.0,640.0,640.0,640.0,640.0,640.0,640.0,640.0,640.0,640.0,640.0,640.0,640.0,640.0,640.0,640.0,640.0,640.0,640.0,640.0,640.0,640.0
video_recv_googInterframeDelayMax_2386285789,34.0,20.0,19.0,43.0,51.0,18.0,19.0,18.0,19.0,18.0,22.0,18.0,19.0,19.0,18.0,18.0,19.0,19.0,37.0,18.0,18.0,18.0,18.0,22.0,18.0,18.0,18.0,19.0,41.0,18.0,18.0,18.0,18.0,18.0,19.0,18.0,65.0,19.0,20.0,28.0,28.0,18.0,19.0,42.0,67.0,20.0,19.0,18.0,19.0,19.0,19.0,19.0,18.0,40.0,50.0,51.0,19.0,38.0,23.0,18.0,37.0,18.0,18.0,19.0,19.0,19.0,20.0,18.0,42.0,18.0,19.0,18.0,18.0,84.0,29.0,18.0,18.0,18.0,45.0,18.0,19.0,18.0,28.0,18.0,19.0,18.0,68.0,19.0,45.0,18.0,20.0,18.0,18.0,18.0,27.0,18.0,18.0,18.0,18.0,30.0,43.0,24.0,18.0,389.0,35.0,34.0,18.0,18.0,18.0,18.0,18.0,18.0,23.0,35.0,18.0,18.0,23.0,67.0,18.0
video_recv_googJitterBufferMs_2386285789,26.0,25.0,25.0,25.0,26.0,27.0,27.0,26.0,25.0,25.0,24.0,24.0,23.0,23.0,22.0,22.0,22.0,22.0,23.0,23.0,23.0,23.0,23.0,22.0,22.0,22.0,22.0,21.0,22.0,22.0,22.0,22.0,22.0,22.0,21.0,21.0,21.0,20.0,19.0,20.0,27.0,26.0,26.0,26.0,27.0,27.0,27.0,27.0,26.0,25.0,26.0,25.0,25.0,25.0,26.0,26.0,26.0,25.0,25.0,24.0,24.0,24.0,24.0,23.0,23.0,23.0,23.0,22.0,23.0,23.0,23.0,23.0,23.0,23.0,22.0,22.0,22.0,21.0,22.0,22.0,22.0,22.0,22.0,21.0,21.0,21.0,21.0,21.0,21.0,21.0,21.0,21.0,21.0,20.0,20.0,20.0,20.0,19.0,19.0,19.0,24.0,24.0,24.0,24.0,25.0,25.0,25.0,25.0,25.0,24.0,24.0,24.0,24.0,23.0,24.0,24.0,24.0,24.0,24.0
video_recv_googPlisSent_2386285789,0.0,0.0,0.0,0.0,0.0,0.0,0.0,0.0,0.0,0.0,0.0,0.0,0.0,0.0,0.0,0.0,0.0,0.0,0.0,0.0,0.0,0.0,0.0,0.0,0.0,0.0,0.0,0.0,0.0,0.0,0.0,0.0,0.0,0.0,0.0,0.0,0.0,0.0,0.0,0.0,0.0,0.0,0.0,0.0,0.0,0.0,0.0,0.0,0.0,0.0,0.0,0.0,0.0,0.0,0.0,0.0,0.0,0.0,0.0,0.0,0.0,0.0,0.0,0.0,0.0,0.0,0.0,0.0,0.0,0.0,0.0,0.0,0.0,0.0,0.0,0.0,0.0,0.0,0.0,0.0,0.0,0.0,0.0,0.0,0.0,0.0,0.0,0.0,0.0,0.0,0.0,0.0,0.0,0.0,0.0,0.0,0.0,0.0,0.0,0.0,0.0,0.0,0.0,0.0,0.0,0.0,0.0,0.0,0.0,0.0,0.0,0.0,0.0,0.0,0.0,0.0,0.0,0.0,0.0
video_send_resolutionChangesSent_1047346405,0,0,0,0,0,0,0,0,0,0,0,0,0,0,0,0,0,0,0,0,0,0,0,0,0,0,0,0,0,0,0,0,0,0,0,0,0,0,0,0,0,0,0,0,0,0,0,0,0,0,0,0,0,0,0,0,0,0,0,0,0,0,0,0,0,0,0,0,0,0,0,0,0,0,0,0,0,0,0,0,0,0,0,0,0,0,0,0,0,0,0,0,0,0,0,0,0,0,0,0,0,0,0,0,0,0,0,0,0,0,0,0,0,0,0,0,0,0,0
video_recv_resolutionChangesReceived_498022440,0,0,0,0,0,0,0,0,0,0,0,0,0,0,0,0,0,0,0,0,0,0,0,0,0,0,0,0,0,0,0,0,0,0,0,0,0,0,0,0,0,0,0,0,0,0,0,0,0,0,0,0,0,0,0,0,0,0,0,0,0,0,0,0,0,0,0,0,0,0,0,0,0,0,0,0,0,0,0,0,0,0,0,0,0,0,0,0,0,1,2,2,2,2,2,2,2,2,2,2,2,2,2,2,2,2,2,2,2,2,2,2,2,2,2,2,2,2,2
video_recv_resolutionChangesReceived_2386285789,0,0,0,0,0,0,0,0,0,0,0,0,0,0,0,0,0,0,0,0,0,0,0,0,0,0,0,0,0,0,0,0,0,0,0,0,0,0,0,0,0,0,0,0,0,0,0,0,0,0,0,0,0,0,0,0,0,0,0,0,0,0,0,0,0,0,0,0,0,0,0,0,0,0,0,0,0,0,0,0,0,0,0,0,0,0,0,0,0,0,0,0,0,0,0,0,0,0,0,0,0,0,0,0,0,0,0,0,0,0,0,0,0,0,0,0,0,0,0
1_way_delay_audio_send_1047346405_0,19.5,19.5,19.5,85.5,85.5,85.5,85.5,19.5,19.5,19.5,19.5,19.5,25.0,25.0,25.0,25.0,25.0,25.0,25.0,19.5,19.5,19.5,19.5,19.5,19.5,19.5,19.5,19.5,19.5,19.5,19.5,24.5,24.5,24.5,24.5,20.0,20.0,20.0,20.0,55.0,55.0,55.0,55.0,19.5,19.5,19.5,19.5,19.5,19.5,19.5,19.5,19.5,19.5,19.5,19.5,19.5,19.5,19.5,20.0,20.0,20.0,20.0,20.0,81.5,81.5,81.5,81.5,23.5,23.5,23.5,23.5,23.5,23.5,19.5,19.5,19.5,19.5,19.5,19.5,19.5,19.5,19.5,19.5,19.5,19.5,19.5,19.5,19.5,19.5,19.5,19.5,19.5,19.5,19.5,20.0,20.0,20.0,20.0,20.0,20.0,20.0,20.0,20.0,20.0,20.0,20.0,20.0,19.5,19.5,19.5,19.5,19.5,19.5,52.0,52.0,52.0,52.0,52.0,19.5
1_way_delay_video_send_1047346405_0,14.5,11.5,11.5,12.0,17.0,21.5,31.5,31.5,25.5,21.5,18.5,15.0,13.5,13.5,14.0,13.5,13.5,12.0,10.5,11.5,13.0,13.0,26.5,23.0,20.0,17.0,15.0,14.0,12.0,11.5,11.5,10.0,10.5,11.0,11.5,11.5,12.0,12.0,11.5,14.5,17.0,14.0,12.0,11.5,11.5,13.5,34.0,25.5,21.0,18.5,16.0,13.0,11.0,10.0,10.0,11.0,12.0,13.0,13.0,13.5,13.5,13.0,32.5,35.5,34.0,26.0,27.5,32.5,31.5,29.0,27.5,25.0,21.0,19.5,17.0,15.0,14.5,13.5,12.0,11.5,10.5,10.0,10.0,10.0,10.0,9.0,11.0,12.5,11.5,10.0,12.5,14.5,16.0,17.0,18.0,21.0,25.0,25.5,20.5,17.0,14.5,13.0,12.0,11.0,11.5,12.0,11.0,10.5,10.0,10.5,11.5,11.5,16.5,21.0,21.0,19.5,15.5,15.5,15.5
ear_ear_delay_audio_send_1047346405_0,203.5,27.5,24.5,154.5,267.5,389.5,461.5,395.5,385.5,395.5,395.5,20.5,27.0,25.0,81.0,58.0,58.0,58.0,87.0,135.5,135.5,116.5,203.5,159.5,159.5,159.5,159.5,159.5,143.5,56.5,132.5,137.5,131.5,72.5,86.5,221.0,208.0,199.0,22.0,57.0,112.0,259.0,371.0,350.5,350.5,351.5,458.5,398.5,170.5,128.5,88.5,31.5,21.5,30.5,27.5,31.5,70.5,96.5,80.0,41.0,140.0,139.0,378.0,448.5,448.5,448.5,448.5,390.5,195.5,120.5,56.5,56.5,25.5,63.5,60.5,101.5,183.5,58.5,103.5,20.5,53.5,60.5,25.5,131.5,213.5,284.5,289.5,20.5,21.5,25.5,22.5,23.5,47.5,43.5,32.0,130.0,343.0,299.0,139.0,67.0,55.0,31.0,34.0,55.0,156.0,249.0,218.0,348.5,363.5,343.5,373.5,343.5,445.5,478.0,478.0,478.0,478.0,378.0,352.5
audio_packet_loss_percentage_send_1047346405_0,0.0,0.0,0.0,0.0,0.0,0.0,0.0,0.0,0.0,0.0,0.0,0.0,0.0,0.0,0.0,0.0,0.0,0.0,0.0,0.0,0.0,0.0,0.0,0.0,0.0,0.0,0.0,0.0,0.0,0.0,0.0,0.0,0.0,0.0,0.0,0.0,0.0,0.0,0.0,0.0,0.0,0.0,0.0,0.0,0.0,0.0,0.0,0.0,0.0,0.0,0.0,0.0,0.0,0.0,0.0,0.0,0.0,0.0,0.0,0.0,0.0,0.0,0.0,0.0,0.0,0.0,0.0,0.0,0.0,0.0,0.0,0.0,0.0,0.0,0.0,0.0,0.0,0.0,0.0,0.0,0.0,0.0,0.0,0.0,0.0,0.0,0.0,0.0,0.0,0.0,0.0,0.0,0.0,0.0,0.0,0.0,0.0,0.0,0.0,0.0,0.0,0.0,0.0,0.0,0.0,0.0,0.0,0.0,0.0,0.0,0.0,0.0,0.0,0.0,0.0,0.0,0.0
e_model_audio_send_1047346405_0,86.434,93.54,93.61200000000001,90.492,77.858,61.510000000000005,51.862,60.706,62.04600000000001,60.706,60.706,93.708,93.552,93.60000000000001,92.256,92.808,92.808,92.808,92.11200000000001,90.94800000000001,90.94800000000001,91.404,86.434,90.372,90.372,90.372,90.372,90.372,90.756,92.84400000000001,91.02,90.9,91.044,92.46000000000001,92.12400000000001,84.089,85.831,87.037,93.672,92.83200000000001,91.512,78.997,63.989000000000004,66.736,66.736,66.602,52.264,60.304,90.108,91.116,92.07600000000001,93.444,93.684,93.468,93.54,93.444,92.50800000000001,91.884,92.28,93.21600000000001,90.84,90.864,63.051,53.604000000000006,53.604000000000006,53.604000000000006,53.604000000000006,61.376000000000005,87.506,91.308,92.84400000000001,92.84400000000001,93.58800000000001,92.676,92.748,91.76400000000001,89.114,92.796,91.71600000000001,93.708,92.916,92.748,93.58800000000001,91.044,85.09400000000001,75.58000000000001,74.91,93.708,93.684,93.58800000000001,93.66,93.636,93.06,93.156,93.432,91.08,67.741,73.637,90.864,92.592,92.88000000000001,93.456,93.384,92.88000000000001,90.456,80.337,84.491,67.004,64.994,67.674,63.654,67.674,54.006,49.651,49.651,49.651,49.651,63.051
kpi_audio_synchronization_1047346405_0,4.242158831558473,4.415770134952001,4.417118292301504,4.350866777051584,3.9405318230910162,3.1778746853430007,2.6729525036285042,3.1364985556892884,3.2053367902066485,3.1364985556892884,3.1364985556892884,4.418902190823617,4.415995436191745,4.416894208,4.390272683327488,4.401569669833217,4.401569669833217,4.401569669833217,4.387243436437505,4.361528034120256,4.361528034120256,4.371860790569152,4.242158831558473,4.3480070839680645,4.3480070839680645,4.3480070839680645,4.3480070839680645,4.3480070839680645,4.357078892711488,4.4022889586869125,4.3631814635440005,4.360421197000001,4.363730784027712,4.394506059448,4.387497165341633,4.168722469941217,4.223983684941663,4.259828478762429,4.418235058276864,4.402049434599425,4.374259472571905,3.985530298149189,3.303958188905318,3.4404330220462085,3.4404330220462085,3.4338672013655445,2.6941375666897924,3.115734065098752,4.3416370099020165,4.365373269377728,4.386480842815169,4.413958977013312,4.418457679857473,4.414413223485377,4.415770134952001,4.413958977013312,4.395492222356417,4.3823781086542715,4.390774265536001,4.409595321008128,4.359032539072,4.359588683272192,3.2565397920684434,2.7647915352699526,2.7647915352699526,2.7647915352699526,2.7647915352699526,3.170993490362368,4.273216161668489,4.369712970049217,4.4022889586869125,4.4022889586869125,4.4166698801656965,4.398913909077568,4.400366081189056,4.379783570857793,4.316693421625192,4.401329429299649,4.378739243672128,4.418902190823617,4.403721082500928,4.400366081189056,4.4166698801656965,4.363730784027712,4.201096568245913,3.846588072216001,3.8180125696030003,4.418902190823617,4.418457679857473,4.4166698801656965,4.418012192728001,4.417565730015808,4.406559459688,4.408432497537088,4.413731489857025,4.3645530540160005,3.489347516669853,3.7626088150790293,4.359588683272192,4.397208882909184,4.403006096896001,4.414186221580288,4.412819116790272,4.403006096896001,4.350011225548288,4.036674733450729,4.181831059240603,3.4535342394075523,3.3543257411815124,3.486105093513833,3.2870664495681523,3.486105093513833,2.785988343494488,2.556686323629844,2.556686323629844,2.556686323629844,2.556686323629844,3.2565397920684434
eye_eye_delay_video_send_1047346405_0,59.5,57.5,57.5,58.0,63.0,67.5,77.5,77.5,72.5,67.5,65.5,61.0,59.5,60.5,60.0,59.5,59.5,58.0,56.5,57.5,59.0,59.0,72.5,69.0,66.0,63.0,61.0,60.0,59.0,57.5,58.5,56.0,56.5,57.0,61.5,61.5,62.0,62.0,61.5,64.5,67.0,63.0,61.0,60.5,60.5,62.5,83.0,74.5,70.0,67.5,65.0,61.0,59.0,58.0,58.0,59.0,59.0,61.0,61.0,61.5,60.5,61.0,80.5,83.5,82.0,73.0,74.5,79.5,78.5,76.0,74.5,71.0,67.0,65.5,63.0,61.0,60.5,59.5,58.0,57.5,56.5,55.0,55.0,55.0,65.0,64.0,65.0,67.5,65.5,64.0,66.5,68.5,70.0,71.0,71.0,74.0,77.0,77.5,72.5,69.0,66.5,65.0,63.0,62.0,62.5,63.0,62.0,60.5,60.0,60.5,61.5,61.5,65.5,71.0,70.0,68.5,64.5,64.5,63.5
kpi_video_synchronization_1047346405_0,5,5,5,5,5,5,5,5,5,5,5,5,5,5,5,5,5,5,5,5,5,5,5,5,5,5,5,5,5,5,5,5,5,5,5,5,5,5,5,5,5,5,5,5,5,5,5,5,5,5,5,5,5,5,5,5,5,5,5,5,5,5,5,5,5,5,5,5,5,5,5,5,5,5,5,5,5,5,5,5,5,5,5,5,5,5,5,5,5,5,5,5,5,5,5,5,5,5,5,5,5,5,5,5,5,5,5,5,5,5,5,5,5,5,5,5,5,5,5
av_delay_send_1047346405_0,144.0,-30.0,-33.0,96.5,204.5,322.0,384.0,318.0,313.0,328.0,330.0,-40.5,-32.5,-35.5,21.0,-1.5,-1.5,0.0,30.5,78.0,76.5,57.5,131.0,90.5,93.5,96.5,98.5,99.5,84.5,-1.0,74.0,81.5,75.0,15.5,25.0,159.5,146.0,137.0,-39.5,-7.5,45.0,196.0,310.0,290.0,290.0,289.0,375.5,324.0,100.5,61.0,23.5,-29.5,-37.5,-27.5,-30.5,-27.5,11.5,35.5,19.0,-20.5,79.5,78.0,297.5,365.0,366.5,375.5,374.0,311.0,117.0,44.5,-18.0,-14.5,-41.5,-2.0,-2.5,40.5,123.0,-1.0,45.5,-37.0,-3.0,5.5,-29.5,76.5,148.5,220.5,224.5,-47.0,-44.0,-38.5,-44.0,-45.0,-22.5,-27.5,-39.0,56.0,266.0,221.5,66.5,-2.0,-11.5,-34.0,-29.0,-7.0,93.5,186.0,156.0,288.0,303.5,283.0,312.0,282.0,380.0,407.0,408.0,409.5,413.5,313.5,289.0
kpi_av_synchronization_1047346405_0,1,5,5,1,1,1,1,1,1,1,1,5,5,5,5,5,5,5,5,2.36,2.48,4.0,1,1,1,1,1,1,1.8399999999999999,5,2.68,2.08,2.6,5,5,1,1,1,5,5,5,1,1,1,1,1,1,1,1,3.7199999999999998,5,5,5,5,5,5,5,5,5,5,2.24,2.36,1,1,1,1,1,1,1,5,5,5,5,5,5,5,1,5,4.96,5,5,5,5,2.48,1,1,1,5,5,5,5,5,5,5,5,4.12,1,1,3.2800000000000002,5,5,5,5,5,1,1,1,1,1,1,1,1,1,1,1,1,1,1,1
1_way_delay_audio_send_1047346405_1,19.5,19.5,19.5,85.5,85.5,85.5,85.5,19.5,19.5,19.5,19.5,19.5,25.0,25.0,25.0,25.0,25.0,25.0,25.0,19.5,19.5,19.5,19.5,19.5,19.5,19.5,19.5,19.5,19.5,19.5,19.5,24.5,24.5,24.5,24.5,20.0,20.0,20.0,20.0,55.0,55.0,55.0,55.0,19.5,19.5,19.5,19.5,19.5,19.5,19.5,19.5,19.5,19.5,19.5,19.5,19.5,19.5,19.5,20.0,20.0,20.0,20.0,20.0,81.5,81.5,81.5,81.5,23.5,23.5,23.5,23.5,23.5,23.5,19.5,19.5,19.5,19.5,19.5,19.5,19.5,19.5,19.5,19.5,19.5,19.5,19.5,19.5,19.5,19.5,19.5,19.5,19.5,19.5,19.5,20.0,20.0,20.0,20.0,20.0,20.0,20.0,20.0,20.0,20.0,20.0,20.0,20.0,19.5,19.5,19.5,19.5,19.5,19.5,52.0,52.0,52.0,52.0,52.0,19.5
1_way_delay_video_send_1047346405_1,14.5,11.5,11.5,12.0,17.0,21.5,31.5,31.5,25.5,21.5,18.5,15.0,13.5,13.5,14.0,13.5,13.5,12.0,10.5,11.5,13.0,13.0,26.5,23.0,20.0,17.0,15.0,14.0,12.0,11.5,11.5,10.0,10.5,11.0,11.5,11.5,12.0,12.0,11.5,14.5,17.0,14.0,12.0,11.5,11.5,13.5,34.0,25.5,21.0,18.5,16.0,13.0,11.0,10.0,10.0,11.0,12.0,13.0,13.0,13.5,13.5,13.0,32.5,35.5,34.0,26.0,27.5,32.5,31.5,29.0,27.5,25.0,21.0,19.5,17.0,15.0,14.5,13.5,12.0,11.5,10.5,10.0,10.0,10.0,10.0,9.0,11.0,12.5,11.5,10.0,12.5,14.5,16.0,17.0,18.0,21.0,25.0,25.5,20.5,17.0,14.5,13.0,12.0,11.0,11.5,12.0,11.0,10.5,10.0,10.5,11.5,11.5,16.5,21.0,21.0,19.5,15.5,15.5,15.5
ear_ear_delay_audio_send_1047346405_1,196.5,31.5,31.5,145.5,259.5,253.5,470.5,404.5,404.5,404.5,404.5,236.5,50.0,29.0,67.0,67.0,67.0,67.0,89.0,154.5,162.5,50.5,272.5,204.5,190.5,190.5,190.5,190.5,190.5,90.5,65.5,66.5,48.5,56.5,86.5,94.0,229.0,214.0,23.0,59.0,109.0,225.0,364.0,376.5,366.5,239.5,467.5,407.5,185.5,113.5,60.5,33.5,20.5,55.5,26.5,31.5,90.5,114.5,61.0,28.0,123.0,57.0,348.0,457.5,457.5,457.5,457.5,399.5,258.5,150.5,77.5,66.5,33.5,21.5,41.5,20.5,216.5,59.5,114.5,22.5,49.5,51.5,20.5,131.5,217.5,182.5,286.5,43.5,28.5,23.5,24.5,55.5,40.5,27.5,28.0,55.0,334.0,333.0,177.0,81.0,61.0,28.0,29.0,24.0,124.0,222.0,205.0,330.5,327.5,377.5,377.5,249.5,452.5,495.0,485.0,485.0,445.0,385.0,332.5
audio_packet_loss_percentage_send_1047346405_1,0.0,0.0,0.0,0.0,0.0,0.0,0.0,0.0,0.0,0.0,0.0,0.0,0.0,0.0,0.0,0.0,0.0,0.0,0.0,0.0,0.0,0.0,0.0,0.0,0.0,0.0,0.0,0.0,0.0,0.0,0.0,0.0,0.0,0.0,0.0,0.0,0.0,0.0,0.0,0.0,0.0,0.0,0.0,0.0,0.0,0.0,0.0,0.0,0.0,0.0,0.0,0.0,0.0,0.0,0.0,0.0,0.0,0.0,0.0,0.0,0.0,0.0,0.0,0.0,0.0,0.0,0.0,0.0,0.0,0.0,0.0,0.0,0.0,0.0,0.0,0.0,0.0,0.0,0.0,0.0,0.0,0.0,0.0,0.0,0.0,0.0,0.0,0.0,0.0,0.0,0.0,0.0,0.0,0.0,0.0,0.0,0.0,0.0,0.0,0.0,0.0,0.0,0.0,0.0,0.0,0.0,0.0,0.0,0.0,0.0,0.0,0.0,0.0,0.0,0.0,0.0,0.0
e_model_audio_send_1047346405_1,87.372,93.444,93.444,90.708,78.93,79.73400000000001,50.656,59.50000000000001,59.50000000000001,59.50000000000001,59.50000000000001,82.012,93.0,93.504,92.592,92.592,92.592,92.592,92.06400000000001,90.492,90.3,92.988,77.188,86.30000000000001,88.176,88.176,88.176,88.176,88.176,92.028,92.628,92.604,93.036,92.84400000000001,92.12400000000001,91.944,83.017,85.027,93.648,92.784,91.584,83.553,64.927,63.252,64.59200000000001,81.61,51.058,59.098000000000006,88.846,91.476,92.748,93.396,93.708,92.86800000000001,93.56400000000001,93.444,92.028,91.452,92.736,93.528,91.248,92.83200000000001,67.071,52.398,52.398,52.398,52.398,60.17,79.06400000000001,90.58800000000001,92.34,92.604,93.396,93.684,93.20400000000001,93.708,84.69200000000001,92.772,91.452,93.66,93.012,92.964,93.708,91.044,84.558,89.248,75.31200000000001,93.156,93.516,93.636,93.61200000000001,92.86800000000001,93.22800000000001,93.54,93.528,92.88000000000001,68.947,69.081,89.952,92.256,92.736,93.528,93.504,93.62400000000001,91.224,83.955,86.233,69.416,69.81800000000001,63.118,63.118,80.27000000000001,53.068000000000005,47.373000000000005,48.713,48.713,54.07300000000001,62.11300000000001
kpi_audio_synchronization_1047346405_1,4.269423134160065,4.413958977013312,4.413958977013312,4.3559575424556165,3.9829214313010004,4.013905708387672,2.6094681474170884,3.0740658750000005,3.0740658750000005,3.0740658750000005,3.0740658750000005,4.0977296252999045,4.405381000000001,4.415092772503553,4.397208882909184,4.397208882909184,4.397208882909184,4.397208882909184,4.386226176212993,4.350866777051584,4.346280511000001,4.405144588060097,3.913433935519296,4.238163271,4.291792707309568,4.291792707309568,4.291792707309568,4.291792707309568,4.291792707309568,4.385460771238336,4.397941034479936,4.397453170965951,4.406088796105408,4.4022889586869125,4.387497165341633,4.383666638797312,4.132753086918609,4.1989797400772195,4.4177890832834565,4.401088950095873,4.375848206467072,4.150920100206362,3.3509828221181195,3.2667322886669443,3.334235691741185,4.083377211033,2.630615065470216,3.0531676325356565,4.309712336281848,4.373461987432768,4.400366081189056,4.413047573578048,4.418902190823617,4.402767289907777,4.416220494188992,4.413958977013312,4.385460771238336,4.372929177118144,4.400124648030209,4.415544590542337,4.368363115565057,4.402049434599425,3.4568031317276233,2.7012010019984567,2.7012010019984567,2.7012010019984567,2.7012010019984567,3.1088019196090007,3.9881343264209925,4.353138354037697,4.392024097672,4.397453170965951,4.413047573578048,4.418457679857473,4.409363238444352,4.418902190823617,4.188306219966784,4.400848232294464,4.372929177118144,4.418012192728001,4.405617172035905,4.404671044758593,4.418902190823617,4.363730784027712,4.183995337396216,4.320143538733056,3.8352074958807045,4.408432497537088,4.415318803035329,4.417565730015808,4.417118292301504,4.402767289907777,4.409827162361537,4.415770134952001,4.415544590542337,4.403006096896001,3.5472343898811394,3.5536087367109133,4.337822226694144,4.390272683327488,4.400124648030209,4.415544590542337,4.415092772503553,4.417342132997633,4.367821568108032,4.164306416537875,4.2361561612006415,3.5694924246369277,3.5884526487999766,3.2599391399267765,3.2599391399267765,4.034165038219,2.736526738166976,2.437692483891181,2.507563368058321,2.507563368058321,2.7895207746708817,3.2087622939417213
eye_eye_delay_video_send_1047346405_1,55.5,52.5,52.5,53.0,58.0,62.5,72.5,73.5,67.5,63.5,60.5,57.0,55.5,55.5,56.0,54.5,54.5,54.0,51.5,52.5,54.0,54.0,68.5,65.0,62.0,59.0,56.0,56.0,54.0,53.5,53.5,52.0,51.5,52.0,60.5,60.5,60.0,60.0,59.5,62.5,65.0,62.0,60.0,59.5,58.5,60.5,81.0,72.5,68.0,65.5,63.0,60.0,58.0,57.0,56.0,57.0,58.0,59.0,59.0,59.5,59.5,59.0,78.5,81.5,80.0,72.0,73.5,77.5,77.5,74.0,72.5,70.0,66.0,64.5,62.0,59.0,58.5,57.5,56.0,55.5,54.5,54.0,54.0,54.0,64.0,62.0,64.0,65.5,64.5,62.0,64.5,66.5,68.0,69.0,70.0,72.0,76.0,76.5,71.5,67.0,64.5,63.0,62.0,60.0,61.5,61.0,60.0,59.5,59.0,58.5,59.5,59.5,64.5,69.0,69.0,66.5,62.5,62.5,62.5
kpi_video_synchronization_1047346405_1,5,5,5,5,5,5,5,5,5,5,5,5,5,5,5,5,5,5,5,5,5,5,5,5,5,5,5,5,5,5,5,5,5,5,5,5,5,5,5,5,5,5,5,5,5,5,5,5,5,5,5,5,5,5,5,5,5,5,5,5,5,5,5,5,5,5,5,5,5,5,5,5,5,5,5,5,5,5,5,5,5,5,5,5,5,5,5,5,5,5,5,5,5,5,5,5,5,5,5,5,5,5,5,5,5,5,5,5,5,5,5,5,5,5,5,5,5,5,5
av_delay_send_1047346405_1,141.0,-21.0,-21.0,92.5,201.5,191.0,398.0,331.0,337.0,341.0,344.0,179.5,-5.5,-26.5,11.0,12.5,12.5,13.0,37.5,102.0,108.5,-3.5,204.0,139.5,128.5,131.5,134.5,134.5,136.5,37.0,12.0,14.5,-3.0,4.5,26.0,33.5,169.0,154.0,-36.5,-3.5,44.0,163.0,304.0,317.0,308.0,179.0,386.5,335.0,117.5,48.0,-2.5,-26.5,-37.5,-1.5,-29.5,-25.5,32.5,55.5,2.0,-31.5,63.5,-2.0,269.5,376.0,377.5,385.5,384.0,322.0,181.0,76.5,5.0,-3.5,-32.5,-43.0,-20.5,-38.5,158.0,2.0,58.5,-33.0,-5.0,-2.5,-33.5,77.5,153.5,120.5,222.5,-22.0,-36.0,-38.5,-40.0,-11.0,-27.5,-41.5,-42.0,-17.0,258.0,256.5,105.5,14.0,-3.5,-35.0,-33.0,-36.0,62.5,161.0,145.0,271.0,268.5,319.0,318.0,190.0,388.0,426.0,416.0,418.5,382.5,322.5,270.0
kpi_av_synchronization_1047346405_1,1,5,5,1,1,1,1,1,1,1,1,1,5,5,5,5,5,5,5,1,1,5,1,1,1,1,1,1,1,5,5,5,5,5,5,5,1,1,5,5,5,1,1,1,1,1,1,1,1,4.76,5,5,5,5,5,5,5,4.16,5,5,3.52,5,1,1,1,1,1,1,1,2.48,5,5,5,5,5,5,1,5,3.92,5,5,5,5,2.4,1,1,1,5,5,5,5,5,5,5,5,5,1,1,1,5,5,5,5,5,3.6,1,1,1,1,1,1,1,1,1,1,1,1,1,1
audio_recv_kbitsReceivedPerSecond_3337666523,0,25,24,25,25,20,15,10,10,9,9,11,8,7,8,10,16,25,17,10,13,9,16,15,8,10,7,5,14,15,15,24,24,25,24,23,22,21,23,24,26,24,25,23,18,24,26,24,25,25,24,25,25,25,25,25,24,25,25,25,25,25,25,26,25,25,6,14,23,24,25,26,25,25,25,24,25,21,26,25,25,25,19,25,22,18,15,23,25,24,26,26,25,25,25,22,22,25,23,24,25,25,20,22,25,25,17,17,16,18,20,18,24,17,8,15,25,25,25
kpi_q_audio_3337666523,1,4,4,4,4,3,2,2,2,2,2,2,1,1,1,2,3,4,3,2,2,1,3,2,1,2,1,1,2,2,2,4,4,4,4,3,3,3,3,4,4,4,4,3,3,4,4,4,4,4,4,4,4,4,4,4,4,4,4,4,4,4,4,4,4,4,1,2,3,4,4,4,4,4,4,4,4,3,4,4,4,4,3,4,3,3,2,3,4,4,4,4,4,4,4,3,3,4,3,4,4,4,3,3,4,4,3,3,3,3,3,3,4,3,1,2,4,4,4
video_recv_kbitsReceivedPerSecond_498022440,0,160,177,155,150,159,159,175,147,169,161,151,177,155,149,157,160,176,145,174,159,149,176,155,152,157,160,175,144,173,159,150,167,165,151,158,160,176,143,212,168,140,169,154,151,159,160,173,144,174,159,150,175,156,153,157,161,173,144,177,157,148,175,156,153,158,160,173,145,174,158,153,170,158,156,152,162,166,153,177,154,150,170,152,154,154,163,169,149,218,158,144,166,160,153,153,163,168,151,175,152,154,131,201,151,153,165,167,154,171,153,157,169,162,150,155,165,166,155
kpi_resolution_stability_498022440,2.5011657620517944,2.5011657620517944,2.5011657620517944,2.5011657620517944,2.5011657620517944,2.5011657620517944,2.5011657620517944,2.5011657620517944,2.5011657620517944,2.5011657620517944,2.5011657620517944,2.5011657620517944,2.5011657620517944,2.5011657620517944,2.5011657620517944,2.5011657620517944,2.5011657620517944,2.5011657620517944,2.5011657620517944,2.5011657620517944,2.5011657620517944,2.5011657620517944,2.5011657620517944,2.5011657620517944,2.5011657620517944,2.5011657620517944,2.5011657620517944,2.5011657620517944,2.5011657620517944,2.5011657620517944,2.5011657620517944,2.5011657620517944,2.5011657620517944,2.5011657620517944,2.5011657620517944,2.5011657620517944,2.5011657620517944,2.5011657620517944,2.5011657620517944,2.5011657620517944,2.5011657620517944,2.5011657620517944,2.5011657620517944,2.5011657620517944,2.5011657620517944,2.5011657620517944,2.5011657620517944,2.5011657620517944,2.5011657620517944,2.5011657620517944,2.5011657620517944,2.5011657620517944,2.5011657620517944,2.5011657620517944,2.5011657620517944,2.5011657620517944,2.5011657620517944,2.5011657620517944,2.5011657620517944,2.5011657620517944,2.5011657620517944,2.5011657620517944,2.5011657620517944,2.5011657620517944,2.5011657620517944,2.5011657620517944,2.5011657620517944,2.5011657620517944,2.5011657620517944,2.5011657620517944,2.5011657620517944,2.5011657620517944,2.5011657620517944,2.5011657620517944,2.5011657620517944,2.5011657620517944,2.5011657620517944,2.5011657620517944,2.5011657620517944,2.5011657620517944,2.5011657620517944,2.5011657620517944,2.5011657620517944,2.5011657620517944,2.5011657620517944,2.5011657620517944,2.5011657620517944,2.5011657620517944,2.5011657620517944,2.5011657620517944,2.5011657620517944,2.5011657620517944,2.5011657620517944,2.5011657620517944,2.5011657620517944,2.5011657620517944,2.5011657620517944,2.5011657620517944,2.5011657620517944,2.5011657620517944,2.5011657620517944,2.5011657620517944,2.5011657620517944,2.5011657620517944,2.5011657620517944,2.5011657620517944,2.5011657620517944,2.5011657620517944,2.5011657620517944,2.5011657620517944,2.5011657620517944,2.5011657620517944,2.5011657620517944,2.5011657620517944,2.5011657620517944,2.5011657620517944,2.5011657620517944,2.5011657620517944,2.5011657620517944
max_resolution_percentage_498022440,0.8403361344537815,0.8403361344537815,0.8403361344537815,0.8403361344537815,0.8403361344537815,0.8403361344537815,0.8403361344537815,0.8403361344537815,0.8403361344537815,0.8403361344537815,0.8403361344537815,0.8403361344537815,0.8403361344537815,0.8403361344537815,0.8403361344537815,0.8403361344537815,0.8403361344537815,0.8403361344537815,0.8403361344537815,0.8403361344537815,0.8403361344537815,0.8403361344537815,0.8403361344537815,0.8403361344537815,0.8403361344537815,0.8403361344537815,0.8403361344537815,0.8403361344537815,0.8403361344537815,0.8403361344537815,0.8403361344537815,0.8403361344537815,0.8403361344537815,0.8403361344537815,0.8403361344537815,0.8403361344537815,0.8403361344537815,0.8403361344537815,0.8403361344537815,0.8403361344537815,0.8403361344537815,0.8403361344537815,0.8403361344537815,0.8403361344537815,0.8403361344537815,0.8403361344537815,0.8403361344537815,0.8403361344537815,0.8403361344537815,0.8403361344537815,0.8403361344537815,0.8403361344537815,0.8403361344537815,0.8403361344537815,0.8403361344537815,0.8403361344537815,0.8403361344537815,0.8403361344537815,0.8403361344537815,0.8403361344537815,0.8403361344537815,0.8403361344537815,0.8403361344537815,0.8403361344537815,0.8403361344537815,0.8403361344537815,0.8403361344537815,0.8403361344537815,0.8403361344537815,0.8403361344537815,0.8403361344537815,0.8403361344537815,0.8403361344537815,0.8403361344537815,0.8403361344537815,0.8403361344537815,0.8403361344537815,0.8403361344537815,0.8403361344537815,0.8403361344537815,0.8403361344537815,0.8403361344537815,0.8403361344537815,0.8403361344537815,0.8403361344537815,0.8403361344537815,0.8403361344537815,0.8403361344537815,0.8403361344537815,0.8403361344537815,0.8403361344537815,0.8403361344537815,0.8403361344537815,0.8403361344537815,0.8403361344537815,0.8403361344537815,0.8403361344537815,0.8403361344537815,0.8403361344537815,0.8403361344537815,0.8403361344537815,0.8403361344537815,0.8403361344537815,0.8403361344537815,0.8403361344537815,0.8403361344537815,0.8403361344537815,0.8403361344537815,0.8403361344537815,0.8403361344537815,0.8403361344537815,0.8403361344537815,0.8403361344537815,0.8403361344537815,0.8403361344537815,0.8403361344537815,0.8403361344537815,0.8403361344537815,0.8403361344537815
kpi_resolution_stability_norm_498022440,kpi_resolution_stability_498022440,2.5011657620517944,2.5011657620517944,2.5011657620517944,2.5011657620517944,2.5011657620517944,2.5011657620517944,2.5011657620517944,2.5011657620517944,2.5011657620517944,2.5011657620517944,2.5011657620517944,2.5011657620517944,2.5011657620517944,2.5011657620517944,2.5011657620517944,2.5011657620517944,2.5011657620517944,2.5011657620517944,2.5011657620517944,2.5011657620517944,2.5011657620517944,2.5011657620517944,2.5011657620517944,2.5011657620517944,2.5011657620517944,2.5011657620517944,2.5011657620517944,2.5011657620517944,2.5011657620517944,2.5011657620517944,2.5011657620517944,2.5011657620517944,2.5011657620517944,2.5011657620517944,2.5011657620517944,2.5011657620517944,2.5011657620517944,2.5011657620517944,2.5011657620517944,2.5011657620517944,2.5011657620517944,2.5011657620517944,2.5011657620517944,2.5011657620517944,2.5011657620517944,2.5011657620517944,2.5011657620517944,2.5011657620517944,2.5011657620517944,2.5011657620517944,2.5011657620517944,2.5011657620517944,2.5011657620517944,2.5011657620517944,2.5011657620517944,2.5011657620517944,2.5011657620517944,2.5011657620517944,2.5011657620517944,2.5011657620517944,2.5011657620517944,2.5011657620517944,2.5011657620517944,2.5011657620517944,2.5011657620517944,2.5011657620517944,2.5011657620517944,2.5011657620517944,2.5011657620517944,2.5011657620517944,2.5011657620517944,2.5011657620517944,2.5011657620517944,2.5011657620517944,2.5011657620517944,2.5011657620517944,2.5011657620517944,2.5011657620517944,2.5011657620517944,2.5011657620517944,2.5011657620517944,2.5011657620517944,2.5011657620517944,2.5011657620517944,2.5011657620517944,2.5011657620517944,2.5011657620517944,2.5011657620517944,2.5011657620517944,2.5011657620517944,2.5011657620517944,2.5011657620517944,2.5011657620517944,2.5011657620517944,2.5011657620517944,2.5011657620517944,2.5011657620517944,2.5011657620517944,2.5011657620517944,2.5011657620517944,2.5011657620517944,2.5011657620517944,2.5011657620517944,2.5011657620517944,2.5011657620517944,2.5011657620517944,2.5011657620517944,2.5011657620517944,2.5011657620517944,2.5011657620517944,2.5011657620517944,2.5011657620517944,2.5011657620517944,2.5011657620517944,2.5011657620517944,2.5011657620517944,2.5011657620517944,2.5011657620517944,2.5011657620517944
max_resolution_percentage_norm_498022440,max_resolution_percentage_498022440,0.8403361344537815,0.8403361344537815,0.8403361344537815,0.8403361344537815,0.8403361344537815,0.8403361344537815,0.8403361344537815,0.8403361344537815,0.8403361344537815,0.8403361344537815,0.8403361344537815,0.8403361344537815,0.8403361344537815,0.8403361344537815,0.8403361344537815,0.8403361344537815,0.8403361344537815,0.8403361344537815,0.8403361344537815,0.8403361344537815,0.8403361344537815,0.8403361344537815,0.8403361344537815,0.8403361344537815,0.8403361344537815,0.8403361344537815,0.8403361344537815,0.8403361344537815,0.8403361344537815,0.8403361344537815,0.8403361344537815,0.8403361344537815,0.8403361344537815,0.8403361344537815,0.8403361344537815,0.8403361344537815,0.8403361344537815,0.8403361344537815,0.8403361344537815,0.8403361344537815,0.8403361344537815,0.8403361344537815,0.8403361344537815,0.8403361344537815,0.8403361344537815,0.8403361344537815,0.8403361344537815,0.8403361344537815,0.8403361344537815,0.8403361344537815,0.8403361344537815,0.8403361344537815,0.8403361344537815,0.8403361344537815,0.8403361344537815,0.8403361344537815,0.8403361344537815,0.8403361344537815,0.8403361344537815,0.8403361344537815,0.8403361344537815,0.8403361344537815,0.8403361344537815,0.8403361344537815,0.8403361344537815,0.8403361344537815,0.8403361344537815,0.8403361344537815,0.8403361344537815,0.8403361344537815,0.8403361344537815,0.8403361344537815,0.8403361344537815,0.8403361344537815,0.8403361344537815,0.8403361344537815,0.8403361344537815,0.8403361344537815,0.8403361344537815,0.8403361344537815,0.8403361344537815,0.8403361344537815,0.8403361344537815,0.8403361344537815,0.8403361344537815,0.8403361344537815,0.8403361344537815,0.8403361344537815,0.8403361344537815,0.8403361344537815,0.8403361344537815,0.8403361344537815,0.8403361344537815,0.8403361344537815,0.8403361344537815,0.8403361344537815,0.8403361344537815,0.8403361344537815,0.8403361344537815,0.8403361344537815,0.8403361344537815,0.8403361344537815,0.8403361344537815,0.8403361344537815,0.8403361344537815,0.8403361344537815,0.8403361344537815,0.8403361344537815,0.8403361344537815,0.8403361344537815,0.8403361344537815,0.8403361344537815,0.8403361344537815,0.8403361344537815,0.8403361344537815,0.8403361344537815,0.8403361344537815,0.8403361344537815,0.8403361344537815
kpi_fps_stability_498022440,5,5,5,5,5,5,5,5,5,5,5,5,5,5,5,5,5,5,5,5,5,5,5,5,5,5,5,5,5,5,5,5,5,5,5,5,5,5,5,5,5,5,5,5,5,5,5,5,5,5,5,5,5,5,5,5,5,5,5,5,5,5,5,5,5,5,5,5,5,5,5,5,5,5,5,5,5,5,5,5,5,5,5,5,5,5,5,5,5,5,5,5,5,5,5,5,5,5,5,5,5,5,5,5,5,5,5,5,5,5,5,5,5,5,5,5,5,5,5
kpi_q_video_498022440,1.5714285714285714,1.6285714285714286,1.5142857142857142,1.5142857142857142,1.5714285714285714,1.5714285714285714,1.6285714285714286,1.457142857142857,1.6285714285714286,1.5714285714285714,1.5142857142857142,1.6285714285714286,1.5142857142857142,1.5142857142857142,1.5142857142857142,1.5714285714285714,1.6285714285714286,1.457142857142857,1.6285714285714286,1.5714285714285714,1.5142857142857142,1.6285714285714286,1.5142857142857142,1.5142857142857142,1.5142857142857142,1.5714285714285714,1.6285714285714286,1.457142857142857,1.6285714285714286,1.5714285714285714,1.5142857142857142,1.5714285714285714,1.5714285714285714,1.5142857142857142,1.5142857142857142,1.5714285714285714,1.6285714285714286,1.457142857142857,1.8499999999999999,1.5714285714285714,1.457142857142857,1.6285714285714286,1.5142857142857142,1.5142857142857142,1.5714285714285714,1.5714285714285714,1.6285714285714286,1.457142857142857,1.6285714285714286,1.5714285714285714,1.5142857142857142,1.6285714285714286,1.5142857142857142,1.5142857142857142,1.5142857142857142,1.5714285714285714,1.6285714285714286,1.457142857142857,1.6285714285714286,1.5142857142857142,1.457142857142857,1.6285714285714286,1.5142857142857142,1.5142857142857142,1.5142857142857142,1.5714285714285714,1.6285714285714286,1.457142857142857,1.6285714285714286,1.5142857142857142,1.5142857142857142,1.6285714285714286,1.5142857142857142,1.5142857142857142,1.5142857142857142,1.5714285714285714,1.5714285714285714,1.5142857142857142,1.6285714285714286,1.5142857142857142,1.5142857142857142,1.6285714285714286,1.5142857142857142,1.5142857142857142,1.5142857142857142,1.5714285714285714,1.6285714285714286,1.5142857142857142,1.8499999999999999,1.5142857142857142,1.457142857142857,1.5714285714285714,1.5714285714285714,1.5142857142857142,1.5142857142857142,1.5714285714285714,1.5714285714285714,1.5142857142857142,1.6285714285714286,1.5142857142857142,1.5142857142857142,1.4,1.8,1.5142857142857142,1.5142857142857142,1.5714285714285714,1.5714285714285714,1.5142857142857142,1.6285714285714286,1.5142857142857142,1.5142857142857142,1.6285714285714286,1.5714285714285714,1.5142857142857142,1.5142857142857142,1.5714285714285714,1.5714285714285714,1.5142857142857142
audio_recv_kbitsReceivedPerSecond_669380287,0,24,27,21,24,23,25,16,10,6,6,18,25,25,26,24,25,26,24,25,24,25,25,25,25,24,24,25,25,25,25,25,25,22,20,22,25,25,24,26,21,17,25,24,21,8,8,8,10,25,25,25,25,25,24,18,8,9,15,9,8,21,9,8,22,20,24,22,21,26,25,24,25,24,25,25,25,25,26,25,25,25,25,25,25,25,25,25,25,25,25,25,26,25,25,24,22,25,24,25,24,26,19,24,26,25,26,25,25,23,20,20,19,21,24,25,19,19,17
kpi_q_audio_669380287,1,4,4,3,4,3,4,3,2,1,1,3,4,4,4,4,4,4,4,4,4,4,4,4,4,4,4,4,4,4,4,4,4,3,3,3,4,4,4,4,3,3,4,4,3,1,1,1,2,4,4,4,4,4,4,3,1,1,2,1,1,3,1,1,3,3,4,3,3,4,4,4,4,4,4,4,4,4,4,4,4,4,4,4,4,4,4,4,4,4,4,4,4,4,4,4,3,4,4,4,4,4,3,4,4,4,4,4,4,3,3,3,3,3,4,4,3,3,3
video_recv_kbitsReceivedPerSecond_2386285789,0,443,412,463,321,240,296,353,411,391,494,508,538,645,675,615,579,621,495,418,444,401,424,483,504,495,487,586,435,342,354,333,370,430,481,494,486,623,659,619,644,580,578,499,345,316,349,417,437,477,538,470,486,451,345,231,297,375,401,471,528,469,481,500,544,543,508,623,509,477,449,409,443,468,512,523,487,587,456,437,400,349,385,428,449,463,451,517,417,410,381,350,366,418,459,463,453,515,532,625,622,554,420,582,331,302,249,311,341,377,431,393,405,431,269,239,258,295,323
kpi_resolution_stability_2386285789,4.303535113616246,4.303535113616246,4.303535113616246,4.303535113616246,4.303535113616246,4.303535113616246,4.303535113616246,4.303535113616246,4.303535113616246,4.303535113616246,4.303535113616246,4.303535113616246,4.303535113616246,4.303535113616246,4.303535113616246,4.303535113616246,4.303535113616246,4.303535113616246,4.303535113616246,4.303535113616246,4.303535113616246,4.303535113616246,4.303535113616246,4.303535113616246,4.303535113616246,4.303535113616246,4.303535113616246,4.303535113616246,4.303535113616246,4.303535113616246,4.303535113616246,4.303535113616246,4.303535113616246,4.303535113616246,4.303535113616246,4.303535113616246,4.303535113616246,4.303535113616246,4.303535113616246,4.303535113616246,4.303535113616246,4.303535113616246,4.303535113616246,4.303535113616246,4.303535113616246,4.303535113616246,4.303535113616246,4.303535113616246,4.303535113616246,4.303535113616246,4.303535113616246,4.303535113616246,4.303535113616246,4.303535113616246,4.303535113616246,4.303535113616246,4.303535113616246,4.303535113616246,4.303535113616246,4.303535113616246,4.303535113616246,4.303535113616246,4.303535113616246,4.303535113616246,4.303535113616246,4.303535113616246,4.303535113616246,4.303535113616246,4.303535113616246,4.303535113616246,4.303535113616246,4.303535113616246,4.303535113616246,4.303535113616246,4.303535113616246,4.303535113616246,4.303535113616246,4.303535113616246,4.303535113616246,4.303535113616246,4.303535113616246,4.303535113616246,4.303535113616246,4.303535113616246,4.303535113616246,4.303535113616246,4.303535113616246,4.303535113616246,4.303535113616246,4.303535113616246,4.303535113616246,4.303535113616246,4.303535113616246,4.303535113616246,4.303535113616246,4.303535113616246,4.303535113616246,4.303535113616246,4.303535113616246,4.303535113616246,4.303535113616246,4.303535113616246,4.303535113616246,4.303535113616246,4.303535113616246,4.303535113616246,4.303535113616246,4.303535113616246,4.303535113616246,4.303535113616246,4.303535113616246,4.303535113616246,4.303535113616246,4.303535113616246,4.303535113616246,4.303535113616246,4.303535113616246,4.303535113616246,4.303535113616246
max_resolution_percentage_2386285789,100.0,100.0,100.0,100.0,100.0,100.0,100.0,100.0,100.0,100.0,100.0,100.0,100.0,100.0,100.0,100.0,100.0,100.0,100.0,100.0,100.0,100.0,100.0,100.0,100.0,100.0,100.0,100.0,100.0,100.0,100.0,100.0,100.0,100.0,100.0,100.0,100.0,100.0,100.0,100.0,100.0,100.0,100.0,100.0,100.0,100.0,100.0,100.0,100.0,100.0,100.0,100.0,100.0,100.0,100.0,100.0,100.0,100.0,100.0,100.0,100.0,100.0,100.0,100.0,100.0,100.0,100.0,100.0,100.0,100.0,100.0,100.0,100.0,100.0,100.0,100.0,100.0,100.0,100.0,100.0,100.0,100.0,100.0,100.0,100.0,100.0,100.0,100.0,100.0,100.0,100.0,100.0,100.0,100.0,100.0,100.0,100.0,100.0,100.0,100.0,100.0,100.0,100.0,100.0,100.0,100.0,100.0,100.0,100.0,100.0,100.0,100.0,100.0,100.0,100.0,100.0,100.0,100.0,100.0
kpi_resolution_stability_norm_2386285789,kpi_resolution_stability_2386285789,4.303535113616246,4.303535113616246,4.303535113616246,4.303535113616246,4.303535113616246,4.303535113616246,4.303535113616246,4.303535113616246,4.303535113616246,4.303535113616246,4.303535113616246,4.303535113616246,4.303535113616246,4.303535113616246,4.303535113616246,4.303535113616246,4.303535113616246,4.303535113616246,4.303535113616246,4.303535113616246,4.303535113616246,4.303535113616246,4.303535113616246,4.303535113616246,4.303535113616246,4.303535113616246,4.303535113616246,4.303535113616246,4.303535113616246,4.303535113616246,4.303535113616246,4.303535113616246,4.303535113616246,4.303535113616246,4.303535113616246,4.303535113616246,4.303535113616246,4.303535113616246,4.303535113616246,4.303535113616246,4.303535113616246,4.303535113616246,4.303535113616246,4.303535113616246,4.303535113616246,4.303535113616246,4.303535113616246,4.303535113616246,4.303535113616246,4.303535113616246,4.303535113616246,4.303535113616246,4.303535113616246,4.303535113616246,4.303535113616246,4.303535113616246,4.303535113616246,4.303535113616246,4.303535113616246,4.303535113616246,4.303535113616246,4.303535113616246,4.303535113616246,4.303535113616246,4.303535113616246,4.303535113616246,4.303535113616246,4.303535113616246,4.303535113616246,4.303535113616246,4.303535113616246,4.303535113616246,4.303535113616246,4.303535113616246,4.303535113616246,4.303535113616246,4.303535113616246,4.303535113616246,4.303535113616246,4.303535113616246,4.303535113616246,4.303535113616246,4.303535113616246,4.303535113616246,4.303535113616246,4.303535113616246,4.303535113616246,4.303535113616246,4.303535113616246,4.303535113616246,4.303535113616246,4.303535113616246,4.303535113616246,4.303535113616246,4.303535113616246,4.303535113616246,4.303535113616246,4.303535113616246,4.303535113616246,4.303535113616246,4.303535113616246,4.303535113616246,4.303535113616246,4.303535113616246,4.303535113616246,4.303535113616246,4.303535113616246,4.303535113616246,4.303535113616246,4.303535113616246,4.303535113616246,4.303535113616246,4.303535113616246,4.303535113616246,4.303535113616246,4.303535113616246,4.303535113616246,4.303535113616246,4.303535113616246
max_resolution_percentage_norm_2386285789,max_resolution_percentage_2386285789,100.0,100.0,100.0,100.0,100.0,100.0,100.0,100.0,100.0,100.0,100.0,100.0,100.0,100.0,100.0,100.0,100.0,100.0,100.0,100.0,100.0,100.0,100.0,100.0,100.0,100.0,100.0,100.0,100.0,100.0,100.0,100.0,100.0,100.0,100.0,100.0,100.0,100.0,100.0,100.0,100.0,100.0,100.0,100.0,100.0,100.0,100.0,100.0,100.0,100.0,100.0,100.0,100.0,100.0,100.0,100.0,100.0,100.0,100.0,100.0,100.0,100.0,100.0,100.0,100.0,100.0,100.0,100.0,100.0,100.0,100.0,100.0,100.0,100.0,100.0,100.0,100.0,100.0,100.0,100.0,100.0,100.0,100.0,100.0,100.0,100.0,100.0,100.0,100.0,100.0,100.0,100.0,100.0,100.0,100.0,100.0,100.0,100.0,100.0,100.0,100.0,100.0,100.0,100.0,100.0,100.0,100.0,100.0,100.0,100.0,100.0,100.0,100.0,100.0,100.0,100.0,100.0,100.0,100.0
kpi_fps_stability_2386285789,5,5,5,5,5,5,5,5,5,5,5,5,5,5,5,5,5,5,5,5,5,5,5,5,5,5,5,5,5,5,5,5,5,5,5,5,5,5,5,5,5,5,5,5,5,5,5,5,5,5,5,5,5,5,5,5,5,5,5,5,5,5,5,5,5,5,5,5,5,5,5,5,5,5,5,5,5,5,5,5,5,5,5,5,5,5,5,5,5,5,5,5,5,5,5,5,5,5,5,5,5,5,5,5,5,5,5,5,5,5,5,5,5,5,5,5,5,5,5
kpi_q_video_2386285789,2.9499999999999997,2.8,3.05,2.3499999999999996,1.95,2.25,2.5,2.8,2.6999999999999997,3.1999999999999997,3.3,3.34,3.473333333333333,3.513333333333333,3.433333333333333,3.393333333333333,3.4466666666666668,3.1999999999999997,2.8499999999999996,2.9499999999999997,2.75,2.8499999999999996,3.1499999999999995,3.25,3.1999999999999997,3.1999999999999997,3.393333333333333,2.8999999999999995,2.45,2.55,2.45,2.5999999999999996,2.8999999999999995,3.1499999999999995,3.1999999999999997,3.1499999999999995,3.4466666666666668,3.486666666666667,3.433333333333333,3.473333333333333,3.393333333333333,3.38,3.25,2.5,2.3499999999999996,2.5,2.8499999999999996,2.9499999999999997,3.1499999999999995,3.34,3.0999999999999996,3.1499999999999995,3.0,2.5,1.95,2.25,2.65,2.75,3.0999999999999996,3.3266666666666667,3.0999999999999996,3.1499999999999995,3.25,3.34,3.34,3.3,3.4466666666666668,3.3,3.1499999999999995,3.0,2.8,2.9499999999999997,3.0999999999999996,3.3,3.313333333333333,3.1999999999999997,3.393333333333333,3.05,2.9499999999999997,2.75,2.5,2.6999999999999997,2.8999999999999995,3.0,3.05,3.0,3.3,2.8499999999999996,2.8,2.65,2.5,2.5999999999999996,2.8499999999999996,3.05,3.05,3.0,3.3,3.3266666666666667,3.4466666666666668,3.4466666666666668,3.353333333333333,2.8499999999999996,3.393333333333333,2.4,2.25,2.0,2.3,2.45,2.65,2.8999999999999995,2.6999999999999997,2.8,2.8999999999999995,2.1,1.95,2.05,2.25,2.4
