bweforvideo-googAvailableReceiveBandwidth,0.0,0.0,0.0,0.0,0.0,0.0,0.0,0.0,0.0,0.0,0.0,0.0,0.0,0.0,0.0,0.0,0.0,0.0,0.0,0.0,0.0,0.0,0.0,0.0,0.0,0.0,0.0,0.0,0.0,0.0,0.0,0.0,0.0,0.0,0.0,0.0,0.0,0.0,0.0,0.0,0.0,0.0,0.0,0.0,0.0,0.0,0.0,0.0,0.0,0.0,0.0,0.0,0.0,0.0,0.0,0.0,0.0,0.0,0.0,0.0,0.0,0.0,0.0,0.0,0.0,0.0,0.0,0.0,0.0,0.0,0.0,0.0,0.0,0.0,0.0,0.0,0.0,0.0,0.0,0.0,0.0,0.0,0.0,0.0,0.0,0.0,0.0,0.0,0.0,0.0,0.0,0.0,0.0,0.0,0.0,0.0,0.0,0.0,0.0,0.0
bweforvideo-googAvailableSendBandwidth,300000.0,300000.0,300000.0,300000.0,546709.0,69825.0,79825.0,87211.0,95188.0,102543.0,111746.0,121686.0,132421.0,144015.0,156536.0,170059.0,184664.0,200437.0,217472.0,235870.0,255740.0,277199.0,300375.0,325405.0,254472.0,275830.0,186485.0,202404.0,219596.0,238164.0,174689.0,189664.0,205837.0,223304.0,242168.0,262541.0,284544.0,308308.0,333973.0,361691.0,391626.0,423956.0,458872.0,496582.0,537309.0,344187.0,367763.0,398184.0,431039.0,466522.0,504844.0,544012.0,588533.0,636616.0,688545.0,744629.0,805199.0,867040.0,731859.0,773516.0,494123.0,510245.0,544540.0,588318.0,635567.0,686769.0,739195.0,536013.0,577095.0,607203.0,639868.0,674053.0,711993.0,753271.0,814022.0,527634.0,537519.0,579113.0,609958.0,643347.0,679017.0,717652.0,765097.0,826550.0,893075.0,724552.0,759647.0,801944.0,846456.0,704212.0,526897.0,540642.0,584893.0,632684.0,684121.0,736232.0,795425.0,541116.0,583789.0,616910.0
bweforvideo-googBucketDelay,0.0,0.0,0.0,0.0,0.0,0.0,0.0,0.0,21.0,10.0,0.0,0.0,9.0,9.0,0.0,0.0,0.0,0.0,0.0,0.0,0.0,0.0,0.0,0.0,0.0,0.0,0.0,0.0,0.0,0.0,0.0,0.0,0.0,0.0,0.0,0.0,0.0,0.0,0.0,0.0,0.0,0.0,0.0,0.0,0.0,0.0,0.0,0.0,0.0,0.0,0.0,0.0,0.0,0.0,0.0,0.0,0.0,0.0,0.0,0.0,0.0,0.0,0.0,0.0,0.0,0.0,0.0,0.0,0.0,0.0,0.0,0.0,0.0,0.0,0.0,0.0,0.0,0.0,0.0,0.0,0.0,0.0,0.0,0.0,0.0,0.0,0.0,0.0,0.0,0.0,0.0,0.0,0.0,0.0,0.0,0.0,0.0,0.0,0.0,0.0
timestamp,1541187144,1541187145,1541187146,1541187147,1541187148,1541187149,1541187150,1541187151,1541187152,1541187153,1541187154,1541187155,1541187156,1541187157,1541187158,1541187159,1541187160,1541187161,1541187162,1541187163,1541187164,1541187165,1541187166,1541187167,1541187168,1541187169,1541187170,1541187171,1541187172,1541187173,1541187174,1541187175,1541187176,1541187177,1541187178,1541187179,1541187180,1541187181,1541187182,1541187183,1541187184,1541187185,1541187186,1541187187,1541187188,1541187189,1541187190,1541187191,1541187192,1541187193,1541187194,1541187195,1541187196,1541187197,1541187198,1541187199,1541187200,1541187201,1541187202,1541187203,1541187204,1541187205,1541187206,1541187207,1541187208,1541187209,1541187210,1541187211,1541187212,1541187213,1541187214,1541187215,1541187216,1541187217,1541187218,1541187219,1541187220,1541187221,1541187222,1541187223,1541187224,1541187225,1541187226,1541187227,1541187228,1541187229,1541187230,1541187231,1541187232,1541187233,1541187234,1541187235,1541187236,1541187237,1541187238,1541187239,1541187240,1541187241,1541187242,1541187243
audio_bitsReceivedPerSecond,-1,-1,-1,0.0,237160.0,515560.0,399056.0,381709.7097097097,577544.0,479912.0879120879,507096.0,490312.0,462176.0,473104.0,354632.0,397288.0,386360.0,476196.1961961962,532643.3566433566,461760.0,476904.0,422406.40640640643,418029.97002997005,445844.3113772455,420472.9458917836,429741.7417417417,283320.0,300411.5884115884,309984.0,337464.0,341280.0,369704.0,404848.0,429224.0,460444.44444444444,433598.4015984016,518782.7827827828,510449.55044955044,510608.0,521185.18518518517,568711.2887112887,592200.0,611232.0,712744.0,746288.0,692872.0,864640.0,816480.0,848448.0,737384.0,814798.7987987988,680935.064935065,768200.2002002002,663408.5914085914,623096.0,635464.0,682858.8588588588,698453.5464535465,772308.3083083084,777598.4015984016,867939.9399399399,725386.6133866134,865353.3533533533,562648.0,554757.2427572428,587675.6756756756,648536.0,656856.0,638425.5744255744,599152.0,640480.0,574368.0,604976.0,475179.1791791792,500859.14085914084,538448.0,602208.0,630254.2542542543,681048.0,706368.0,774009.99000999,669800.0,777552.0,608776.0,607815.8158158158,622945.0549450549,677424.0,688648.0,727872.0,748136.0,824960.960960961,690213.7862137862,798672.0,503407.4074074074,511265.46906187624,540296.5931863728,598049.95004995,618736.0,668708.7087087088,461938.06193806196
audio_bitsSentPerSecond,-1,-1,-1,0.0,284608.0,189760.0,137936.0,103407.4074074074,125528.0,120303.6963036963,125432.0,143752.0,152864.0,159672.0,185464.0,190032.0,273368.0,223215.21521521523,255528.47152847153,249664.0,280080.0,289777.77777777775,299204.7952047952,342491.0179640719,335110.2204408818,317997.99799799797,266352.0,261290.7092907093,257960.0,268360.0,289464.0,214112.0,228472.0,249776.0,263599.5995995996,281630.36963036965,279775.7757757758,325986.013986014,337744.0,380724.7247247247,412971.028971029,432504.0,441616.0,488664.0,554872.0,507296.0,414352.0,452120.0,428920.0,481552.0,519751.75175175176,511192.8071928072,568392.3923923924,637026.9730269731,690736.0,742680.0,691931.9319319319,849286.7132867132,863415.4154154154,859028.971028971,786362.3623623623,663416.5834165834,505345.3453453453,545856.0,620363.6363636364,679415.4154154154,600288.0,680160.0,642997.002997003,692600.0,708176.0,707872.0,713216.0,736680.6806806807,834037.962037962,805544.0,607632.0,628044.0440440441,626448.0,672432.0,703720.2797202797,736824.0,762912.0,794096.0,888536.5365365365,892171.8281718282,790912.0,814696.0,842232.0,861432.0,770066.066066066,674053.946053946,593816.0,642410.4104104104,679528.9421157684,733683.366733467,733410.5894105894,741248.0,652732.7327327328,709730.2697302697
audio_packetsSentPerSecond,-1,-1,-1,0.0,66.0,83.0,74.0,71.07107107107107,77.0,78.92107892107892,80.0,86.0,86.0,83.0,94.0,92.0,111.0,118.11811811811812,129.87012987012986,124.0,133.0,135.13513513513513,132.86713286713288,132.73453093812375,132.26452905811624,133.13313313313313,130.0,131.86813186813185,132.0,132.0,134.0,127.0,131.0,132.0,133.13313313313313,130.86913086913086,133.13313313313313,132.86713286713288,132.0,132.13213213213214,134.86513486513488,134.0,133.0,142.0,148.0,147.0,136.0,134.0,133.0,134.0,148.14814814814815,140.85914085914087,153.15315315315314,172.82717282717283,187.0,190.0,180.18018018018017,193.80619380619382,194.19419419419418,192.80719280719282,184.18418418418418,162.83716283716285,139.13913913913913,143.0,170.82917082917083,189.1891891891892,166.0,178.0,175.82417582417582,186.0,188.0,185.0,187.0,184.18418418418418,193.80619380619382,191.0,164.0,170.17017017017017,171.0,178.0,182.8171828171828,189.0,189.0,191.0,192.19219219219218,196.8031968031968,193.0,190.0,194.0,194.0,187.1871871871872,178.82117882117882,159.0,176.17617617617617,182.63473053892216,189.37875751503006,186.8131868131868,185.0,175.17517517517518,181.8181818181818
audio_googLocalAddress,-1,-1,-1,10.164.0.9:53741,10.164.0.9:53741,10.164.0.9:53741,10.164.0.9:53741,10.164.0.9:53741,10.164.0.9:53741,10.164.0.9:53741,10.164.0.9:53741,10.164.0.9:53741,10.164.0.9:53741,10.164.0.9:53741,10.164.0.9:53741,10.164.0.9:53741,10.164.0.9:53741,10.164.0.9:53741,10.164.0.9:53741,10.164.0.9:53741,10.164.0.9:53741,10.164.0.9:53741,10.164.0.9:53741,10.164.0.9:53741,10.164.0.9:53741,10.164.0.9:53741,10.164.0.9:53741,10.164.0.9:53741,10.164.0.9:53741,10.164.0.9:53741,10.164.0.9:53741,10.164.0.9:53741,10.164.0.9:53741,10.164.0.9:53741,10.164.0.9:53741,10.164.0.9:53741,10.164.0.9:53741,10.164.0.9:53741,10.164.0.9:53741,10.164.0.9:53741,10.164.0.9:53741,10.164.0.9:53741,10.164.0.9:53741,10.164.0.9:53741,10.164.0.9:53741,10.164.0.9:53741,10.164.0.9:53741,10.164.0.9:53741,10.164.0.9:53741,10.164.0.9:53741,10.164.0.9:53741,10.164.0.9:53741,10.164.0.9:53741,10.164.0.9:53741,10.164.0.9:53741,10.164.0.9:53741,10.164.0.9:53741,10.164.0.9:53741,10.164.0.9:53741,10.164.0.9:53741,10.164.0.9:53741,10.164.0.9:53741,10.164.0.9:53741,10.164.0.9:53741,10.164.0.9:53741,10.164.0.9:53741,10.164.0.9:53741,10.164.0.9:53741,10.164.0.9:53741,10.164.0.9:53741,10.164.0.9:53741,10.164.0.9:53741,10.164.0.9:53741,10.164.0.9:53741,10.164.0.9:53741,10.164.0.9:53741,10.164.0.9:53741,10.164.0.9:53741,10.164.0.9:53741,10.164.0.9:53741,10.164.0.9:53741,10.164.0.9:53741,10.164.0.9:53741,10.164.0.9:53741,10.164.0.9:53741,10.164.0.9:53741,10.164.0.9:53741,10.164.0.9:53741,10.164.0.9:53741,10.164.0.9:53741,10.164.0.9:53741,10.164.0.9:53741,10.164.0.9:53741,10.164.0.9:53741,10.164.0.9:53741,10.164.0.9:53741,10.164.0.9:53741,10.164.0.9:53741,10.164.0.9:53741,10.164.0.9:53741
audio_googRemoteAddress,-1,-1,-1,10.164.0.8:40118,10.164.0.8:40118,10.164.0.8:40118,10.164.0.8:40118,10.164.0.8:40118,10.164.0.8:40118,10.164.0.8:40118,10.164.0.8:40118,10.164.0.8:40118,10.164.0.8:40118,10.164.0.8:40118,10.164.0.8:40118,10.164.0.8:40118,10.164.0.8:40118,10.164.0.8:40118,10.164.0.8:40118,10.164.0.8:40118,10.164.0.8:40118,10.164.0.8:40118,10.164.0.8:40118,10.164.0.8:40118,10.164.0.8:40118,10.164.0.8:40118,10.164.0.8:40118,10.164.0.8:40118,10.164.0.8:40118,10.164.0.8:40118,10.164.0.8:40118,10.164.0.8:40118,10.164.0.8:40118,10.164.0.8:40118,10.164.0.8:40118,10.164.0.8:40118,10.164.0.8:40118,10.164.0.8:40118,10.164.0.8:40118,10.164.0.8:40118,10.164.0.8:40118,10.164.0.8:40118,10.164.0.8:40118,10.164.0.8:40118,10.164.0.8:40118,10.164.0.8:40118,10.164.0.8:40118,10.164.0.8:40118,10.164.0.8:40118,10.164.0.8:40118,10.164.0.8:40118,10.164.0.8:40118,10.164.0.8:40118,10.164.0.8:40118,10.164.0.8:40118,10.164.0.8:40118,10.164.0.8:40118,10.164.0.8:40118,10.164.0.8:40118,10.164.0.8:40118,10.164.0.8:40118,10.164.0.8:40118,10.164.0.8:40118,10.164.0.8:40118,10.164.0.8:40118,10.164.0.8:40118,10.164.0.8:40118,10.164.0.8:40118,10.164.0.8:40118,10.164.0.8:40118,10.164.0.8:40118,10.164.0.8:40118,10.164.0.8:40118,10.164.0.8:40118,10.164.0.8:40118,10.164.0.8:40118,10.164.0.8:40118,10.164.0.8:40118,10.164.0.8:40118,10.164.0.8:40118,10.164.0.8:40118,10.164.0.8:40118,10.164.0.8:40118,10.164.0.8:40118,10.164.0.8:40118,10.164.0.8:40118,10.164.0.8:40118,10.164.0.8:40118,10.164.0.8:40118,10.164.0.8:40118,10.164.0.8:40118,10.164.0.8:40118,10.164.0.8:40118,10.164.0.8:40118,10.164.0.8:40118,10.164.0.8:40118,10.164.0.8:40118,10.164.0.8:40118,10.164.0.8:40118,10.164.0.8:40118
audio_googRtt,-1,-1,-1,3000.0,93.0,70.0,52.0,52.0,52.0,39.0,39.0,29.0,29.0,29.0,22.0,22.0,16.0,16.0,16.0,12.0,12.0,9.0,9.0,9.0,7.0,7.0,5.0,5.0,5.0,4.0,4.0,3.0,3.0,3.0,2.0,2.0,2.0,2.0,2.0,2.0,2.0,1.0,1.0,1.0,1.0,1.0,2.0,2.0,2.0,2.0,2.0,1.0,1.0,1.0,1.0,1.0,1.0,1.0,1.0,1.0,1.0,8.0,8.0,8.0,6.0,6.0,5.0,5.0,5.0,3.0,3.0,2.0,2.0,2.0,3.0,3.0,2.0,2.0,2.0,1.0,1.0,1.0,1.0,1.0,1.0,1.0,1.0,1.0,1.0,1.0,1.0,1.0,1.0,1.0,1.0,1.0,1.0,1.0,1.0,1.0
audio_send_bitsSentPerSecond,0.0,0.0,0.0,0.0,9200.0,24608.0,24664.0,24712.712712712713,20936.0,9934.065934065935,9384.0,12312.0,11976.0,16304.0,16120.0,15472.0,14848.0,16112.112112112112,15456.543456543457,16448.0,16432.0,15983.983983983984,16367.632367632368,15441.117764471059,15951.90380761523,16376.376376376376,16352.0,15392.607392607393,15472.0,15472.0,15472.0,16536.0,16096.0,15472.0,16368.368368368368,16335.664335664336,16552.55255255255,16703.296703296703,16720.0,16736.736736736737,16079.92007992008,16720.0,16720.0,16720.0,16720.0,16720.0,16720.0,16720.0,16096.0,16096.0,16736.736736736737,16703.296703296703,16736.736736736737,16703.296703296703,16720.0,16720.0,16736.736736736737,16703.296703296703,16736.736736736737,16703.296703296703,16736.736736736737,16703.296703296703,16736.736736736737,16720.0,16703.296703296703,16736.736736736737,16720.0,16720.0,16703.296703296703,16720.0,16720.0,16720.0,16720.0,16736.736736736737,16703.296703296703,16720.0,16288.0,14686.686686686686,13208.0,13160.0,16319.68031968032,15448.0,16720.0,16720.0,16736.736736736737,16703.296703296703,16720.0,16720.0,16720.0,16720.0,14798.798798798798,10725.274725274725,17264.0,16600.6006006006,16622.754491017964,16729.458917835673,16687.312687312686,16696.0,16680.68068068068,16703.296703296703
audio_send_packetsSentPerSecond,0.0,0.0,0.0,0.0,20.0,50.0,50.0,50.050050050050054,50.0,48.95104895104895,51.0,50.0,49.0,50.0,51.0,50.0,50.0,50.050050050050054,49.95004995004995,50.0,50.0,50.050050050050054,49.95004995004995,49.9001996007984,50.100200400801604,50.050050050050054,50.0,49.95004995004995,50.0,50.0,50.0,50.0,50.0,50.0,50.050050050050054,49.95004995004995,50.050050050050054,49.95004995004995,50.0,50.050050050050054,49.95004995004995,50.0,50.0,50.0,50.0,50.0,50.0,50.0,50.0,50.0,50.050050050050054,49.95004995004995,50.050050050050054,49.95004995004995,50.0,50.0,50.050050050050054,49.95004995004995,50.050050050050054,49.95004995004995,50.050050050050054,49.95004995004995,50.050050050050054,50.0,49.95004995004995,50.050050050050054,50.0,50.0,49.95004995004995,50.0,50.0,50.0,50.0,50.050050050050054,49.95004995004995,50.0,50.0,50.050050050050054,50.0,50.0,49.95004995004995,50.0,50.0,50.0,50.050050050050054,49.95004995004995,50.0,50.0,50.0,50.0,50.050050050050054,49.95004995004995,50.0,50.050050050050054,49.9001996007984,50.100200400801604,49.95004995004995,50.0,50.050050050050054,49.95004995004995
video_send_bitsSentPerSecond,0.0,0.0,0.0,0.0,265360.0,157760.0,107688.0,72144.14414414414,103128.0,98661.33866133867,113928.0,119064.0,133064.0,136136.0,160688.0,166528.0,248904.0,196980.98098098097,229554.44555444556,222064.0,251984.0,262518.51851851854,271184.8151848152,315920.1596806387,308192.38476953906,290106.10610610613,239696.0,234517.4825174825,231128.0,242040.0,262600.0,188344.0,201320.0,223200.0,235715.71571571572,254505.4945054945,251787.7877877878,297886.11388611386,309888.0,352808.8088088088,385302.6973026973,404024.0,413696.0,460328.0,526472.0,478032.0,385408.0,423976.0,401368.0,454560.0,491003.003003003,483044.9550449551,539675.6756756756,607200.7992007992,660160.0,712936.0,661389.3893893894,818389.6103896104,832520.5205205205,828531.4685314685,755659.6596596596,634405.5944055944,476356.35635635635,517216.0,590489.5104895105,648808.8088088088,571616.0,649712.0,613202.7972027973,662488.0,677632.0,677568.0,683440.0,706602.6026026026,803476.5234765235,775240.0,578256.0,600432.4324324324,600264.0,646632.0,673190.8091908091,708032.0,732448.0,763536.0,858170.1701701701,860315.6843156844,759984.0,783896.0,811800.0,830472.0,741765.7657657658,650141.8581418581,563896.0,612132.1321321322,650131.7365269461,703743.4869739478,703472.5274725275,710600.0,623495.4954954955,679776.2237762237
video_send_packetsLost,0.0,0.0,0.0,0.0,0.0,0.0,0.0,0.0,0.0,0.0,0.0,0.0,0.0,0.0,0.0,0.0,0.0,0.0,0.0,0.0,0.0,0.0,0.0,0.0,0.0,0.0,0.0,0.0,0.0,0.0,0.0,0.0,0.0,0.0,0.0,0.0,0.0,0.0,0.0,0.0,0.0,0.0,0.0,0.0,0.0,0.0,0.0,0.0,0.0,0.0,0.0,0.0,0.0,0.0,0.0,0.0,0.0,0.0,0.0,0.0,0.0,0.0,0.0,0.0,0.0,0.0,0.0,0.0,0.0,0.0,0.0,0.0,0.0,0.0,0.0,0.0,0.0,0.0,0.0,0.0,0.0,0.0,0.0,0.0,0.0,0.0,0.0,0.0,0.0,0.0,0.0,0.0,0.0,0.0,0.0,0.0,0.0,0.0,0.0,0.0
video_send_packetsSentPerSecond,0.0,0.0,0.0,0.0,36.0,21.0,15.0,10.01001001001001,18.0,16.983016983016984,18.0,21.0,22.0,19.0,26.0,26.0,42.0,48.048048048048045,59.94005994005994,51.0,60.0,63.06306306306306,59.94005994005994,59.880239520958085,60.120240480961925,60.06006006006006,60.0,59.94005994005994,60.0,60.0,62.0,60.0,60.0,60.0,60.06006006006006,59.94005994005994,61.06106106106106,59.94005994005994,60.0,60.06006006006006,61.938061938061935,61.0,61.0,70.0,76.0,73.0,62.0,62.0,61.0,63.0,76.07607607607608,68.93106893106894,81.08108108108108,99.9000999000999,113.0,118.0,106.10610610610611,119.88011988011988,120.12012012012012,119.88011988011988,110.11011011011011,90.9090909090909,66.06606606606607,70.0,96.90309690309691,115.11511511511512,95.0,104.0,102.8971028971029,113.0,114.0,112.0,115.0,111.11111111111111,120.87912087912088,118.0,90.0,97.09709709709709,98.0,106.0,107.89210789210789,117.0,116.0,118.0,119.11911911911912,120.87912087912088,119.0,116.0,121.0,120.0,114.11411411411412,105.89410589410589,86.0,102.10210210210211,110.77844311377245,117.23446893787575,113.88611388611389,111.0,103.10310310310311,108.89110889110889
video_send_googEncodeUsagePercent,0.0,0.0,0.0,0.0,0.0,0.0,64.0,64.0,64.0,64.0,64.0,64.0,64.0,64.0,64.0,64.0,64.0,64.0,64.0,52.0,48.0,46.0,64.0,64.0,51.0,46.0,42.0,39.0,35.0,32.0,30.0,27.0,25.0,23.0,22.0,20.0,19.0,18.0,17.0,16.0,16.0,15.0,15.0,14.0,14.0,14.0,14.0,14.0,14.0,13.0,13.0,13.0,64.0,64.0,53.0,48.0,45.0,42.0,39.0,36.0,34.0,33.0,64.0,64.0,55.0,52.0,49.0,47.0,44.0,42.0,41.0,40.0,39.0,38.0,37.0,37.0,36.0,36.0,35.0,35.0,34.0,34.0,35.0,35.0,35.0,35.0,36.0,36.0,36.0,36.0,36.0,36.0,37.0,37.0,37.0,37.0,37.0,37.0,38.0,38.0
video_send_googFrameHeightSent,0.0,0.0,0.0,0.0,720.0,720.0,540.0,540.0,540.0,540.0,540.0,540.0,540.0,540.0,540.0,540.0,360.0,360.0,360.0,360.0,360.0,270.0,270.0,270.0,270.0,270.0,270.0,270.0,270.0,270.0,270.0,270.0,270.0,270.0,270.0,270.0,270.0,270.0,270.0,270.0,270.0,270.0,270.0,270.0,270.0,270.0,270.0,270.0,270.0,270.0,270.0,360.0,360.0,360.0,360.0,360.0,360.0,360.0,360.0,360.0,360.0,540.0,540.0,540.0,540.0,540.0,540.0,540.0,540.0,540.0,540.0,540.0,540.0,540.0,540.0,540.0,540.0,540.0,540.0,540.0,540.0,540.0,540.0,540.0,540.0,540.0,540.0,540.0,540.0,540.0,540.0,540.0,540.0,540.0,540.0,540.0,540.0,540.0,540.0,540.0
video_send_googFrameRateSent,0.0,0.0,0.0,0.0,17.0,9.0,5.0,5.0,10.0,10.0,11.0,11.0,14.0,15.0,15.0,17.0,36.0,48.0,60.0,52.0,60.0,60.0,60.0,60.0,60.0,60.0,60.0,60.0,60.0,60.0,60.0,60.0,60.0,60.0,60.0,60.0,60.0,60.0,60.0,60.0,60.0,60.0,60.0,60.0,60.0,60.0,60.0,60.0,60.0,60.0,60.0,60.0,60.0,60.0,60.0,60.0,60.0,60.0,60.0,60.0,60.0,57.0,60.0,60.0,60.0,60.0,60.0,60.0,60.0,60.0,60.0,60.0,60.0,60.0,60.0,60.0,60.0,60.0,60.0,60.0,60.0,60.0,60.0,60.0,60.0,60.0,60.0,60.0,60.0,60.0,60.0,60.0,60.0,60.0,60.0,60.0,60.0,60.0,60.0,60.0
video_send_googFrameWidthSent,0.0,0.0,0.0,0.0,1280.0,1280.0,960.0,960.0,960.0,960.0,960.0,960.0,960.0,960.0,960.0,960.0,640.0,640.0,640.0,640.0,640.0,480.0,480.0,480.0,480.0,480.0,480.0,480.0,480.0,480.0,480.0,480.0,480.0,480.0,480.0,480.0,480.0,480.0,480.0,480.0,480.0,480.0,480.0,480.0,480.0,480.0,480.0,480.0,480.0,480.0,480.0,640.0,640.0,640.0,640.0,640.0,640.0,640.0,640.0,640.0,640.0,960.0,960.0,960.0,960.0,960.0,960.0,960.0,960.0,960.0,960.0,960.0,960.0,960.0,960.0,960.0,960.0,960.0,960.0,960.0,960.0,960.0,960.0,960.0,960.0,960.0,960.0,960.0,960.0,960.0,960.0,960.0,960.0,960.0,960.0,960.0,960.0,960.0,960.0,960.0
video_send_googRtt,0.0,0.0,0.0,0.0,0.0,0.0,0.0,0.0,1.0,1.0,1.0,1.0,1.0,1.0,1.0,1.0,1.0,1.0,1.0,0.0,2.0,1.0,1.0,0.0,1.0,1.0,20.0,26.0,18.0,12.0,8.0,5.0,3.0,2.0,2.0,2.0,1.0,1.0,1.0,1.0,1.0,0.0,1.0,1.0,1.0,1.0,1.0,1.0,1.0,1.0,1.0,1.0,1.0,29.0,20.0,0.0,2.0,0.0,1.0,1.0,3.0,2.0,32.0,68.0,48.0,33.0,23.0,16.0,12.0,8.0,6.0,0.0,1.0,34.0,24.0,17.0,12.0,9.0,6.0,4.0,3.0,2.0,2.0,30.0,21.0,0.0,1.0,4.0,3.0,4.0,0.0,4.0,3.0,57.0,40.0,28.0,0.0,2.0,1.0,1.0
audio_recv_bitsReceivedPerSecond,-1,-1,-1,-1,0.0,28304.0,25208.0,25369.369369369368,25296.0,23416.583416583417,16720.0,16720.0,16720.0,16720.0,14672.0,15432.0,16096.0,16736.736736736737,16703.296703296703,14152.0,15936.0,15191.191191191192,15432.567432567432,16207.584830339321,15038.07615230461,13029.029029029029,13744.0,16703.296703296703,16720.0,15912.0,15648.0,15160.0,16096.0,15240.0,11307.307307307306,9190.80919080919,11251.251251251251,14185.814185814186,12496.0,12772.772772772772,15280.71928071928,15368.0,15400.0,15104.0,15376.0,15024.0,15824.0,15312.0,15336.0,15912.0,15671.671671671671,13378.62137862138,10866.866866866867,11060.939060939061,10584.0,9200.0,9209.20920920921,9190.80919080919,9209.20920920921,9190.80919080919,12532.532532532532,14033.966033966033,17361.36136136136,14864.0,14337.662337662337,14590.590590590591,11256.0,11896.0,14201.798201798201,15264.0,9200.0,8096.0,10304.0,9209.20920920921,9190.80919080919,12456.0,15648.0,15711.711711711712,15648.0,15424.0,15712.287712287713,14576.0,15016.0,11792.0,9937.937937937939,9190.80919080919,10616.0,12112.0,15008.0,15472.0,15399.399399399399,13962.037962037963,17456.0,16112.112112112112,11752.49500998004,14661.322645290582,10629.37062937063,12336.0,16288.288288288288,15416.583416583417
audio_recv_packetsReceivedPerSecond,-1,-1,-1,-1,0.0,57.0,50.0,50.050050050050054,50.0,49.95004995004995,50.0,50.0,50.0,50.0,50.0,50.0,50.0,50.050050050050054,49.95004995004995,50.0,50.0,50.050050050050054,49.95004995004995,49.9001996007984,45.09018036072144,55.05505505505506,50.0,49.95004995004995,50.0,50.0,50.0,50.0,50.0,50.0,50.050050050050054,49.95004995004995,48.048048048048045,51.94805194805195,50.0,50.050050050050054,49.95004995004995,50.0,50.0,50.0,50.0,50.0,50.0,50.0,50.0,49.0,51.051051051051054,40.95904095904096,59.05905905905906,49.95004995004995,50.0,50.0,50.050050050050054,49.95004995004995,50.050050050050054,49.95004995004995,50.050050050050054,40.95904095904096,59.05905905905906,50.0,49.95004995004995,50.050050050050054,50.0,50.0,49.95004995004995,50.0,50.0,44.0,56.0,50.050050050050054,49.95004995004995,50.0,50.0,50.050050050050054,50.0,50.0,49.95004995004995,42.0,58.0,50.0,50.050050050050054,49.95004995004995,50.0,50.0,50.0,50.0,50.050050050050054,40.95904095904096,59.0,50.050050050050054,49.9001996007984,50.100200400801604,49.95004995004995,50.0,50.050050050050054,49.95004995004995
audio_recv_googCurrentDelayMs,-1,-1,-1,-1,27.0,102.0,98.0,77.0,75.0,75.0,75.0,75.0,60.0,76.0,78.0,78.0,77.0,77.0,62.0,59.0,73.0,74.0,74.0,74.0,43.0,74.0,80.0,76.0,75.0,74.0,74.0,74.0,74.0,74.0,74.0,74.0,47.0,101.0,93.0,79.0,79.0,78.0,78.0,77.0,77.0,76.0,75.0,75.0,70.0,75.0,75.0,39.0,160.0,159.0,123.0,100.0,55.0,58.0,57.0,56.0,56.0,30.0,163.0,187.0,126.0,122.0,80.0,52.0,45.0,56.0,56.0,37.0,140.0,121.0,99.0,80.0,78.0,78.0,78.0,77.0,75.0,42.0,167.0,159.0,139.0,94.0,78.0,77.0,77.0,77.0,75.0,48.0,164.0,172.0,159.0,95.0,94.0,91.0,88.0,92.0
audio_recv_googJitterBufferMs,-1,-1,-1,-1,10.0,130.0,93.0,60.0,60.0,60.0,60.0,60.0,103.0,73.0,60.0,60.0,60.0,60.0,83.0,61.0,58.0,58.0,58.0,58.0,21.0,108.0,73.0,58.0,58.0,58.0,58.0,58.0,58.0,58.0,58.0,58.0,100.0,110.0,77.0,60.0,60.0,60.0,60.0,60.0,60.0,60.0,60.0,60.0,60.0,40.0,60.0,1.0,174.0,144.0,111.0,79.0,46.0,39.0,39.0,39.0,39.0,4.0,209.0,157.0,122.0,88.0,58.0,48.0,41.0,38.0,38.0,43.0,153.0,121.0,88.0,68.0,68.0,68.0,68.0,68.0,68.0,21.0,171.0,141.0,108.0,76.0,68.0,68.0,68.0,68.0,68.0,1.0,198.0,168.0,138.0,86.0,86.0,86.0,86.0,86.0
audio_recv_googJitterReceived,-1,-1,-1,-1,0.0,0.0,2.0,2.0,2.0,2.0,2.0,2.0,1.0,1.0,1.0,1.0,1.0,1.0,1.0,2.0,2.0,2.0,2.0,2.0,2.0,2.0,2.0,2.0,2.0,1.0,1.0,1.0,1.0,1.0,1.0,1.0,1.0,3.0,3.0,3.0,1.0,1.0,1.0,1.0,1.0,1.0,1.0,1.0,1.0,1.0,1.0,6.0,6.0,6.0,1.0,1.0,1.0,1.0,1.0,1.0,1.0,1.0,1.0,1.0,1.0,1.0,1.0,1.0,1.0,1.0,1.0,1.0,1.0,1.0,1.0,1.0,1.0,1.0,1.0,1.0,3.0,3.0,3.0,3.0,3.0,3.0,1.0,1.0,1.0,1.0,1.0,1.0,1.0,1.0,1.0,1.0,1.0,1.0,1.0,1.0
audio_recv_googPreferredJitterBufferMs,-1,-1,-1,-1,60.0,40.0,40.0,40.0,40.0,40.0,40.0,40.0,40.0,40.0,40.0,40.0,40.0,40.0,40.0,40.0,40.0,40.0,40.0,40.0,40.0,40.0,40.0,40.0,40.0,40.0,40.0,40.0,40.0,40.0,40.0,40.0,40.0,40.0,40.0,40.0,40.0,40.0,40.0,40.0,40.0,40.0,40.0,40.0,40.0,40.0,40.0,40.0,40.0,40.0,20.0,20.0,20.0,20.0,20.0,20.0,20.0,20.0,20.0,20.0,20.0,20.0,20.0,20.0,20.0,20.0,20.0,60.0,60.0,60.0,60.0,60.0,60.0,60.0,60.0,60.0,60.0,60.0,60.0,60.0,60.0,60.0,60.0,60.0,60.0,60.0,60.0,80.0,80.0,80.0,80.0,80.0,80.0,80.0,80.0,80.0
video_recv_bitsReceivedPerSecond,-1,-1,-1,-1,0.0,475800.0,364328.0,349549.5495495495,543624.0,446921.07892107894,481560.0,464072.0,436112.0,446816.0,330344.0,372144.0,360024.0,448376.3763763764,503280.7192807193,436008.0,450168.0,396100.1001001001,391472.52747252746,417005.9880239521,395302.60521042085,404444.44444444444,258696.0,272359.64035964035,282128.0,310320.0,314832.0,343072.0,377392.0,403008.0,436836.8368368368,413218.7812187812,495871.8718718719,484419.5804195804,486992.0,495695.6956956957,541506.4935064935,563680.0,583640.0,684152.0,717296.0,664952.0,835072.0,787024.0,819464.0,707712.0,783879.8798798799,656479.5204795204,742102.1021021021,639320.6793206793,599968.0,613032.0,660308.3083083084,675132.8671328671,749837.8378378379,754469.5304695305,841761.7617617617,699588.4115884115,832056.056056056,535016.0,527456.5434565435,561169.1691691692,624112.0,632688.0,611452.5474525475,570576.0,618400.0,554624.0,581312.0,453797.7977977978,480159.8401598402,513448.0,574144.0,602610.6106106106,652072.0,677584.0,745222.7772227773,643352.0,746136.0,584296.0,584888.8888888889,600727.2727272727,653416.0,662584.0,699648.0,719672.0,795739.7397397397,664471.5284715284,764640.0,475363.3633633634,487952.09580838325,514300.6012024048,575544.4555444556,592352.0,640456.4564564564,434741.25874125876
video_recv_packetsReceivedPerSecond,-1,-1,-1,-1,0.0,70.0,60.0,59.05905905905906,80.0,63.93606393606394,65.0,62.0,63.0,68.0,60.0,60.0,63.0,66.06606606606607,74.92507492507492,63.0,60.0,60.06006006006006,59.94005994005994,59.880239520958085,54.10821643286573,68.06806806806807,52.0,58.94105894105894,60.0,62.0,60.0,60.0,60.0,60.0,60.06006006006006,63.93606393606394,76.07607607607608,70.92907092907093,69.0,74.07407407407408,84.91508491508492,93.0,93.0,115.0,119.0,107.0,122.0,120.0,120.0,114.0,123.12312312312312,98.9010989010989,119.11911911911912,100.8991008991009,103.0,105.0,113.11311311311312,112.88711288711289,116.11611611611612,113.88611388611389,122.12212212212212,97.9020979020979,133.13313313313313,75.0,74.92507492507492,83.08308308308308,106.0,103.0,92.9070929070929,92.0,98.0,93.0,89.0,62.06206206206206,65.93406593406593,72.0,90.0,94.09409409409409,110.0,111.0,118.88111888111888,100.0,120.0,89.0,95.09509509509509,98.9010989010989,112.0,110.0,114.0,112.0,122.12212212212212,98.9010989010989,114.0,66.06606606606607,68.8622754491018,74.14829659318637,93.9060939060939,91.0,96.09609609609609,58.94105894105894
video_recv_googCurrentDelayMs,-1,-1,-1,-1,22.0,46.0,35.0,29.0,55.0,57.0,57.0,57.0,55.0,58.0,61.0,60.0,60.0,56.0,56.0,57.0,58.0,57.0,56.0,56.0,55.0,53.0,53.0,52.0,52.0,52.0,53.0,53.0,52.0,51.0,50.0,51.0,49.0,49.0,49.0,49.0,49.0,49.0,48.0,47.0,47.0,47.0,46.0,47.0,56.0,56.0,56.0,56.0,58.0,57.0,57.0,57.0,56.0,55.0,54.0,53.0,53.0,53.0,54.0,56.0,56.0,55.0,54.0,53.0,53.0,53.0,53.0,53.0,53.0,54.0,54.0,53.0,52.0,51.0,51.0,50.0,52.0,51.0,52.0,52.0,52.0,52.0,51.0,51.0,50.0,49.0,51.0,50.0,52.0,53.0,53.0,53.0,52.0,51.0,68.0,69.0
video_recv_googDecodeMs,-1,-1,-1,-1,4.0,3.0,4.0,3.0,2.0,2.0,2.0,2.0,3.0,2.0,1.0,2.0,2.0,2.0,2.0,2.0,1.0,2.0,2.0,2.0,1.0,1.0,2.0,2.0,2.0,2.0,2.0,2.0,2.0,2.0,2.0,1.0,2.0,2.0,2.0,1.0,2.0,2.0,2.0,2.0,2.0,2.0,2.0,2.0,2.0,3.0,2.0,2.0,2.0,3.0,2.0,2.0,2.0,2.0,3.0,3.0,3.0,2.0,2.0,3.0,2.0,2.0,3.0,1.0,2.0,3.0,2.0,2.0,2.0,2.0,2.0,2.0,2.0,2.0,3.0,2.0,3.0,2.0,2.0,2.0,2.0,2.0,2.0,2.0,2.0,2.0,2.0,3.0,3.0,2.0,2.0,2.0,2.0,2.0,2.0,2.0
video_recv_googFrameHeightReceived,-1,-1,-1,-1,720.0,720.0,720.0,720.0,540.0,540.0,540.0,540.0,540.0,360.0,360.0,360.0,360.0,360.0,360.0,360.0,360.0,360.0,360.0,360.0,360.0,360.0,360.0,360.0,360.0,360.0,360.0,360.0,360.0,360.0,360.0,360.0,360.0,360.0,360.0,360.0,360.0,360.0,360.0,360.0,360.0,360.0,360.0,360.0,540.0,540.0,540.0,540.0,540.0,540.0,540.0,540.0,540.0,540.0,540.0,540.0,540.0,540.0,540.0,540.0,540.0,540.0,540.0,540.0,540.0,540.0,540.0,540.0,540.0,540.0,540.0,540.0,540.0,540.0,540.0,540.0,540.0,540.0,540.0,540.0,540.0,540.0,540.0,540.0,540.0,540.0,540.0,540.0,540.0,540.0,540.0,540.0,540.0,540.0,540.0,540.0
video_recv_googFrameRateOutput,-1,-1,-1,-1,28.0,36.0,30.0,30.0,44.0,60.0,60.0,60.0,60.0,60.0,60.0,60.0,60.0,60.0,60.0,60.0,60.0,60.0,60.0,60.0,56.0,63.0,49.0,59.0,61.0,60.0,59.0,61.0,60.0,60.0,60.0,60.0,59.0,60.0,60.0,60.0,60.0,60.0,60.0,60.0,60.0,60.0,60.0,60.0,59.0,60.0,60.0,53.0,67.0,60.0,60.0,60.0,60.0,60.0,60.0,60.0,60.0,52.0,68.0,60.0,60.0,60.0,60.0,60.0,60.0,60.0,60.0,55.0,58.0,60.0,60.0,60.0,60.0,60.0,60.0,60.0,60.0,53.0,67.0,60.0,60.0,60.0,60.0,60.0,60.0,60.0,60.0,52.0,68.0,60.0,60.0,60.0,60.0,60.0,55.0,59.0
video_recv_googFrameRateReceived,-1,-1,-1,-1,9.0,34.0,30.0,30.0,46.0,60.0,60.0,60.0,60.0,60.0,60.0,60.0,60.0,60.0,60.0,60.0,60.0,60.0,60.0,60.0,54.0,66.0,49.0,59.0,60.0,60.0,60.0,60.0,60.0,60.0,60.0,60.0,58.0,62.0,60.0,60.0,60.0,60.0,60.0,60.0,60.0,60.0,60.0,60.0,60.0,57.0,63.0,50.0,70.0,60.0,60.0,60.0,60.0,60.0,60.0,58.0,61.0,49.0,71.0,60.0,60.0,60.0,60.0,60.0,60.0,60.0,60.0,52.0,61.0,60.0,60.0,60.0,60.0,60.0,60.0,60.0,60.0,50.0,70.0,60.0,60.0,60.0,60.0,60.0,60.0,60.0,60.0,49.0,71.0,60.0,60.0,60.0,60.0,60.0,56.0,59.0
video_recv_googFrameWidthReceived,-1,-1,-1,-1,1280.0,1280.0,1280.0,1280.0,960.0,960.0,960.0,960.0,960.0,640.0,640.0,640.0,640.0,640.0,640.0,640.0,640.0,640.0,640.0,640.0,640.0,640.0,640.0,640.0,640.0,640.0,640.0,640.0,640.0,640.0,640.0,640.0,640.0,640.0,640.0,640.0,640.0,640.0,640.0,640.0,640.0,640.0,640.0,640.0,960.0,960.0,960.0,960.0,960.0,960.0,960.0,960.0,960.0,960.0,960.0,960.0,960.0,960.0,960.0,960.0,960.0,960.0,960.0,960.0,960.0,960.0,960.0,960.0,960.0,960.0,960.0,960.0,960.0,960.0,960.0,960.0,960.0,960.0,960.0,960.0,960.0,960.0,960.0,960.0,960.0,960.0,960.0,960.0,960.0,960.0,960.0,960.0,960.0,960.0,960.0,960.0
video_recv_googInterframeDelayMax,-1,-1,-1,-1,77.0,102.0,47.0,38.0,81.0,18.0,18.0,19.0,44.0,19.0,18.0,24.0,20.0,19.0,37.0,18.0,19.0,18.0,18.0,18.0,44.0,39.0,50.0,34.0,21.0,19.0,18.0,18.0,18.0,18.0,18.0,18.0,42.0,18.0,18.0,20.0,18.0,18.0,18.0,19.0,18.0,19.0,18.0,19.0,54.0,18.0,20.0,54.0,19.0,19.0,18.0,19.0,18.0,23.0,18.0,18.0,18.0,61.0,40.0,23.0,18.0,18.0,18.0,18.0,18.0,20.0,19.0,41.0,34.0,18.0,18.0,18.0,19.0,19.0,18.0,19.0,19.0,43.0,18.0,18.0,19.0,18.0,19.0,18.0,18.0,21.0,18.0,54.0,19.0,19.0,19.0,18.0,19.0,18.0,64.0,34.0
video_recv_googJitterBufferMs,-1,-1,-1,-1,22.0,32.0,21.0,15.0,41.0,44.0,43.0,43.0,41.0,47.0,47.0,46.0,46.0,43.0,43.0,46.0,45.0,45.0,44.0,44.0,43.0,41.0,41.0,40.0,40.0,43.0,41.0,41.0,40.0,39.0,38.0,39.0,37.0,37.0,37.0,39.0,37.0,37.0,36.0,35.0,35.0,36.0,34.0,35.0,43.0,43.0,43.0,43.0,45.0,44.0,44.0,44.0,43.0,42.0,41.0,40.0,40.0,40.0,41.0,43.0,43.0,42.0,41.0,40.0,40.0,40.0,40.0,40.0,40.0,41.0,41.0,40.0,39.0,38.0,38.0,37.0,39.0,38.0,39.0,40.0,39.0,39.0,38.0,38.0,37.0,36.0,38.0,37.0,39.0,40.0,40.0,40.0,39.0,38.0,55.0,56.0
video_recv_googPlisSent,-1,-1,-1,-1,0.0,0.0,0.0,0.0,0.0,0.0,0.0,0.0,0.0,0.0,0.0,0.0,0.0,0.0,0.0,0.0,0.0,0.0,0.0,0.0,0.0,0.0,0.0,0.0,0.0,0.0,0.0,0.0,0.0,0.0,0.0,0.0,0.0,0.0,0.0,0.0,0.0,0.0,0.0,0.0,0.0,0.0,0.0,0.0,0.0,0.0,0.0,0.0,0.0,0.0,0.0,0.0,0.0,0.0,0.0,0.0,0.0,0.0,0.0,0.0,0.0,0.0,0.0,0.0,0.0,0.0,0.0,0.0,0.0,0.0,0.0,0.0,0.0,0.0,0.0,0.0,0.0,0.0,0.0,0.0,0.0,0.0,0.0,0.0,0.0,0.0,0.0,0.0,0.0,0.0,0.0,0.0,0.0,0.0,0.0,0.0
audio_send_packetsLost,-1,-1,-1,-1,-1,-1,0.0,0.0,0.0,0.0,0.0,0.0,0.0,0.0,0.0,0.0,0.0,0.0,0.0,0.0,0.0,0.0,0.0,0.0,0.0,0.0,0.0,0.0,0.0,0.0,0.0,0.0,0.0,0.0,0.0,0.0,0.0,0.0,0.0,0.0,0.0,0.0,0.0,0.0,0.0,0.0,0.0,0.0,0.0,0.0,0.0,0.0,0.0,0.0,0.0,0.0,0.0,0.0,0.0,0.0,0.0,0.0,0.0,0.0,0.0,0.0,0.0,0.0,0.0,0.0,0.0,0.0,0.0,0.0,0.0,0.0,0.0,0.0,0.0,0.0,0.0,0.0,0.0,0.0,0.0,0.0,0.0,0.0,0.0,0.0,0.0,0.0,0.0,0.0,0.0,0.0,0.0,0.0,0.0,0.0
audio_send_googJitterReceived,-1,-1,-1,-1,-1,-1,6.0,6.0,6.0,6.0,8.0,8.0,8.0,8.0,8.0,8.0,7.0,7.0,7.0,7.0,7.0,7.0,7.0,1.0,1.0,1.0,1.0,1.0,1.0,1.0,1.0,2.0,2.0,2.0,2.0,2.0,1.0,1.0,1.0,1.0,1.0,1.0,1.0,1.0,1.0,1.0,1.0,1.0,1.0,1.0,1.0,1.0,1.0,1.0,1.0,1.0,2.0,2.0,2.0,2.0,2.0,2.0,2.0,2.0,1.0,1.0,1.0,1.0,1.0,1.0,2.0,2.0,2.0,2.0,2.0,1.0,1.0,1.0,1.0,1.0,1.0,1.0,1.0,1.0,1.0,1.0,1.0,1.0,1.0,1.0,1.0,1.0,3.0,3.0,3.0,3.0,3.0,1.0,1.0,1.0
audio_send_googRtt,-1,-1,-1,-1,-1,-1,-1,-1,-1,-1,1.0,1.0,1.0,1.0,1.0,1.0,1.0,1.0,1.0,1.0,1.0,1.0,1.0,1.0,1.0,1.0,1.0,1.0,1.0,1.0,1.0,1.0,1.0,1.0,1.0,1.0,1.0,1.0,1.0,1.0,1.0,1.0,1.0,1.0,1.0,1.0,1.0,1.0,1.0,1.0,1.0,1.0,1.0,1.0,1.0,1.0,2.0,2.0,2.0,2.0,2.0,2.0,2.0,2.0,2.0,2.0,2.0,2.0,2.0,2.0,1.0,1.0,1.0,1.0,1.0,2.0,2.0,2.0,2.0,2.0,2.0,2.0,134.0,134.0,134.0,134.0,2.0,2.0,2.0,2.0,2.0,2.0,185.0,185.0,185.0,185.0,185.0,2.0,2.0,2.0
video_send_resolutionChangesSent,0,0,0,0,1,1,2,2,2,2,2,2,2,2,2,2,3,3,3,3,3,4,4,4,4,4,4,4,4,4,4,4,4,4,4,4,4,4,4,4,4,4,4,4,4,4,4,4,4,4,4,5,5,5,5,5,5,5,5,5,5,6,6,6,6,6,6,6,6,6,6,6,6,6,6,6,6,6,6,6,6,6,6,6,6,6,6,6,6,6,6,6,6,6,6,6,6,6,6,6
video_recv_resolutionChangesReceived,0,0,0,0,1,1,1,1,2,2,2,2,2,3,3,3,3,3,3,3,3,3,3,3,3,3,3,3,3,3,3,3,3,3,3,3,3,3,3,3,3,3,3,3,3,3,3,3,4,4,4,4,4,4,4,4,4,4,4,4,4,4,4,4,4,4,4,4,4,4,4,4,4,4,4,4,4,4,4,4,4,4,4,4,4,4,4,4,4,4,4,4,4,4,4,4,4,4,4,4
1_way_delay_audio_send,-0.5,-0.5,-0.5,-0.5,-0.5,-0.5,-0.5,-0.5,-0.5,-0.5,0.5,0.5,0.5,0.5,0.5,0.5,0.5,0.5,0.5,0.5,0.5,0.5,0.5,0.5,0.5,0.5,0.5,0.5,0.5,0.5,0.5,0.5,0.5,0.5,0.5,0.5,0.5,0.5,0.5,0.5,0.5,0.5,0.5,0.5,0.5,0.5,0.5,0.5,0.5,0.5,0.5,0.5,0.5,0.5,0.5,0.5,1.0,1.0,1.0,1.0,1.0,1.0,1.0,1.0,1.0,1.0,1.0,1.0,1.0,1.0,0.5,0.5,0.5,0.5,0.5,1.0,1.0,1.0,1.0,1.0,1.0,1.0,67.0,67.0,67.0,67.0,1.0,1.0,1.0,1.0,1.0,1.0,92.5,92.5,92.5,92.5,92.5,1.0,1.0,1.0
1_way_delay_video_send,0.0,0.0,0.0,0.0,0.0,0.0,0.0,0.0,0.5,0.5,0.5,0.5,0.5,0.5,0.5,0.5,0.5,0.5,0.5,0.0,1.0,0.5,0.5,0.0,0.5,0.5,10.0,13.0,9.0,6.0,4.0,2.5,1.5,1.0,1.0,1.0,0.5,0.5,0.5,0.5,0.5,0.0,0.5,0.5,0.5,0.5,0.5,0.5,0.5,0.5,0.5,0.5,0.5,14.5,10.0,0.0,1.0,0.0,0.5,0.5,1.5,1.0,16.0,34.0,24.0,16.5,11.5,8.0,6.0,4.0,3.0,0.0,0.5,17.0,12.0,8.5,6.0,4.5,3.0,2.0,1.5,1.0,1.0,15.0,10.5,0.0,0.5,2.0,1.5,2.0,0.0,2.0,1.5,28.5,20.0,14.0,0.0,1.0,0.5,0.5
ear_ear_delay_audio_send,-0.5,-0.5,-0.5,166.5,131.5,109.5,71.5,66.5,64.5,64.5,52.5,70.5,65.5,62.5,42.5,60.5,60.5,60.5,60.5,60.5,60.5,60.5,62.5,60.5,112.5,65.5,65.5,57.5,92.5,70.5,65.5,60.5,60.5,60.5,60.5,40.5,60.5,60.5,60.5,60.5,60.5,60.5,60.5,15.5,101.5,66.5,61.5,59.5,59.5,59.5,59.5,59.5,49.5,49.5,49.5,29.5,50.0,50.0,12.0,97.0,85.0,50.0,45.0,45.0,45.0,52.0,50.0,50.0,50.0,50.0,49.5,49.5,49.5,11.5,164.5,122.0,82.0,50.0,47.0,47.0,47.0,47.0,113.0,93.0,113.0,113.0,27.0,12.0,2.0,140.0,110.0,77.0,138.5,138.5,138.5,123.5,146.5,50.0,50.0
audio_recv_kbitsReceivedPerSecond,0,0,0,0,0,27,24,24,24,22,16,16,16,16,14,15,15,16,16,13,15,14,15,15,14,12,13,16,16,15,15,14,15,14,11,8,10,13,12,12,14,15,15,14,15,14,15,14,14,15,15,13,10,10,10,8,8,8,8,8,12,13,16,14,14,14,10,11,13,14,8,7,10,8,8,12,15,15,15,15,15,14,14,11,9,8,10,11,14,15,15,13,17,15,11,14,10,12,15,15
video_recv_kbitsReceivedPerSecond,0,0,0,0,0,464,355,341,530,436,470,453,425,436,322,363,351,437,491,425,439,386,382,407,386,394,252,265,275,303,307,335,368,393,426,403,484,473,475,484,528,550,569,668,700,649,815,768,800,691,765,641,724,624,585,598,644,659,732,736,822,683,812,522,515,548,609,617,597,557,603,541,567,443,468,501,560,588,636,661,727,628,728,570,571,586,638,647,683,702,777,648,746,464,476,502,562,578,625,424
audio_packet_loss_percentage_send,0.0,0.0,2.0,0.0,0.0,0.0,0.0,0.0,0.0,0.0,0.0,0.0,0.0,0.0,0.0,0.0,0.0,0.0,0.0,0.0,0.0,0.0,0.0,0.0,0.0,0.0,0.0,0.0,0.0,0.0,0.0,0.0,0.0,0.0,0.0,0.0,0.0,0.0,0.0,0.0,0.0,0.0,0.0,0.0,0.0,0.0,0.0,0.0,0.0,0.0,0.0,0.0,0.0,0.0,0.0,0.0,0.0,0.0,0.0,0.0,0.0,0.0,0.0,0.0,0.0,0.0,0.0,0.0,0.0,0.0,0.0,0.0,0.0,0.0,0.0,0.0,0.0,0.0,0.0,0.0,0.0,0.0,0.0,0.0,0.0,0.0,0.0,0.0,0.0,0.0,0.0,0.0,0.0,0.0,0.0
e_model_audio_send,69.40958458320165,91.044,91.572,91.88992118111462,92.604,92.652,92.652,92.94,92.50800000000001,92.628,92.7,93.18,92.748,92.748,92.748,92.748,92.748,92.748,92.748,92.7,92.748,91.5,92.628,92.628,92.82000000000001,91.98,92.50800000000001,92.628,92.748,92.748,92.748,92.748,93.22800000000001,92.748,92.748,92.748,92.748,92.748,92.748,92.748,93.828,91.76400000000001,92.604,92.724,92.772,92.772,92.772,92.772,92.772,93.012,93.012,93.012,93.492,93.0,93.0,93.912,91.872,92.16,93.0,93.12,93.12,93.12,92.952,93.0,93.0,93.0,93.0,93.012,93.012,93.012,93.924,90.25200000000001,91.272,92.232,93.0,93.072,93.072,93.072,93.072,91.488,91.968,91.488,91.488,93.552,93.912,94.152,90.84,91.56,92.352,90.876,90.876,90.876,91.236,90.684,93.0,93.0
kpi_audio_synchronization,3.5691889510164967,4.363730784027712,4.375583995411264,4.382505528372054,4.397453170965951,4.398427947377344,4.398427947377344,4.4041965427120005,4.395492222356417,4.397941034479936,4.399398919,4.408898349976,4.400366081189056,4.400366081189056,4.400366081189056,4.400366081189056,4.400366081189056,4.400366081189056,4.400366081189056,4.399398919,4.400366081189056,4.373993875000001,4.397941034479936,4.397941034479936,4.401809671624,4.3844369552560005,4.395492222356417,4.397941034479936,4.400366081189056,4.400366081189056,4.400366081189056,4.400366081189056,4.409827162361537,4.400366081189056,4.400366081189056,4.400366081189056,4.400366081189056,4.400366081189056,4.400366081189056,4.400366081189056,4.4211100828831364,4.379783570857793,4.397453170965951,4.399882976564032,4.400848232294464,4.400848232294464,4.400848232294464,4.400848232294464,4.400848232294464,4.405617172035905,4.405617172035905,4.405617172035905,4.414866499019585,4.405381000000001,4.405381000000001,4.422641039394304,4.382119702872064,4.388256944128,4.405381000000001,4.4077319127039996,4.4077319127039996,4.4077319127039996,4.404433913542144,4.405381000000001,4.405381000000001,4.405381000000001,4.405381000000001,4.405617172035905,4.405617172035905,4.405617172035905,4.422858766368832,4.345124989898944,4.3689037457904645,4.389770159501825,4.405381000000001,4.406794431115264,4.406794431115264,4.406794431115264,4.406794431115264,4.373728046596097,4.384180416741376,4.373728046596097,4.373728046596097,4.415995436191745,4.422641039394304,4.4269488526013445,4.359032539072,4.375319553088001,4.392273356652544,4.3598664149303685,4.3598664149303685,4.3598664149303685,4.3680924564542085,4.355395510785472,4.405381000000001,4.405381000000001
eye_eye_delay_video_send,0.0,0.0,0.0,71.0,192.0,176.0,90.0,32.0,41.5,49.5,54.5,46.5,41.5,38.5,54.5,54.5,55.5,54.5,54.5,68.0,68.0,64.5,62.5,62.0,60.5,60.5,68.0,70.0,66.0,68.0,66.0,62.5,60.5,59.0,57.0,55.0,53.5,52.5,51.5,52.5,50.5,49.0,47.5,46.5,48.5,47.5,47.5,45.5,45.5,50.5,49.5,46.5,45.5,57.5,53.0,43.0,42.0,39.0,39.5,43.5,46.5,46.0,60.0,77.0,67.0,58.5,53.5,49.0,47.0,45.0,43.0,40.0,39.5,55.0,51.0,48.5,45.0,42.5,41.0,43.0,41.5,40.0,38.0,51.0,47.5,37.0,36.5,37.0,36.5,38.0,37.0,39.0,37.5,63.5,55.0,48.0,35.0,35.0,34.5
kpi_video_synchronization,5,5,5,5,3.7733333333333334,3.986666666666667,5,5,5,5,5,5,5,5,5,5,5,5,5,5,5,5,5,5,5,5,5,5,5,5,5,5,5,5,5,5,5,5,5,5,5,5,5,5,5,5,5,5,5,5,5,5,5,5,5,5,5,5,5,5,5,5,5,5,5,5,5,5,5,5,5,5,5,5,5,5,5,5,5,5,5,5,5,5,5,5,5,5,5,5,5,5,5,5,5,5,5,5,5
av_delay_send,-0.5,-0.5,-0.5,95.5,-60.5,-66.5,-18.5,34.5,23.0,15.0,-2.0,24.0,24.0,24.0,-12.0,6.0,5.0,6.0,6.0,-7.5,-7.5,-4.0,0.0,-1.5,52.0,5.0,-2.5,-12.5,26.5,2.5,-0.5,-2.0,0.0,1.5,3.5,-14.5,7.0,8.0,9.0,8.0,10.0,11.5,13.0,-31.0,53.0,19.0,14.0,14.0,14.0,9.0,10.0,13.0,4.0,-8.0,-3.5,-13.5,8.0,11.0,-27.5,53.5,38.5,4.0,-15.0,-32.0,-22.0,-6.5,-3.5,1.0,3.0,5.0,6.5,9.5,10.0,-43.5,113.5,73.5,37.0,7.5,6.0,4.0,5.5,7.0,75.0,42.0,65.5,76.0,-9.5,-25.0,-34.5,102.0,73.0,38.0,101.0,75.0,83.5,75.5,111.5,15.0,15.5
kpi_av_synchronization,5,5,5,1,5,5,5,5,5,5,5,5,5,5,5,5,5,5,5,5,5,5,5,5,4.4399999999999995,5,5,5,5,5,5,5,5,5,5,5,5,5,5,5,5,5,5,5,4.36,5,5,5,5,5,5,5,5,5,5,5,5,5,5,4.32,5,5,5,5,5,5,5,5,5,5,5,5,5,5,1,2.72,5,5,5,5,5,5,2.6,5,3.3600000000000003,2.52,5,5,5,1,2.76,5,1,2.6,1.92,2.56,1,5,5
kpi_resolution_stability,2.5018752581838193,2.5018752581838193,2.5018752581838193,2.5018752581838193,2.5018752581838193,2.5018752581838193,2.5018752581838193,2.5018752581838193,2.5018752581838193,2.5018752581838193,2.5018752581838193,2.5018752581838193,2.5018752581838193,2.5018752581838193,2.5018752581838193,2.5018752581838193,2.5018752581838193,2.5018752581838193,2.5018752581838193,2.5018752581838193,2.5018752581838193,2.5018752581838193,2.5018752581838193,2.5018752581838193,2.5018752581838193,2.5018752581838193,2.5018752581838193,2.5018752581838193,2.5018752581838193,2.5018752581838193,2.5018752581838193,2.5018752581838193,2.5018752581838193,2.5018752581838193,2.5018752581838193,2.5018752581838193,2.5018752581838193,2.5018752581838193,2.5018752581838193,2.5018752581838193,2.5018752581838193,2.5018752581838193,2.5018752581838193,2.5018752581838193,2.5018752581838193,2.5018752581838193,2.5018752581838193,2.5018752581838193,2.5018752581838193,2.5018752581838193,2.5018752581838193,2.5018752581838193,2.5018752581838193,2.5018752581838193,2.5018752581838193,2.5018752581838193,2.5018752581838193,2.5018752581838193,2.5018752581838193,2.5018752581838193,2.5018752581838193,2.5018752581838193,2.5018752581838193,2.5018752581838193,2.5018752581838193,2.5018752581838193,2.5018752581838193,2.5018752581838193,2.5018752581838193,2.5018752581838193,2.5018752581838193,2.5018752581838193,2.5018752581838193,2.5018752581838193,2.5018752581838193,2.5018752581838193,2.5018752581838193,2.5018752581838193,2.5018752581838193,2.5018752581838193,2.5018752581838193,2.5018752581838193,2.5018752581838193,2.5018752581838193,2.5018752581838193,2.5018752581838193,2.5018752581838193,2.5018752581838193,2.5018752581838193,2.5018752581838193,2.5018752581838193,2.5018752581838193,2.5018752581838193,2.5018752581838193,2.5018752581838193,2.5018752581838193,2.5018752581838193,2.5018752581838193,2.5018752581838193,2.5018752581838193
max_resolution_percentage,4.0,4.0,4.0,4.0,4.0,4.0,4.0,4.0,4.0,4.0,4.0,4.0,4.0,4.0,4.0,4.0,4.0,4.0,4.0,4.0,4.0,4.0,4.0,4.0,4.0,4.0,4.0,4.0,4.0,4.0,4.0,4.0,4.0,4.0,4.0,4.0,4.0,4.0,4.0,4.0,4.0,4.0,4.0,4.0,4.0,4.0,4.0,4.0,4.0,4.0,4.0,4.0,4.0,4.0,4.0,4.0,4.0,4.0,4.0,4.0,4.0,4.0,4.0,4.0,4.0,4.0,4.0,4.0,4.0,4.0,4.0,4.0,4.0,4.0,4.0,4.0,4.0,4.0,4.0,4.0,4.0,4.0,4.0,4.0,4.0,4.0,4.0,4.0,4.0,4.0,4.0,4.0,4.0,4.0,4.0,4.0,4.0,4.0,4.0,4.0
kpi_resolution_stability_norm,2.646801363947096,2.646801363947096,2.646801363947096,2.646801363947096,2.646801363947096,2.646801363947096,2.646801363947096,2.646801363947096,2.646801363947096,2.646801363947096,2.646801363947096,2.646801363947096,2.646801363947096,2.646801363947096,2.646801363947096,2.646801363947096,2.646801363947096,2.646801363947096,2.646801363947096,2.646801363947096,2.646801363947096,2.646801363947096,2.646801363947096,2.646801363947096,2.646801363947096,2.646801363947096,2.646801363947096,2.646801363947096,2.646801363947096,2.646801363947096,2.646801363947096,2.646801363947096,2.646801363947096,2.646801363947096,2.646801363947096,2.646801363947096,2.646801363947096,2.646801363947096,2.646801363947096,2.646801363947096,2.646801363947096,2.646801363947096,2.646801363947096,2.646801363947096,2.646801363947096,2.646801363947096,2.646801363947096,2.646801363947096,2.646801363947096,2.646801363947096,2.646801363947096,2.646801363947096,2.646801363947096,2.646801363947096,2.646801363947096,2.646801363947096,2.646801363947096,2.646801363947096,2.646801363947096,2.646801363947096,2.646801363947096,2.646801363947096,2.646801363947096,2.646801363947096,2.646801363947096,2.646801363947096,2.646801363947096,2.646801363947096,2.646801363947096,2.646801363947096,2.646801363947096,2.646801363947096,2.646801363947096,2.646801363947096,2.646801363947096,2.646801363947096,2.646801363947096,2.646801363947096,2.646801363947096,2.646801363947096,2.646801363947096,2.646801363947096,2.646801363947096,2.646801363947096,2.646801363947096,2.646801363947096,2.646801363947096,2.646801363947096,2.646801363947096,2.646801363947096,2.646801363947096,2.646801363947096,2.646801363947096,2.646801363947096,2.646801363947096,2.646801363947096,2.646801363947096,2.646801363947096,2.646801363947096,2.646801363947096
max_resolution_percentage_norm,61.0,61.0,61.0,61.0,61.0,61.0,61.0,61.0,61.0,61.0,61.0,61.0,61.0,61.0,61.0,61.0,61.0,61.0,61.0,61.0,61.0,61.0,61.0,61.0,61.0,61.0,61.0,61.0,61.0,61.0,61.0,61.0,61.0,61.0,61.0,61.0,61.0,61.0,61.0,61.0,61.0,61.0,61.0,61.0,61.0,61.0,61.0,61.0,61.0,61.0,61.0,61.0,61.0,61.0,61.0,61.0,61.0,61.0,61.0,61.0,61.0,61.0,61.0,61.0,61.0,61.0,61.0,61.0,61.0,61.0,61.0,61.0,61.0,61.0,61.0,61.0,61.0,61.0,61.0,61.0,61.0,61.0,61.0,61.0,61.0,61.0,61.0,61.0,61.0,61.0,61.0,61.0,61.0,61.0,61.0,61.0,61.0,61.0,61.0,61.0
kpi_fps_stability,1,1,1,1,4.904703300310673,5,4.978873396874005,4.978873396874005,5,5,5,5,5,5,5,5,5,5,5,5,5,5,5,5,5,5,5,5,5,5,5,5,5,5,5,5,5,5,5,5,5,5,5,5,5,5,5,5,5,5,5,5,5,5,5,5,5,5,5,5,5,5,5,5,5,5,5,5,5,5,5,5,5,5,5,5,5,5,5,5,5,5,5,5,5,5,5,5,5,5,5,5,5,5,5,5,5,5,5,5
kpi_q_audio,1,1,1,1,1,4,4,4,4,3,3,3,3,3,2,2,2,3,3,2,2,2,2,2,2,2,2,3,3,2,2,2,2,2,2,1,2,2,2,2,2,2,2,2,2,2,2,2,2,2,2,2,2,2,2,1,1,1,1,1,2,2,3,2,2,2,2,2,2,2,1,1,2,1,1,2,2,2,2,2,2,2,2,2,2,1,2,2,2,2,2,2,3,2,2,2,2,2,2,2
kpi_q_video,3.21,2.9499999999999997,2.3499999999999996,2.55,2.5,2.9499999999999997,3.1999999999999997,2.8999999999999995,2.9499999999999997,2.6999999999999997,2.65,2.8,2.6999999999999997,2.6999999999999997,2.05,2.1,2.15,2.3,2.3,2.45,2.5999999999999996,2.6999999999999997,2.8999999999999995,2.75,3.1499999999999995,3.0999999999999996,3.0999999999999996,3.1499999999999995,3.3266666666666667,3.353333333333333,3.38,3.5,3.54,3.473333333333333,3.7,3.6333333333333333,3.34,3.285,3.325,3.265,3.305,3.2550000000000003,3.2350000000000003,3.24,3.265,3.27,3.305,3.31,3.35,3.285,3.345,3.205,3.2,3.22,3.245,3.25,3.24,3.22,3.245,3.2150000000000003,3.225,3.225,3.2350000000000003,3.2600000000000002,3.2750000000000004,3.305,3.2550000000000003,3.305,3.23,3.23,3.2350000000000003,3.2600000000000002,3.265,3.285,3.295,3.33,3.265,3.315,3.225,3.23,3.2550000000000003
qoe_simple_normal,3.0426876612240554,3.0876367537808567,2.9889537772679184,2.5786117253746728,3.5308712727516993,3.645566068227112,3.7963042269653724,3.746945182002556,3.757832469150713,3.716437892719993,3.708266546555555,3.7343220388862224,3.7167073423543395,3.7167073423543395,3.608374009021006,3.61670734235434,3.6250406756876727,3.650040675687673,3.650040675687673,3.674933213222222,3.700040675687673,3.7137770972222217,3.7497712260533262,3.7247712260533263,3.729645519069333,3.781604106139556,3.7828324691507134,3.7914378927199928,3.8211517867987843,3.825596231243228,3.830040675687673,3.850040675687673,3.8577585735957265,3.845596231243228,3.883374009021006,3.872262897909895,3.823374009021006,3.8142073423543397,3.820874009021006,3.8108740090210063,3.8198455647647926,3.806920396761978,3.80555035232955,3.806653664062671,3.73981647025494,3.8117609146993847,3.817594248032718,3.818427581366052,3.8250942480327184,3.8147907968928787,3.8247907968928785,3.801457463559545,3.801651833224398,3.803931222222223,3.8080978888888897,3.8108490043771446,3.8046799669857854,3.8020285493475554,3.8080978888888897,3.727803545856,3.8050257680782225,3.8050257680782225,3.8063259903935713,3.810597888888889,3.813097888888889,3.8180978888888895,3.8097645555555566,3.8181241302262117,3.805624130226212,3.805624130226212,3.808373196263203,3.8039027766554376,3.8073781939767186,3.8130300177224252,3.371986777777778,3.569088270123918,3.8115882701239183,3.8199216034572516,3.804921603457251,3.802080894066233,3.807408935193487
qoe_simple_smooth,3.1610209945573886,3.162636753780857,2.963953777267918,2.586945058708006,3.5308712727516993,3.720566068227112,3.912970893632039,3.813611848669223,3.8328324691507127,3.7497712260533262,3.7332665465555555,3.784322038886222,3.7500406756876727,3.7500406756876727,3.5333740090210064,3.5500406756876726,3.5667073423543396,3.61670734235434,3.61670734235434,3.6665998798888886,3.7167073423543395,3.747110430555555,3.8164378927199927,3.7664378927199933,3.837978852402666,3.8816041061395556,3.882832469150713,3.899771226053326,3.9589295645765614,3.967818453465451,3.9767073423543393,4.01670734235434,4.03109190692906,4.00781845346545,4.083374009021006,4.061151786798784,3.963374009021006,3.945040675687673,3.958374009021006,3.938374009021006,3.9540122314314594,3.932753730095311,3.9280503523295507,3.929986997396004,3.86731647025494,3.940094248032718,3.951760914699385,3.9534275813660518,3.966760914699385,3.945624130226212,3.965624130226212,3.918957463559545,3.9183184998910647,3.923931222222223,3.9322645555555567,3.9358490043771446,3.9280133003191184,3.9220285493475555,3.9322645555555567,3.846970212522667,3.9258591014115556,3.9258591014115556,3.928825990393572,3.937264555555556,3.9422645555555564,3.9522645555555562,3.9355978888888896,3.9522907968928784,3.9272907968928785,3.9272907968928785,3.930873196263203,3.9305694433221046,3.9348781939767186,3.9438633510557586,3.504486777777778,3.707421603457252,3.9390882701239183,3.955754936790585,3.9257549367905846,3.9237475607329,3.9332422685268202
