bweforvideo-googAvailableReceiveBandwidth,0.0,0.0,0.0,0.0,0.0,0.0,0.0,0.0,0.0,0.0,0.0,0.0,0.0,0.0,0.0,0.0,0.0,0.0,0.0,0.0,0.0,0.0,0.0,0.0,0.0,0.0,0.0,0.0,0.0,0.0,0.0,0.0,0.0,0.0,0.0,0.0,0.0,0.0,0.0,0.0,0.0,0.0,0.0,0.0,0.0,0.0,0.0,0.0,0.0,0.0,0.0,0.0,0.0,0.0,0.0,0.0,0.0,0.0,0.0,0.0,0.0,0.0,0.0,0.0,0.0,0.0,0.0,0.0,0.0,0.0,0.0,0.0,0.0,0.0,0.0,0.0,0.0,0.0,0.0,0.0,0.0,0.0,0.0,0.0,0.0,0.0,0.0,0.0,0.0,0.0,0.0,0.0,0.0
bweforvideo-googAvailableSendBandwidth,0.0,800000.0,201823.0,85033.0,95355.0,98646.0,99807.0,101807.0,105265.0,105265.0,83991.0,91710.0,100047.0,109051.0,88366.0,96435.0,105150.0,113302.0,87878.0,94828.0,103414.0,112687.0,121342.0,125665.0,125665.0,131665.0,90065.0,97190.0,104799.0,115442.0,125677.0,135579.0,147425.0,157633.0,160633.0,170407.0,176585.0,191407.0,200341.0,212246.0,227897.0,231259.0,239980.0,256048.0,260866.0,269480.0,275480.0,288415.0,312488.0,338487.0,343596.0,363069.0,375218.0,388314.0,388314.0,388314.0,388314.0,388314.0,396490.0,398559.0,398559.0,413243.0,415635.0,415635.0,417635.0,417635.0,417635.0,417635.0,152179.0,156431.0,98356.0,105389.0,114820.0,125006.0,135513.0,88604.0,93896.0,102408.0,111601.0,121529.0,127514.0,135624.0,86374.0,94284.0,102827.0,112053.0,122017.0,132778.0,144369.0,144369.0,151811.0,164956.0,176309.0
bweforvideo-googBucketDelay,0.0,6.0,156.0,692.0,1389.0,1498.0,1699.0,1975.0,2157.0,2227.0,2164.0,2201.0,2242.0,2176.0,2137.0,2210.0,2253.0,2005.0,2198.0,2164.0,2206.0,2231.0,2149.0,1980.0,2002.0,2138.0,2004.0,2195.0,2405.0,2186.0,1985.0,1936.0,2165.0,1953.0,1907.0,1935.0,1955.0,1971.0,1906.0,1905.0,1947.0,1921.0,1939.0,1967.0,1887.0,1925.0,1911.0,1904.0,1905.0,1938.0,1966.0,1956.0,1921.0,1729.0,1706.0,1678.0,1717.0,1738.0,1728.0,1696.0,1501.0,1453.0,1421.0,1407.0,1221.0,1205.0,983.0,975.0,971.0,1461.0,1952.0,2406.0,2423.0,2142.0,1998.0,1974.0,2173.0,2437.0,2172.0,2016.0,1988.0,1975.0,2151.0,2139.0,2247.0,2234.0,2151.0,1992.0,1969.0,1938.0,1988.0,1971.0,1971.0
timestamp,1620374894,1620374895,1620374896,1620374897,1620374898,1620374899,1620374900,1620374901,1620374902,1620374903,1620374904,1620374905,1620374906,1620374907,1620374908,1620374909,1620374910,1620374911,1620374912,1620374913,1620374914,1620374915,1620374916,1620374917,1620374918,1620374919,1620374920,1620374921,1620374922,1620374923,1620374924,1620374925,1620374926,1620374927,1620374928,1620374929,1620374930,1620374931,1620374932,1620374933,1620374934,1620374935,1620374936,1620374937,1620374938,1620374939,1620374940,1620374941,1620374942,1620374943,1620374944,1620374945,1620374946,1620374947,1620374948,1620374949,1620374950,1620374951,1620374952,1620374953,1620374954,1620374955,1620374956,1620374957,1620374958,1620374959,1620374960,1620374961,1620374962,1620374963,1620374964,1620374965,1620374966,1620374967,1620374968,1620374969,1620374970,1620374971,1620374972,1620374973,1620374974,1620374975,1620374976,1620374977,1620374978,1620374979,1620374980,1620374981,1620374982,1620374983,1620374984,1620374985,1620374986
audio_bitsReceivedPerSecond,-1,0.0,329144.0,391120.0,402520.0,437216.0,325096.0,443104.0,400224.0,374056.0,402240.0,399680.0,386088.0,413928.0,393608.0,415192.0,356344.0,400160.0,403512.0,404880.0,445744.0,416744.0,369872.0,468920.0,445528.0,457176.0,385616.0,360976.0,457232.0,445864.0,488832.0,424240.0,522544.0,464648.0,469152.0,471432.0,426128.0,444296.0,405840.0,401728.0,441120.0,447072.0,449408.0,443640.0,436216.0,399056.0,434120.0,413016.0,386800.0,391160.0,432120.0,478128.0,443288.0,463512.0,466488.0,469712.0,413632.0,450608.0,446928.0,439680.0,471368.0,406096.0,390928.0,410064.0,415344.0,430072.0,411656.0,379552.0,427056.0,371504.0,378896.0,377440.0,391360.0,385624.0,413480.0,404416.0,317048.0,461944.0,405056.0,385528.0,412848.0,387320.0,364264.0,371760.0,402160.0,397008.0,388096.0,389304.0,390440.0,387616.0,403368.0,399696.0,406712.0
audio_bitsSentPerSecond,-1,0.0,145640.0,95744.0,62184.0,66816.0,68560.0,72448.0,81520.0,84048.0,87368.0,82424.0,82936.0,87688.0,81096.0,83032.0,86968.0,84680.0,84040.0,86496.0,87472.0,86504.0,88104.0,87600.0,96640.0,99728.0,105248.0,95176.0,92872.0,86456.0,85904.0,90072.0,92856.0,112472.0,103432.0,136792.0,137344.0,141264.0,155504.0,171256.0,173528.0,185008.0,196928.0,185856.0,209880.0,216144.0,224480.0,234296.0,254664.0,257776.0,261976.0,265216.0,251248.0,261128.0,267400.0,262928.0,260728.0,254344.0,256712.0,265544.0,268128.0,272968.0,284792.0,278224.0,282328.0,277000.0,281376.0,282368.0,255496.0,108128.0,125664.0,112000.0,110032.0,100432.0,95888.0,92240.0,88776.0,89344.0,85632.0,84192.0,94744.0,102312.0,106928.0,101376.0,92936.0,87984.0,83680.0,89808.0,94448.0,109528.0,117736.0,126296.0,136584.0
audio_packetsSentPerSecond,-1,0.0,73.0,61.0,53.0,64.0,62.0,63.0,70.0,69.0,76.0,68.0,67.0,79.0,74.0,67.0,72.0,78.0,70.0,70.0,70.0,74.0,79.0,71.0,72.0,72.0,71.0,65.0,68.0,78.0,76.0,74.0,66.0,80.0,69.0,78.0,72.0,75.0,80.0,81.0,79.0,75.0,81.0,79.0,84.0,77.0,81.0,82.0,83.0,86.0,84.0,84.0,82.0,86.0,83.0,87.0,84.0,78.0,83.0,87.0,87.0,87.0,92.0,86.0,87.0,87.0,90.0,83.0,81.0,55.0,55.0,61.0,62.0,81.0,75.0,71.0,69.0,64.0,80.0,75.0,75.0,75.0,66.0,74.0,68.0,76.0,76.0,77.0,76.0,74.0,70.0,74.0,75.0
audio_googLocalAddress,-1,34.70.165.150:40200,34.70.165.150:40200,34.70.165.150:40200,34.70.165.150:40200,34.70.165.150:40200,34.70.165.150:40200,34.70.165.150:40200,34.70.165.150:40200,34.70.165.150:40200,34.70.165.150:40200,34.70.165.150:40200,34.70.165.150:40200,34.70.165.150:40200,34.70.165.150:40200,34.70.165.150:40200,34.70.165.150:40200,34.70.165.150:40200,34.70.165.150:40200,34.70.165.150:40200,34.70.165.150:40200,34.70.165.150:40200,34.70.165.150:40200,34.70.165.150:40200,34.70.165.150:40200,34.70.165.150:40200,34.70.165.150:40200,34.70.165.150:40200,34.70.165.150:40200,34.70.165.150:40200,34.70.165.150:40200,34.70.165.150:40200,34.70.165.150:40200,34.70.165.150:40200,34.70.165.150:40200,34.70.165.150:40200,34.70.165.150:40200,34.70.165.150:40200,34.70.165.150:40200,34.70.165.150:40200,34.70.165.150:40200,34.70.165.150:40200,34.70.165.150:40200,34.70.165.150:40200,34.70.165.150:40200,34.70.165.150:40200,34.70.165.150:40200,34.70.165.150:40200,34.70.165.150:40200,34.70.165.150:40200,34.70.165.150:40200,34.70.165.150:40200,34.70.165.150:40200,34.70.165.150:40200,34.70.165.150:40200,34.70.165.150:40200,34.70.165.150:40200,34.70.165.150:40200,34.70.165.150:40200,34.70.165.150:40200,34.70.165.150:40200,34.70.165.150:40200,34.70.165.150:40200,34.70.165.150:40200,34.70.165.150:40200,34.70.165.150:40200,34.70.165.150:40200,34.70.165.150:40200,34.70.165.150:40200,34.70.165.150:40200,34.70.165.150:40200,34.70.165.150:40200,34.70.165.150:40200,34.70.165.150:40200,34.70.165.150:40200,34.70.165.150:40200,34.70.165.150:40200,34.70.165.150:40200,34.70.165.150:40200,34.70.165.150:40200,34.70.165.150:40200,34.70.165.150:40200,34.70.165.150:40200,34.70.165.150:40200,34.70.165.150:40200,34.70.165.150:40200,34.70.165.150:40200,34.70.165.150:40200,34.70.165.150:40200,34.70.165.150:40200,34.70.165.150:40200,34.70.165.150:40200,34.70.165.150:40200
audio_googRemoteAddress,-1,158.101.112.6:10000,158.101.112.6:10000,158.101.112.6:10000,158.101.112.6:10000,158.101.112.6:10000,158.101.112.6:10000,158.101.112.6:10000,158.101.112.6:10000,158.101.112.6:10000,158.101.112.6:10000,158.101.112.6:10000,158.101.112.6:10000,158.101.112.6:10000,158.101.112.6:10000,158.101.112.6:10000,158.101.112.6:10000,158.101.112.6:10000,158.101.112.6:10000,158.101.112.6:10000,158.101.112.6:10000,158.101.112.6:10000,158.101.112.6:10000,158.101.112.6:10000,158.101.112.6:10000,158.101.112.6:10000,158.101.112.6:10000,158.101.112.6:10000,158.101.112.6:10000,158.101.112.6:10000,158.101.112.6:10000,158.101.112.6:10000,158.101.112.6:10000,158.101.112.6:10000,158.101.112.6:10000,158.101.112.6:10000,158.101.112.6:10000,158.101.112.6:10000,158.101.112.6:10000,158.101.112.6:10000,158.101.112.6:10000,158.101.112.6:10000,158.101.112.6:10000,158.101.112.6:10000,158.101.112.6:10000,158.101.112.6:10000,158.101.112.6:10000,158.101.112.6:10000,158.101.112.6:10000,158.101.112.6:10000,158.101.112.6:10000,158.101.112.6:10000,158.101.112.6:10000,158.101.112.6:10000,158.101.112.6:10000,158.101.112.6:10000,158.101.112.6:10000,158.101.112.6:10000,158.101.112.6:10000,158.101.112.6:10000,158.101.112.6:10000,158.101.112.6:10000,158.101.112.6:10000,158.101.112.6:10000,158.101.112.6:10000,158.101.112.6:10000,158.101.112.6:10000,158.101.112.6:10000,158.101.112.6:10000,158.101.112.6:10000,158.101.112.6:10000,158.101.112.6:10000,158.101.112.6:10000,158.101.112.6:10000,158.101.112.6:10000,158.101.112.6:10000,158.101.112.6:10000,158.101.112.6:10000,158.101.112.6:10000,158.101.112.6:10000,158.101.112.6:10000,158.101.112.6:10000,158.101.112.6:10000,158.101.112.6:10000,158.101.112.6:10000,158.101.112.6:10000,158.101.112.6:10000,158.101.112.6:10000,158.101.112.6:10000,158.101.112.6:10000,158.101.112.6:10000,158.101.112.6:10000,158.101.112.6:10000
audio_googRtt,-1,91.0,75.0,94.0,94.0,94.0,107.0,107.0,116.0,116.0,116.0,132.0,132.0,134.0,134.0,134.0,135.0,135.0,135.0,135.0,135.0,133.0,133.0,133.0,112.0,112.0,96.0,96.0,96.0,79.0,79.0,66.0,66.0,66.0,56.0,56.0,52.0,52.0,52.0,46.0,46.0,43.0,43.0,43.0,42.0,42.0,45.0,45.0,45.0,79.0,79.0,105.0,105.0,105.0,122.0,122.0,135.0,135.0,135.0,144.0,144.0,154.0,154.0,154.0,161.0,161.0,166.0,166.0,166.0,131.0,131.0,105.0,105.0,105.0,116.0,116.0,125.0,125.0,125.0,130.0,130.0,133.0,133.0,133.0,135.0,135.0,136.0,136.0,136.0,137.0,137.0,136.0,136.0
audio_recv_bitsReceivedPerSecond_845560458,0.0,0.0,5816.0,4112.0,7832.0,4264.0,5736.0,4368.0,5280.0,4456.0,4272.0,4208.0,4264.0,4312.0,0.0,5584.0,8336.0,8376.0,8360.0,10080.0,7520.0,11064.0,10440.0,8992.0,9784.0,9112.0,9544.0,10808.0,9688.0,7392.0,8408.0,8128.0,9976.0,8096.0,9352.0,9192.0,9936.0,10160.0,10272.0,8720.0,9736.0,10944.0,12088.0,12536.0,15816.0,14312.0,13288.0,14888.0,10488.0,12232.0,12320.0,15112.0,8408.0,10496.0,10880.0,16112.0,10928.0,12880.0,13088.0,15248.0,16248.0,10800.0,7376.0,5848.0,6304.0,9112.0,16072.0,7352.0,13016.0,9792.0,6568.0,8160.0,13248.0,7496.0,6424.0,8816.0,9176.0,14480.0,11984.0,9104.0,6464.0,9816.0,10744.0,6216.0,12952.0,11624.0,14296.0,12440.0,11896.0,12440.0,10368.0,7848.0,8832.0
audio_recv_packetsReceivedPerSecond_845560458,0.0,0.0,6.0,3.0,7.0,3.0,5.0,3.0,4.0,4.0,4.0,3.0,4.0,4.0,0.0,5.0,9.0,9.0,8.0,13.0,11.0,11.0,11.0,8.0,10.0,8.0,9.0,11.0,9.0,7.0,9.0,7.0,11.0,7.0,9.0,9.0,10.0,10.0,11.0,9.0,9.0,12.0,12.0,14.0,17.0,15.0,15.0,17.0,10.0,14.0,14.0,16.0,8.0,12.0,11.0,17.0,11.0,14.0,13.0,17.0,17.0,12.0,10.0,8.0,7.0,8.0,19.0,6.0,13.0,11.0,6.0,7.0,13.0,7.0,6.0,8.0,9.0,16.0,13.0,9.0,6.0,10.0,11.0,5.0,15.0,12.0,15.0,13.0,13.0,13.0,10.0,7.0,9.0
audio_recv_googCurrentDelayMs_845560458,0.0,0.0,45.0,49.0,50.0,53.0,54.0,48.0,47.0,45.0,47.0,48.0,49.0,50.0,48.0,50.0,53.0,52.0,51.0,64.0,61.0,77.0,76.0,69.0,67.0,56.0,72.0,59.0,68.0,57.0,57.0,50.0,56.0,61.0,70.0,61.0,67.0,69.0,71.0,60.0,72.0,93.0,79.0,73.0,79.0,73.0,87.0,111.0,72.0,87.0,95.0,79.0,63.0,63.0,63.0,87.0,87.0,75.0,69.0,99.0,86.0,62.0,58.0,50.0,46.0,63.0,82.0,50.0,51.0,53.0,49.0,49.0,61.0,45.0,47.0,49.0,59.0,96.0,53.0,48.0,47.0,61.0,49.0,49.0,89.0,50.0,52.0,69.0,54.0,59.0,59.0,48.0,56.0
audio_recv_googJitterBufferMs_845560458,0.0,0.0,10.0,6.0,50.0,11.0,6.0,2.0,2.0,2.0,2.0,4.0,2.0,3.0,2.0,22.0,2.0,2.0,2.0,8.0,9.0,22.0,30.0,9.0,8.0,26.0,8.0,2.0,8.0,12.0,29.0,3.0,2.0,2.0,8.0,2.0,2.0,2.0,2.0,2.0,4.0,20.0,2.0,2.0,30.0,2.0,10.0,30.0,2.0,50.0,40.0,14.0,9.0,22.0,1.0,10.0,10.0,88.0,82.0,77.0,90.0,2.0,6.0,2.0,2.0,53.0,80.0,1.0,43.0,2.0,1.0,1.0,12.0,2.0,1.0,1.0,12.0,30.0,2.0,1.0,1.0,22.0,1.0,1.0,27.0,1.0,2.0,10.0,2.0,9.0,11.0,1.0,2.0
audio_recv_googJitterReceived_845560458,0.0,0.0,6.0,9.0,15.0,24.0,24.0,24.0,33.0,39.0,45.0,59.0,50.0,43.0,43.0,46.0,39.0,39.0,36.0,35.0,37.0,42.0,46.0,48.0,48.0,49.0,51.0,46.0,47.0,45.0,55.0,54.0,49.0,50.0,48.0,48.0,48.0,47.0,47.0,47.0,47.0,43.0,40.0,36.0,46.0,37.0,34.0,29.0,35.0,34.0,33.0,38.0,48.0,43.0,43.0,32.0,32.0,40.0,40.0,27.0,37.0,37.0,35.0,41.0,38.0,31.0,30.0,38.0,42.0,44.0,40.0,44.0,35.0,35.0,32.0,35.0,36.0,29.0,30.0,31.0,37.0,39.0,38.0,34.0,41.0,39.0,33.0,30.0,32.0,32.0,32.0,39.0,42.0
audio_recv_googPreferredJitterBufferMs_845560458,0.0,0.0,20.0,20.0,20.0,20.0,20.0,20.0,20.0,20.0,20.0,20.0,20.0,20.0,20.0,20.0,20.0,20.0,20.0,20.0,20.0,60.0,40.0,40.0,40.0,40.0,40.0,40.0,40.0,20.0,40.0,40.0,40.0,40.0,40.0,40.0,40.0,40.0,40.0,40.0,40.0,40.0,40.0,40.0,40.0,40.0,40.0,40.0,40.0,40.0,40.0,40.0,40.0,40.0,40.0,40.0,40.0,40.0,40.0,40.0,40.0,20.0,20.0,20.0,20.0,20.0,20.0,20.0,20.0,20.0,20.0,20.0,20.0,20.0,20.0,20.0,20.0,20.0,20.0,20.0,20.0,20.0,20.0,20.0,20.0,20.0,20.0,20.0,20.0,20.0,20.0,20.0,20.0
audio_recv_bitsReceivedPerSecond_1838743899,0.0,2520.0,3720.0,5328.0,1576.0,4808.0,4704.0,4552.0,26256.0,19512.0,6528.0,9832.0,9176.0,8256.0,8272.0,8184.0,8256.0,8272.0,9064.0,9696.0,9456.0,10960.0,24504.0,18640.0,22464.0,39304.0,21672.0,8400.0,12704.0,38440.0,42304.0,23840.0,25232.0,12000.0,5864.0,13088.0,17840.0,15768.0,8952.0,5208.0,10304.0,10096.0,10416.0,10856.0,11696.0,8192.0,11824.0,6840.0,11576.0,13088.0,14880.0,14728.0,43552.0,30336.0,6720.0,11048.0,8800.0,10528.0,9152.0,10976.0,11448.0,8744.0,9608.0,8208.0,6792.0,11448.0,14656.0,8600.0,14040.0,11520.0,8792.0,12728.0,17280.0,29208.0,30888.0,40840.0,8896.0,11712.0,11464.0,8144.0,6368.0,16648.0,13528.0,9960.0,16608.0,15640.0,17816.0,12440.0,12152.0,12448.0,9256.0,6872.0,10976.0
audio_recv_packetsReceivedPerSecond_1838743899,0.0,2.0,4.0,5.0,1.0,5.0,5.0,4.0,30.0,24.0,8.0,9.0,9.0,8.0,8.0,7.0,8.0,8.0,8.0,10.0,11.0,11.0,29.0,23.0,27.0,47.0,25.0,11.0,15.0,44.0,49.0,39.0,47.0,19.0,7.0,15.0,19.0,20.0,14.0,8.0,14.0,15.0,16.0,17.0,19.0,12.0,18.0,11.0,13.0,15.0,16.0,17.0,49.0,40.0,10.0,17.0,12.0,17.0,13.0,17.0,18.0,13.0,12.0,7.0,7.0,11.0,16.0,8.0,15.0,12.0,10.0,13.0,18.0,33.0,36.0,46.0,10.0,18.0,17.0,13.0,9.0,17.0,14.0,9.0,18.0,17.0,19.0,19.0,19.0,19.0,13.0,10.0,15.0
audio_recv_googCurrentDelayMs_1838743899,0.0,31.0,39.0,64.0,46.0,69.0,68.0,54.0,158.0,276.0,157.0,109.0,73.0,53.0,59.0,57.0,51.0,63.0,49.0,65.0,61.0,61.0,176.0,214.0,163.0,311.0,509.0,476.0,254.0,292.0,412.0,636.0,891.0,1139.0,1302.0,919.0,409.0,201.0,109.0,67.0,79.0,92.0,82.0,77.0,81.0,82.0,70.0,82.0,66.0,92.0,72.0,84.0,214.0,451.0,632.0,454.0,231.0,122.0,77.0,92.0,76.0,59.0,71.0,68.0,60.0,57.0,86.0,68.0,80.0,84.0,70.0,70.0,80.0,119.0,296.0,374.0,364.0,158.0,101.0,76.0,65.0,110.0,70.0,51.0,71.0,78.0,80.0,84.0,89.0,84.0,75.0,96.0,83.0
audio_recv_googJitterBufferMs_1838743899,0.0,0.0,42.0,42.0,2.0,22.0,32.0,42.0,297.0,220.0,2.0,22.0,32.0,42.0,32.0,32.0,32.0,45.0,82.0,82.0,121.0,122.0,167.0,70.0,160.0,530.0,440.0,67.0,122.0,397.0,717.0,848.0,1165.0,892.0,408.0,110.0,113.0,111.0,92.0,1.0,102.0,100.0,122.0,110.0,92.0,30.0,102.0,50.0,104.0,120.0,122.0,133.0,588.0,720.0,286.0,61.0,51.0,92.0,35.0,160.0,73.0,80.0,82.0,70.0,1.0,103.0,92.0,32.0,130.0,33.0,55.0,105.0,90.0,374.0,441.0,594.0,66.0,2.0,13.0,30.0,55.0,170.0,82.0,63.0,105.0,87.0,73.0,73.0,80.0,110.0,90.0,57.0,90.0
audio_recv_googJitterReceived_1838743899,0.0,7.0,32.0,52.0,54.0,70.0,69.0,72.0,32.0,32.0,33.0,50.0,52.0,55.0,56.0,57.0,58.0,59.0,56.0,52.0,48.0,44.0,28.0,34.0,28.0,25.0,27.0,32.0,34.0,23.0,22.0,23.0,26.0,40.0,39.0,45.0,41.0,42.0,43.0,37.0,40.0,34.0,32.0,35.0,29.0,39.0,35.0,31.0,39.0,35.0,36.0,30.0,22.0,26.0,35.0,31.0,33.0,32.0,31.0,32.0,29.0,36.0,48.0,52.0,49.0,50.0,35.0,40.0,36.0,46.0,46.0,38.0,34.0,24.0,18.0,26.0,28.0,25.0,32.0,36.0,45.0,41.0,38.0,42.0,36.0,31.0,29.0,34.0,28.0,31.0,42.0,42.0,43.0
audio_recv_googPreferredJitterBufferMs_1838743899,0.0,80.0,20.0,20.0,20.0,40.0,40.0,40.0,20.0,40.0,40.0,40.0,40.0,40.0,40.0,40.0,40.0,40.0,40.0,40.0,40.0,40.0,40.0,40.0,40.0,40.0,40.0,40.0,40.0,40.0,40.0,40.0,40.0,40.0,40.0,40.0,40.0,40.0,40.0,40.0,40.0,40.0,40.0,40.0,40.0,40.0,40.0,40.0,40.0,40.0,40.0,40.0,40.0,40.0,40.0,40.0,40.0,40.0,40.0,40.0,40.0,40.0,40.0,40.0,40.0,40.0,40.0,40.0,40.0,40.0,40.0,40.0,40.0,40.0,40.0,40.0,40.0,40.0,40.0,40.0,40.0,40.0,40.0,40.0,40.0,40.0,40.0,40.0,40.0,40.0,40.0,40.0,40.0
video_recv_bitsReceivedPerSecond_2442227094,0.0,86936.0,178496.0,234064.0,218112.0,233200.0,167736.0,255368.0,216008.0,197712.0,203816.0,241184.0,197176.0,219376.0,209472.0,235056.0,194792.0,231816.0,214672.0,197296.0,231352.0,212136.0,174128.0,240064.0,199336.0,246136.0,195552.0,203112.0,238160.0,200864.0,234904.0,184400.0,228224.0,218920.0,179392.0,263112.0,197096.0,234008.0,206320.0,175936.0,260976.0,200800.0,213840.0,214144.0,209216.0,203808.0,220448.0,206640.0,236912.0,204264.0,230384.0,247696.0,180968.0,186608.0,234448.0,220904.0,203176.0,233752.0,207008.0,199312.0,228744.0,211408.0,204536.0,206064.0,196704.0,252616.0,202032.0,213776.0,220624.0,205568.0,228792.0,212464.0,210592.0,204824.0,200728.0,238816.0,182536.0,239592.0,224176.0,203384.0,226320.0,213168.0,204432.0,211024.0,221824.0,220912.0,206520.0,227880.0,205752.0,206152.0,224888.0,218304.0,200976.0
video_recv_packetsReceivedPerSecond_2442227094,0.0,14.0,56.0,64.0,60.0,58.0,52.0,69.0,60.0,59.0,52.0,67.0,59.0,60.0,60.0,59.0,60.0,63.0,60.0,59.0,60.0,60.0,51.0,66.0,56.0,64.0,59.0,54.0,67.0,59.0,61.0,53.0,66.0,60.0,50.0,69.0,60.0,63.0,60.0,52.0,67.0,58.0,60.0,60.0,59.0,54.0,66.0,56.0,67.0,60.0,60.0,63.0,60.0,55.0,65.0,59.0,60.0,62.0,60.0,58.0,60.0,60.0,59.0,59.0,54.0,68.0,60.0,56.0,63.0,60.0,60.0,59.0,59.0,59.0,53.0,65.0,52.0,63.0,67.0,59.0,60.0,59.0,59.0,60.0,60.0,60.0,60.0,61.0,60.0,60.0,59.0,60.0,59.0
video_recv_googCurrentDelayMs_2442227094,0.0,21.0,47.0,59.0,62.0,67.0,68.0,77.0,77.0,79.0,78.0,81.0,81.0,82.0,82.0,83.0,84.0,86.0,86.0,87.0,87.0,88.0,88.0,89.0,90.0,92.0,91.0,90.0,90.0,91.0,90.0,91.0,91.0,91.0,90.0,91.0,92.0,91.0,92.0,92.0,92.0,92.0,93.0,93.0,93.0,94.0,93.0,94.0,91.0,93.0,93.0,93.0,94.0,94.0,94.0,95.0,94.0,94.0,95.0,95.0,94.0,96.0,95.0,96.0,95.0,94.0,94.0,94.0,93.0,93.0,93.0,93.0,93.0,93.0,92.0,92.0,92.0,93.0,93.0,94.0,93.0,94.0,93.0,93.0,93.0,93.0,93.0,94.0,93.0,93.0,92.0,93.0,92.0
video_recv_googDecodeMs_2442227094,0.0,1.0,1.0,1.0,1.0,1.0,1.0,0.0,1.0,0.0,1.0,2.0,1.0,1.0,1.0,1.0,1.0,1.0,1.0,1.0,1.0,1.0,1.0,0.0,0.0,0.0,1.0,1.0,1.0,3.0,0.0,1.0,1.0,1.0,1.0,1.0,1.0,0.0,7.0,0.0,1.0,1.0,4.0,1.0,0.0,1.0,1.0,0.0,1.0,1.0,1.0,1.0,1.0,0.0,1.0,1.0,1.0,0.0,0.0,4.0,1.0,1.0,1.0,1.0,3.0,2.0,1.0,0.0,0.0,1.0,0.0,1.0,0.0,1.0,1.0,1.0,1.0,1.0,1.0,1.0,1.0,1.0,0.0,1.0,1.0,1.0,1.0,1.0,0.0,1.0,0.0,0.0,1.0
video_recv_googFrameHeightReceived_2442227094,0.0,180.0,180.0,180.0,180.0,180.0,180.0,180.0,180.0,180.0,180.0,180.0,180.0,180.0,180.0,180.0,180.0,180.0,180.0,180.0,180.0,180.0,180.0,180.0,180.0,180.0,180.0,180.0,180.0,180.0,180.0,180.0,180.0,180.0,180.0,180.0,180.0,180.0,180.0,180.0,180.0,180.0,180.0,180.0,180.0,180.0,180.0,180.0,180.0,180.0,180.0,180.0,180.0,180.0,180.0,180.0,180.0,180.0,180.0,180.0,180.0,180.0,180.0,180.0,180.0,180.0,180.0,180.0,180.0,180.0,180.0,180.0,180.0,180.0,180.0,180.0,180.0,180.0,180.0,180.0,180.0,180.0,180.0,180.0,180.0,180.0,180.0,180.0,180.0,180.0,180.0,180.0,180.0
video_recv_googFrameRateOutput_2442227094,0.0,250.0,47.0,34.0,34.0,33.0,39.0,32.0,38.0,35.0,36.0,32.0,38.0,37.0,39.0,38.0,36.0,30.0,36.0,32.0,37.0,36.0,32.0,27.0,35.0,35.0,37.0,31.0,36.0,35.0,35.0,37.0,35.0,31.0,35.0,31.0,36.0,30.0,36.0,36.0,36.0,31.0,35.0,37.0,34.0,35.0,34.0,27.0,38.0,32.0,36.0,35.0,34.0,30.0,36.0,30.0,37.0,30.0,36.0,31.0,36.0,30.0,35.0,30.0,35.0,41.0,35.0,37.0,34.0,30.0,36.0,31.0,33.0,36.0,32.0,40.0,36.0,33.0,34.0,34.0,36.0,34.0,36.0,32.0,36.0,32.0,33.0,30.0,33.0,36.0,32.0,32.0,36.0
video_recv_googFrameRateReceived_2442227094,0.0,3.0,37.0,36.0,35.0,37.0,35.0,35.0,32.0,37.0,33.0,32.0,33.0,37.0,39.0,34.0,35.0,37.0,38.0,34.0,32.0,36.0,33.0,35.0,36.0,37.0,35.0,32.0,38.0,40.0,37.0,33.0,36.0,34.0,32.0,36.0,34.0,35.0,35.0,34.0,34.0,38.0,35.0,36.0,35.0,35.0,36.0,37.0,34.0,34.0,37.0,35.0,36.0,35.0,35.0,33.0,34.0,37.0,33.0,31.0,33.0,36.0,33.0,32.0,33.0,36.0,38.0,33.0,31.0,34.0,34.0,36.0,34.0,39.0,33.0,37.0,35.0,36.0,32.0,34.0,34.0,35.0,42.0,35.0,34.0,36.0,34.0,38.0,40.0,37.0,35.0,37.0,39.0
video_recv_googFrameWidthReceived_2442227094,0.0,320.0,320.0,320.0,320.0,320.0,320.0,320.0,320.0,320.0,320.0,320.0,320.0,320.0,320.0,320.0,320.0,320.0,320.0,320.0,320.0,320.0,320.0,320.0,320.0,320.0,320.0,320.0,320.0,320.0,320.0,320.0,320.0,320.0,320.0,320.0,320.0,320.0,320.0,320.0,320.0,320.0,320.0,320.0,320.0,320.0,320.0,320.0,320.0,320.0,320.0,320.0,320.0,320.0,320.0,320.0,320.0,320.0,320.0,320.0,320.0,320.0,320.0,320.0,320.0,320.0,320.0,320.0,320.0,320.0,320.0,320.0,320.0,320.0,320.0,320.0,320.0,320.0,320.0,320.0,320.0,320.0,320.0,320.0,320.0,320.0,320.0,320.0,320.0,320.0,320.0,320.0,320.0
video_recv_googInterframeDelayMax_2442227094,-1.0,7.0,135.0,141.0,150.0,150.0,139.0,137.0,134.0,137.0,140.0,131.0,146.0,142.0,129.0,137.0,136.0,146.0,144.0,139.0,142.0,138.0,167.0,141.0,139.0,150.0,140.0,137.0,161.0,136.0,138.0,137.0,139.0,135.0,135.0,135.0,139.0,136.0,137.0,136.0,139.0,139.0,136.0,137.0,145.0,136.0,136.0,155.0,160.0,134.0,135.0,139.0,133.0,132.0,134.0,134.0,137.0,143.0,138.0,135.0,153.0,137.0,132.0,137.0,135.0,133.0,134.0,139.0,141.0,141.0,138.0,143.0,138.0,141.0,136.0,161.0,137.0,135.0,137.0,137.0,160.0,137.0,137.0,137.0,141.0,138.0,137.0,138.0,138.0,137.0,140.0,147.0,138.0
video_recv_googJitterBufferMs_2442227094,0.0,11.0,36.0,48.0,51.0,56.0,57.0,66.0,66.0,68.0,67.0,70.0,70.0,71.0,71.0,72.0,72.0,75.0,75.0,76.0,75.0,76.0,76.0,77.0,77.0,78.0,78.0,77.0,77.0,78.0,77.0,78.0,78.0,79.0,78.0,79.0,80.0,79.0,79.0,79.0,79.0,79.0,80.0,80.0,80.0,81.0,80.0,81.0,79.0,80.0,80.0,81.0,82.0,82.0,81.0,82.0,82.0,81.0,81.0,82.0,81.0,83.0,83.0,83.0,82.0,82.0,82.0,82.0,81.0,82.0,81.0,81.0,81.0,81.0,80.0,80.0,80.0,81.0,82.0,82.0,81.0,82.0,81.0,81.0,81.0,81.0,81.0,82.0,81.0,81.0,80.0,82.0,80.0
video_recv_googPlisSent_2442227094,0.0,1.0,1.0,1.0,1.0,1.0,1.0,1.0,1.0,1.0,1.0,1.0,1.0,1.0,1.0,1.0,1.0,1.0,1.0,1.0,1.0,1.0,1.0,1.0,1.0,1.0,1.0,1.0,1.0,1.0,1.0,1.0,1.0,1.0,1.0,1.0,1.0,1.0,1.0,1.0,1.0,1.0,1.0,1.0,1.0,1.0,1.0,1.0,1.0,1.0,1.0,1.0,1.0,1.0,1.0,1.0,1.0,1.0,1.0,1.0,1.0,1.0,1.0,1.0,1.0,1.0,1.0,1.0,1.0,1.0,1.0,1.0,1.0,1.0,1.0,1.0,1.0,1.0,1.0,1.0,1.0,1.0,1.0,1.0,1.0,1.0,1.0,1.0,1.0,1.0,1.0,1.0,1.0
video_recv_bitsReceivedPerSecond_2740368828,0.0,0.0,92952.0,148104.0,151928.0,157136.0,133816.0,150872.0,122776.0,125424.0,111056.0,168512.0,149384.0,155904.0,149824.0,139976.0,119040.0,124144.0,145800.0,160352.0,170816.0,156216.0,133216.0,169952.0,153712.0,163792.0,129328.0,108160.0,171096.0,162432.0,177216.0,178984.0,225624.0,197856.0,174144.0,232960.0,172456.0,155512.0,152136.0,131432.0,185944.0,186352.0,194232.0,178440.0,170200.0,143248.0,157752.0,114288.0,144768.0,133408.0,143416.0,172776.0,178504.0,168224.0,220160.0,196088.0,161808.0,161552.0,192432.0,181080.0,188064.0,150392.0,142368.0,147624.0,137184.0,181680.0,149720.0,124152.0,141424.0,122240.0,116008.0,118952.0,122600.0,115592.0,96520.0,122240.0,101816.0,122888.0,170280.0,138992.0,146584.0,120264.0,107488.0,117072.0,121704.0,123432.0,119384.0,106880.0,131496.0,128352.0,131240.0,140240.0,158328.0
video_recv_packetsReceivedPerSecond_2740368828,0.0,0.0,33.0,74.0,64.0,66.0,53.0,66.0,60.0,58.0,54.0,66.0,60.0,60.0,58.0,58.0,63.0,60.0,59.0,60.0,60.0,52.0,53.0,73.0,55.0,56.0,67.0,52.0,65.0,61.0,61.0,52.0,69.0,59.0,50.0,70.0,60.0,59.0,60.0,52.0,66.0,59.0,61.0,59.0,59.0,51.0,69.0,50.0,70.0,60.0,59.0,59.0,63.0,55.0,64.0,56.0,63.0,59.0,60.0,58.0,60.0,51.0,59.0,68.0,54.0,66.0,60.0,50.0,66.0,61.0,61.0,57.0,61.0,49.0,62.0,66.0,52.0,60.0,66.0,59.0,61.0,48.0,62.0,68.0,59.0,50.0,70.0,60.0,60.0,60.0,59.0,56.0,64.0
video_recv_googCurrentDelayMs_2740368828,0.0,0.0,78.0,84.0,90.0,92.0,88.0,89.0,90.0,90.0,89.0,93.0,94.0,92.0,92.0,90.0,90.0,91.0,93.0,92.0,90.0,92.0,90.0,92.0,92.0,94.0,94.0,94.0,93.0,94.0,93.0,94.0,93.0,96.0,94.0,95.0,95.0,96.0,96.0,94.0,94.0,95.0,96.0,98.0,98.0,99.0,97.0,98.0,94.0,95.0,93.0,93.0,96.0,95.0,93.0,94.0,94.0,96.0,95.0,95.0,94.0,95.0,96.0,96.0,95.0,96.0,95.0,97.0,96.0,96.0,95.0,96.0,95.0,96.0,95.0,96.0,96.0,95.0,95.0,96.0,94.0,96.0,95.0,94.0,93.0,97.0,97.0,96.0,96.0,97.0,97.0,97.0,96.0
video_recv_googDecodeMs_2740368828,0.0,0.0,1.0,2.0,1.0,1.0,0.0,0.0,0.0,1.0,0.0,0.0,1.0,1.0,1.0,0.0,1.0,0.0,1.0,1.0,1.0,0.0,0.0,12.0,0.0,0.0,1.0,0.0,0.0,0.0,0.0,1.0,1.0,1.0,5.0,1.0,1.0,1.0,1.0,1.0,2.0,1.0,0.0,1.0,1.0,0.0,0.0,1.0,1.0,1.0,0.0,0.0,1.0,0.0,1.0,1.0,1.0,1.0,1.0,1.0,1.0,1.0,1.0,0.0,0.0,1.0,1.0,1.0,1.0,0.0,6.0,1.0,0.0,0.0,0.0,1.0,1.0,1.0,0.0,1.0,0.0,2.0,1.0,0.0,1.0,0.0,1.0,0.0,1.0,1.0,0.0,1.0,1.0
video_recv_googFrameHeightReceived_2740368828,0.0,0.0,180.0,180.0,180.0,180.0,180.0,180.0,180.0,180.0,180.0,180.0,180.0,180.0,180.0,180.0,180.0,180.0,180.0,180.0,180.0,180.0,180.0,180.0,180.0,180.0,180.0,180.0,180.0,180.0,180.0,180.0,180.0,180.0,180.0,180.0,180.0,180.0,180.0,180.0,180.0,180.0,180.0,180.0,180.0,180.0,180.0,180.0,180.0,180.0,180.0,180.0,180.0,180.0,180.0,180.0,180.0,180.0,180.0,180.0,180.0,180.0,180.0,180.0,180.0,180.0,180.0,180.0,180.0,180.0,180.0,180.0,180.0,180.0,180.0,180.0,180.0,180.0,180.0,180.0,180.0,180.0,180.0,180.0,180.0,180.0,180.0,180.0,180.0,180.0,180.0,180.0,180.0
video_recv_googFrameRateOutput_2740368828,0.0,0.0,18.0,33.0,33.0,34.0,44.0,40.0,31.0,37.0,28.0,30.0,30.0,42.0,37.0,34.0,31.0,39.0,38.0,38.0,35.0,32.0,30.0,30.0,35.0,35.0,37.0,29.0,35.0,31.0,39.0,33.0,38.0,33.0,37.0,30.0,37.0,34.0,35.0,30.0,36.0,29.0,33.0,32.0,39.0,33.0,36.0,31.0,38.0,34.0,38.0,32.0,36.0,31.0,35.0,34.0,38.0,29.0,37.0,35.0,37.0,33.0,38.0,28.0,35.0,33.0,35.0,34.0,33.0,33.0,35.0,33.0,34.0,32.0,32.0,32.0,36.0,38.0,33.0,36.0,40.0,34.0,41.0,37.0,32.0,30.0,34.0,34.0,30.0,34.0,34.0,35.0,35.0
video_recv_googFrameRateReceived_2740368828,0.0,0.0,22.0,42.0,41.0,43.0,34.0,39.0,28.0,37.0,31.0,28.0,34.0,35.0,41.0,33.0,35.0,35.0,38.0,35.0,35.0,31.0,31.0,35.0,35.0,37.0,40.0,31.0,37.0,40.0,40.0,34.0,36.0,35.0,31.0,38.0,35.0,35.0,37.0,36.0,36.0,38.0,37.0,36.0,35.0,35.0,41.0,36.0,36.0,38.0,37.0,34.0,36.0,36.0,35.0,36.0,37.0,37.0,33.0,36.0,36.0,36.0,36.0,36.0,34.0,37.0,38.0,34.0,34.0,39.0,38.0,34.0,40.0,34.0,41.0,38.0,38.0,34.0,34.0,37.0,36.0,31.0,42.0,41.0,36.0,28.0,38.0,38.0,37.0,40.0,36.0,35.0,36.0
video_recv_googFrameWidthReceived_2740368828,0.0,0.0,320.0,320.0,320.0,320.0,320.0,320.0,320.0,320.0,320.0,320.0,320.0,320.0,320.0,320.0,320.0,320.0,320.0,320.0,320.0,320.0,320.0,320.0,320.0,320.0,320.0,320.0,320.0,320.0,320.0,320.0,320.0,320.0,320.0,320.0,320.0,320.0,320.0,320.0,320.0,320.0,320.0,320.0,320.0,320.0,320.0,320.0,320.0,320.0,320.0,320.0,320.0,320.0,320.0,320.0,320.0,320.0,320.0,320.0,320.0,320.0,320.0,320.0,320.0,320.0,320.0,320.0,320.0,320.0,320.0,320.0,320.0,320.0,320.0,320.0,320.0,320.0,320.0,320.0,320.0,320.0,320.0,320.0,320.0,320.0,320.0,320.0,320.0,320.0,320.0,320.0,320.0
video_recv_googInterframeDelayMax_2740368828,-1.0,-1.0,204.0,138.0,163.0,163.0,163.0,139.0,135.0,148.0,144.0,164.0,133.0,141.0,132.0,164.0,143.0,133.0,142.0,139.0,143.0,149.0,146.0,141.0,141.0,162.0,141.0,194.0,138.0,153.0,130.0,130.0,135.0,133.0,133.0,132.0,135.0,134.0,163.0,133.0,136.0,148.0,134.0,135.0,145.0,132.0,157.0,130.0,138.0,132.0,131.0,132.0,157.0,142.0,141.0,130.0,147.0,145.0,140.0,140.0,149.0,143.0,146.0,166.0,140.0,137.0,138.0,139.0,142.0,139.0,154.0,138.0,140.0,135.0,137.0,153.0,155.0,132.0,137.0,148.0,136.0,134.0,143.0,142.0,128.0,162.0,136.0,134.0,136.0,135.0,141.0,141.0,138.0
video_recv_googJitterBufferMs_2740368828,0.0,0.0,67.0,72.0,78.0,79.0,76.0,77.0,78.0,78.0,77.0,81.0,82.0,80.0,80.0,79.0,79.0,80.0,82.0,81.0,79.0,81.0,79.0,81.0,81.0,83.0,82.0,82.0,82.0,82.0,80.0,82.0,81.0,84.0,82.0,83.0,83.0,84.0,84.0,82.0,82.0,83.0,84.0,85.0,85.0,86.0,84.0,85.0,82.0,83.0,81.0,81.0,84.0,84.0,82.0,83.0,83.0,85.0,84.0,84.0,82.0,83.0,84.0,84.0,83.0,84.0,83.0,85.0,84.0,84.0,83.0,84.0,83.0,84.0,84.0,85.0,84.0,84.0,84.0,85.0,83.0,85.0,84.0,83.0,82.0,86.0,86.0,85.0,85.0,86.0,86.0,86.0,85.0
video_recv_googPlisSent_2740368828,0.0,0.0,0.0,0.0,0.0,0.0,0.0,0.0,0.0,0.0,0.0,0.0,0.0,0.0,0.0,0.0,0.0,0.0,0.0,0.0,0.0,0.0,0.0,0.0,0.0,0.0,0.0,0.0,0.0,0.0,0.0,0.0,0.0,0.0,0.0,0.0,0.0,0.0,0.0,0.0,0.0,0.0,0.0,0.0,0.0,0.0,0.0,0.0,0.0,0.0,0.0,0.0,0.0,0.0,0.0,0.0,0.0,0.0,0.0,0.0,0.0,0.0,0.0,0.0,0.0,0.0,0.0,0.0,0.0,0.0,0.0,0.0,0.0,0.0,0.0,0.0,0.0,0.0,0.0,0.0,0.0,0.0,0.0,0.0,0.0,0.0,0.0,0.0,0.0,0.0,0.0,0.0,0.0
audio_send_bitsSentPerSecond_2357872967,0.0,2424.0,17568.0,20592.0,18952.0,20896.0,20960.0,17136.0,21296.0,21016.0,19728.0,21904.0,21528.0,21792.0,20624.0,21096.0,22264.0,20272.0,21672.0,21384.0,19848.0,22336.0,20048.0,20424.0,19896.0,21576.0,21896.0,19472.0,20336.0,22240.0,15824.0,15656.0,19696.0,21896.0,15368.0,17448.0,19136.0,21584.0,21472.0,21576.0,16648.0,15760.0,17992.0,17400.0,21336.0,18056.0,20936.0,24432.0,22040.0,22848.0,22816.0,22464.0,19272.0,20376.0,17864.0,17136.0,20264.0,16856.0,18552.0,19416.0,21088.0,21640.0,22176.0,20224.0,22544.0,21296.0,20504.0,21208.0,19544.0,23680.0,20016.0,21632.0,23800.0,22384.0,17432.0,16176.0,16392.0,17592.0,22184.0,23728.0,25176.0,24120.0,19320.0,18336.0,15848.0,18400.0,18440.0,19408.0,21720.0,23504.0,22584.0,24848.0,22840.0
audio_send_packetsSentPerSecond_2357872967,0.0,3.0,25.0,28.0,26.0,27.0,27.0,26.0,28.0,28.0,26.0,28.0,27.0,28.0,27.0,27.0,29.0,26.0,27.0,28.0,26.0,28.0,26.0,26.0,26.0,27.0,28.0,25.0,26.0,29.0,27.0,26.0,27.0,27.0,25.0,30.0,27.0,27.0,28.0,28.0,27.0,25.0,30.0,25.0,28.0,27.0,26.0,29.0,27.0,29.0,27.0,27.0,25.0,27.0,27.0,28.0,26.0,25.0,27.0,26.0,27.0,27.0,28.0,25.0,28.0,27.0,26.0,27.0,25.0,30.0,25.0,26.0,29.0,27.0,27.0,27.0,28.0,27.0,26.0,28.0,29.0,28.0,26.0,27.0,28.0,28.0,27.0,29.0,27.0,28.0,26.0,29.0,26.0
video_send_bitsSentPerSecond_1496454516,0.0,61632.0,112976.0,62040.0,31144.0,34408.0,35328.0,42632.0,46696.0,49480.0,52880.0,48248.0,48464.0,50760.0,46648.0,49152.0,50976.0,49336.0,48672.0,52864.0,53448.0,49648.0,52912.0,53928.0,62144.0,64624.0,70520.0,65952.0,55512.0,50168.0,54792.0,61496.0,60512.0,74704.0,74600.0,104424.0,104648.0,105144.0,117872.0,133048.0,140656.0,154600.0,163288.0,151392.0,171616.0,184160.0,186792.0,193688.0,216000.0,218488.0,222608.0,226984.0,215208.0,223976.0,233488.0,229624.0,223072.0,221888.0,222664.0,228992.0,230440.0,234752.0,244656.0,248280.0,236344.0,238600.0,231488.0,257608.0,219280.0,73736.0,94440.0,77200.0,74112.0,63096.0,62184.0,64024.0,59088.0,59064.0,48744.0,45768.0,55616.0,64096.0,74936.0,70264.0,62360.0,53816.0,50616.0,56448.0,57904.0,72040.0,81280.0,87688.0,98808.0
video_send_packetsLost_1496454516,0.0,0.0,0.0,0.0,0.0,0.0,0.0,0.0,0.0,0.0,0.0,0.0,0.0,0.0,0.0,0.0,0.0,0.0,0.0,0.0,0.0,0.0,0.0,0.0,0.0,0.0,0.0,0.0,0.0,0.0,0.0,0.0,0.0,0.0,0.0,0.0,0.0,0.0,0.0,0.0,0.0,0.0,0.0,0.0,0.0,0.0,0.0,0.0,0.0,0.0,0.0,0.0,0.0,0.0,0.0,0.0,0.0,0.0,0.0,0.0,0.0,0.0,0.0,0.0,0.0,0.0,0.0,0.0,0.0,0.0,0.0,0.0,0.0,0.0,0.0,0.0,0.0,0.0,0.0,0.0,0.0,0.0,0.0,0.0,0.0,0.0,0.0,0.0,0.0,0.0,0.0,0.0,0.0
video_send_packetsSentPerSecond_1496454516,0.0,14.0,29.0,14.0,13.0,24.0,19.0,22.0,28.0,27.0,35.0,30.0,27.0,36.0,34.0,27.0,29.0,37.0,27.0,32.0,29.0,30.0,36.0,32.0,30.0,30.0,32.0,28.0,24.0,35.0,34.0,36.0,25.0,35.0,30.0,31.0,30.0,30.0,33.0,33.0,31.0,33.0,33.0,31.0,36.0,35.0,34.0,34.0,36.0,39.0,38.0,39.0,37.0,40.0,38.0,41.0,35.0,36.0,37.0,41.0,43.0,41.0,43.0,42.0,40.0,39.0,43.0,41.0,36.0,13.0,19.0,18.0,19.0,39.0,32.0,32.0,26.0,22.0,40.0,32.0,33.0,32.0,28.0,31.0,23.0,32.0,34.0,34.0,33.0,32.0,28.0,32.0,31.0
video_send_googEncodeUsagePercent_1496454516,0.0,62.0,52.0,44.0,37.0,34.0,30.0,25.0,21.0,19.0,19.0,16.0,17.0,18.0,16.0,17.0,15.0,13.0,12.0,11.0,12.0,11.0,11.0,10.0,9.0,9.0,9.0,8.0,8.0,9.0,9.0,9.0,8.0,8.0,8.0,8.0,8.0,8.0,8.0,11.0,10.0,10.0,9.0,9.0,9.0,8.0,8.0,8.0,8.0,8.0,8.0,8.0,8.0,8.0,8.0,8.0,7.0,13.0,14.0,15.0,14.0,13.0,12.0,11.0,10.0,10.0,9.0,17.0,18.0,16.0,14.0,18.0,16.0,14.0,13.0,12.0,10.0,10.0,9.0,8.0,8.0,8.0,8.0,10.0,9.0,9.0,8.0,16.0,14.0,16.0,14.0,13.0,12.0
video_send_googFrameHeightInput_1496454516,720.0,720.0,720.0,720.0,720.0,720.0,720.0,720.0,720.0,720.0,720.0,720.0,720.0,720.0,720.0,720.0,720.0,720.0,720.0,720.0,720.0,720.0,720.0,720.0,720.0,720.0,720.0,720.0,720.0,720.0,720.0,720.0,720.0,720.0,720.0,720.0,720.0,720.0,720.0,720.0,720.0,720.0,720.0,720.0,720.0,720.0,720.0,720.0,720.0,720.0,720.0,720.0,720.0,720.0,720.0,720.0,720.0,720.0,720.0,720.0,720.0,720.0,720.0,720.0,720.0,720.0,720.0,720.0,720.0,720.0,720.0,720.0,720.0,720.0,720.0,720.0,720.0,720.0,720.0,720.0,720.0,720.0,720.0,720.0,720.0,720.0,720.0,720.0,720.0,720.0,720.0,720.0,720.0
video_send_googFrameHeightSent_1496454516,0.0,180.0,180.0,180.0,180.0,180.0,180.0,180.0,180.0,180.0,180.0,180.0,180.0,180.0,180.0,180.0,180.0,180.0,180.0,180.0,180.0,180.0,180.0,180.0,180.0,180.0,180.0,180.0,180.0,180.0,180.0,180.0,180.0,180.0,180.0,180.0,180.0,180.0,180.0,180.0,180.0,180.0,180.0,180.0,180.0,180.0,180.0,180.0,180.0,180.0,180.0,180.0,180.0,180.0,180.0,180.0,180.0,180.0,180.0,180.0,180.0,180.0,180.0,180.0,180.0,180.0,180.0,180.0,180.0,180.0,180.0,180.0,180.0,180.0,180.0,180.0,180.0,180.0,180.0,180.0,180.0,180.0,180.0,180.0,180.0,180.0,180.0,180.0,180.0,180.0,180.0,180.0,180.0
video_send_googFrameRateSent_1496454516,0.0,4.0,31.0,30.0,24.0,28.0,31.0,31.0,32.0,30.0,29.0,32.0,31.0,31.0,31.0,29.0,30.0,30.0,31.0,31.0,31.0,28.0,31.0,31.0,31.0,31.0,30.0,29.0,29.0,32.0,31.0,31.0,28.0,32.0,31.0,31.0,30.0,30.0,33.0,32.0,31.0,32.0,29.0,32.0,29.0,29.0,30.0,32.0,30.0,29.0,27.0,31.0,26.0,31.0,31.0,31.0,30.0,31.0,31.0,31.0,29.0,31.0,30.0,33.0,30.0,31.0,30.0,29.0,29.0,31.0,18.0,30.0,31.0,29.0,30.0,31.0,30.0,30.0,32.0,31.0,31.0,30.0,29.0,28.0,30.0,31.0,31.0,29.0,32.0,30.0,31.0,32.0,30.0
video_send_googFrameWidthInput_1496454516,1280.0,1280.0,1280.0,1280.0,1280.0,1280.0,1280.0,1280.0,1280.0,1280.0,1280.0,1280.0,1280.0,1280.0,1280.0,1280.0,1280.0,1280.0,1280.0,1280.0,1280.0,1280.0,1280.0,1280.0,1280.0,1280.0,1280.0,1280.0,1280.0,1280.0,1280.0,1280.0,1280.0,1280.0,1280.0,1280.0,1280.0,1280.0,1280.0,1280.0,1280.0,1280.0,1280.0,1280.0,1280.0,1280.0,1280.0,1280.0,1280.0,1280.0,1280.0,1280.0,1280.0,1280.0,1280.0,1280.0,1280.0,1280.0,1280.0,1280.0,1280.0,1280.0,1280.0,1280.0,1280.0,1280.0,1280.0,1280.0,1280.0,1280.0,1280.0,1280.0,1280.0,1280.0,1280.0,1280.0,1280.0,1280.0,1280.0,1280.0,1280.0,1280.0,1280.0,1280.0,1280.0,1280.0,1280.0,1280.0,1280.0,1280.0,1280.0,1280.0,1280.0
video_send_googFrameWidthSent_1496454516,0.0,320.0,320.0,320.0,320.0,320.0,320.0,320.0,320.0,320.0,320.0,320.0,320.0,320.0,320.0,320.0,320.0,320.0,320.0,320.0,320.0,320.0,320.0,320.0,320.0,320.0,320.0,320.0,320.0,320.0,320.0,320.0,320.0,320.0,320.0,320.0,320.0,320.0,320.0,320.0,320.0,320.0,320.0,320.0,320.0,320.0,320.0,320.0,320.0,320.0,320.0,320.0,320.0,320.0,320.0,320.0,320.0,320.0,320.0,320.0,320.0,320.0,320.0,320.0,320.0,320.0,320.0,320.0,320.0,320.0,320.0,320.0,320.0,320.0,320.0,320.0,320.0,320.0,320.0,320.0,320.0,320.0,320.0,320.0,320.0,320.0,320.0,320.0,320.0,320.0,320.0,320.0,320.0
video_send_googRtt_1496454516,0.0,0.0,0.0,158.0,78.0,57.0,45.0,32.0,30.0,31.0,31.0,31.0,31.0,32.0,32.0,32.0,32.0,31.0,31.0,32.0,34.0,41.0,41.0,33.0,33.0,31.0,31.0,31.0,31.0,30.0,30.0,36.0,37.0,37.0,37.0,35.0,32.0,32.0,34.0,35.0,33.0,33.0,33.0,35.0,52.0,97.0,103.0,129.0,135.0,134.0,136.0,78.0,79.0,98.0,98.0,71.0,63.0,61.0,49.0,47.0,44.0,42.0,59.0,61.0,64.0,65.0,63.0,61.0,65.0,61.0,57.0,50.0,47.0,48.0,45.0,55.0,61.0,54.0,69.0,67.0,62.0,51.0,45.0,39.0,36.0,33.0,33.0,31.0,31.0,30.0,29.0,29.0,30.0
audio_send_packetsLost_2357872967,-1,-1,0.0,0.0,0.0,0.0,0.0,0.0,0.0,0.0,0.0,0.0,0.0,0.0,0.0,0.0,0.0,0.0,0.0,0.0,0.0,0.0,0.0,0.0,0.0,0.0,0.0,0.0,0.0,0.0,0.0,0.0,0.0,0.0,0.0,0.0,0.0,0.0,0.0,0.0,0.0,0.0,0.0,0.0,0.0,0.0,0.0,0.0,0.0,0.0,0.0,0.0,0.0,0.0,0.0,0.0,0.0,0.0,0.0,0.0,0.0,0.0,0.0,0.0,0.0,0.0,0.0,0.0,0.0,0.0,0.0,0.0,0.0,0.0,0.0,0.0,0.0,0.0,0.0,0.0,0.0,0.0,0.0,0.0,0.0,0.0,0.0,0.0,0.0,0.0,0.0,0.0,0.0
audio_send_googJitterReceived_2357872967,-1,-1,0.0,0.0,0.0,0.0,0.0,0.0,0.0,0.0,0.0,0.0,0.0,0.0,0.0,0.0,0.0,0.0,0.0,0.0,0.0,0.0,0.0,0.0,0.0,0.0,0.0,0.0,0.0,0.0,0.0,0.0,0.0,0.0,0.0,0.0,0.0,0.0,0.0,0.0,0.0,0.0,0.0,0.0,0.0,0.0,0.0,0.0,0.0,0.0,0.0,0.0,0.0,0.0,0.0,0.0,0.0,0.0,0.0,0.0,0.0,0.0,0.0,0.0,0.0,0.0,0.0,0.0,0.0,0.0,0.0,0.0,0.0,0.0,0.0,0.0,0.0,0.0,0.0,0.0,0.0,0.0,0.0,0.0,0.0,0.0,0.0,0.0,0.0,0.0,0.0,0.0,0.0
audio_send_googRtt_2357872967,-1,-1,-1,34.0,37.0,30.0,30.0,31.0,31.0,31.0,36.0,34.0,34.0,35.0,35.0,34.0,34.0,32.0,32.0,33.0,32.0,31.0,30.0,29.0,29.0,29.0,30.0,30.0,29.0,29.0,39.0,40.0,40.0,34.0,32.0,32.0,34.0,33.0,37.0,37.0,36.0,36.0,36.0,36.0,178.0,178.0,178.0,178.0,179.0,36.0,35.0,35.0,71.0,71.0,75.0,71.0,34.0,33.0,32.0,32.0,62.0,64.0,63.0,69.0,69.0,75.0,70.0,71.0,70.0,46.0,48.0,47.0,45.0,45.0,46.0,45.0,87.0,85.0,86.0,89.0,36.0,32.0,33.0,31.0,31.0,30.0,28.0,27.0,28.0,30.0,29.0,30.0,32.0
video_recv_resolutionChangesReceived_2442227094,0,1,1,1,1,1,1,1,1,1,1,1,1,1,1,1,1,1,1,1,1,1,1,1,1,1,1,1,1,1,1,1,1,1,1,1,1,1,1,1,1,1,1,1,1,1,1,1,1,1,1,1,1,1,1,1,1,1,1,1,1,1,1,1,1,1,1,1,1,1,1,1,1,1,1,1,1,1,1,1,1,1,1,1,1,1,1,1,1,1,1,1,1
video_recv_resolutionChangesReceived_2740368828,0,0,1,1,1,1,1,1,1,1,1,1,1,1,1,1,1,1,1,1,1,1,1,1,1,1,1,1,1,1,1,1,1,1,1,1,1,1,1,1,1,1,1,1,1,1,1,1,1,1,1,1,1,1,1,1,1,1,1,1,1,1,1,1,1,1,1,1,1,1,1,1,1,1,1,1,1,1,1,1,1,1,1,1,1,1,1,1,1,1,1,1,1
video_send_resolutionChangesInput_1496454516,0,0,0,0,0,0,0,0,0,0,0,0,0,0,0,0,0,0,0,0,0,0,0,0,0,0,0,0,0,0,0,0,0,0,0,0,0,0,0,0,0,0,0,0,0,0,0,0,0,0,0,0,0,0,0,0,0,0,0,0,0,0,0,0,0,0,0,0,0,0,0,0,0,0,0,0,0,0,0,0,0,0,0,0,0,0,0,0,0,0,0,0,0
video_send_resolutionChangesSent_1496454516,0,1,1,1,1,1,1,1,1,1,1,1,1,1,1,1,1,1,1,1,1,1,1,1,1,1,1,1,1,1,1,1,1,1,1,1,1,1,1,1,1,1,1,1,1,1,1,1,1,1,1,1,1,1,1,1,1,1,1,1,1,1,1,1,1,1,1,1,1,1,1,1,1,1,1,1,1,1,1,1,1,1,1,1,1,1,1,1,1,1,1,1,1
audio_recv_kbitsReceivedPerSecond_845560458,0,0,5,4,7,4,5,4,5,4,4,4,4,4,0,5,8,8,8,9,7,10,10,8,9,8,9,10,9,7,8,7,9,7,9,8,9,9,10,8,9,10,11,12,15,13,12,14,10,11,12,14,8,10,10,15,10,12,12,14,15,10,7,5,6,8,15,7,12,9,6,7,12,7,6,8,8,14,11,8,6,9,10,6,12,11,13,12,11,12,10,7,8
kpi_q_audio_845560458,1,1,1,1,1,1,1,1,1,1,1,1,1,1,1,1,1,1,1,2,1,2,2,1,1,1,1,2,1,1,1,1,2,1,1,1,2,2,2,1,1,2,2,2,2,2,2,2,2,2,2,2,1,2,2,2,2,2,2,2,2,2,1,1,1,1,2,1,2,1,1,1,2,1,1,1,1,2,2,1,1,1,2,1,2,2,2,2,2,2,2,1,1
audio_recv_kbitsReceivedPerSecond_1838743899,0,2,3,5,1,4,4,4,25,19,6,9,8,8,8,7,8,8,8,9,9,10,23,18,21,38,21,8,12,37,41,23,24,11,5,12,17,15,8,5,10,9,10,10,11,8,11,6,11,12,14,14,42,29,6,10,8,10,8,10,11,8,9,8,6,11,14,8,13,11,8,12,16,28,30,39,8,11,11,7,6,16,13,9,16,15,17,12,11,12,9,6,10
kpi_q_audio_1838743899,1,1,1,1,1,1,1,1,4,3,1,2,1,1,1,1,1,1,1,1,1,2,3,3,3,5,3,1,2,5,5,3,4,2,1,2,3,2,1,1,2,2,2,2,2,1,2,1,2,2,2,2,5,4,1,2,1,2,1,2,2,1,1,1,1,2,2,1,2,2,1,2,3,4,4,5,1,2,2,1,1,3,2,2,3,2,3,2,2,2,1,1,2
video_recv_kbitsReceivedPerSecond_2442227094,0,84,174,228,213,227,163,249,210,193,199,235,192,214,204,229,190,226,209,192,225,207,170,234,194,240,190,198,232,196,229,180,222,213,175,256,192,228,201,171,254,196,208,209,204,199,215,201,231,199,224,241,176,182,228,215,198,228,202,194,223,206,199,201,192,246,197,208,215,200,223,207,205,200,196,233,178,233,218,198,221,208,199,206,216,215,201,222,200,201,219,213,196
kpi_resolution_stability_2442227094,4.183462160432171,4.183462160432171,4.183462160432171,4.183462160432171,4.183462160432171,4.183462160432171,4.183462160432171,4.183462160432171,4.183462160432171,4.183462160432171,4.183462160432171,4.183462160432171,4.183462160432171,4.183462160432171,4.183462160432171,4.183462160432171,4.183462160432171,4.183462160432171,4.183462160432171,4.183462160432171,4.183462160432171,4.183462160432171,4.183462160432171,4.183462160432171,4.183462160432171,4.183462160432171,4.183462160432171,4.183462160432171,4.183462160432171,4.183462160432171,4.183462160432171,4.183462160432171,4.183462160432171,4.183462160432171,4.183462160432171,4.183462160432171,4.183462160432171,4.183462160432171,4.183462160432171,4.183462160432171,4.183462160432171,4.183462160432171,4.183462160432171,4.183462160432171,4.183462160432171,4.183462160432171,4.183462160432171,4.183462160432171,4.183462160432171,4.183462160432171,4.183462160432171,4.183462160432171,4.183462160432171,4.183462160432171,4.183462160432171,4.183462160432171,4.183462160432171,4.183462160432171,4.183462160432171,4.183462160432171,4.183462160432171,4.183462160432171,4.183462160432171,4.183462160432171,4.183462160432171,4.183462160432171,4.183462160432171,4.183462160432171,4.183462160432171,4.183462160432171,4.183462160432171,4.183462160432171,4.183462160432171,4.183462160432171,4.183462160432171,4.183462160432171,4.183462160432171,4.183462160432171,4.183462160432171,4.183462160432171,4.183462160432171,4.183462160432171,4.183462160432171,4.183462160432171,4.183462160432171,4.183462160432171,4.183462160432171,4.183462160432171,4.183462160432171,4.183462160432171,4.183462160432171,4.183462160432171,4.183462160432171
max_resolution_percentage_2442227094,98.9247311827957,98.9247311827957,98.9247311827957,98.9247311827957,98.9247311827957,98.9247311827957,98.9247311827957,98.9247311827957,98.9247311827957,98.9247311827957,98.9247311827957,98.9247311827957,98.9247311827957,98.9247311827957,98.9247311827957,98.9247311827957,98.9247311827957,98.9247311827957,98.9247311827957,98.9247311827957,98.9247311827957,98.9247311827957,98.9247311827957,98.9247311827957,98.9247311827957,98.9247311827957,98.9247311827957,98.9247311827957,98.9247311827957,98.9247311827957,98.9247311827957,98.9247311827957,98.9247311827957,98.9247311827957,98.9247311827957,98.9247311827957,98.9247311827957,98.9247311827957,98.9247311827957,98.9247311827957,98.9247311827957,98.9247311827957,98.9247311827957,98.9247311827957,98.9247311827957,98.9247311827957,98.9247311827957,98.9247311827957,98.9247311827957,98.9247311827957,98.9247311827957,98.9247311827957,98.9247311827957,98.9247311827957,98.9247311827957,98.9247311827957,98.9247311827957,98.9247311827957,98.9247311827957,98.9247311827957,98.9247311827957,98.9247311827957,98.9247311827957,98.9247311827957,98.9247311827957,98.9247311827957,98.9247311827957,98.9247311827957,98.9247311827957,98.9247311827957,98.9247311827957,98.9247311827957,98.9247311827957,98.9247311827957,98.9247311827957,98.9247311827957,98.9247311827957,98.9247311827957,98.9247311827957,98.9247311827957,98.9247311827957,98.9247311827957,98.9247311827957,98.9247311827957,98.9247311827957,98.9247311827957,98.9247311827957,98.9247311827957,98.9247311827957,98.9247311827957,98.9247311827957,98.9247311827957,98.9247311827957
kpi_resolution_stability_norm_2442227094,kpi_resolution_stability_2442227094,4.183462160432171,4.183462160432171,4.183462160432171,4.183462160432171,4.183462160432171,4.183462160432171,4.183462160432171,4.183462160432171,4.183462160432171,4.183462160432171,4.183462160432171,4.183462160432171,4.183462160432171,4.183462160432171,4.183462160432171,4.183462160432171,4.183462160432171,4.183462160432171,4.183462160432171,4.183462160432171,4.183462160432171,4.183462160432171,4.183462160432171,4.183462160432171,4.183462160432171,4.183462160432171,4.183462160432171,4.183462160432171,4.183462160432171,4.183462160432171,4.183462160432171,4.183462160432171,4.183462160432171,4.183462160432171,4.183462160432171,4.183462160432171,4.183462160432171,4.183462160432171,4.183462160432171,4.183462160432171,4.183462160432171,4.183462160432171,4.183462160432171,4.183462160432171,4.183462160432171,4.183462160432171,4.183462160432171,4.183462160432171,4.183462160432171,4.183462160432171,4.183462160432171,4.183462160432171,4.183462160432171,4.183462160432171,4.183462160432171,4.183462160432171,4.183462160432171,4.183462160432171,4.183462160432171,4.183462160432171,4.183462160432171,4.183462160432171,4.183462160432171,4.183462160432171,4.183462160432171,4.183462160432171,4.183462160432171,4.183462160432171,4.183462160432171,4.183462160432171,4.183462160432171,4.183462160432171,4.183462160432171,4.183462160432171,4.183462160432171,4.183462160432171,4.183462160432171,4.183462160432171,4.183462160432171,4.183462160432171,4.183462160432171,4.183462160432171,4.183462160432171,4.183462160432171,4.183462160432171,4.183462160432171,4.183462160432171,4.183462160432171,4.183462160432171,4.183462160432171,4.183462160432171,4.183462160432171,4.183462160432171
max_resolution_percentage_norm_2442227094,max_resolution_percentage_2442227094,98.9247311827957,98.9247311827957,98.9247311827957,98.9247311827957,98.9247311827957,98.9247311827957,98.9247311827957,98.9247311827957,98.9247311827957,98.9247311827957,98.9247311827957,98.9247311827957,98.9247311827957,98.9247311827957,98.9247311827957,98.9247311827957,98.9247311827957,98.9247311827957,98.9247311827957,98.9247311827957,98.9247311827957,98.9247311827957,98.9247311827957,98.9247311827957,98.9247311827957,98.9247311827957,98.9247311827957,98.9247311827957,98.9247311827957,98.9247311827957,98.9247311827957,98.9247311827957,98.9247311827957,98.9247311827957,98.9247311827957,98.9247311827957,98.9247311827957,98.9247311827957,98.9247311827957,98.9247311827957,98.9247311827957,98.9247311827957,98.9247311827957,98.9247311827957,98.9247311827957,98.9247311827957,98.9247311827957,98.9247311827957,98.9247311827957,98.9247311827957,98.9247311827957,98.9247311827957,98.9247311827957,98.9247311827957,98.9247311827957,98.9247311827957,98.9247311827957,98.9247311827957,98.9247311827957,98.9247311827957,98.9247311827957,98.9247311827957,98.9247311827957,98.9247311827957,98.9247311827957,98.9247311827957,98.9247311827957,98.9247311827957,98.9247311827957,98.9247311827957,98.9247311827957,98.9247311827957,98.9247311827957,98.9247311827957,98.9247311827957,98.9247311827957,98.9247311827957,98.9247311827957,98.9247311827957,98.9247311827957,98.9247311827957,98.9247311827957,98.9247311827957,98.9247311827957,98.9247311827957,98.9247311827957,98.9247311827957,98.9247311827957,98.9247311827957,98.9247311827957,98.9247311827957,98.9247311827957,98.9247311827957
kpi_fps_stability_2442227094,1,5,5,5,5,5,5,5,5,5,5,5,5,5,5,5,5,4.978873396874005,5,5,5,5,5,4.865606628121216,5,5,5,5,5,5,5,5,5,5,5,5,5,4.978873396874005,5,5,5,5,5,5,5,5,5,4.865606628121216,5,5,5,5,5,4.978873396874005,5,4.978873396874005,5,4.978873396874005,5,5,5,4.978873396874005,5,4.978873396874005,5,5,5,5,5,4.978873396874005,5,5,5,5,5,5,5,5,5,5,5,5,5,5,5,5,5,4.978873396874005,5,5,5,5,5
kpi_q_video_2442227094,1.6285714285714286,1.9,1.8499999999999999,1.9,1.5714285714285714,2.0,1.8499999999999999,1.7428571428571429,1.7428571428571429,1.95,1.7428571428571429,1.8499999999999999,1.8,1.9,1.7428571428571429,1.9,1.8,1.7428571428571429,1.9,1.8,1.6285714285714286,1.95,1.7428571428571429,1.95,1.7428571428571429,1.7428571428571429,1.95,1.7428571428571429,1.9,1.6857142857142855,1.9,1.8499999999999999,1.6285714285714286,2.05,1.7428571428571429,1.9,1.8,1.6285714285714286,2.05,1.7428571428571429,1.8,1.8,1.8,1.7428571428571429,1.8499999999999999,1.8,1.95,1.7428571428571429,1.9,2.0,1.6285714285714286,1.6857142857142855,1.9,1.8499999999999999,1.7428571428571429,1.9,1.8,1.7428571428571429,1.9,1.8,1.7428571428571429,1.8,1.7428571428571429,2.0,1.7428571428571429,1.8,1.8499999999999999,1.8,1.9,1.8,1.8,1.8,1.7428571428571429,1.95,1.6285714285714286,1.95,1.8499999999999999,1.7428571428571429,1.9,1.8,1.7428571428571429,1.8,1.8499999999999999,1.8499999999999999,1.8,1.9,1.8,1.8,1.8499999999999999,1.8499999999999999,1.7428571428571429
video_recv_kbitsReceivedPerSecond_2740368828,0,0,90,144,148,153,130,147,119,122,108,164,145,152,146,136,116,121,142,156,166,152,130,165,150,159,126,105,167,158,173,174,220,193,170,227,168,151,148,128,181,181,189,174,166,139,154,111,141,130,140,168,174,164,215,191,158,157,187,176,183,146,139,144,133,177,146,121,138,119,113,116,119,112,94,119,99,120,166,135,143,117,104,114,118,120,116,104,128,125,128,136,154
kpi_resolution_stability_2740368828,4.071374382378513,4.071374382378513,4.071374382378513,4.071374382378513,4.071374382378513,4.071374382378513,4.071374382378513,4.071374382378513,4.071374382378513,4.071374382378513,4.071374382378513,4.071374382378513,4.071374382378513,4.071374382378513,4.071374382378513,4.071374382378513,4.071374382378513,4.071374382378513,4.071374382378513,4.071374382378513,4.071374382378513,4.071374382378513,4.071374382378513,4.071374382378513,4.071374382378513,4.071374382378513,4.071374382378513,4.071374382378513,4.071374382378513,4.071374382378513,4.071374382378513,4.071374382378513,4.071374382378513,4.071374382378513,4.071374382378513,4.071374382378513,4.071374382378513,4.071374382378513,4.071374382378513,4.071374382378513,4.071374382378513,4.071374382378513,4.071374382378513,4.071374382378513,4.071374382378513,4.071374382378513,4.071374382378513,4.071374382378513,4.071374382378513,4.071374382378513,4.071374382378513,4.071374382378513,4.071374382378513,4.071374382378513,4.071374382378513,4.071374382378513,4.071374382378513,4.071374382378513,4.071374382378513,4.071374382378513,4.071374382378513,4.071374382378513,4.071374382378513,4.071374382378513,4.071374382378513,4.071374382378513,4.071374382378513,4.071374382378513,4.071374382378513,4.071374382378513,4.071374382378513,4.071374382378513,4.071374382378513,4.071374382378513,4.071374382378513,4.071374382378513,4.071374382378513,4.071374382378513,4.071374382378513,4.071374382378513,4.071374382378513,4.071374382378513,4.071374382378513,4.071374382378513,4.071374382378513,4.071374382378513,4.071374382378513,4.071374382378513,4.071374382378513,4.071374382378513,4.071374382378513,4.071374382378513,4.071374382378513
max_resolution_percentage_2740368828,97.84946236559139,97.84946236559139,97.84946236559139,97.84946236559139,97.84946236559139,97.84946236559139,97.84946236559139,97.84946236559139,97.84946236559139,97.84946236559139,97.84946236559139,97.84946236559139,97.84946236559139,97.84946236559139,97.84946236559139,97.84946236559139,97.84946236559139,97.84946236559139,97.84946236559139,97.84946236559139,97.84946236559139,97.84946236559139,97.84946236559139,97.84946236559139,97.84946236559139,97.84946236559139,97.84946236559139,97.84946236559139,97.84946236559139,97.84946236559139,97.84946236559139,97.84946236559139,97.84946236559139,97.84946236559139,97.84946236559139,97.84946236559139,97.84946236559139,97.84946236559139,97.84946236559139,97.84946236559139,97.84946236559139,97.84946236559139,97.84946236559139,97.84946236559139,97.84946236559139,97.84946236559139,97.84946236559139,97.84946236559139,97.84946236559139,97.84946236559139,97.84946236559139,97.84946236559139,97.84946236559139,97.84946236559139,97.84946236559139,97.84946236559139,97.84946236559139,97.84946236559139,97.84946236559139,97.84946236559139,97.84946236559139,97.84946236559139,97.84946236559139,97.84946236559139,97.84946236559139,97.84946236559139,97.84946236559139,97.84946236559139,97.84946236559139,97.84946236559139,97.84946236559139,97.84946236559139,97.84946236559139,97.84946236559139,97.84946236559139,97.84946236559139,97.84946236559139,97.84946236559139,97.84946236559139,97.84946236559139,97.84946236559139,97.84946236559139,97.84946236559139,97.84946236559139,97.84946236559139,97.84946236559139,97.84946236559139,97.84946236559139,97.84946236559139,97.84946236559139,97.84946236559139,97.84946236559139,97.84946236559139
kpi_resolution_stability_norm_2740368828,kpi_resolution_stability_2740368828,4.071374382378513,4.071374382378513,4.071374382378513,4.071374382378513,4.071374382378513,4.071374382378513,4.071374382378513,4.071374382378513,4.071374382378513,4.071374382378513,4.071374382378513,4.071374382378513,4.071374382378513,4.071374382378513,4.071374382378513,4.071374382378513,4.071374382378513,4.071374382378513,4.071374382378513,4.071374382378513,4.071374382378513,4.071374382378513,4.071374382378513,4.071374382378513,4.071374382378513,4.071374382378513,4.071374382378513,4.071374382378513,4.071374382378513,4.071374382378513,4.071374382378513,4.071374382378513,4.071374382378513,4.071374382378513,4.071374382378513,4.071374382378513,4.071374382378513,4.071374382378513,4.071374382378513,4.071374382378513,4.071374382378513,4.071374382378513,4.071374382378513,4.071374382378513,4.071374382378513,4.071374382378513,4.071374382378513,4.071374382378513,4.071374382378513,4.071374382378513,4.071374382378513,4.071374382378513,4.071374382378513,4.071374382378513,4.071374382378513,4.071374382378513,4.071374382378513,4.071374382378513,4.071374382378513,4.071374382378513,4.071374382378513,4.071374382378513,4.071374382378513,4.071374382378513,4.071374382378513,4.071374382378513,4.071374382378513,4.071374382378513,4.071374382378513,4.071374382378513,4.071374382378513,4.071374382378513,4.071374382378513,4.071374382378513,4.071374382378513,4.071374382378513,4.071374382378513,4.071374382378513,4.071374382378513,4.071374382378513,4.071374382378513,4.071374382378513,4.071374382378513,4.071374382378513,4.071374382378513,4.071374382378513,4.071374382378513,4.071374382378513,4.071374382378513,4.071374382378513,4.071374382378513,4.071374382378513,4.071374382378513
max_resolution_percentage_norm_2740368828,max_resolution_percentage_2740368828,97.84946236559139,97.84946236559139,97.84946236559139,97.84946236559139,97.84946236559139,97.84946236559139,97.84946236559139,97.84946236559139,97.84946236559139,97.84946236559139,97.84946236559139,97.84946236559139,97.84946236559139,97.84946236559139,97.84946236559139,97.84946236559139,97.84946236559139,97.84946236559139,97.84946236559139,97.84946236559139,97.84946236559139,97.84946236559139,97.84946236559139,97.84946236559139,97.84946236559139,97.84946236559139,97.84946236559139,97.84946236559139,97.84946236559139,97.84946236559139,97.84946236559139,97.84946236559139,97.84946236559139,97.84946236559139,97.84946236559139,97.84946236559139,97.84946236559139,97.84946236559139,97.84946236559139,97.84946236559139,97.84946236559139,97.84946236559139,97.84946236559139,97.84946236559139,97.84946236559139,97.84946236559139,97.84946236559139,97.84946236559139,97.84946236559139,97.84946236559139,97.84946236559139,97.84946236559139,97.84946236559139,97.84946236559139,97.84946236559139,97.84946236559139,97.84946236559139,97.84946236559139,97.84946236559139,97.84946236559139,97.84946236559139,97.84946236559139,97.84946236559139,97.84946236559139,97.84946236559139,97.84946236559139,97.84946236559139,97.84946236559139,97.84946236559139,97.84946236559139,97.84946236559139,97.84946236559139,97.84946236559139,97.84946236559139,97.84946236559139,97.84946236559139,97.84946236559139,97.84946236559139,97.84946236559139,97.84946236559139,97.84946236559139,97.84946236559139,97.84946236559139,97.84946236559139,97.84946236559139,97.84946236559139,97.84946236559139,97.84946236559139,97.84946236559139,97.84946236559139,97.84946236559139,97.84946236559139,97.84946236559139
kpi_fps_stability_2740368828,1,1,4.429715418300614,5,5,5,5,5,5,5,4.904703300310673,4.978873396874005,4.978873396874005,5,5,5,5,5,5,5,5,5,4.978873396874005,4.978873396874005,5,5,5,4.942427872760581,5,5,5,5,5,5,5,4.978873396874005,5,5,5,4.978873396874005,5,4.942427872760581,5,5,5,5,5,5,5,5,5,5,5,5,5,5,5,4.942427872760581,5,5,5,5,5,4.904703300310673,5,5,5,5,5,5,5,5,5,5,5,5,5,5,5,5,5,5,5,5,5,4.978873396874005,5,5,4.978873396874005,5,5,5,5
kpi_q_video_2740368828,1.457142857142857,1.457142857142857,1.5142857142857142,1.4,1.457142857142857,1.5714285714285714,1.457142857142857,1.5142857142857142,1.457142857142857,1.4,1.457142857142857,1.5142857142857142,1.5714285714285714,1.5142857142857142,1.4,1.5714285714285714,1.5142857142857142,1.5714285714285714,1.5714285714285714,1.5142857142857142,1.6285714285714286,1.6285714285714286,1.8499999999999999,1.7428571428571429,1.6285714285714286,1.9,1.5714285714285714,1.5142857142857142,1.457142857142857,1.6857142857142855,1.6857142857142855,1.6857142857142855,1.6285714285714286,1.5714285714285714,1.457142857142857,1.5142857142857142,1.457142857142857,1.4,1.457142857142857,1.5714285714285714,1.6285714285714286,1.5714285714285714,1.8499999999999999,1.7428571428571429,1.5142857142857142,1.5142857142857142,1.6857142857142855,1.6285714285714286,1.6857142857142855,1.457142857142857,1.457142857142857,1.457142857142857,1.4,1.6285714285714286,1.457142857142857,1.4,1.5714285714285714,1.4,1.457142857142857,1.4,1.5142857142857142
1_way_delay_audio_send_1496454516_0,-0.5,-0.5,-0.5,17.0,18.5,15.0,15.0,15.5,15.5,15.5,18.0,17.0,17.0,17.5,17.5,17.0,17.0,16.0,16.0,16.5,16.0,15.5,15.0,14.5,14.5,14.5,15.0,15.0,14.5,14.5,19.5,20.0,20.0,17.0,16.0,16.0,17.0,16.5,18.5,18.5,18.0,18.0,18.0,18.0,89.0,89.0,89.0,89.0,89.5,18.0,17.5,17.5,35.5,35.5,37.5,35.5,17.0,16.5,16.0,16.0,31.0,32.0,31.5,34.5,34.5,37.5,35.0,35.5,35.0,23.0,24.0,23.5,22.5,22.5,23.0,22.5,43.5,42.5,43.0,44.5,18.0,16.0,16.5,15.5,15.5,15.0,14.0,13.5,14.0,15.0,14.5,15.0,16.0
1_way_delay_video_send_1496454516_0,0.0,0.0,0.0,79.0,39.0,28.5,22.5,16.0,15.0,15.5,15.5,15.5,15.5,16.0,16.0,16.0,16.0,15.5,15.5,16.0,17.0,20.5,20.5,16.5,16.5,15.5,15.5,15.5,15.5,15.0,15.0,18.0,18.5,18.5,18.5,17.5,16.0,16.0,17.0,17.5,16.5,16.5,16.5,17.5,26.0,48.5,51.5,64.5,67.5,67.0,68.0,39.0,39.5,49.0,49.0,35.5,31.5,30.5,24.5,23.5,22.0,21.0,29.5,30.5,32.0,32.5,31.5,30.5,32.5,30.5,28.5,25.0,23.5,24.0,22.5,27.5,30.5,27.0,34.5,33.5,31.0,25.5,22.5,19.5,18.0,16.5,16.5,15.5,15.5,15.0,14.5,14.5,15.0
ear_ear_delay_audio_send_1496454516_0,-1.5,55.5,144.5,369.0,545.5,511.0,180.0,257.5,290.5,57.5,541.0,194.0,163.0,750.5,472.5,148.0,318.0,720.0,428.0,92.5,296.0,342.5,33.0,416.5,214.5,175.5,445.0,152.0,317.5,367.5,221.5,482.0,704.0,662.0,181.0,420.0,804.0,706.5,401.5,114.5,365.0,565.0,579.0,667.0,713.0,732.0,790.0,749.0,336.5,786.0,864.5,557.5,271.5,217.5,331.5,516.5,661.0,608.5,567.0,690.0,860.0,570.0,278.5,79.5,558.5,247.5,220.0,483.5,148.0,357.0,745.0,395.5,108.5,322.5,145.0,274.5,368.5,623.5,925.0,671.5,370.0,58.0,389.5,583.5,478.5,526.0,535.0,622.5,824.0,695.0,341.5,48.0,436.0
audio_packet_loss_percentage_send_1496454516_0,0.0,4.0,0.0,0.0,0.0,0.0,0.0,0.0,0.0,0.0,0.0,0.0,0.0,0.0,0.0,0.0,0.0,0.0,0.0,0.0,0.0,0.0,0.0,0.0,0.0,0.0,0.0,0.0,0.0,0.0,0.0,0.0,0.0,0.0,0.0,0.0,0.0,0.0,0.0,0.0,0.0,0.0,0.0,0.0,0.0,0.0,0.0,0.0,0.0,0.0,0.0,0.0,0.0,0.0,0.0,0.0,0.0,0.0,0.0,0.0,0.0,0.0,0.0,0.0,0.0,0.0,0.0,0.0,0.0,0.0,0.0,0.0,0.0,0.0,0.0,0.0,0.0,0.0,0.0,0.0,0.0,0.0,0.0,0.0,0.0,0.0,0.0,0.0,0.0,0.0,0.0
e_model_audio_send_1496454516_0,92.86800000000001,89.55537860540156,64.257,40.606,45.229,89.583,79.19800000000001,74.77600000000001,92.82000000000001,41.209,87.70700000000001,90.288,13.135999999999996,50.388000000000005,90.648,71.09100000000001,17.223,56.351000000000006,91.98,74.039,67.80799999999999,93.408,57.892,84.96000000000001,89.988,54.07300000000001,90.552,71.158,64.458,84.022,49.11500000000001,19.367000000000004,24.995000000000005,89.449,57.423,5.966999999999999,19.031999999999996,59.902,91.452,64.793,37.993,36.117000000000004,24.325000000000003,18.160999999999987,15.614999999999995,7.8430000000000035,13.337000000000003,68.612,8.37899999999999,0,38.998000000000005,77.322,84.558,69.28200000000001,44.492000000000004,25.129000000000005,32.164,37.72500000000001,21.242999999999995,0,37.32300000000001,76.384,92.292,38.864000000000004,80.53800000000001,84.223,48.914,90.648,65.86500000000001,13.873000000000005,60.706,91.596,70.488,90.72,76.92,64.32400000000001,30.153999999999996,0,23.721999999999994,64.123,92.808,61.510000000000005,35.514,49.584,43.219,42.013000000000005,30.288000000000004,3.287000000000006,20.572999999999993,67.94200000000001,93.048
kpi_audio_synchronization_1496454516_0,4.402767289907777,4.327955171205021,3.3174354942018494,2.093795268264888,2.3268760681120773,4.328650113051991,3.993327816707257,3.8122482485959686,4.401809671624,2.1236379004736974,4.2788573500043,4.345991965904897,1.085442304503808,2.5953801292024963,4.3545507692354555,3.6477422114740037,1.175904318600031,2.9094577820391434,4.3844369552560005,3.780258135470767,3.492587223433216,4.413275788066816,2.9902490577459844,4.196856936448,4.338705889132096,2.7895207746708817,4.352288200543745,3.650829992745816,3.327521892360616,4.1665173362294645,2.5285971778288756,1.2336720577529592,1.4154456398758755,4.3252678982190575,2.9657014656582312,0.996621510717559,1.2242030660746237,3.0949222620283443,4.372929177118144,3.344290439083202,1.9668414437804014,1.8783645795847093,1.3916826247031253,1.200344280169033,1.137130967866375,1.0106160609372512,1.0892553520337294,3.531247227901504,1.015861669152427,1.0,2.015190163204056,3.918889897348264,4.183995337396216,3.5631479576236247,2.2891233788755843,1.4202627613681773,1.7005968825313924,1.9540565968281254,1.289612290828651,1.0,1.9349678619591315,3.8803239105822724,4.391024703352385,2.008707600904192,4.044173221313897,4.1731153288970315,2.518076523488392,4.3545507692354555,3.3975790293726256,1.099754348892681,3.1364985556892884,4.376112186182849,3.6198030361000963,4.356238219264,3.902468142784,3.320799703290433,1.615371795274152,1.0,1.3707631653386638,3.3107009100779314,4.401569669833217,3.1778746853430007,1.8504527148827923,2.553172617859073,2.2243988630127873,2.1637145082066214,1.6209348753448962,0.988843295553679,1.269074713372381,3.4990584372537845,4.406324247993856
eye_eye_delay_video_send_1496454516_0,-1.0,12.0,162.0,275.0,236.0,188.5,169.5,177.0,183.0,184.5,171.5,168.5,156.5,155.0,156.0,154.0,157.0,160.5,160.5,162.0,161.0,162.5,160.5,159.5,159.5,157.5,156.5,155.5,153.5,152.0,150.0,152.0,151.5,150.5,149.5,146.5,146.0,143.0,144.0,144.5,143.5,142.5,143.5,142.5,149.0,169.5,174.5,183.5,187.5,185.0,188.0,159.0,160.5,168.0,169.0,153.5,152.5,151.5,145.5,142.5,138.0,138.0,146.5,144.5,146.0,145.5,143.5,149.5,152.5,154.5,157.5,156.0,157.5,158.0,156.5,160.5,164.5,161.0,168.5,168.5,167.0,159.5,157.5,155.5,154.0,151.5,150.5,148.5,148.5,144.0,144.5,142.5,142.0
kpi_video_synchronization_1496454516_0,5,5,4.173333333333334,2.666666666666667,3.1866666666666665,3.8200000000000003,4.073333333333333,3.9733333333333336,3.8933333333333335,3.8733333333333335,4.046666666666667,4.086666666666667,4.246666666666667,4.266666666666667,4.253333333333333,4.28,4.24,4.193333333333333,4.193333333333333,4.173333333333334,4.1866666666666665,4.166666666666667,4.193333333333333,4.206666666666667,4.206666666666667,4.233333333333333,4.246666666666667,4.26,4.286666666666667,4.306666666666667,4.333333333333333,4.306666666666667,4.3133333333333335,4.326666666666666,4.34,4.38,4.386666666666667,4.426666666666667,4.413333333333333,4.406666666666666,4.42,4.433333333333334,4.42,4.433333333333334,4.346666666666667,4.073333333333333,4.006666666666667,3.8866666666666667,3.8333333333333335,3.8666666666666667,3.8266666666666667,4.213333333333333,4.193333333333333,4.093333333333334,4.08,4.286666666666667,4.3,4.3133333333333335,4.3933333333333335,4.433333333333334,4.493333333333333,4.493333333333333,4.38,4.406666666666666,4.386666666666667,4.3933333333333335,4.42,4.34,4.3,4.273333333333333,4.233333333333333,4.253333333333333,4.233333333333333,4.226666666666667,4.246666666666667,4.193333333333333,4.14,4.1866666666666665,4.086666666666667,4.086666666666667,4.1066666666666665,4.206666666666667,4.233333333333333,4.26,4.28,4.3133333333333335,4.326666666666666,4.3533333333333335,4.3533333333333335,4.413333333333333,4.406666666666666,4.433333333333334,4.44
av_delay_send_1496454516_0,-0.5,43.5,-17.5,94.0,309.5,322.5,10.5,80.5,107.5,-127.0,369.5,25.5,6.5,595.5,316.5,-6.0,161.0,559.5,267.5,-69.5,135.0,180.0,-127.5,257.0,55.0,18.0,288.5,-3.5,164.0,215.5,71.5,330.0,552.5,511.5,31.5,273.5,658.0,563.5,257.5,-30.0,221.5,422.5,435.5,524.5,564.0,562.5,615.5,565.5,149.0,601.0,676.5,398.5,111.0,49.5,162.5,363.0,508.5,457.0,421.5,547.5,722.0,432.0,132.0,-65.0,412.5,102.0,76.5,334.0,-4.5,202.5,587.5,239.5,-49.0,164.5,-11.5,114.0,204.0,462.5,756.5,503.0,203.0,-101.5,232.0,428.0,324.5,374.5,384.5,474.0,675.5,551.0,197.0,-94.5,294.0
kpi_av_synchronization_1496454516_0,5,5,5,1,1,1,5,2.16,1,4.866666666666666,1,5,5,1,1,5,1,1,1,5,1,1,4.833333333333333,1,4.2,5,1,5,1,1,2.88,1,1,1,5,1,1,1,1,5,1,1,1,1,1,1,1,1,1,1,1,1,1,4.64,1,1,1,1,1,1,1,1,1,5,1,1,2.48,1,5,1,1,1,5,1,5,1,1,1,1,1,1,5,1,1,1,1,1,1,1,1,1,5,1
1_way_delay_audio_send_1496454516_1,-0.5,-0.5,-0.5,17.0,18.5,15.0,15.0,15.5,15.5,15.5,18.0,17.0,17.0,17.5,17.5,17.0,17.0,16.0,16.0,16.5,16.0,15.5,15.0,14.5,14.5,14.5,15.0,15.0,14.5,14.5,19.5,20.0,20.0,17.0,16.0,16.0,17.0,16.5,18.5,18.5,18.0,18.0,18.0,18.0,89.0,89.0,89.0,89.0,89.5,18.0,17.5,17.5,35.5,35.5,37.5,35.5,17.0,16.5,16.0,16.0,31.0,32.0,31.5,34.5,34.5,37.5,35.0,35.5,35.0,23.0,24.0,23.5,22.5,22.5,23.0,22.5,43.5,42.5,43.0,44.5,18.0,16.0,16.5,15.5,15.5,15.0,14.0,13.5,14.0,15.0,14.5,15.0,16.0
1_way_delay_video_send_1496454516_1,0.0,0.0,0.0,79.0,39.0,28.5,22.5,16.0,15.0,15.5,15.5,15.5,15.5,16.0,16.0,16.0,16.0,15.5,15.5,16.0,17.0,20.5,20.5,16.5,16.5,15.5,15.5,15.5,15.5,15.0,15.0,18.0,18.5,18.5,18.5,17.5,16.0,16.0,17.0,17.5,16.5,16.5,16.5,17.5,26.0,48.5,51.5,64.5,67.5,67.0,68.0,39.0,39.5,49.0,49.0,35.5,31.5,30.5,24.5,23.5,22.0,21.0,29.5,30.5,32.0,32.5,31.5,30.5,32.5,30.5,28.5,25.0,23.5,24.0,22.5,27.5,30.5,27.0,34.5,33.5,31.0,25.5,22.5,19.5,18.0,16.5,16.5,15.5,15.5,15.0,14.5,14.5,15.0
ear_ear_delay_audio_send_1496454516_1,-1.5,1.5,119.5,366.0,501.5,576.0,243.0,218.5,353.5,28.5,581.0,256.0,158.0,705.5,529.5,231.0,327.0,792.0,513.0,178.5,300.0,420.5,103.0,398.5,274.5,157.5,529.0,196.0,297.5,444.5,220.5,481.0,682.0,754.0,179.0,419.0,791.0,773.5,484.5,191.5,362.0,566.0,580.0,661.0,693.0,714.0,793.0,829.0,401.5,729.0,909.5,628.5,323.5,177.5,425.5,498.5,660.0,671.5,565.0,679.0,886.0,605.0,296.5,47.5,595.5,288.5,157.0,524.5,230.0,308.0,800.0,475.5,168.5,306.5,155.0,344.5,365.5,610.5,959.0,723.5,399.0,67.0,398.5,580.5,478.5,498.0,535.0,625.5,822.0,775.0,427.5,137.0,436.0
audio_packet_loss_percentage_send_1496454516_1,0.0,4.0,0.0,0.0,0.0,0.0,0.0,0.0,0.0,0.0,0.0,0.0,0.0,0.0,0.0,0.0,0.0,0.0,0.0,0.0,0.0,0.0,0.0,0.0,0.0,0.0,0.0,0.0,0.0,0.0,0.0,0.0,0.0,0.0,0.0,0.0,0.0,0.0,0.0,0.0,0.0,0.0,0.0,0.0,0.0,0.0,0.0,0.0,0.0,0.0,0.0,0.0,0.0,0.0,0.0,0.0,0.0,0.0,0.0,0.0,0.0,0.0,0.0,0.0,0.0,0.0,0.0,0.0,0.0,0.0,0.0,0.0,0.0,0.0,0.0,0.0,0.0,0.0,0.0,0.0,0.0,0.0,0.0,0.0,0.0,0.0,0.0,0.0,0.0,0.0,0.0
e_model_audio_send_1496454516_1,94.164,90.15537860540157,64.659,46.502,36.519000000000005,81.141,84.424,66.334,93.516,35.849000000000004,79.399,90.408,19.165999999999997,42.75000000000001,82.749,69.885,7.575000000000003,44.961000000000006,89.784,73.503,57.356,91.72800000000001,60.304,76.92,90.42,42.81700000000001,87.43900000000001,73.838,54.14,84.156,49.24900000000001,22.315000000000012,12.667000000000002,89.717,57.557,7.708999999999989,10.053999999999988,48.78,88.042,65.195,37.85900000000001,35.983000000000004,25.129000000000005,20.840999999999994,18.027,7.4410000000000025,2.6169999999999902,59.902,16.016999999999996,0,29.48400000000001,70.35400000000001,89.918,56.68600000000001,46.904,25.263000000000005,23.721999999999994,37.993,22.717,0,32.63300000000001,73.97200000000001,93.06,33.906,75.04400000000001,90.432,43.42,82.88300000000001,72.43100000000001,6.503,49.986000000000004,90.156,72.632,90.48,67.54,64.726,31.896,0,16.75399999999999,60.237,92.592,60.304,35.916000000000004,49.584,46.971000000000004,42.013000000000005,29.88600000000001,3.5549999999999926,9.852999999999994,56.418000000000006,90.912
kpi_audio_synchronization_1496454516_1,4.4271616559393925,4.342788159840248,3.3375894137177475,2.3925111310739444,1.8971191248154875,4.066390348516453,4.179660906680832,3.420705641286072,4.415318803035329,1.865926299664657,4.0010814470126075,4.348867347298816,1.227971349855928,2.2007219218750005,4.123534860069757,3.5916018818961253,1.0081986923593749,2.3131255415902334,4.333672145423873,3.756694949438311,2.9621914815018884,4.379000673857536,3.115734065098752,3.902468142784,4.349153653384,2.2040984570124094,4.271322863021368,3.7714508718646957,2.7930530663920003,4.170921805041089,2.5356149450232577,1.3237256112588756,1.0768110384652592,4.332004990126309,2.972719108166149,1.009390172807197,1.035720852457752,2.511066898936,4.288129547289384,3.364341256970875,1.9604431853045474,1.8721388972303912,1.4202627613681773,1.277216332936753,1.1967724727802191,1.0070417206501532,0.989226070546209,3.0949222620283443,1.146447114541609,1.0,1.5878206271566726,3.613558428866953,4.336985826379577,2.927052010822009,2.4133386959211522,1.4251011532148712,1.3707631653386638,1.9668414437804014,1.3369068623493088,1.0,1.7210121412190418,3.7773262678976645,4.406559459688,1.7773764972300883,3.8237606185237127,4.349439735169024,2.2345749801840005,4.128155115964292,3.7088449172470637,0.9999176521013111,2.5742650137392085,4.342803234705088,3.7178885707402247,4.350581817856,3.479612148552001,3.3409410003757682,1.6890185494420482,1.0,1.164182571916552,3.1122686431556295,4.397208882909184,3.115734065098752,1.8690309565329282,2.553172617859073,2.416814273023723,2.1637145082066214,1.6042981784108088,0.988955090747875,1.033064586425661,2.9129778162135764,4.360698247266304
eye_eye_delay_video_send_1496454516_1,-1.0,11.0,137.0,269.0,232.0,186.5,168.5,176.0,186.0,188.5,174.5,166.5,157.5,158.0,156.0,156.0,157.0,160.5,162.5,163.0,162.0,164.5,161.5,159.5,159.5,158.5,156.5,155.5,154.5,153.0,151.0,153.0,152.5,151.5,150.5,148.5,147.0,144.0,145.0,145.5,144.5,142.5,141.5,143.5,149.0,170.5,175.5,185.5,190.5,188.0,189.0,160.0,162.5,170.0,169.0,154.5,152.5,151.5,145.5,143.5,138.0,138.0,145.5,144.5,145.0,144.5,140.5,147.5,151.5,153.5,155.5,154.0,156.5,156.0,154.5,160.5,162.5,160.0,167.5,167.5,165.0,158.5,155.5,153.5,154.0,150.5,150.5,148.5,148.5,144.0,142.5,142.5,141.0
kpi_video_synchronization_1496454516_1,5,5,4.506666666666667,2.746666666666667,3.24,3.8466666666666667,4.086666666666667,3.986666666666667,3.8533333333333335,3.8200000000000003,4.006666666666667,4.113333333333333,4.233333333333333,4.226666666666667,4.253333333333333,4.253333333333333,4.24,4.193333333333333,4.166666666666667,4.16,4.173333333333334,4.14,4.18,4.206666666666667,4.206666666666667,4.22,4.246666666666667,4.26,4.273333333333333,4.293333333333333,4.32,4.293333333333333,4.3,4.3133333333333335,4.326666666666666,4.3533333333333335,4.373333333333333,4.413333333333333,4.4,4.3933333333333335,4.406666666666666,4.433333333333334,4.446666666666667,4.42,4.346666666666667,4.0600000000000005,3.993333333333333,3.8600000000000003,3.7933333333333334,3.8266666666666667,3.8133333333333335,4.2,4.166666666666667,4.066666666666666,4.08,4.273333333333333,4.3,4.3133333333333335,4.3933333333333335,4.42,4.493333333333333,4.493333333333333,4.3933333333333335,4.406666666666666,4.4,4.406666666666666,4.46,4.366666666666667,4.3133333333333335,4.286666666666667,4.26,4.28,4.246666666666667,4.253333333333333,4.273333333333333,4.193333333333333,4.166666666666667,4.2,4.1,4.1,4.133333333333333,4.22,4.26,4.286666666666667,4.28,4.326666666666666,4.326666666666666,4.3533333333333335,4.3533333333333335,4.413333333333333,4.433333333333334,4.433333333333334,4.453333333333333
av_delay_send_1496454516_1,-0.5,-9.5,-17.5,97.0,269.5,389.5,74.5,42.5,167.5,-160.0,406.5,89.5,0.5,547.5,373.5,75.0,170.0,631.5,350.5,15.5,138.0,256.0,-58.5,239.0,115.0,-1.0,372.5,40.5,143.0,291.5,69.5,328.0,529.5,602.5,28.5,270.5,644.0,629.5,339.5,46.0,217.5,423.5,438.5,517.5,544.0,543.5,617.5,643.5,211.0,541.0,720.5,468.5,161.0,7.5,256.5,344.0,507.5,520.0,419.5,535.5,748.0,467.0,151.0,-97.0,450.5,144.0,16.5,377.0,78.5,154.5,644.5,321.5,12.0,150.5,0.5,184.0,203.0,450.5,791.5,556.0,234.0,-91.5,243.0,427.0,324.5,347.5,384.5,477.0,673.5,631.0,285.0,-5.5,295.0
kpi_av_synchronization_1496454516_1,5,5,5,1,1,1,2.64,5,1,2.6666666666666665,1,1.44,5,1,1,2.6,1,1,1,5,1,1,5,1,1,5,1,5,1,1,3.04,1,1,1,5,1,1,1,1,4.92,1,1,1,1,1,1,1,1,1,1,1,1,1,5,1,1,1,1,1,1,1,1,1,5,1,1,5,1,2.32,1,1,1,5,1,5,1,1,1,1,1,1,5,1,1,1,1,1,1,1,1,1,5,1
