bweforvideo-googAvailableReceiveBandwidth,0.0,0.0,0.0,0.0,0.0,0.0,0.0,0.0,0.0,0.0,0.0,0.0,0.0,0.0,0.0,0.0,0.0,0.0,0.0,0.0,0.0,0.0,0.0,0.0,0.0,0.0,0.0,0.0,0.0,0.0,0.0,0.0,0.0,0.0,0.0,0.0,0.0,0.0,0.0,0.0,0.0,0.0,0.0,0.0,0.0,0.0,0.0,0.0,0.0,0.0,0.0,0.0,0.0,0.0,0.0,0.0,0.0,0.0,0.0,0.0,0.0,0.0,0.0,0.0,0.0,0.0,0.0,0.0,0.0,0.0,0.0,0.0,0.0,0.0,0.0,0.0,0.0,0.0,0.0,0.0,0.0,0.0,0.0,0.0,0.0,0.0,0.0,0.0,0.0,0.0
bweforvideo-googAvailableSendBandwidth,4784000.0,4784000.0,4784000.0,4784000.0,4784000.0,4784000.0,4784000.0,4784000.0,4784000.0,4784000.0,4784000.0,4784000.0,4784000.0,4784000.0,4784000.0,4784000.0,4784000.0,4784000.0,4784000.0,4784000.0,4784000.0,4784000.0,4784000.0,4784000.0,4784000.0,4784000.0,4784000.0,4784000.0,4784000.0,4784000.0,4784000.0,4784000.0,4784000.0,4784000.0,4784000.0,4784000.0,4784000.0,4784000.0,4784000.0,4784000.0,4784000.0,4784000.0,4784000.0,4784000.0,4784000.0,4784000.0,4784000.0,4784000.0,4784000.0,4784000.0,4784000.0,4784000.0,4784000.0,4784000.0,4784000.0,4784000.0,4784000.0,4784000.0,4784000.0,4784000.0,4784000.0,4784000.0,4784000.0,4784000.0,4784000.0,4784000.0,4784000.0,4784000.0,4784000.0,4784000.0,4784000.0,4784000.0,4784000.0,4784000.0,4784000.0,4784000.0,4784000.0,4784000.0,4784000.0,4784000.0,4784000.0,4784000.0,4784000.0,4784000.0,4784000.0,4784000.0,4784000.0,4784000.0,4784000.0,4784000.0
bweforvideo-googBucketDelay,0.0,2.0,0.0,0.0,0.0,1.0,0.0,0.0,0.0,0.0,1.0,0.0,0.0,1.0,0.0,1.0,0.0,0.0,0.0,0.0,2.0,0.0,0.0,1.0,0.0,0.0,0.0,0.0,1.0,0.0,1.0,1.0,0.0,0.0,0.0,0.0,0.0,0.0,0.0,0.0,0.0,2.0,1.0,0.0,1.0,0.0,0.0,0.0,0.0,1.0,5.0,0.0,1.0,1.0,0.0,2.0,2.0,0.0,0.0,0.0,1.0,2.0,1.0,0.0,2.0,2.0,0.0,0.0,0.0,0.0,2.0,4.0,1.0,2.0,0.0,2.0,0.0,0.0,0.0,0.0,0.0,0.0,0.0,0.0,2.0,4.0,0.0,0.0,0.0,0.0
timestamp,1620372712,1620372713,1620372714,1620372715,1620372716,1620372717,1620372718,1620372719,1620372720,1620372721,1620372722,1620372723,1620372724,1620372725,1620372726,1620372727,1620372728,1620372729,1620372730,1620372731,1620372732,1620372733,1620372734,1620372735,1620372736,1620372737,1620372738,1620372739,1620372740,1620372741,1620372742,1620372743,1620372744,1620372745,1620372746,1620372747,1620372748,1620372749,1620372750,1620372751,1620372752,1620372753,1620372754,1620372755,1620372756,1620372757,1620372758,1620372759,1620372760,1620372761,1620372762,1620372763,1620372764,1620372765,1620372766,1620372767,1620372768,1620372769,1620372770,1620372771,1620372772,1620372773,1620372774,1620372775,1620372776,1620372777,1620372778,1620372779,1620372780,1620372781,1620372782,1620372783,1620372784,1620372785,1620372786,1620372787,1620372788,1620372789,1620372790,1620372791,1620372792,1620372793,1620372794,1620372795,1620372796,1620372797,1620372798,1620372799,1620372800,1620372801
audio_bitsReceivedPerSecond,262416.0,314480.0,459536.0,430864.0,427672.0,420384.0,435384.0,435072.0,423424.0,417024.0,273032.0,364464.0,311416.0,320712.0,299064.0,265256.0,262904.0,275872.0,292656.0,308336.0,313976.0,324712.0,312264.0,318112.0,324688.0,354336.0,340056.0,365704.0,365512.0,379568.0,445272.0,452864.0,393464.0,407408.0,398600.0,405600.0,399400.0,395480.0,381296.0,400720.0,385192.0,355192.0,406528.0,403176.0,411904.0,416896.0,437440.0,465136.0,440080.0,441672.0,468456.0,475568.0,440128.0,477592.0,357816.0,364056.0,307504.0,320848.0,316072.0,339056.0,355432.0,381064.0,393584.0,412208.0,387592.0,414272.0,426048.0,403504.0,416208.0,406440.0,387128.0,394192.0,416056.0,453040.0,419104.0,410096.0,437128.0,420832.0,405120.0,399216.0,385360.0,321368.0,276264.0,278000.0,278656.0,271176.0,244232.0,242024.0,211344.0,227016.0
audio_bitsSentPerSecond,252800.0,287856.0,264952.0,236768.0,266208.0,245672.0,245304.0,266536.0,253464.0,250728.0,262536.0,260664.0,227824.0,228616.0,291712.0,267296.0,267480.0,286616.0,258840.0,252696.0,260344.0,265352.0,282704.0,240080.0,281312.0,263824.0,250848.0,285736.0,255184.0,255736.0,266352.0,268024.0,236816.0,220440.0,273320.0,266216.0,256184.0,274048.0,260520.0,243704.0,263856.0,267112.0,278592.0,249088.0,257784.0,277552.0,265536.0,284856.0,253448.0,255200.0,257448.0,274080.0,294080.0,263768.0,260320.0,272944.0,250168.0,278664.0,257224.0,255080.0,252160.0,263680.0,268752.0,250208.0,242680.0,273560.0,253320.0,275280.0,270328.0,244448.0,254680.0,264288.0,272968.0,253064.0,256128.0,261240.0,261728.0,264048.0,262944.0,247208.0,241992.0,272048.0,266968.0,263600.0,278184.0,252760.0,253464.0,269472.0,264792.0,248360.0
audio_packetsSentPerSecond,136.0,142.0,138.0,135.0,139.0,136.0,140.0,139.0,134.0,135.0,139.0,138.0,136.0,137.0,138.0,134.0,133.0,137.0,139.0,136.0,134.0,137.0,135.0,138.0,140.0,137.0,138.0,135.0,133.0,141.0,136.0,140.0,136.0,139.0,139.0,136.0,142.0,135.0,139.0,139.0,138.0,138.0,137.0,137.0,137.0,139.0,140.0,140.0,134.0,135.0,140.0,136.0,139.0,138.0,137.0,137.0,135.0,137.0,137.0,138.0,135.0,137.0,137.0,138.0,133.0,137.0,138.0,135.0,140.0,137.0,138.0,135.0,138.0,137.0,138.0,137.0,142.0,134.0,137.0,138.0,132.0,136.0,137.0,137.0,139.0,139.0,136.0,136.0,140.0,135.0
audio_googLocalAddress,34.67.229.81:50344,34.67.229.81:50344,34.67.229.81:50344,34.67.229.81:50344,34.67.229.81:50344,34.67.229.81:50344,34.67.229.81:50344,34.67.229.81:50344,34.67.229.81:50344,34.67.229.81:50344,34.67.229.81:50344,34.67.229.81:50344,34.67.229.81:50344,34.67.229.81:50344,34.67.229.81:50344,34.67.229.81:50344,34.67.229.81:50344,34.67.229.81:50344,34.67.229.81:50344,34.67.229.81:50344,34.67.229.81:50344,34.67.229.81:50344,34.67.229.81:50344,34.67.229.81:50344,34.67.229.81:50344,34.67.229.81:50344,34.67.229.81:50344,34.67.229.81:50344,34.67.229.81:50344,34.67.229.81:50344,34.67.229.81:50344,34.67.229.81:50344,34.67.229.81:50344,34.67.229.81:50344,34.67.229.81:50344,34.67.229.81:50344,34.67.229.81:50344,34.67.229.81:50344,34.67.229.81:50344,34.67.229.81:50344,34.67.229.81:50344,34.67.229.81:50344,34.67.229.81:50344,34.67.229.81:50344,34.67.229.81:50344,34.67.229.81:50344,34.67.229.81:50344,34.67.229.81:50344,34.67.229.81:50344,34.67.229.81:50344,34.67.229.81:50344,34.67.229.81:50344,34.67.229.81:50344,34.67.229.81:50344,34.67.229.81:50344,34.67.229.81:50344,34.67.229.81:50344,34.67.229.81:50344,34.67.229.81:50344,34.67.229.81:50344,34.67.229.81:50344,34.67.229.81:50344,34.67.229.81:50344,34.67.229.81:50344,34.67.229.81:50344,34.67.229.81:50344,34.67.229.81:50344,34.67.229.81:50344,34.67.229.81:50344,34.67.229.81:50344,34.67.229.81:50344,34.67.229.81:50344,34.67.229.81:50344,34.67.229.81:50344,34.67.229.81:50344,34.67.229.81:50344,34.67.229.81:50344,34.67.229.81:50344,34.67.229.81:50344,34.67.229.81:50344,34.67.229.81:50344,34.67.229.81:50344,34.67.229.81:50344,34.67.229.81:50344,34.67.229.81:50344,34.67.229.81:50344,34.67.229.81:50344,34.67.229.81:50344,34.67.229.81:50344,34.67.229.81:50344
audio_googRemoteAddress,158.101.112.6:10000,158.101.112.6:10000,158.101.112.6:10000,158.101.112.6:10000,158.101.112.6:10000,158.101.112.6:10000,158.101.112.6:10000,158.101.112.6:10000,158.101.112.6:10000,158.101.112.6:10000,158.101.112.6:10000,158.101.112.6:10000,158.101.112.6:10000,158.101.112.6:10000,158.101.112.6:10000,158.101.112.6:10000,158.101.112.6:10000,158.101.112.6:10000,158.101.112.6:10000,158.101.112.6:10000,158.101.112.6:10000,158.101.112.6:10000,158.101.112.6:10000,158.101.112.6:10000,158.101.112.6:10000,158.101.112.6:10000,158.101.112.6:10000,158.101.112.6:10000,158.101.112.6:10000,158.101.112.6:10000,158.101.112.6:10000,158.101.112.6:10000,158.101.112.6:10000,158.101.112.6:10000,158.101.112.6:10000,158.101.112.6:10000,158.101.112.6:10000,158.101.112.6:10000,158.101.112.6:10000,158.101.112.6:10000,158.101.112.6:10000,158.101.112.6:10000,158.101.112.6:10000,158.101.112.6:10000,158.101.112.6:10000,158.101.112.6:10000,158.101.112.6:10000,158.101.112.6:10000,158.101.112.6:10000,158.101.112.6:10000,158.101.112.6:10000,158.101.112.6:10000,158.101.112.6:10000,158.101.112.6:10000,158.101.112.6:10000,158.101.112.6:10000,158.101.112.6:10000,158.101.112.6:10000,158.101.112.6:10000,158.101.112.6:10000,158.101.112.6:10000,158.101.112.6:10000,158.101.112.6:10000,158.101.112.6:10000,158.101.112.6:10000,158.101.112.6:10000,158.101.112.6:10000,158.101.112.6:10000,158.101.112.6:10000,158.101.112.6:10000,158.101.112.6:10000,158.101.112.6:10000,158.101.112.6:10000,158.101.112.6:10000,158.101.112.6:10000,158.101.112.6:10000,158.101.112.6:10000,158.101.112.6:10000,158.101.112.6:10000,158.101.112.6:10000,158.101.112.6:10000,158.101.112.6:10000,158.101.112.6:10000,158.101.112.6:10000,158.101.112.6:10000,158.101.112.6:10000,158.101.112.6:10000,158.101.112.6:10000,158.101.112.6:10000,158.101.112.6:10000
audio_googRtt,26.0,26.0,26.0,26.0,26.0,26.0,26.0,26.0,26.0,26.0,26.0,26.0,26.0,26.0,26.0,26.0,26.0,26.0,26.0,26.0,26.0,26.0,26.0,26.0,26.0,26.0,26.0,26.0,26.0,26.0,26.0,26.0,26.0,26.0,26.0,26.0,26.0,26.0,26.0,26.0,26.0,26.0,26.0,26.0,26.0,26.0,26.0,26.0,26.0,26.0,26.0,26.0,26.0,26.0,26.0,26.0,26.0,26.0,26.0,26.0,26.0,26.0,26.0,26.0,26.0,26.0,26.0,26.0,26.0,26.0,26.0,26.0,26.0,26.0,26.0,26.0,26.0,26.0,26.0,26.0,26.0,26.0,26.0,26.0,26.0,26.0,26.0,26.0,26.0,26.0
audio_send_bitsSentPerSecond_3603961209,16280.0,18016.0,16648.0,17856.0,13360.0,13736.0,11680.0,13920.0,19912.0,21088.0,21584.0,20200.0,23640.0,35344.0,33176.0,20560.0,36768.0,25584.0,24944.0,25104.0,24712.0,24536.0,24352.0,24992.0,25360.0,24864.0,24744.0,24960.0,25136.0,25080.0,25632.0,25488.0,25040.0,20224.0,18320.0,17528.0,17768.0,17616.0,17760.0,17808.0,25336.0,25648.0,25104.0,26096.0,24800.0,25072.0,25280.0,25144.0,25464.0,25240.0,18440.0,30040.0,42008.0,38616.0,26072.0,25640.0,19576.0,18224.0,21840.0,22064.0,24224.0,19568.0,18320.0,17696.0,18296.0,22096.0,18320.0,25064.0,23080.0,20480.0,18792.0,18280.0,21656.0,25432.0,18320.0,20816.0,18320.0,18320.0,18256.0,18320.0,20168.0,19856.0,25000.0,27048.0,18936.0,19480.0,18944.0,18944.0,23128.0,20816.0
audio_send_packetsSentPerSecond_3603961209,49.0,49.0,50.0,50.0,49.0,50.0,50.0,50.0,49.0,50.0,49.0,50.0,49.0,50.0,49.0,50.0,49.0,49.0,50.0,50.0,50.0,50.0,49.0,50.0,50.0,50.0,50.0,49.0,50.0,50.0,50.0,50.0,50.0,49.0,50.0,50.0,50.0,50.0,49.0,50.0,50.0,49.0,50.0,50.0,49.0,50.0,49.0,50.0,50.0,49.0,49.0,50.0,50.0,50.0,50.0,50.0,50.0,49.0,50.0,50.0,50.0,50.0,50.0,50.0,49.0,50.0,50.0,49.0,50.0,49.0,50.0,49.0,49.0,51.0,50.0,50.0,50.0,50.0,50.0,50.0,49.0,50.0,50.0,50.0,50.0,50.0,50.0,50.0,50.0,50.0
video_send_bitsSentPerSecond_3238436152,212120.0,245032.0,222848.0,194096.0,227672.0,207056.0,206968.0,226216.0,209184.0,205608.0,214600.0,214808.0,178968.0,168336.0,233456.0,222336.0,206928.0,236056.0,208008.0,202864.0,212120.0,215952.0,234296.0,189328.0,231024.0,213560.0,200856.0,236120.0,206752.0,206872.0,212984.0,215400.0,186272.0,173936.0,228952.0,223344.0,210640.0,231888.0,216632.0,199336.0,212392.0,215112.0,227664.0,197528.0,206416.0,226088.0,213208.0,232488.0,203760.0,205336.0,211216.0,223848.0,220712.0,198752.0,208840.0,222376.0,206528.0,235280.0,210456.0,207704.0,203552.0,219120.0,225728.0,207008.0,199576.0,225544.0,209336.0,225928.0,219960.0,197776.0,210200.0,221224.0,231640.0,195816.0,212144.0,214344.0,215952.0,221088.0,219984.0,203320.0,197624.0,227672.0,217104.0,211848.0,233904.0,207712.0,212440.0,220544.0,218624.0,203800.0
video_send_packetsLost_3238436152,0.0,0.0,0.0,0.0,0.0,0.0,0.0,0.0,0.0,0.0,0.0,0.0,0.0,0.0,0.0,0.0,0.0,0.0,0.0,0.0,0.0,0.0,0.0,0.0,0.0,0.0,0.0,0.0,0.0,0.0,0.0,0.0,0.0,0.0,0.0,0.0,0.0,0.0,0.0,0.0,0.0,0.0,0.0,0.0,0.0,0.0,0.0,0.0,0.0,0.0,0.0,0.0,0.0,0.0,0.0,0.0,0.0,0.0,0.0,0.0,0.0,0.0,0.0,0.0,0.0,0.0,0.0,0.0,0.0,0.0,0.0,0.0,0.0,0.0,0.0,0.0,0.0,0.0,0.0,0.0,0.0,0.0,0.0,0.0,0.0,0.0,0.0,0.0,0.0,0.0
video_send_packetsSentPerSecond_3238436152,59.0,67.0,61.0,59.0,62.0,59.0,60.0,60.0,59.0,60.0,59.0,60.0,59.0,60.0,61.0,59.0,59.0,60.0,59.0,60.0,60.0,60.0,60.0,59.0,63.0,59.0,60.0,60.0,59.0,61.0,59.0,60.0,59.0,60.0,61.0,60.0,60.0,60.0,60.0,59.0,60.0,59.0,60.0,60.0,58.0,60.0,60.0,60.0,59.0,59.0,59.0,61.0,59.0,60.0,59.0,60.0,60.0,60.0,60.0,60.0,59.0,60.0,60.0,61.0,57.0,60.0,60.0,59.0,61.0,58.0,60.0,59.0,61.0,59.0,60.0,59.0,61.0,59.0,61.0,60.0,57.0,61.0,60.0,61.0,61.0,60.0,61.0,59.0,61.0,60.0
video_send_googEncodeUsagePercent_3238436152,38.0,34.0,31.0,28.0,26.0,24.0,23.0,21.0,21.0,20.0,19.0,18.0,59.0,50.0,43.0,37.0,32.0,29.0,26.0,23.0,21.0,19.0,18.0,16.0,15.0,14.0,14.0,13.0,13.0,12.0,12.0,12.0,60.0,52.0,45.0,40.0,36.0,32.0,30.0,27.0,25.0,23.0,22.0,21.0,20.0,20.0,19.0,18.0,18.0,18.0,18.0,17.0,17.0,16.0,16.0,17.0,17.0,16.0,16.0,17.0,17.0,16.0,16.0,16.0,16.0,16.0,17.0,17.0,17.0,17.0,17.0,18.0,18.0,18.0,17.0,17.0,17.0,17.0,17.0,17.0,17.0,18.0,18.0,17.0,17.0,17.0,17.0,17.0,17.0,17.0
video_send_googFrameHeightInput_3238436152,720.0,720.0,720.0,720.0,720.0,720.0,720.0,720.0,720.0,720.0,720.0,720.0,720.0,720.0,720.0,720.0,720.0,720.0,720.0,720.0,720.0,720.0,720.0,720.0,720.0,720.0,720.0,720.0,720.0,720.0,720.0,720.0,720.0,720.0,720.0,720.0,720.0,720.0,720.0,720.0,720.0,720.0,720.0,720.0,720.0,720.0,720.0,720.0,720.0,720.0,720.0,720.0,720.0,720.0,720.0,720.0,720.0,720.0,720.0,720.0,720.0,720.0,720.0,720.0,720.0,720.0,720.0,720.0,720.0,720.0,720.0,720.0,720.0,720.0,720.0,720.0,720.0,720.0,720.0,720.0,720.0,720.0,720.0,720.0,720.0,720.0,720.0,720.0,720.0,720.0
video_send_googFrameHeightSent_3238436152,180.0,180.0,180.0,180.0,180.0,180.0,180.0,180.0,180.0,180.0,180.0,180.0,135.0,135.0,135.0,135.0,135.0,135.0,135.0,135.0,135.0,135.0,135.0,135.0,135.0,135.0,135.0,135.0,135.0,135.0,135.0,135.0,180.0,180.0,180.0,180.0,180.0,180.0,180.0,180.0,180.0,180.0,180.0,180.0,180.0,180.0,180.0,180.0,180.0,180.0,180.0,180.0,180.0,180.0,180.0,180.0,180.0,180.0,180.0,180.0,180.0,180.0,180.0,180.0,180.0,180.0,180.0,180.0,180.0,180.0,180.0,180.0,180.0,180.0,180.0,180.0,180.0,180.0,180.0,180.0,180.0,180.0,180.0,180.0,180.0,180.0,180.0,180.0,180.0,180.0
video_send_googFrameRateSent_3238436152,61.0,61.0,61.0,60.0,61.0,61.0,60.0,60.0,60.0,60.0,61.0,60.0,59.0,61.0,61.0,60.0,60.0,61.0,61.0,60.0,61.0,60.0,61.0,61.0,61.0,60.0,60.0,61.0,61.0,61.0,61.0,61.0,58.0,61.0,60.0,60.0,60.0,59.0,61.0,59.0,59.0,60.0,61.0,59.0,60.0,59.0,61.0,61.0,60.0,61.0,60.0,60.0,60.0,60.0,59.0,61.0,61.0,60.0,61.0,60.0,61.0,60.0,60.0,60.0,59.0,60.0,59.0,59.0,61.0,60.0,60.0,60.0,60.0,60.0,59.0,60.0,61.0,60.0,60.0,61.0,58.0,59.0,58.0,61.0,60.0,61.0,61.0,60.0,60.0,60.0
video_send_googFrameWidthInput_3238436152,1280.0,1280.0,1280.0,1280.0,1280.0,1280.0,1280.0,1280.0,1280.0,1280.0,1280.0,1280.0,1280.0,1280.0,1280.0,1280.0,1280.0,1280.0,1280.0,1280.0,1280.0,1280.0,1280.0,1280.0,1280.0,1280.0,1280.0,1280.0,1280.0,1280.0,1280.0,1280.0,1280.0,1280.0,1280.0,1280.0,1280.0,1280.0,1280.0,1280.0,1280.0,1280.0,1280.0,1280.0,1280.0,1280.0,1280.0,1280.0,1280.0,1280.0,1280.0,1280.0,1280.0,1280.0,1280.0,1280.0,1280.0,1280.0,1280.0,1280.0,1280.0,1280.0,1280.0,1280.0,1280.0,1280.0,1280.0,1280.0,1280.0,1280.0,1280.0,1280.0,1280.0,1280.0,1280.0,1280.0,1280.0,1280.0,1280.0,1280.0,1280.0,1280.0,1280.0,1280.0,1280.0,1280.0,1280.0,1280.0,1280.0,1280.0
video_send_googFrameWidthSent_3238436152,320.0,320.0,320.0,320.0,320.0,320.0,320.0,320.0,320.0,320.0,320.0,320.0,240.0,240.0,240.0,240.0,240.0,240.0,240.0,240.0,240.0,240.0,240.0,240.0,240.0,240.0,240.0,240.0,240.0,240.0,240.0,240.0,320.0,320.0,320.0,320.0,320.0,320.0,320.0,320.0,320.0,320.0,320.0,320.0,320.0,320.0,320.0,320.0,320.0,320.0,320.0,320.0,320.0,320.0,320.0,320.0,320.0,320.0,320.0,320.0,320.0,320.0,320.0,320.0,320.0,320.0,320.0,320.0,320.0,320.0,320.0,320.0,320.0,320.0,320.0,320.0,320.0,320.0,320.0,320.0,320.0,320.0,320.0,320.0,320.0,320.0,320.0,320.0,320.0,320.0
video_send_googRtt_3238436152,26.0,26.0,26.0,26.0,26.0,26.0,26.0,26.0,26.0,26.0,26.0,26.0,26.0,26.0,26.0,26.0,26.0,26.0,26.0,26.0,26.0,26.0,26.0,26.0,26.0,26.0,26.0,26.0,26.0,27.0,27.0,27.0,27.0,28.0,26.0,26.0,26.0,26.0,26.0,26.0,26.0,26.0,26.0,27.0,27.0,26.0,26.0,26.0,26.0,26.0,26.0,26.0,26.0,26.0,26.0,26.0,26.0,26.0,26.0,26.0,26.0,26.0,26.0,26.0,26.0,26.0,26.0,26.0,26.0,26.0,26.0,26.0,26.0,26.0,26.0,26.0,26.0,26.0,26.0,26.0,26.0,26.0,26.0,26.0,26.0,26.0,26.0,26.0,26.0,26.0
audio_send_packetsLost_3603961209,0.0,0.0,0.0,0.0,0.0,0.0,0.0,0.0,0.0,0.0,0.0,0.0,0.0,0.0,0.0,0.0,0.0,0.0,0.0,0.0,0.0,0.0,0.0,0.0,0.0,0.0,0.0,0.0,0.0,0.0,0.0,0.0,0.0,0.0,0.0,0.0,0.0,0.0,0.0,0.0,0.0,0.0,0.0,0.0,0.0,0.0,0.0,0.0,0.0,0.0,0.0,0.0,0.0,0.0,0.0,0.0,0.0,0.0,0.0,0.0,0.0,0.0,0.0,0.0,0.0,0.0,0.0,0.0,0.0,0.0,0.0,0.0,0.0,0.0,0.0,0.0,0.0,0.0,0.0,0.0,0.0,0.0,0.0,0.0,0.0,0.0,0.0,0.0,0.0,0.0
audio_send_googJitterReceived_3603961209,0.0,0.0,0.0,0.0,0.0,0.0,0.0,0.0,0.0,0.0,0.0,0.0,0.0,0.0,0.0,0.0,0.0,0.0,0.0,0.0,0.0,0.0,0.0,0.0,0.0,0.0,0.0,0.0,0.0,0.0,0.0,0.0,0.0,0.0,0.0,0.0,0.0,0.0,0.0,0.0,0.0,0.0,0.0,0.0,0.0,0.0,0.0,0.0,0.0,0.0,0.0,0.0,0.0,0.0,0.0,0.0,0.0,0.0,0.0,0.0,0.0,0.0,0.0,0.0,0.0,0.0,0.0,0.0,0.0,0.0,0.0,0.0,0.0,0.0,0.0,0.0,0.0,0.0,0.0,0.0,0.0,0.0,0.0,0.0,0.0,0.0,0.0,0.0,0.0,0.0
audio_send_googRtt_3603961209,26.0,26.0,27.0,27.0,27.0,26.0,26.0,27.0,27.0,27.0,27.0,27.0,28.0,27.0,28.0,27.0,27.0,27.0,27.0,27.0,27.0,27.0,26.0,26.0,26.0,26.0,27.0,26.0,30.0,27.0,28.0,27.0,32.0,26.0,27.0,27.0,27.0,27.0,27.0,27.0,27.0,27.0,30.0,28.0,27.0,28.0,28.0,29.0,29.0,29.0,27.0,26.0,28.0,27.0,27.0,28.0,27.0,27.0,27.0,27.0,27.0,28.0,28.0,27.0,27.0,27.0,27.0,27.0,27.0,27.0,27.0,27.0,28.0,27.0,26.0,26.0,26.0,27.0,26.0,26.0,26.0,27.0,27.0,27.0,26.0,27.0,27.0,27.0,27.0,27.0
audio_recv_bitsReceivedPerSecond_4253237705,20792.0,20544.0,32456.0,23632.0,39192.0,29248.0,21072.0,30288.0,33360.0,34640.0,25920.0,28768.0,43520.0,33528.0,37848.0,9064.0,11240.0,7376.0,8216.0,11184.0,8264.0,8264.0,8232.0,8264.0,9128.0,13560.0,14376.0,12640.0,8008.0,9336.0,35784.0,28384.0,13256.0,6368.0,8256.0,8264.0,8256.0,8256.0,8232.0,8256.0,8272.0,8208.0,8216.0,8224.0,5856.0,6056.0,5784.0,5760.0,5768.0,5784.0,5768.0,5808.0,5728.0,7624.0,36800.0,29976.0,14456.0,4824.0,9168.0,11744.0,13432.0,15000.0,8056.0,9752.0,10752.0,35784.0,36016.0,30248.0,12768.0,9344.0,7608.0,7136.0,31720.0,27744.0,9632.0,7208.0,11144.0,7224.0,9320.0,8520.0,10104.0,12944.0,11600.0,11000.0,7680.0,10232.0,7576.0,9864.0,7216.0,8248.0
audio_recv_packetsReceivedPerSecond_4253237705,25.0,29.0,49.0,34.0,49.0,37.0,28.0,34.0,41.0,50.0,34.0,37.0,49.0,50.0,49.0,13.0,17.0,10.0,9.0,11.0,8.0,8.0,7.0,8.0,9.0,14.0,15.0,12.0,10.0,12.0,41.0,31.0,13.0,8.0,8.0,8.0,8.0,8.0,7.0,8.0,8.0,7.0,8.0,8.0,5.0,7.0,5.0,6.0,6.0,5.0,5.0,6.0,6.0,8.0,44.0,47.0,23.0,5.0,9.0,12.0,15.0,16.0,8.0,10.0,10.0,41.0,42.0,34.0,15.0,13.0,10.0,9.0,41.0,44.0,12.0,11.0,12.0,10.0,14.0,10.0,12.0,15.0,14.0,17.0,11.0,14.0,10.0,15.0,11.0,13.0
audio_recv_googCurrentDelayMs_4253237705,74.0,157.0,286.0,220.0,149.0,112.0,96.0,132.0,101.0,97.0,83.0,97.0,99.0,97.0,99.0,75.0,67.0,61.0,62.0,68.0,54.0,47.0,42.0,42.0,48.0,54.0,58.0,45.0,51.0,54.0,89.0,75.0,56.0,54.0,53.0,47.0,47.0,45.0,48.0,45.0,50.0,50.0,42.0,47.0,41.0,43.0,43.0,43.0,43.0,42.0,42.0,43.0,42.0,54.0,78.0,79.0,59.0,52.0,53.0,50.0,61.0,56.0,59.0,51.0,55.0,101.0,90.0,75.0,72.0,80.0,58.0,66.0,83.0,94.0,68.0,67.0,58.0,55.0,61.0,62.0,58.0,67.0,81.0,69.0,55.0,62.0,69.0,80.0,55.0,54.0
audio_recv_googJitterBufferMs_4253237705,8.0,272.0,330.0,143.0,106.0,9.0,10.0,137.0,30.0,66.0,4.0,60.0,60.0,60.0,60.0,10.0,3.0,6.0,6.0,10.0,5.0,4.0,3.0,4.0,9.0,7.0,11.0,1.0,6.0,2.0,50.0,3.0,5.0,10.0,10.0,6.0,8.0,5.0,9.0,6.0,10.0,10.0,3.0,8.0,1.0,1.0,1.0,1.0,1.0,1.0,1.0,1.0,1.0,6.0,50.0,70.0,5.0,3.0,9.0,2.0,3.0,7.0,11.0,6.0,4.0,79.0,44.0,63.0,9.0,25.0,12.0,5.0,43.0,11.0,30.0,4.0,3.0,12.0,4.0,6.0,1.0,5.0,9.0,1.0,2.0,10.0,8.0,24.0,7.0,1.0
audio_recv_googJitterReceived_4253237705,6.0,12.0,5.0,4.0,3.0,5.0,2.0,6.0,4.0,4.0,4.0,4.0,1.0,5.0,2.0,4.0,2.0,5.0,3.0,4.0,3.0,4.0,5.0,5.0,3.0,4.0,3.0,4.0,3.0,4.0,3.0,7.0,5.0,6.0,5.0,5.0,4.0,5.0,3.0,5.0,5.0,5.0,3.0,4.0,3.0,4.0,4.0,4.0,4.0,4.0,3.0,5.0,4.0,4.0,1.0,3.0,2.0,3.0,2.0,3.0,2.0,2.0,2.0,4.0,3.0,3.0,1.0,3.0,3.0,5.0,3.0,4.0,2.0,4.0,4.0,3.0,3.0,4.0,3.0,4.0,3.0,6.0,5.0,4.0,3.0,3.0,2.0,3.0,2.0,4.0
audio_recv_googPreferredJitterBufferMs_4253237705,60.0,280.0,260.0,160.0,120.0,100.0,80.0,100.0,80.0,80.0,80.0,60.0,60.0,60.0,60.0,60.0,60.0,60.0,60.0,60.0,40.0,40.0,40.0,40.0,40.0,40.0,40.0,40.0,40.0,40.0,40.0,40.0,40.0,40.0,40.0,40.0,40.0,40.0,40.0,40.0,40.0,40.0,40.0,40.0,40.0,40.0,40.0,40.0,40.0,40.0,40.0,40.0,40.0,40.0,40.0,40.0,40.0,40.0,40.0,40.0,40.0,40.0,40.0,40.0,40.0,60.0,60.0,60.0,60.0,60.0,60.0,60.0,60.0,60.0,60.0,60.0,60.0,60.0,60.0,40.0,40.0,60.0,60.0,60.0,40.0,40.0,40.0,40.0,40.0,40.0
video_recv_bitsReceivedPerSecond_1551089699,215056.0,178528.0,149800.0,154168.0,126144.0,137784.0,137936.0,141376.0,122800.0,127688.0,113672.0,116416.0,105752.0,120040.0,99456.0,112040.0,102752.0,110776.0,119576.0,129384.0,130264.0,132704.0,112240.0,122288.0,125080.0,127608.0,121000.0,130928.0,147784.0,138384.0,178696.0,176120.0,144520.0,154576.0,134896.0,125904.0,114056.0,118832.0,121480.0,103104.0,84400.0,90304.0,82288.0,101584.0,107408.0,120008.0,132792.0,142128.0,141656.0,139512.0,147800.0,157400.0,124128.0,135888.0,114336.0,117848.0,95688.0,104960.0,91568.0,100856.0,100032.0,115424.0,121936.0,139120.0,107368.0,96624.0,95432.0,106632.0,103320.0,108816.0,95416.0,103656.0,100536.0,122704.0,121944.0,115576.0,132728.0,136528.0,137048.0,140472.0,151176.0,163392.0,122680.0,129152.0,134576.0,138024.0,116104.0,120032.0,98440.0,104624.0
video_recv_packetsReceivedPerSecond_1551089699,59.0,57.0,54.0,65.0,53.0,60.0,62.0,63.0,52.0,63.0,50.0,63.0,55.0,60.0,49.0,67.0,60.0,63.0,64.0,72.0,64.0,63.0,62.0,59.0,61.0,60.0,59.0,60.0,60.0,60.0,61.0,58.0,61.0,53.0,64.0,63.0,60.0,60.0,58.0,56.0,58.0,65.0,60.0,59.0,59.0,61.0,58.0,61.0,56.0,63.0,58.0,54.0,47.0,75.0,63.0,56.0,57.0,61.0,57.0,71.0,59.0,60.0,60.0,52.0,58.0,61.0,59.0,60.0,58.0,66.0,58.0,63.0,59.0,56.0,65.0,60.0,60.0,60.0,55.0,64.0,58.0,55.0,54.0,60.0,65.0,66.0,59.0,58.0,55.0,66.0
video_recv_googCurrentDelayMs_1551089699,33.0,39.0,44.0,42.0,39.0,38.0,37.0,35.0,34.0,33.0,33.0,32.0,31.0,30.0,29.0,29.0,28.0,28.0,28.0,27.0,28.0,27.0,27.0,27.0,27.0,27.0,28.0,27.0,27.0,27.0,30.0,31.0,30.0,30.0,30.0,29.0,29.0,29.0,29.0,28.0,28.0,28.0,28.0,27.0,27.0,27.0,27.0,28.0,28.0,29.0,29.0,29.0,30.0,30.0,30.0,30.0,29.0,29.0,28.0,28.0,27.0,28.0,28.0,28.0,27.0,27.0,26.0,26.0,26.0,27.0,27.0,26.0,26.0,26.0,26.0,26.0,26.0,26.0,26.0,26.0,27.0,26.0,26.0,26.0,26.0,27.0,27.0,27.0,27.0,27.0
video_recv_googDecodeMs_1551089699,1.0,1.0,1.0,1.0,1.0,1.0,1.0,1.0,1.0,1.0,1.0,1.0,1.0,1.0,1.0,1.0,1.0,1.0,1.0,1.0,1.0,1.0,1.0,1.0,1.0,1.0,1.0,1.0,1.0,1.0,1.0,2.0,1.0,1.0,1.0,1.0,1.0,1.0,0.0,1.0,1.0,1.0,1.0,1.0,1.0,1.0,1.0,1.0,1.0,1.0,1.0,1.0,1.0,1.0,1.0,1.0,1.0,1.0,0.0,1.0,1.0,1.0,1.0,1.0,0.0,1.0,1.0,1.0,2.0,1.0,1.0,1.0,0.0,7.0,1.0,1.0,1.0,1.0,1.0,4.0,2.0,1.0,1.0,1.0,1.0,1.0,1.0,1.0,1.0,1.0
video_recv_googFrameHeightReceived_1551089699,180.0,180.0,180.0,180.0,180.0,180.0,180.0,180.0,180.0,180.0,180.0,180.0,180.0,180.0,180.0,180.0,180.0,180.0,180.0,180.0,180.0,180.0,180.0,180.0,180.0,180.0,180.0,180.0,180.0,180.0,180.0,180.0,180.0,180.0,180.0,180.0,180.0,180.0,180.0,180.0,180.0,180.0,180.0,180.0,180.0,180.0,180.0,180.0,180.0,180.0,180.0,180.0,180.0,180.0,180.0,180.0,180.0,180.0,180.0,180.0,180.0,180.0,180.0,180.0,180.0,180.0,180.0,180.0,180.0,180.0,180.0,180.0,180.0,180.0,180.0,180.0,180.0,180.0,180.0,180.0,180.0,180.0,180.0,180.0,180.0,180.0,180.0,180.0,180.0,180.0
video_recv_googFrameRateOutput_1551089699,62.0,52.0,55.0,61.0,59.0,57.0,60.0,61.0,60.0,60.0,54.0,61.0,56.0,60.0,50.0,64.0,59.0,60.0,61.0,64.0,62.0,63.0,61.0,59.0,59.0,60.0,59.0,60.0,59.0,60.0,59.0,59.0,59.0,59.0,59.0,59.0,60.0,59.0,59.0,58.0,58.0,60.0,60.0,60.0,60.0,60.0,58.0,60.0,58.0,61.0,59.0,58.0,45.0,73.0,60.0,59.0,59.0,59.0,59.0,60.0,59.0,61.0,59.0,54.0,59.0,61.0,58.0,60.0,59.0,60.0,59.0,60.0,60.0,59.0,61.0,61.0,60.0,60.0,58.0,61.0,58.0,60.0,54.0,60.0,63.0,60.0,60.0,59.0,56.0,60.0
video_recv_googFrameRateReceived_1551089699,59.0,56.0,52.0,65.0,54.0,60.0,62.0,63.0,53.0,63.0,51.0,63.0,56.0,61.0,50.0,67.0,60.0,64.0,64.0,72.0,64.0,63.0,63.0,58.0,61.0,60.0,59.0,61.0,60.0,60.0,59.0,58.0,61.0,54.0,64.0,63.0,60.0,59.0,59.0,56.0,58.0,66.0,60.0,59.0,60.0,61.0,59.0,61.0,56.0,64.0,59.0,55.0,45.0,75.0,63.0,56.0,57.0,61.0,58.0,71.0,59.0,59.0,60.0,52.0,59.0,61.0,59.0,61.0,58.0,67.0,58.0,64.0,59.0,56.0,65.0,60.0,60.0,60.0,55.0,64.0,58.0,56.0,54.0,60.0,65.0,66.0,59.0,58.0,55.0,66.0
video_recv_googFrameWidthReceived_1551089699,320.0,320.0,320.0,320.0,320.0,320.0,320.0,320.0,320.0,320.0,320.0,320.0,320.0,320.0,320.0,320.0,320.0,320.0,320.0,320.0,320.0,320.0,320.0,320.0,320.0,320.0,320.0,320.0,320.0,320.0,320.0,320.0,320.0,320.0,320.0,320.0,320.0,320.0,320.0,320.0,320.0,320.0,320.0,320.0,320.0,320.0,320.0,320.0,320.0,320.0,320.0,320.0,320.0,320.0,320.0,320.0,320.0,320.0,320.0,320.0,320.0,320.0,320.0,320.0,320.0,320.0,320.0,320.0,320.0,320.0,320.0,320.0,320.0,320.0,320.0,320.0,320.0,320.0,320.0,320.0,320.0,320.0,320.0,320.0,320.0,320.0,320.0,320.0,320.0,320.0
video_recv_googInterframeDelayMax_1551089699,92.0,101.0,38.0,20.0,27.0,35.0,20.0,20.0,27.0,25.0,58.0,50.0,33.0,29.0,40.0,61.0,23.0,21.0,19.0,49.0,18.0,19.0,19.0,56.0,21.0,20.0,22.0,22.0,22.0,19.0,28.0,22.0,34.0,25.0,25.0,19.0,20.0,61.0,28.0,35.0,54.0,28.0,20.0,20.0,19.0,23.0,48.0,26.0,32.0,22.0,33.0,37.0,84.0,57.0,23.0,20.0,32.0,20.0,21.0,20.0,36.0,60.0,21.0,39.0,51.0,42.0,34.0,52.0,20.0,21.0,34.0,22.0,19.0,48.0,31.0,21.0,21.0,21.0,24.0,28.0,34.0,20.0,39.0,55.0,28.0,22.0,22.0,39.0,28.0,46.0
video_recv_googJitterBufferMs_1551089699,21.0,28.0,32.0,30.0,27.0,26.0,25.0,23.0,22.0,21.0,21.0,20.0,19.0,18.0,17.0,17.0,16.0,16.0,16.0,15.0,16.0,15.0,15.0,15.0,15.0,15.0,15.0,15.0,15.0,15.0,18.0,18.0,17.0,17.0,17.0,17.0,17.0,17.0,17.0,16.0,16.0,16.0,16.0,16.0,16.0,16.0,16.0,16.0,16.0,16.0,16.0,16.0,17.0,17.0,17.0,17.0,16.0,16.0,16.0,16.0,16.0,16.0,16.0,16.0,16.0,16.0,15.0,15.0,15.0,15.0,15.0,14.0,14.0,14.0,14.0,14.0,14.0,14.0,14.0,14.0,14.0,14.0,14.0,14.0,14.0,14.0,14.0,14.0,14.0,14.0
video_recv_googPlisSent_1551089699,2.0,2.0,2.0,2.0,2.0,2.0,2.0,2.0,2.0,2.0,2.0,2.0,2.0,2.0,2.0,2.0,2.0,2.0,2.0,2.0,2.0,2.0,2.0,2.0,2.0,2.0,2.0,2.0,2.0,2.0,2.0,2.0,2.0,2.0,2.0,2.0,2.0,2.0,2.0,2.0,2.0,2.0,2.0,2.0,2.0,2.0,2.0,2.0,2.0,2.0,2.0,2.0,2.0,2.0,2.0,2.0,2.0,2.0,2.0,2.0,2.0,2.0,2.0,2.0,2.0,2.0,2.0,2.0,2.0,2.0,2.0,2.0,2.0,2.0,2.0,2.0,2.0,2.0,2.0,2.0,2.0,2.0,2.0,2.0,2.0,2.0,2.0,2.0,2.0,2.0
audio_recv_bitsReceivedPerSecond_2735934006,0.0,8032.0,24872.0,23520.0,25728.0,13040.0,22984.0,18792.0,24352.0,20304.0,21384.0,25680.0,22808.0,24584.0,23768.0,24968.0,24664.0,24104.0,23544.0,23560.0,24440.0,25312.0,24360.0,10928.0,10872.0,12872.0,14344.0,16464.0,13824.0,20704.0,25560.0,23280.0,21616.0,22760.0,24328.0,21120.0,21272.0,22784.0,21872.0,22104.0,22776.0,21000.0,22656.0,24408.0,24384.0,24440.0,24040.0,25424.0,24416.0,24384.0,25208.0,22736.0,25280.0,25248.0,25184.0,23720.0,22920.0,20400.0,17056.0,23200.0,24496.0,24136.0,21296.0,22640.0,21864.0,22336.0,23656.0,21864.0,23008.0,25464.0,23560.0,25760.0,23248.0,24320.0,24968.0,24624.0,23032.0,21264.0,23808.0,22144.0,23072.0,23464.0,23728.0,25216.0,24288.0,24416.0,25808.0,24392.0,23600.0,24360.0
audio_recv_packetsReceivedPerSecond_2735934006,0.0,9.0,28.0,27.0,28.0,15.0,26.0,21.0,27.0,23.0,24.0,29.0,26.0,28.0,26.0,29.0,27.0,27.0,27.0,27.0,28.0,29.0,27.0,11.0,11.0,14.0,15.0,16.0,17.0,27.0,29.0,28.0,28.0,25.0,29.0,27.0,27.0,29.0,27.0,28.0,29.0,26.0,29.0,28.0,27.0,28.0,26.0,29.0,28.0,27.0,28.0,26.0,29.0,29.0,29.0,27.0,27.0,21.0,18.0,27.0,28.0,28.0,27.0,29.0,27.0,28.0,29.0,26.0,26.0,29.0,27.0,28.0,27.0,27.0,29.0,28.0,28.0,27.0,30.0,28.0,29.0,27.0,27.0,29.0,28.0,28.0,29.0,28.0,27.0,28.0
audio_recv_googCurrentDelayMs_2735934006,0.0,47.0,151.0,341.0,410.0,292.0,440.0,651.0,731.0,753.0,647.0,769.0,786.0,652.0,422.0,501.0,477.0,369.0,519.0,410.0,444.0,532.0,475.0,310.0,405.0,594.0,705.0,787.0,813.0,842.0,890.0,799.0,602.0,440.0,617.0,600.0,381.0,531.0,514.0,352.0,538.0,649.0,572.0,401.0,587.0,513.0,377.0,531.0,586.0,400.0,543.0,559.0,381.0,482.0,454.0,317.0,436.0,660.0,724.0,812.0,789.0,664.0,440.0,531.0,542.0,376.0,506.0,473.0,345.0,481.0,438.0,384.0,528.0,341.0,461.0,473.0,351.0,480.0,680.0,618.0,409.0,504.0,526.0,350.0,472.0,464.0,343.0,474.0,296.0,388.0
audio_recv_googJitterBufferMs_2735934006,0.0,123.0,243.0,411.0,140.0,301.0,648.0,421.0,736.0,358.0,720.0,779.0,458.0,180.0,343.0,405.0,115.0,501.0,340.0,86.0,597.0,307.0,59.0,201.0,330.0,385.0,460.0,486.0,542.0,681.0,646.0,372.0,102.0,489.0,552.0,237.0,226.0,502.0,202.0,270.0,729.0,411.0,156.0,406.0,450.0,146.0,368.0,542.0,253.0,262.0,561.0,228.0,242.0,487.0,164.0,322.0,544.0,650.0,510.0,742.0,536.0,238.0,227.0,517.0,213.0,263.0,496.0,149.0,344.0,387.0,64.0,543.0,374.0,222.0,526.0,193.0,248.0,776.0,530.0,240.0,242.0,540.0,212.0,286.0,441.0,131.0,384.0,398.0,80.0,530.0
audio_recv_googJitterReceived_2735934006,0.0,20.0,30.0,29.0,30.0,39.0,26.0,31.0,26.0,30.0,25.0,22.0,25.0,26.0,26.0,24.0,22.0,22.0,26.0,29.0,26.0,24.0,24.0,39.0,44.0,37.0,35.0,34.0,33.0,30.0,25.0,25.0,25.0,29.0,27.0,28.0,32.0,27.0,27.0,31.0,27.0,31.0,30.0,31.0,27.0,30.0,31.0,29.0,28.0,28.0,27.0,30.0,31.0,29.0,27.0,28.0,29.0,31.0,31.0,33.0,26.0,32.0,28.0,30.0,30.0,32.0,29.0,31.0,29.0,30.0,30.0,30.0,30.0,35.0,27.0,30.0,26.0,28.0,26.0,26.0,22.0,25.0,28.0,23.0,25.0,23.0,22.0,25.0,22.0,23.0
audio_recv_googPreferredJitterBufferMs_2735934006,0.0,300.0,700.0,1140.0,1560.0,1660.0,1660.0,1680.0,1680.0,1700.0,1700.0,1700.0,1700.0,1720.0,1720.0,1720.0,1720.0,1720.0,1720.0,1720.0,1720.0,1720.0,1720.0,1720.0,1720.0,1720.0,1720.0,1720.0,1720.0,1720.0,1720.0,1720.0,1720.0,1720.0,1720.0,1720.0,1720.0,1720.0,1720.0,1720.0,1720.0,1720.0,1720.0,1720.0,1720.0,1720.0,1720.0,1720.0,1720.0,1720.0,1720.0,1720.0,1720.0,1720.0,1720.0,1700.0,1700.0,1700.0,1700.0,1700.0,1700.0,1700.0,1700.0,1700.0,1700.0,1700.0,1700.0,1700.0,1700.0,1700.0,1700.0,1700.0,1700.0,1700.0,1700.0,1700.0,1700.0,1700.0,1700.0,1700.0,1700.0,1700.0,1700.0,1700.0,1700.0,1700.0,1700.0,1700.0,1700.0,1700.0
video_recv_bitsReceivedPerSecond_1290314106,0.0,76952.0,208048.0,182536.0,200288.0,205504.0,210696.0,193120.0,202696.0,195840.0,80488.0,151872.0,103568.0,107056.0,101928.0,83736.0,91152.0,101032.0,109576.0,110816.0,118616.0,126040.0,135256.0,147448.0,149304.0,156656.0,159040.0,174136.0,164760.0,160696.0,167936.0,170856.0,166520.0,164232.0,183168.0,198000.0,208400.0,208312.0,190864.0,214864.0,221160.0,198768.0,214224.0,210552.0,206288.0,209968.0,214936.0,234840.0,230296.0,238064.0,225328.0,227584.0,226720.0,243320.0,145432.0,156288.0,141640.0,160240.0,166400.0,169304.0,184992.0,193032.0,199944.0,199328.0,195616.0,201464.0,225224.0,192344.0,212112.0,211296.0,212736.0,223592.0,211296.0,223952.0,225080.0,218376.0,217608.0,214968.0,201664.0,182352.0,155184.0,96784.0,88368.0,77560.0,79312.0,66472.0,64952.0,55032.0,49128.0,55832.0
video_recv_packetsReceivedPerSecond_1290314106,0.0,18.0,36.0,31.0,34.0,32.0,36.0,34.0,32.0,31.0,14.0,40.0,22.0,22.0,33.0,36.0,35.0,29.0,29.0,31.0,31.0,34.0,32.0,31.0,31.0,30.0,31.0,35.0,34.0,30.0,36.0,34.0,32.0,31.0,33.0,35.0,38.0,38.0,32.0,39.0,37.0,34.0,39.0,33.0,35.0,38.0,35.0,41.0,43.0,42.0,38.0,37.0,41.0,44.0,26.0,28.0,33.0,31.0,34.0,34.0,35.0,36.0,35.0,35.0,33.0,36.0,41.0,29.0,35.0,37.0,37.0,40.0,36.0,37.0,40.0,39.0,36.0,36.0,37.0,29.0,29.0,18.0,22.0,43.0,30.0,20.0,19.0,35.0,37.0,34.0
video_recv_googCurrentDelayMs_1290314106,0.0,29.0,86.0,108.0,123.0,123.0,129.0,132.0,132.0,130.0,135.0,137.0,155.0,170.0,178.0,180.0,177.0,177.0,172.0,173.0,179.0,177.0,175.0,176.0,177.0,176.0,173.0,174.0,172.0,174.0,175.0,172.0,168.0,171.0,172.0,172.0,175.0,175.0,174.0,176.0,174.0,174.0,174.0,174.0,174.0,171.0,170.0,177.0,177.0,180.0,178.0,176.0,177.0,175.0,171.0,171.0,174.0,176.0,172.0,168.0,168.0,168.0,167.0,174.0,173.0,174.0,175.0,173.0,172.0,174.0,174.0,176.0,177.0,176.0,177.0,179.0,179.0,180.0,179.0,180.0,183.0,183.0,187.0,188.0,186.0,184.0,185.0,184.0,187.0,186.0
video_recv_googDecodeMs_1290314106,0.0,1.0,1.0,1.0,1.0,1.0,1.0,1.0,1.0,1.0,1.0,1.0,1.0,1.0,1.0,1.0,1.0,1.0,3.0,1.0,1.0,1.0,1.0,1.0,1.0,1.0,1.0,3.0,1.0,1.0,1.0,1.0,1.0,1.0,0.0,1.0,1.0,1.0,1.0,1.0,1.0,1.0,1.0,1.0,2.0,3.0,1.0,1.0,1.0,1.0,0.0,2.0,2.0,1.0,1.0,2.0,1.0,1.0,1.0,1.0,1.0,1.0,4.0,1.0,1.0,1.0,1.0,1.0,1.0,1.0,1.0,1.0,1.0,1.0,1.0,1.0,1.0,1.0,2.0,1.0,1.0,1.0,1.0,1.0,1.0,2.0,1.0,1.0,1.0,1.0
video_recv_googFrameHeightReceived_1290314106,0.0,180.0,180.0,180.0,180.0,180.0,180.0,180.0,180.0,180.0,180.0,180.0,180.0,180.0,180.0,180.0,180.0,180.0,180.0,180.0,180.0,180.0,180.0,180.0,180.0,180.0,180.0,180.0,180.0,180.0,180.0,180.0,180.0,180.0,180.0,180.0,180.0,180.0,180.0,180.0,180.0,180.0,180.0,180.0,180.0,180.0,180.0,180.0,180.0,180.0,180.0,180.0,180.0,180.0,180.0,180.0,180.0,180.0,180.0,180.0,180.0,180.0,180.0,180.0,180.0,180.0,180.0,180.0,180.0,180.0,180.0,180.0,180.0,180.0,180.0,180.0,180.0,180.0,180.0,180.0,180.0,180.0,180.0,180.0,180.0,180.0,180.0,180.0,180.0,180.0
video_recv_googFrameRateOutput_1290314106,0.0,21.0,24.0,28.0,29.0,27.0,31.0,21.0,31.0,24.0,16.0,27.0,23.0,20.0,26.0,29.0,30.0,26.0,29.0,30.0,29.0,29.0,28.0,30.0,28.0,29.0,28.0,26.0,31.0,29.0,33.0,27.0,29.0,33.0,24.0,27.0,31.0,29.0,29.0,28.0,32.0,32.0,28.0,29.0,32.0,28.0,27.0,27.0,29.0,34.0,31.0,30.0,28.0,20.0,26.0,32.0,28.0,28.0,30.0,32.0,27.0,32.0,31.0,27.0,29.0,32.0,31.0,27.0,28.0,30.0,32.0,31.0,31.0,31.0,31.0,31.0,30.0,31.0,34.0,30.0,30.0,19.0,15.0,31.0,28.0,30.0,23.0,28.0,28.0,30.0
video_recv_googFrameRateReceived_1290314106,0.0,12.0,22.0,20.0,24.0,25.0,23.0,24.0,24.0,22.0,14.0,29.0,19.0,20.0,30.0,36.0,36.0,29.0,29.0,29.0,31.0,32.0,33.0,25.0,30.0,28.0,27.0,29.0,34.0,20.0,33.0,26.0,24.0,22.0,21.0,23.0,26.0,24.0,21.0,27.0,26.0,22.0,26.0,18.0,23.0,24.0,20.0,25.0,28.0,28.0,24.0,21.0,25.0,24.0,20.0,20.0,30.0,26.0,31.0,28.0,26.0,30.0,26.0,24.0,25.0,23.0,32.0,20.0,23.0,24.0,25.0,28.0,27.0,23.0,24.0,21.0,24.0,22.0,28.0,18.0,24.0,18.0,20.0,41.0,30.0,20.0,18.0,35.0,37.0,34.0
video_recv_googFrameWidthReceived_1290314106,0.0,320.0,320.0,320.0,320.0,320.0,320.0,320.0,320.0,320.0,320.0,320.0,320.0,320.0,320.0,320.0,320.0,320.0,320.0,320.0,320.0,320.0,320.0,320.0,320.0,320.0,320.0,320.0,320.0,320.0,320.0,320.0,320.0,320.0,320.0,320.0,320.0,320.0,320.0,320.0,320.0,320.0,320.0,320.0,320.0,320.0,320.0,320.0,320.0,320.0,320.0,320.0,320.0,320.0,320.0,320.0,320.0,320.0,320.0,320.0,320.0,320.0,320.0,320.0,320.0,320.0,320.0,320.0,320.0,320.0,320.0,320.0,320.0,320.0,320.0,320.0,320.0,320.0,320.0,320.0,320.0,320.0,320.0,320.0,320.0,320.0,320.0,320.0,320.0,320.0
video_recv_googInterframeDelayMax_1290314106,-1.0,188.0,239.0,134.0,136.0,143.0,133.0,143.0,147.0,149.0,176.0,172.0,232.0,236.0,182.0,166.0,161.0,171.0,156.0,154.0,157.0,166.0,154.0,166.0,161.0,151.0,150.0,159.0,152.0,151.0,154.0,165.0,155.0,151.0,156.0,154.0,147.0,150.0,150.0,153.0,150.0,150.0,169.0,153.0,151.0,152.0,151.0,151.0,150.0,155.0,169.0,151.0,151.0,167.0,180.0,154.0,147.0,155.0,151.0,148.0,163.0,149.0,145.0,147.0,146.0,148.0,147.0,146.0,150.0,147.0,146.0,153.0,146.0,146.0,147.0,150.0,146.0,155.0,147.0,149.0,146.0,155.0,365.0,143.0,149.0,148.0,215.0,149.0,160.0,152.0
video_recv_googJitterBufferMs_1290314106,0.0,86.0,100.0,96.0,111.0,111.0,117.0,120.0,120.0,118.0,123.0,125.0,143.0,158.0,167.0,168.0,166.0,165.0,161.0,162.0,167.0,165.0,163.0,164.0,165.0,164.0,161.0,162.0,160.0,162.0,163.0,161.0,156.0,159.0,160.0,160.0,162.0,163.0,162.0,163.0,162.0,162.0,162.0,162.0,161.0,159.0,158.0,164.0,164.0,167.0,165.0,163.0,164.0,162.0,158.0,158.0,161.0,163.0,159.0,155.0,155.0,155.0,155.0,163.0,161.0,163.0,163.0,161.0,160.0,162.0,163.0,164.0,165.0,164.0,165.0,167.0,167.0,168.0,168.0,168.0,171.0,171.0,175.0,176.0,174.0,172.0,173.0,172.0,175.0,174.0
video_recv_googPlisSent_1290314106,1.0,2.0,2.0,2.0,2.0,2.0,2.0,2.0,2.0,2.0,2.0,2.0,2.0,2.0,2.0,2.0,2.0,2.0,2.0,2.0,2.0,2.0,2.0,2.0,2.0,2.0,2.0,2.0,2.0,2.0,2.0,2.0,2.0,2.0,2.0,2.0,2.0,2.0,2.0,2.0,2.0,2.0,2.0,2.0,2.0,2.0,2.0,2.0,2.0,2.0,2.0,2.0,2.0,2.0,2.0,2.0,2.0,2.0,2.0,2.0,2.0,2.0,2.0,2.0,2.0,2.0,2.0,2.0,2.0,2.0,2.0,2.0,2.0,2.0,2.0,2.0,2.0,2.0,2.0,2.0,2.0,2.0,2.0,2.0,2.0,2.0,2.0,2.0,2.0,2.0
video_send_resolutionChangesInput_3238436152,0,0,0,0,0,0,0,0,0,0,0,0,0,0,0,0,0,0,0,0,0,0,0,0,0,0,0,0,0,0,0,0,0,0,0,0,0,0,0,0,0,0,0,0,0,0,0,0,0,0,0,0,0,0,0,0,0,0,0,0,0,0,0,0,0,0,0,0,0,0,0,0,0,0,0,0,0,0,0,0,0,0,0,0,0,0,0,0,0,0
video_send_resolutionChangesSent_3238436152,3,3,3,3,3,3,3,3,3,3,3,3,4,4,4,4,4,4,4,4,4,4,4,4,4,4,4,4,4,4,4,4,5,5,5,5,5,5,5,5,5,5,5,5,5,5,5,5,5,5,5,5,5,5,5,5,5,5,5,5,5,5,5,5,5,5,5,5,5,5,5,5,5,5,5,5,5,5,5,5,5,5,5,5,5,5,5,5,5,5
video_recv_resolutionChangesReceived_1551089699,2,2,2,2,2,2,2,2,2,2,2,2,2,2,2,2,2,2,2,2,2,2,2,2,2,2,2,2,2,2,2,2,2,2,2,2,2,2,2,2,2,2,2,2,2,2,2,2,2,2,2,2,2,2,2,2,2,2,2,2,2,2,2,2,2,2,2,2,2,2,2,2,2,2,2,2,2,2,2,2,2,2,2,2,2,2,2,2,2,2
video_recv_resolutionChangesReceived_1290314106,1,2,2,2,2,2,2,2,2,2,2,2,2,2,2,2,2,2,2,2,2,2,2,2,2,2,2,2,2,2,2,2,2,2,2,2,2,2,2,2,2,2,2,2,2,2,2,2,2,2,2,2,2,2,2,2,2,2,2,2,2,2,2,2,2,2,2,2,2,2,2,2,2,2,2,2,2,2,2,2,2,2,2,2,2,2,2,2,2,2
1_way_delay_audio_send_3238436152_0,13.0,13.0,13.5,13.5,13.5,13.0,13.0,13.5,13.5,13.5,13.5,13.5,14.0,13.5,14.0,13.5,13.5,13.5,13.5,13.5,13.5,13.5,13.0,13.0,13.0,13.0,13.5,13.0,15.0,13.5,14.0,13.5,16.0,13.0,13.5,13.5,13.5,13.5,13.5,13.5,13.5,13.5,15.0,14.0,13.5,14.0,14.0,14.5,14.5,14.5,13.5,13.0,14.0,13.5,13.5,14.0,13.5,13.5,13.5,13.5,13.5,14.0,14.0,13.5,13.5,13.5,13.5,13.5,13.5,13.5,13.5,13.5,14.0,13.5,13.0,13.0,13.0,13.5,13.0,13.0,13.0,13.5,13.5,13.5,13.0,13.5,13.5,13.5,13.5,13.5
1_way_delay_video_send_3238436152_0,13.0,13.0,13.0,13.0,13.0,13.0,13.0,13.0,13.0,13.0,13.0,13.0,13.0,13.0,13.0,13.0,13.0,13.0,13.0,13.0,13.0,13.0,13.0,13.0,13.0,13.0,13.0,13.0,13.0,13.5,13.5,13.5,13.5,14.0,13.0,13.0,13.0,13.0,13.0,13.0,13.0,13.0,13.0,13.5,13.5,13.0,13.0,13.0,13.0,13.0,13.0,13.0,13.0,13.0,13.0,13.0,13.0,13.0,13.0,13.0,13.0,13.0,13.0,13.0,13.0,13.0,13.0,13.0,13.0,13.0,13.0,13.0,13.0,13.0,13.0,13.0,13.0,13.0,13.0,13.0,13.0,13.0,13.0,13.0,13.0,13.0,13.0,13.0,13.0,13.0
ear_ear_delay_audio_send_3238436152_0,13.0,55.0,40.5,41.5,14.5,23.0,14.0,14.5,85.5,35.5,43.5,33.5,76.0,111.5,321.0,23.5,338.5,433.5,13.5,18.5,26.5,135.5,505.0,578.0,245.0,15.0,15.5,56.0,25.0,65.5,94.0,17.5,66.0,13.0,27.5,13.5,23.5,13.5,24.5,25.5,23.5,15.5,19.0,16.0,17.5,37.0,28.0,20.5,44.5,20.5,21.5,154.0,520.0,790.5,598.5,384.0,22.5,20.5,25.5,47.5,56.5,24.0,17.0,13.5,19.5,38.5,15.5,37.5,23.5,74.5,19.5,18.5,35.0,15.5,14.0,62.0,27.0,28.5,27.0,18.0,17.0,17.5,13.5,43.5,15.0,17.5,16.5,26.5,23.5,15.5
audio_packet_loss_percentage_send_3238436152_0,0.0,0.0,0.0,0.0,0.0,0.0,0.0,0.0,0.0,0.0,0.0,0.0,0.0,0.0,0.0,0.0,0.0,0.0,0.0,0.0,0.0,0.0,0.0,0.0,0.0,0.0,0.0,0.0,0.0,0.0,0.0,0.0,0.0,0.0,0.0,0.0,0.0,0.0,0.0,0.0,0.0,0.0,0.0,0.0,0.0,0.0,0.0,0.0,0.0,0.0,0.0,0.0,0.0,0.0,0.0,0.0,0.0,0.0,0.0,0.0,0.0,0.0,0.0,0.0,0.0,0.0,0.0,0.0,0.0,0.0,0.0,0.0,0.0,0.0,0.0,0.0,0.0,0.0,0.0,0.0,0.0,0.0,0.0,0.0,0.0,0.0,0.0,0.0,0.0
e_model_audio_send_3238436152_0,93.888,92.88000000000001,93.22800000000001,93.20400000000001,93.852,93.648,93.864,93.852,92.148,93.348,93.156,93.396,92.376,91.524,70.68900000000001,93.636,68.344,55.614000000000004,93.876,93.756,93.56400000000001,90.94800000000001,46.033,36.251000000000005,80.873,93.84,93.828,92.85600000000001,93.60000000000001,92.628,91.944,93.78,92.616,93.888,93.54,93.876,93.636,93.876,93.61200000000001,93.58800000000001,93.636,93.828,93.744,93.816,93.78,93.312,93.528,93.708,93.132,93.708,93.684,90.504,44.02300000000001,7.775999999999996,33.504000000000005,62.247,93.66,93.708,93.58800000000001,93.06,92.84400000000001,93.62400000000001,93.792,93.876,93.732,93.276,93.828,93.3,93.636,92.412,93.732,93.756,93.36,93.828,93.864,92.712,93.552,93.516,93.552,93.768,93.792,93.78,93.876,93.156,93.84,93.78,93.804,93.56400000000001,93.636
kpi_audio_synchronization_3238436152_0,4.422204849258496,4.403006096896001,4.409827162361537,4.409363238444352,4.421548724676544,4.4177890832834565,4.4217676780241915,4.421548724676544,4.3880039192594555,4.412132293358656,4.408432497537088,4.413047573578048,4.392771166586368,4.374524839239233,3.6291456580706174,4.417565730015808,3.518405571558912,2.870702634811192,4.421986386242368,4.419788281943489,4.416220494188992,4.361528034120256,2.368271099454441,1.8846032456712434,4.056567950389681,4.421329526272,4.4211100828831364,4.402528243813888,4.416894208,4.397941034479936,4.383666638797312,4.420229860936,4.397697221513727,4.422204849258496,4.415770134952001,4.421986386242368,4.417565730015808,4.421986386242368,4.417118292301504,4.4166698801656965,4.417565730015808,4.4211100828831364,4.4195671256965126,4.420890394582528,4.420229860936,4.4114432918487045,4.415544590542337,4.418902190823617,4.407965681708224,4.418902190823617,4.418457679857473,4.351151511511552,2.265202895598832,1.009998822227968,1.7594302726635525,3.2156083228774395,4.418012192728001,4.418902190823617,4.4166698801656965,4.406559459688,4.4022889586869125,4.417342132997633,4.420450283536384,4.421986386242368,4.419345725045825,4.410752114219968,4.4211100828831364,4.411213141,4.417565730015808,4.393516110330304,4.419345725045825,4.419788281943489,4.412361476608,4.4211100828831364,4.4217676780241915,4.399641066863104,4.415995436191745,4.415318803035329,4.415995436191745,4.420009193714176,4.420450283536384,4.420229860936,4.421986386242368,4.408432497537088,4.421329526272,4.420229860936,4.420670461442753,4.416220494188992,4.417565730015808
eye_eye_delay_video_send_3238436152_0,13.0,69.0,79.0,78.0,84.0,83.0,84.0,82.0,84.0,83.0,84.0,83.0,83.0,84.0,83.0,85.0,85.0,85.0,85.0,86.0,87.0,85.0,85.0,87.0,88.0,90.0,90.0,90.0,89.0,89.5,89.5,90.5,90.5,91.0,90.0,90.0,91.0,91.0,91.0,92.0,92.0,93.0,93.0,93.5,94.5,94.0,94.0,95.0,95.0,94.0,95.0,96.0,96.0,95.0,94.0,94.0,94.0,92.0,92.0,93.0,92.0,91.0,92.0,91.0,90.0,90.0,92.0,92.0,92.0,93.0,94.0,93.0,94.0,94.0,94.0,94.0,94.0,94.0,95.0,94.0,94.0,95.0,96.0,95.0,95.0,93.0,95.0,93.0,94.0,94.0
kpi_video_synchronization_3238436152_0,5,5,5,5,5,5,5,5,5,5,5,5,5,5,5,5,5,5,5,5,5,5,5,5,5,5,5,5,5,5,5,5,5,5,5,5,5,5,5,5,5,5,5,5,5,5,5,5,5,5,5,5,5,5,5,5,5,5,5,5,5,5,5,5,5,5,5,5,5,5,5,5,5,5,5,5,5,5,5,5,5,5,5,5,5,5,5,5,5,5
av_delay_send_3238436152_0,0.0,-14.0,-38.5,-36.5,-69.5,-60.0,-70.0,-67.5,1.5,-47.5,-40.5,-49.5,-7.0,27.5,238.0,-61.5,253.5,348.5,-71.5,-67.5,-60.5,50.5,420.0,491.0,157.0,-75.0,-74.5,-34.0,-64.0,-24.0,4.5,-73.0,-24.5,-78.0,-62.5,-76.5,-67.5,-77.5,-66.5,-66.5,-68.5,-77.5,-74.0,-77.5,-77.0,-57.0,-66.0,-74.5,-50.5,-73.5,-73.5,58.0,424.0,695.5,504.5,290.0,-71.5,-71.5,-66.5,-45.5,-35.5,-67.0,-75.0,-77.5,-70.5,-51.5,-76.5,-54.5,-68.5,-18.5,-74.5,-74.5,-59.0,-78.5,-80.0,-32.0,-67.0,-65.5,-68.0,-76.0,-77.0,-77.5,-82.5,-51.5,-80.0,-75.5,-78.5,-66.5,-70.5,-78.5
kpi_av_synchronization_3238436152_0,5,5,5,5,5,5,5,5,5,5,5,5,5,5,1,5,1,1,5,5,5,4.56,1,1,1,5,5,5,5,5,5,5,5,5,5,5,5,5,5,5,5,5,5,5,5,5,5,5,5,5,5,3.96,1,1,1,1,5,5,5,5,5,5,5,5,5,5,5,5,5,5,5,5,5,5,5,5,5,5,5,5,5,5,5,5,5,5,5,5,5,5
1_way_delay_audio_send_3238436152_1,13.0,13.0,13.5,13.5,13.5,13.0,13.0,13.5,13.5,13.5,13.5,13.5,14.0,13.5,14.0,13.5,13.5,13.5,13.5,13.5,13.5,13.5,13.0,13.0,13.0,13.0,13.5,13.0,15.0,13.5,14.0,13.5,16.0,13.0,13.5,13.5,13.5,13.5,13.5,13.5,13.5,13.5,15.0,14.0,13.5,14.0,14.0,14.5,14.5,14.5,13.5,13.0,14.0,13.5,13.5,14.0,13.5,13.5,13.5,13.5,13.5,14.0,14.0,13.5,13.5,13.5,13.5,13.5,13.5,13.5,13.5,13.5,14.0,13.5,13.0,13.0,13.0,13.5,13.0,13.0,13.0,13.5,13.5,13.5,13.0,13.5,13.5,13.5,13.5,13.5
1_way_delay_video_send_3238436152_1,13.0,13.0,13.0,13.0,13.0,13.0,13.0,13.0,13.0,13.0,13.0,13.0,13.0,13.0,13.0,13.0,13.0,13.0,13.0,13.0,13.0,13.0,13.0,13.0,13.0,13.0,13.0,13.0,13.0,13.5,13.5,13.5,13.5,14.0,13.0,13.0,13.0,13.0,13.0,13.0,13.0,13.0,13.0,13.5,13.5,13.0,13.0,13.0,13.0,13.0,13.0,13.0,13.0,13.0,13.0,13.0,13.0,13.0,13.0,13.0,13.0,13.0,13.0,13.0,13.0,13.0,13.0,13.0,13.0,13.0,13.0,13.0,13.0,13.0,13.0,13.0,13.0,13.0,13.0,13.0,13.0,13.0,13.0,13.0,13.0,13.0,13.0,13.0,13.0,13.0
ear_ear_delay_audio_send_3238436152_1,15.0,15.0,15.5,15.5,20.5,15.0,14.0,14.5,43.5,35.5,15.5,15.5,16.0,38.5,25.0,93.5,35.5,18.5,15.5,14.5,18.5,38.5,35.0,19.0,14.0,20.0,43.5,33.0,18.0,15.5,17.0,14.5,30.0,15.0,17.5,24.5,14.5,19.5,16.5,20.5,20.5,19.5,19.0,16.0,20.5,15.0,17.0,37.5,27.5,21.5,21.5,42.0,43.0,14.5,14.5,16.0,16.5,17.5,15.5,24.5,14.5,17.0,26.0,17.5,20.5,14.5,23.5,20.5,26.5,13.5,17.5,16.5,21.0,19.5,24.0,15.0,17.0,14.5,13.0,15.0,26.0,26.5,14.5,21.5,13.0,17.5,17.5,19.5,26.5,26.5
audio_packet_loss_percentage_send_3238436152_1,0.0,0.0,0.0,0.0,0.0,0.0,0.0,0.0,0.0,0.0,0.0,0.0,0.0,0.0,0.0,0.0,0.0,0.0,0.0,0.0,0.0,0.0,0.0,0.0,0.0,0.0,0.0,0.0,0.0,0.0,0.0,0.0,0.0,0.0,0.0,0.0,0.0,0.0,0.0,0.0,0.0,0.0,0.0,0.0,0.0,0.0,0.0,0.0,0.0,0.0,0.0,0.0,0.0,0.0,0.0,0.0,0.0,0.0,0.0,0.0,0.0,0.0,0.0,0.0,0.0,0.0,0.0,0.0,0.0,0.0,0.0,0.0,0.0,0.0,0.0,0.0,0.0,0.0,0.0,0.0,0.0,0.0,0.0,0.0,0.0,0.0,0.0,0.0,0.0
e_model_audio_send_3238436152_1,93.84,93.84,93.828,93.828,93.708,93.84,93.864,93.852,93.156,93.348,93.828,93.828,93.816,93.276,93.60000000000001,91.956,93.348,93.756,93.828,93.852,93.756,93.276,93.36,93.744,93.864,93.72,93.156,93.408,93.768,93.828,93.792,93.852,93.48,93.84,93.78,93.61200000000001,93.852,93.732,93.804,93.708,93.708,93.732,93.744,93.816,93.708,93.84,93.792,93.3,93.54,93.684,93.684,93.19200000000001,93.168,93.852,93.852,93.816,93.804,93.78,93.828,93.61200000000001,93.852,93.792,93.57600000000001,93.78,93.708,93.852,93.636,93.708,93.56400000000001,93.876,93.78,93.804,93.696,93.732,93.62400000000001,93.84,93.792,93.852,93.888,93.84,93.57600000000001,93.56400000000001,93.852,93.684,93.888,93.78,93.78,93.732,93.56400000000001
kpi_audio_synchronization_3238436152_1,4.421329526272,4.421329526272,4.4211100828831364,4.4211100828831364,4.418902190823617,4.421329526272,4.4217676780241915,4.421548724676544,4.408432497537088,4.412132293358656,4.4211100828831364,4.4211100828831364,4.420890394582528,4.410752114219968,4.416894208,4.383923644564288,4.412132293358656,4.419788281943489,4.4211100828831364,4.421548724676544,4.419788281943489,4.410752114219968,4.412361476608,4.4195671256965126,4.4217676780241915,4.419124080064001,4.408432497537088,4.413275788066816,4.420009193714176,4.4211100828831364,4.420450283536384,4.421548724676544,4.414639982656,4.421329526272,4.420229860936,4.417118292301504,4.421548724676544,4.419345725045825,4.420670461442753,4.418902190823617,4.418902190823617,4.419345725045825,4.4195671256965126,4.420890394582528,4.418902190823617,4.421329526272,4.420450283536384,4.411213141,4.415770134952001,4.418457679857473,4.418457679857473,4.409130914742784,4.408665544216576,4.421548724676544,4.421548724676544,4.420890394582528,4.420670461442753,4.420229860936,4.4211100828831364,4.417118292301504,4.421548724676544,4.420450283536384,4.416445308871168,4.420229860936,4.418902190823617,4.421548724676544,4.417565730015808,4.418902190823617,4.416220494188992,4.421986386242368,4.420229860936,4.420670461442753,4.418680057397249,4.419345725045825,4.417342132997633,4.421329526272,4.420450283536384,4.421548724676544,4.422204849258496,4.421329526272,4.416445308871168,4.416220494188992,4.421548724676544,4.418457679857473,4.422204849258496,4.420229860936,4.420229860936,4.419345725045825,4.416220494188992
eye_eye_delay_video_send_3238436152_1,27.0,27.0,27.0,27.0,28.0,27.0,27.0,27.0,27.0,27.0,26.0,26.0,27.0,27.0,27.0,27.0,27.0,27.0,27.0,26.0,27.0,27.0,27.0,27.0,27.0,27.0,27.0,26.0,26.0,26.5,27.5,27.5,27.5,28.0,27.0,27.0,27.0,27.0,27.0,27.0,27.0,27.0,27.0,27.5,27.5,27.0,27.0,27.0,27.0,27.0,27.0,27.0,27.0,27.0,27.0,27.0,27.0,27.0,27.0,27.0,27.0,27.0,27.0,27.0,27.0,27.0,27.0,26.0,26.0,26.0,26.0,26.0,26.0,26.0,26.0,26.0,26.0,26.0,26.0,26.0,26.0,26.0,26.0,26.0,26.0,26.0,26.0,26.0,26.0,26.0
kpi_video_synchronization_3238436152_1,5,5,5,5,5,5,5,5,5,5,5,5,5,5,5,5,5,5,5,5,5,5,5,5,5,5,5,5,5,5,5,5,5,5,5,5,5,5,5,5,5,5,5,5,5,5,5,5,5,5,5,5,5,5,5,5,5,5,5,5,5,5,5,5,5,5,5,5,5,5,5,5,5,5,5,5,5,5,5,5,5,5,5,5,5,5,5,5,5,5
av_delay_send_3238436152_1,-12.0,-12.0,-11.5,-11.5,-7.5,-12.0,-13.0,-12.5,16.5,8.5,-10.5,-10.5,-11.0,11.5,-2.0,66.5,8.5,-8.5,-11.5,-11.5,-8.5,11.5,8.0,-8.0,-13.0,-7.0,16.5,7.0,-8.0,-11.0,-10.5,-13.0,2.5,-13.0,-9.5,-2.5,-12.5,-7.5,-10.5,-6.5,-6.5,-7.5,-8.0,-11.5,-7.0,-12.0,-10.0,10.5,0.5,-5.5,-5.5,15.0,16.0,-12.5,-12.5,-11.0,-10.5,-9.5,-11.5,-2.5,-12.5,-10.0,-1.0,-9.5,-6.5,-12.5,-3.5,-5.5,0.5,-12.5,-8.5,-9.5,-5.0,-6.5,-2.0,-11.0,-9.0,-11.5,-13.0,-11.0,0.0,0.5,-11.5,-4.5,-13.0,-8.5,-8.5,-6.5,0.5,0.5
kpi_av_synchronization_3238436152_1,5,5,5,5,5,5,5,5,5,5,5,5,5,5,5,3.2800000000000002,5,5,5,5,5,5,5,5,5,5,5,5,5,5,5,5,5,5,5,5,5,5,5,5,5,5,5,5,5,5,5,5,5,5,5,5,5,5,5,5,5,5,5,5,5,5,5,5,5,5,5,5,5,5,5,5,5,5,5,5,5,5,5,5,5,5,5,5,5,5,5,5,5,5
audio_recv_kbitsReceivedPerSecond_4253237705,20,20,31,23,38,28,20,29,32,33,25,28,42,32,36,8,10,7,8,10,8,8,8,8,8,13,14,12,7,9,34,27,12,6,8,8,8,8,8,8,8,8,8,8,5,5,5,5,5,5,5,5,5,7,35,29,14,4,8,11,13,14,7,9,10,34,35,29,12,9,7,6,30,27,9,7,10,7,9,8,9,12,11,10,7,9,7,9,7,8
kpi_q_audio_4253237705,3,3,4,3,5,4,3,4,5,5,4,4,5,5,5,1,2,1,1,2,1,1,1,1,1,2,2,2,1,1,5,4,2,1,1,1,1,1,1,1,1,1,1,1,1,1,1,1,1,1,1,1,1,1,5,4,2,1,1,2,2,2,1,1,2,5,5,4,2,1,1,1,4,4,1,1,2,1,1,1,2,2,2,2,1,2,1,2,1,1
video_recv_kbitsReceivedPerSecond_1551089699,210,174,146,150,123,134,134,138,119,124,111,113,103,117,97,109,100,108,116,126,127,129,109,119,122,124,118,127,144,135,174,171,141,150,131,122,111,116,118,100,82,88,80,99,104,117,129,138,138,136,144,153,121,132,111,115,93,102,89,98,97,112,119,135,104,94,93,104,100,106,93,101,98,119,119,112,129,133,133,137,147,159,119,126,131,134,113,117,96,102
kpi_resolution_stability_1551089699,4.303535113616246,4.303535113616246,4.303535113616246,4.303535113616246,4.303535113616246,4.303535113616246,4.303535113616246,4.303535113616246,4.303535113616246,4.303535113616246,4.303535113616246,4.303535113616246,4.303535113616246,4.303535113616246,4.303535113616246,4.303535113616246,4.303535113616246,4.303535113616246,4.303535113616246,4.303535113616246,4.303535113616246,4.303535113616246,4.303535113616246,4.303535113616246,4.303535113616246,4.303535113616246,4.303535113616246,4.303535113616246,4.303535113616246,4.303535113616246,4.303535113616246,4.303535113616246,4.303535113616246,4.303535113616246,4.303535113616246,4.303535113616246,4.303535113616246,4.303535113616246,4.303535113616246,4.303535113616246,4.303535113616246,4.303535113616246,4.303535113616246,4.303535113616246,4.303535113616246,4.303535113616246,4.303535113616246,4.303535113616246,4.303535113616246,4.303535113616246,4.303535113616246,4.303535113616246,4.303535113616246,4.303535113616246,4.303535113616246,4.303535113616246,4.303535113616246,4.303535113616246,4.303535113616246,4.303535113616246,4.303535113616246,4.303535113616246,4.303535113616246,4.303535113616246,4.303535113616246,4.303535113616246,4.303535113616246,4.303535113616246,4.303535113616246,4.303535113616246,4.303535113616246,4.303535113616246,4.303535113616246,4.303535113616246,4.303535113616246,4.303535113616246,4.303535113616246,4.303535113616246,4.303535113616246,4.303535113616246,4.303535113616246,4.303535113616246,4.303535113616246,4.303535113616246,4.303535113616246,4.303535113616246,4.303535113616246,4.303535113616246,4.303535113616246,4.303535113616246
max_resolution_percentage_1551089699,100.0,100.0,100.0,100.0,100.0,100.0,100.0,100.0,100.0,100.0,100.0,100.0,100.0,100.0,100.0,100.0,100.0,100.0,100.0,100.0,100.0,100.0,100.0,100.0,100.0,100.0,100.0,100.0,100.0,100.0,100.0,100.0,100.0,100.0,100.0,100.0,100.0,100.0,100.0,100.0,100.0,100.0,100.0,100.0,100.0,100.0,100.0,100.0,100.0,100.0,100.0,100.0,100.0,100.0,100.0,100.0,100.0,100.0,100.0,100.0,100.0,100.0,100.0,100.0,100.0,100.0,100.0,100.0,100.0,100.0,100.0,100.0,100.0,100.0,100.0,100.0,100.0,100.0,100.0,100.0,100.0,100.0,100.0,100.0,100.0,100.0,100.0,100.0,100.0,100.0
kpi_resolution_stability_norm_1551089699,kpi_resolution_stability_1551089699,4.303535113616246,4.303535113616246,4.303535113616246,4.303535113616246,4.303535113616246,4.303535113616246,4.303535113616246,4.303535113616246,4.303535113616246,4.303535113616246,4.303535113616246,4.303535113616246,4.303535113616246,4.303535113616246,4.303535113616246,4.303535113616246,4.303535113616246,4.303535113616246,4.303535113616246,4.303535113616246,4.303535113616246,4.303535113616246,4.303535113616246,4.303535113616246,4.303535113616246,4.303535113616246,4.303535113616246,4.303535113616246,4.303535113616246,4.303535113616246,4.303535113616246,4.303535113616246,4.303535113616246,4.303535113616246,4.303535113616246,4.303535113616246,4.303535113616246,4.303535113616246,4.303535113616246,4.303535113616246,4.303535113616246,4.303535113616246,4.303535113616246,4.303535113616246,4.303535113616246,4.303535113616246,4.303535113616246,4.303535113616246,4.303535113616246,4.303535113616246,4.303535113616246,4.303535113616246,4.303535113616246,4.303535113616246,4.303535113616246,4.303535113616246,4.303535113616246,4.303535113616246,4.303535113616246,4.303535113616246,4.303535113616246,4.303535113616246,4.303535113616246,4.303535113616246,4.303535113616246,4.303535113616246,4.303535113616246,4.303535113616246,4.303535113616246,4.303535113616246,4.303535113616246,4.303535113616246,4.303535113616246,4.303535113616246,4.303535113616246,4.303535113616246,4.303535113616246,4.303535113616246,4.303535113616246,4.303535113616246,4.303535113616246,4.303535113616246,4.303535113616246,4.303535113616246,4.303535113616246,4.303535113616246,4.303535113616246,4.303535113616246,4.303535113616246,4.303535113616246
max_resolution_percentage_norm_1551089699,max_resolution_percentage_1551089699,100.0,100.0,100.0,100.0,100.0,100.0,100.0,100.0,100.0,100.0,100.0,100.0,100.0,100.0,100.0,100.0,100.0,100.0,100.0,100.0,100.0,100.0,100.0,100.0,100.0,100.0,100.0,100.0,100.0,100.0,100.0,100.0,100.0,100.0,100.0,100.0,100.0,100.0,100.0,100.0,100.0,100.0,100.0,100.0,100.0,100.0,100.0,100.0,100.0,100.0,100.0,100.0,100.0,100.0,100.0,100.0,100.0,100.0,100.0,100.0,100.0,100.0,100.0,100.0,100.0,100.0,100.0,100.0,100.0,100.0,100.0,100.0,100.0,100.0,100.0,100.0,100.0,100.0,100.0,100.0,100.0,100.0,100.0,100.0,100.0,100.0,100.0,100.0,100.0,100.0
kpi_fps_stability_1551089699,5,5,5,5,5,5,5,5,5,5,5,5,5,5,5,5,5,5,5,5,5,5,5,5,5,5,5,5,5,5,5,5,5,5,5,5,5,5,5,5,5,5,5,5,5,5,5,5,5,5,5,5,5,5,5,5,5,5,5,5,5,5,5,5,5,5,5,5,5,5,5,5,5,5,5,5,5,5,5,5,5,5,5,5,5,5,5,5,5,5
kpi_q_video_1551089699,1.8499999999999999,1.6285714285714286,1.457142857142857,1.5142857142857142,1.4,1.4,1.4,1.4,1.457142857142857,1.4,1.6285714285714286,1.6285714285714286,1.457142857142857,1.5142857142857142,1.4,1.4,1.4,1.4,1.4,1.457142857142857,1.5142857142857142,1.4,1.4,1.4,1.4,1.4,1.4,1.457142857142857,1.5714285714285714,1.4,1.4
audio_recv_kbitsReceivedPerSecond_2735934006,0,7,24,22,25,12,22,18,23,19,20,25,22,24,23,24,24,23,22,23,23,24,23,10,10,12,14,16,13,20,24,22,21,22,23,20,20,22,21,21,22,20,22,23,23,23,23,24,23,23,24,22,24,24,24,23,22,19,16,22,23,23,20,22,21,21,23,21,22,24,23,25,22,23,24,24,22,20,23,21,22,22,23,24,23,23,25,23,23,23
kpi_q_audio_2735934006,1,1,4,3,4,2,3,3,3,3,3,4,3,4,3,4,4,3,3,3,3,4,3,2,2,2,2,3,2,3,4,3,3,3,3,3,3,3,3,3,3,3,3,3,3,3,3,4,3,3,4,3,4,4,4,3,3,3,3,3,3,3,3,3,3,3,3,3,3,4,3,4,3,3,4,4,3,3,3,3,3,3,3,4,3,3,4,3,3,3
video_recv_kbitsReceivedPerSecond_1290314106,0,75,203,178,195,200,205,188,197,191,78,148,101,104,99,81,89,98,107,108,115,123,132,143,145,152,155,170,160,156,164,166,162,160,178,193,203,203,186,209,215,194,209,205,201,205,209,229,224,232,220,222,221,237,142,152,138,156,162,165,180,188,195,194,191,196,219,187,207,206,207,218,206,218,219,213,212,209,196,178,151,94,86,75,77,64,63,53,47,54
kpi_resolution_stability_1290314106,4.179600298373565,4.179600298373565,4.179600298373565,4.179600298373565,4.179600298373565,4.179600298373565,4.179600298373565,4.179600298373565,4.179600298373565,4.179600298373565,4.179600298373565,4.179600298373565,4.179600298373565,4.179600298373565,4.179600298373565,4.179600298373565,4.179600298373565,4.179600298373565,4.179600298373565,4.179600298373565,4.179600298373565,4.179600298373565,4.179600298373565,4.179600298373565,4.179600298373565,4.179600298373565,4.179600298373565,4.179600298373565,4.179600298373565,4.179600298373565,4.179600298373565,4.179600298373565,4.179600298373565,4.179600298373565,4.179600298373565,4.179600298373565,4.179600298373565,4.179600298373565,4.179600298373565,4.179600298373565,4.179600298373565,4.179600298373565,4.179600298373565,4.179600298373565,4.179600298373565,4.179600298373565,4.179600298373565,4.179600298373565,4.179600298373565,4.179600298373565,4.179600298373565,4.179600298373565,4.179600298373565,4.179600298373565,4.179600298373565,4.179600298373565,4.179600298373565,4.179600298373565,4.179600298373565,4.179600298373565,4.179600298373565,4.179600298373565,4.179600298373565,4.179600298373565,4.179600298373565,4.179600298373565,4.179600298373565,4.179600298373565,4.179600298373565,4.179600298373565,4.179600298373565,4.179600298373565,4.179600298373565,4.179600298373565,4.179600298373565,4.179600298373565,4.179600298373565,4.179600298373565,4.179600298373565,4.179600298373565,4.179600298373565,4.179600298373565,4.179600298373565,4.179600298373565,4.179600298373565,4.179600298373565,4.179600298373565,4.179600298373565,4.179600298373565,4.179600298373565
max_resolution_percentage_1290314106,98.88888888888889,98.88888888888889,98.88888888888889,98.88888888888889,98.88888888888889,98.88888888888889,98.88888888888889,98.88888888888889,98.88888888888889,98.88888888888889,98.88888888888889,98.88888888888889,98.88888888888889,98.88888888888889,98.88888888888889,98.88888888888889,98.88888888888889,98.88888888888889,98.88888888888889,98.88888888888889,98.88888888888889,98.88888888888889,98.88888888888889,98.88888888888889,98.88888888888889,98.88888888888889,98.88888888888889,98.88888888888889,98.88888888888889,98.88888888888889,98.88888888888889,98.88888888888889,98.88888888888889,98.88888888888889,98.88888888888889,98.88888888888889,98.88888888888889,98.88888888888889,98.88888888888889,98.88888888888889,98.88888888888889,98.88888888888889,98.88888888888889,98.88888888888889,98.88888888888889,98.88888888888889,98.88888888888889,98.88888888888889,98.88888888888889,98.88888888888889,98.88888888888889,98.88888888888889,98.88888888888889,98.88888888888889,98.88888888888889,98.88888888888889,98.88888888888889,98.88888888888889,98.88888888888889,98.88888888888889,98.88888888888889,98.88888888888889,98.88888888888889,98.88888888888889,98.88888888888889,98.88888888888889,98.88888888888889,98.88888888888889,98.88888888888889,98.88888888888889,98.88888888888889,98.88888888888889,98.88888888888889,98.88888888888889,98.88888888888889,98.88888888888889,98.88888888888889,98.88888888888889,98.88888888888889,98.88888888888889,98.88888888888889,98.88888888888889,98.88888888888889,98.88888888888889,98.88888888888889,98.88888888888889,98.88888888888889,98.88888888888889,98.88888888888889,98.88888888888889
kpi_resolution_stability_norm_1290314106,kpi_resolution_stability_1290314106,4.179600298373565,4.179600298373565,4.179600298373565,4.179600298373565,4.179600298373565,4.179600298373565,4.179600298373565,4.179600298373565,4.179600298373565,4.179600298373565,4.179600298373565,4.179600298373565,4.179600298373565,4.179600298373565,4.179600298373565,4.179600298373565,4.179600298373565,4.179600298373565,4.179600298373565,4.179600298373565,4.179600298373565,4.179600298373565,4.179600298373565,4.179600298373565,4.179600298373565,4.179600298373565,4.179600298373565,4.179600298373565,4.179600298373565,4.179600298373565,4.179600298373565,4.179600298373565,4.179600298373565,4.179600298373565,4.179600298373565,4.179600298373565,4.179600298373565,4.179600298373565,4.179600298373565,4.179600298373565,4.179600298373565,4.179600298373565,4.179600298373565,4.179600298373565,4.179600298373565,4.179600298373565,4.179600298373565,4.179600298373565,4.179600298373565,4.179600298373565,4.179600298373565,4.179600298373565,4.179600298373565,4.179600298373565,4.179600298373565,4.179600298373565,4.179600298373565,4.179600298373565,4.179600298373565,4.179600298373565,4.179600298373565,4.179600298373565,4.179600298373565,4.179600298373565,4.179600298373565,4.179600298373565,4.179600298373565,4.179600298373565,4.179600298373565,4.179600298373565,4.179600298373565,4.179600298373565,4.179600298373565,4.179600298373565,4.179600298373565,4.179600298373565,4.179600298373565,4.179600298373565,4.179600298373565,4.179600298373565,4.179600298373565,4.179600298373565,4.179600298373565,4.179600298373565,4.179600298373565,4.179600298373565,4.179600298373565,4.179600298373565,4.179600298373565,4.179600298373565
max_resolution_percentage_norm_1290314106,max_resolution_percentage_1290314106,98.88888888888889,98.88888888888889,98.88888888888889,98.88888888888889,98.88888888888889,98.88888888888889,98.88888888888889,98.88888888888889,98.88888888888889,98.88888888888889,98.88888888888889,98.88888888888889,98.88888888888889,98.88888888888889,98.88888888888889,98.88888888888889,98.88888888888889,98.88888888888889,98.88888888888889,98.88888888888889,98.88888888888889,98.88888888888889,98.88888888888889,98.88888888888889,98.88888888888889,98.88888888888889,98.88888888888889,98.88888888888889,98.88888888888889,98.88888888888889,98.88888888888889,98.88888888888889,98.88888888888889,98.88888888888889,98.88888888888889,98.88888888888889,98.88888888888889,98.88888888888889,98.88888888888889,98.88888888888889,98.88888888888889,98.88888888888889,98.88888888888889,98.88888888888889,98.88888888888889,98.88888888888889,98.88888888888889,98.88888888888889,98.88888888888889,98.88888888888889,98.88888888888889,98.88888888888889,98.88888888888889,98.88888888888889,98.88888888888889,98.88888888888889,98.88888888888889,98.88888888888889,98.88888888888889,98.88888888888889,98.88888888888889,98.88888888888889,98.88888888888889,98.88888888888889,98.88888888888889,98.88888888888889,98.88888888888889,98.88888888888889,98.88888888888889,98.88888888888889,98.88888888888889,98.88888888888889,98.88888888888889,98.88888888888889,98.88888888888889,98.88888888888889,98.88888888888889,98.88888888888889,98.88888888888889,98.88888888888889,98.88888888888889,98.88888888888889,98.88888888888889,98.88888888888889,98.88888888888889,98.88888888888889,98.88888888888889,98.88888888888889,98.88888888888889,98.88888888888889
kpi_fps_stability_1290314106,1,4.59543356514211,4.738985153469177,4.904703300310673,4.942427872760581,4.865606628121216,5,4.59543356514211,5,4.738985153469177,4.303093943648576,4.865606628121216,4.693231865584395,4.542982187053405,4.8250342659265355,4.942427872760581,4.978873396874005,4.8250342659265355,4.942427872760581,4.978873396874005,4.942427872760581,4.942427872760581,4.904703300310673,4.978873396874005,4.904703300310673,4.942427872760581,4.904703300310673,4.8250342659265355,5,4.942427872760581,5,4.865606628121216,4.942427872760581,5,4.738985153469177,4.865606628121216,5,4.942427872760581,4.942427872760581,4.904703300310673,5,5,4.904703300310673,4.942427872760581,5,4.904703300310673,4.865606628121216,4.865606628121216,4.942427872760581,5,5,4.978873396874005,4.904703300310673,4.542982187053405,4.8250342659265355,5,4.904703300310673,4.904703300310673,4.978873396874005,5,4.865606628121216,5,5,4.865606628121216,4.942427872760581,5,5,4.865606628121216,4.904703300310673,4.978873396874005,5,5,5,5,5,5,4.978873396874005,5,5,4.978873396874005,4.978873396874005,4.487839843855012,4.233712451884842,5,4.904703300310673,4.978873396874005,4.693231865584395,4.904703300310673,4.904703300310673,4.978873396874005
kpi_q_video_1290314106,1.8,1.6285714285714286,1.7428571428571429,1.8,1.8,1.6857142857142855,1.7428571428571429,1.7428571428571429,1.457142857142857,1.4,1.457142857142857,1.457142857142857,1.5142857142857142,1.5142857142857142,1.6285714285714286,1.5714285714285714,1.5142857142857142,1.5714285714285714,1.5714285714285714,1.5714285714285714,1.5714285714285714,1.6285714285714286,1.7428571428571429,1.8,1.8,1.6857142857142855,1.8,1.8499999999999999,1.7428571428571429,1.8,1.8,1.8,1.8,1.8,1.9,1.9,1.95,1.8499999999999999,1.9,1.9,1.95,1.457142857142857,1.5142857142857142,1.4,1.5142857142857142,1.5714285714285714,1.5714285714285714,1.6857142857142855,1.6857142857142855,1.7428571428571429,1.7428571428571429,1.7428571428571429,1.7428571428571429,1.8499999999999999,1.6857142857142855,1.8,1.8,1.8,1.8499999999999999,1.8,1.8499999999999999,1.8499999999999999,1.8499999999999999,1.8499999999999999,1.8,1.7428571428571429,1.6285714285714286,1.5142857142857142
