bweforvideo-googAvailableReceiveBandwidth,0.0,0.0,0.0,0.0,0.0,0.0,0.0,0.0,0.0,0.0,0.0,0.0,0.0,0.0,0.0,0.0,0.0,0.0,0.0,0.0,0.0,0.0,0.0,0.0,0.0,0.0,0.0,0.0,0.0,0.0,0.0,0.0,0.0,0.0,0.0,0.0,0.0,0.0,0.0,0.0,0.0,0.0,0.0,0.0,0.0,0.0,0.0,0.0,0.0,0.0,0.0,0.0,0.0,0.0,0.0,0.0,0.0,0.0,0.0,0.0,0.0,0.0,0.0,0.0,0.0,0.0,0.0,0.0,0.0,0.0,0.0,0.0,0.0,0.0,0.0,0.0,0.0,0.0,0.0,0.0,0.0,0.0,0.0,0.0,0.0,0.0,0.0,0.0,0.0
bweforvideo-googAvailableSendBandwidth,358995.0,192015.0,195015.0,201015.0,218096.0,236544.0,255207.0,276624.0,299754.0,220082.0,190809.0,207074.0,171861.0,186610.0,156499.0,170019.0,154550.0,167914.0,153880.0,167190.0,135384.0,147215.0,159992.0,173791.0,188694.0,204790.0,222173.0,240947.0,261223.0,283121.0,306771.0,213779.0,231881.0,251431.0,211982.0,229941.0,193185.0,209640.0,174473.0,189431.0,205585.0,223032.0,179747.0,195127.0,165073.0,179279.0,158255.0,171915.0,154796.0,168180.0,182634.0,198245.0,194577.0,211143.0,169051.0,183575.0,134540.0,146303.0,140902.0,153174.0,166428.0,180742.0,196201.0,212897.0,178830.0,194136.0,210667.0,228520.0,180824.0,196290.0,173142.0,187993.0,204032.0,221355.0,240063.0,260268.0,222162.0,240935.0,201391.0,201484.0,162325.0,176311.0,169751.0,184331.0,158778.0,172480.0,137097.0,149065.0,144750.0
bweforvideo-googBucketDelay,0.0,4.0,0.0,4.0,68.0,119.0,137.0,87.0,0.0,51.0,119.0,236.0,102.0,353.0,186.0,270.0,204.0,204.0,220.0,204.0,155.0,288.0,103.0,0.0,4.0,5.0,2.0,0.0,0.0,0.0,0.0,0.0,0.0,3.0,0.0,0.0,0.0,0.0,2.0,5.0,4.0,0.0,5.0,138.0,4.0,0.0,6.0,0.0,0.0,4.0,3.0,0.0,6.0,0.0,6.0,0.0,5.0,89.0,72.0,2.0,0.0,3.0,0.0,2.0,4.0,0.0,3.0,0.0,0.0,3.0,4.0,7.0,0.0,3.0,0.0,0.0,0.0,0.0,3.0,39.0,172.0,342.0,173.0,189.0,56.0,56.0,24.0,90.0,107.0
timestamp,1620346284,1620346285,1620346286,1620346287,1620346288,1620346289,1620346290,1620346291,1620346292,1620346293,1620346294,1620346295,1620346296,1620346297,1620346298,1620346299,1620346300,1620346301,1620346302,1620346303,1620346304,1620346305,1620346306,1620346307,1620346308,1620346309,1620346310,1620346311,1620346312,1620346313,1620346314,1620346315,1620346316,1620346317,1620346318,1620346319,1620346320,1620346321,1620346322,1620346323,1620346324,1620346325,1620346326,1620346327,1620346328,1620346329,1620346330,1620346331,1620346332,1620346333,1620346334,1620346335,1620346336,1620346337,1620346338,1620346339,1620346340,1620346341,1620346342,1620346343,1620346344,1620346345,1620346346,1620346347,1620346348,1620346349,1620346350,1620346351,1620346352,1620346353,1620346354,1620346355,1620346356,1620346357,1620346358,1620346359,1620346360,1620346361,1620346362,1620346363,1620346364,1620346365,1620346366,1620346367,1620346368,1620346369,1620346370,1620346371,1620346372
audio_bitsReceivedPerSecond,257336.0,305392.0,471544.0,502760.0,457928.0,455576.0,423664.0,392448.0,423616.0,478808.0,513928.0,497208.0,484088.0,504480.0,459096.0,487072.0,510408.0,490744.0,483720.0,505200.0,502984.0,531944.0,530408.0,502400.0,488912.0,469696.0,513560.0,493152.0,479024.0,517104.0,489568.0,522512.0,484880.0,494232.0,542304.0,474992.0,552624.0,500192.0,547096.0,535336.0,555752.0,578016.0,558608.0,571104.0,587944.0,482144.0,550816.0,472696.0,443328.0,533512.0,509680.0,518200.0,512016.0,386928.0,461672.0,475984.0,485536.0,463960.0,467416.0,466904.0,475152.0,501416.0,459240.0,542336.0,441488.0,457328.0,490352.0,473392.0,502152.0,491744.0,516744.0,522848.0,494136.0,495480.0,516336.0,484856.0,528552.0,506632.0,527816.0,521040.0,432408.0,485856.0,394624.0,382888.0,408664.0,369688.0,399520.0,341616.0,334960.0
audio_bitsSentPerSecond,167040.0,326128.0,127976.0,147464.0,222144.0,249296.0,266240.0,283200.0,306112.0,222888.0,245208.0,208512.0,228456.0,191192.0,207560.0,171248.0,183760.0,172688.0,185816.0,169288.0,180936.0,150208.0,161400.0,178608.0,158984.0,176240.0,208792.0,212400.0,239544.0,239256.0,272640.0,218224.0,216552.0,239024.0,234000.0,213024.0,227888.0,201456.0,226712.0,188000.0,199320.0,200560.0,210224.0,201176.0,213344.0,177224.0,181296.0,171728.0,179896.0,165688.0,174704.0,174736.0,211544.0,192320.0,203888.0,187352.0,175112.0,152024.0,160200.0,146360.0,160776.0,160184.0,172880.0,204888.0,210368.0,196904.0,193912.0,201256.0,234312.0,191088.0,211632.0,194056.0,196144.0,219288.0,218480.0,225008.0,242448.0,235416.0,255872.0,202616.0,219232.0,182432.0,195424.0,183552.0,204792.0,174832.0,181840.0,150240.0,162984.0
audio_packetsSentPerSecond,112.0,148.0,112.0,116.0,134.0,135.0,137.0,142.0,144.0,135.0,136.0,128.0,149.0,118.0,149.0,127.0,140.0,134.0,135.0,133.0,135.0,122.0,141.0,143.0,132.0,140.0,135.0,140.0,137.0,138.0,141.0,135.0,141.0,137.0,141.0,139.0,136.0,136.0,139.0,135.0,135.0,144.0,136.0,127.0,149.0,135.0,134.0,136.0,134.0,135.0,136.0,133.0,142.0,138.0,137.0,135.0,135.0,127.0,132.0,136.0,133.0,134.0,137.0,137.0,137.0,136.0,138.0,137.0,141.0,133.0,138.0,134.0,141.0,135.0,140.0,138.0,140.0,136.0,136.0,134.0,129.0,128.0,145.0,130.0,147.0,132.0,136.0,129.0,131.0
audio_googLocalAddress,35.238.104.72:52212,35.238.104.72:52212,35.238.104.72:52212,35.238.104.72:52212,35.238.104.72:52212,35.238.104.72:52212,35.238.104.72:52212,35.238.104.72:52212,35.238.104.72:52212,35.238.104.72:52212,35.238.104.72:52212,35.238.104.72:52212,35.238.104.72:52212,35.238.104.72:52212,35.238.104.72:52212,35.238.104.72:52212,35.238.104.72:52212,35.238.104.72:52212,35.238.104.72:52212,35.238.104.72:52212,35.238.104.72:52212,35.238.104.72:52212,35.238.104.72:52212,35.238.104.72:52212,35.238.104.72:52212,35.238.104.72:52212,35.238.104.72:52212,35.238.104.72:52212,35.238.104.72:52212,35.238.104.72:52212,35.238.104.72:52212,35.238.104.72:52212,35.238.104.72:52212,35.238.104.72:52212,35.238.104.72:52212,35.238.104.72:52212,35.238.104.72:52212,35.238.104.72:52212,35.238.104.72:52212,35.238.104.72:52212,35.238.104.72:52212,35.238.104.72:52212,35.238.104.72:52212,35.238.104.72:52212,35.238.104.72:52212,35.238.104.72:52212,35.238.104.72:52212,35.238.104.72:52212,35.238.104.72:52212,35.238.104.72:52212,35.238.104.72:52212,35.238.104.72:52212,35.238.104.72:52212,35.238.104.72:52212,35.238.104.72:52212,35.238.104.72:52212,35.238.104.72:52212,35.238.104.72:52212,35.238.104.72:52212,35.238.104.72:52212,35.238.104.72:52212,35.238.104.72:52212,35.238.104.72:52212,35.238.104.72:52212,35.238.104.72:52212,35.238.104.72:52212,35.238.104.72:52212,35.238.104.72:52212,35.238.104.72:52212,35.238.104.72:52212,35.238.104.72:52212,35.238.104.72:52212,35.238.104.72:52212,35.238.104.72:52212,35.238.104.72:52212,35.238.104.72:52212,35.238.104.72:52212,35.238.104.72:52212,35.238.104.72:52212,35.238.104.72:52212,35.238.104.72:52212,35.238.104.72:52212,35.238.104.72:52212,35.238.104.72:52212,35.238.104.72:52212,35.238.104.72:52212,35.238.104.72:52212,35.238.104.72:52212,35.238.104.72:52212
audio_googRemoteAddress,158.101.112.6:10000,158.101.112.6:10000,158.101.112.6:10000,158.101.112.6:10000,158.101.112.6:10000,158.101.112.6:10000,158.101.112.6:10000,158.101.112.6:10000,158.101.112.6:10000,158.101.112.6:10000,158.101.112.6:10000,158.101.112.6:10000,158.101.112.6:10000,158.101.112.6:10000,158.101.112.6:10000,158.101.112.6:10000,158.101.112.6:10000,158.101.112.6:10000,158.101.112.6:10000,158.101.112.6:10000,158.101.112.6:10000,158.101.112.6:10000,158.101.112.6:10000,158.101.112.6:10000,158.101.112.6:10000,158.101.112.6:10000,158.101.112.6:10000,158.101.112.6:10000,158.101.112.6:10000,158.101.112.6:10000,158.101.112.6:10000,158.101.112.6:10000,158.101.112.6:10000,158.101.112.6:10000,158.101.112.6:10000,158.101.112.6:10000,158.101.112.6:10000,158.101.112.6:10000,158.101.112.6:10000,158.101.112.6:10000,158.101.112.6:10000,158.101.112.6:10000,158.101.112.6:10000,158.101.112.6:10000,158.101.112.6:10000,158.101.112.6:10000,158.101.112.6:10000,158.101.112.6:10000,158.101.112.6:10000,158.101.112.6:10000,158.101.112.6:10000,158.101.112.6:10000,158.101.112.6:10000,158.101.112.6:10000,158.101.112.6:10000,158.101.112.6:10000,158.101.112.6:10000,158.101.112.6:10000,158.101.112.6:10000,158.101.112.6:10000,158.101.112.6:10000,158.101.112.6:10000,158.101.112.6:10000,158.101.112.6:10000,158.101.112.6:10000,158.101.112.6:10000,158.101.112.6:10000,158.101.112.6:10000,158.101.112.6:10000,158.101.112.6:10000,158.101.112.6:10000,158.101.112.6:10000,158.101.112.6:10000,158.101.112.6:10000,158.101.112.6:10000,158.101.112.6:10000,158.101.112.6:10000,158.101.112.6:10000,158.101.112.6:10000,158.101.112.6:10000,158.101.112.6:10000,158.101.112.6:10000,158.101.112.6:10000,158.101.112.6:10000,158.101.112.6:10000,158.101.112.6:10000,158.101.112.6:10000,158.101.112.6:10000,158.101.112.6:10000
audio_googRtt,150.0,150.0,258.0,202.0,202.0,202.0,160.0,160.0,160.0,141.0,141.0,113.0,113.0,95.0,95.0,95.0,78.0,78.0,66.0,66.0,66.0,57.0,57.0,50.0,50.0,50.0,44.0,44.0,41.0,41.0,41.0,38.0,38.0,38.0,38.0,38.0,38.0,38.0,37.0,37.0,37.0,35.0,35.0,35.0,35.0,35.0,33.0,33.0,32.0,32.0,32.0,31.0,31.0,31.0,31.0,31.0,32.0,32.0,31.0,31.0,31.0,31.0,31.0,31.0,30.0,30.0,31.0,31.0,31.0,31.0,31.0,30.0,30.0,30.0,30.0,30.0,30.0,30.0,30.0,34.0,34.0,36.0,36.0,36.0,34.0,34.0,35.0,35.0,35.0
audio_recv_bitsReceivedPerSecond_2592071545,7104.0,5072.0,11496.0,6640.0,7152.0,6768.0,13864.0,18824.0,14080.0,24344.0,28912.0,19928.0,28648.0,28648.0,35128.0,11992.0,10248.0,9064.0,8840.0,13472.0,14592.0,27384.0,38368.0,16592.0,6152.0,7776.0,11152.0,11104.0,10928.0,10208.0,13216.0,15232.0,14608.0,8256.0,8192.0,9136.0,9568.0,12808.0,8264.0,9040.0,12440.0,8752.0,9344.0,11440.0,12616.0,17296.0,10064.0,9104.0,8520.0,11744.0,8256.0,10856.0,8512.0,7384.0,11992.0,11256.0,12352.0,9128.0,15160.0,9344.0,9128.0,8256.0,13168.0,8224.0,8240.0,8480.0,10184.0,7480.0,15576.0,25288.0,43600.0,14136.0,13456.0,16376.0,7192.0,8256.0,8256.0,9584.0,11112.0,8824.0,9624.0,12128.0,12864.0,22184.0,22656.0,19536.0,15936.0,17144.0,9192.0
audio_recv_packetsReceivedPerSecond_2592071545,7.0,5.0,11.0,7.0,8.0,8.0,14.0,23.0,15.0,28.0,34.0,25.0,35.0,35.0,41.0,13.0,11.0,9.0,9.0,13.0,15.0,39.0,44.0,19.0,10.0,11.0,12.0,12.0,12.0,10.0,14.0,16.0,16.0,8.0,7.0,9.0,10.0,13.0,8.0,9.0,13.0,10.0,10.0,12.0,13.0,20.0,11.0,8.0,9.0,12.0,8.0,10.0,9.0,7.0,12.0,12.0,13.0,9.0,16.0,10.0,9.0,8.0,15.0,8.0,7.0,9.0,11.0,7.0,17.0,29.0,50.0,14.0,15.0,19.0,8.0,8.0,8.0,9.0,12.0,9.0,10.0,12.0,14.0,25.0,26.0,23.0,17.0,18.0,14.0
audio_recv_googCurrentDelayMs_2592071545,42.0,43.0,55.0,48.0,50.0,50.0,55.0,46.0,66.0,59.0,56.0,49.0,52.0,46.0,54.0,50.0,54.0,45.0,59.0,54.0,56.0,81.0,51.0,52.0,52.0,50.0,60.0,49.0,48.0,47.0,50.0,51.0,58.0,43.0,37.0,38.0,50.0,47.0,48.0,48.0,56.0,57.0,47.0,46.0,46.0,54.0,53.0,52.0,38.0,49.0,54.0,60.0,52.0,41.0,44.0,55.0,50.0,55.0,51.0,55.0,50.0,51.0,57.0,39.0,46.0,42.0,48.0,41.0,71.0,78.0,85.0,45.0,48.0,54.0,46.0,37.0,34.0,47.0,53.0,51.0,41.0,54.0,47.0,58.0,55.0,53.0,53.0,47.0,46.0
audio_recv_googJitterBufferMs_2592071545,2.0,2.0,10.0,23.0,2.0,2.0,10.0,2.0,70.0,32.0,10.0,22.0,2.0,22.0,1.0,3.0,9.0,2.0,11.0,10.0,9.0,57.0,25.0,5.0,6.0,1.0,12.0,3.0,2.0,2.0,23.0,24.0,11.0,4.0,2.0,1.0,1.0,2.0,2.0,2.0,1.0,11.0,1.0,2.0,3.0,2.0,4.0,14.0,1.0,2.0,14.0,14.0,14.0,0.0,3.0,13.0,3.0,11.0,7.0,9.0,13.0,9.0,9.0,1.0,1.0,4.0,7.0,4.0,37.0,80.0,60.0,0.0,4.0,5.0,7.0,2.0,1.0,6.0,1.0,4.0,3.0,10.0,1.0,32.0,10.0,25.0,3.0,5.0,3.0
audio_recv_googJitterReceived_2592071545,0.0,0.0,1.0,1.0,1.0,1.0,1.0,1.0,1.0,1.0,2.0,1.0,1.0,1.0,2.0,2.0,2.0,2.0,1.0,2.0,2.0,2.0,1.0,1.0,1.0,1.0,1.0,1.0,1.0,1.0,1.0,1.0,1.0,1.0,1.0,1.0,1.0,2.0,2.0,2.0,2.0,1.0,1.0,1.0,1.0,1.0,1.0,1.0,2.0,2.0,2.0,2.0,2.0,2.0,2.0,2.0,1.0,1.0,2.0,1.0,2.0,2.0,2.0,2.0,2.0,2.0,2.0,2.0,1.0,1.0,1.0,2.0,2.0,2.0,2.0,1.0,1.0,1.0,2.0,2.0,2.0,2.0,1.0,1.0,2.0,1.0,2.0,1.0,1.0
audio_recv_googPreferredJitterBufferMs_2592071545,20.0,20.0,20.0,20.0,20.0,20.0,20.0,20.0,20.0,20.0,20.0,20.0,20.0,20.0,20.0,20.0,20.0,20.0,20.0,20.0,20.0,20.0,20.0,20.0,20.0,20.0,20.0,20.0,20.0,20.0,20.0,20.0,20.0,20.0,20.0,20.0,20.0,20.0,20.0,20.0,20.0,20.0,20.0,20.0,20.0,20.0,20.0,20.0,20.0,20.0,20.0,20.0,20.0,20.0,20.0,20.0,20.0,20.0,20.0,20.0,20.0,20.0,20.0,20.0,20.0,20.0,20.0,20.0,20.0,20.0,20.0,20.0,20.0,20.0,20.0,20.0,20.0,20.0,20.0,20.0,20.0,20.0,20.0,20.0,20.0,20.0,20.0,20.0,20.0
video_recv_bitsReceivedPerSecond_276926939,229624.0,248888.0,206776.0,223856.0,215264.0,207424.0,225936.0,210472.0,204736.0,213144.0,214688.0,228432.0,204032.0,222160.0,156944.0,203488.0,237496.0,216808.0,205296.0,212376.0,211200.0,232616.0,202344.0,206792.0,226712.0,205600.0,233336.0,208960.0,201512.0,214456.0,213488.0,230320.0,199896.0,206256.0,227096.0,202648.0,234120.0,208848.0,200480.0,217672.0,213336.0,232928.0,194216.0,206816.0,231160.0,202552.0,236568.0,204424.0,201584.0,218784.0,212000.0,234016.0,194480.0,208392.0,224464.0,204576.0,233944.0,207976.0,203288.0,217680.0,212568.0,233536.0,190944.0,284456.0,170584.0,191000.0,229744.0,209920.0,205584.0,219224.0,212024.0,232776.0,189288.0,210128.0,226464.0,203160.0,232720.0,211528.0,204648.0,212744.0,215624.0,229488.0,194104.0,207856.0,229496.0,207784.0,230944.0,205704.0,206672.0
video_recv_packetsReceivedPerSecond_276926939,60.0,63.0,59.0,62.0,60.0,60.0,59.0,60.0,59.0,60.0,60.0,60.0,60.0,61.0,60.0,60.0,60.0,60.0,60.0,60.0,58.0,60.0,60.0,59.0,60.0,60.0,60.0,60.0,60.0,59.0,60.0,60.0,60.0,59.0,59.0,60.0,60.0,59.0,60.0,60.0,60.0,60.0,60.0,59.0,60.0,60.0,61.0,58.0,60.0,60.0,60.0,59.0,60.0,59.0,59.0,59.0,60.0,60.0,60.0,60.0,60.0,60.0,60.0,67.0,60.0,59.0,60.0,60.0,59.0,61.0,60.0,59.0,59.0,59.0,60.0,60.0,60.0,60.0,60.0,59.0,60.0,59.0,60.0,59.0,60.0,61.0,60.0,59.0,59.0
video_recv_googCurrentDelayMs_276926939,22.0,22.0,22.0,22.0,22.0,23.0,23.0,23.0,23.0,23.0,23.0,23.0,23.0,24.0,23.0,23.0,23.0,23.0,23.0,23.0,24.0,23.0,23.0,23.0,24.0,24.0,23.0,24.0,24.0,24.0,24.0,24.0,24.0,23.0,23.0,23.0,23.0,23.0,23.0,23.0,23.0,23.0,23.0,23.0,23.0,23.0,23.0,23.0,23.0,23.0,23.0,23.0,23.0,23.0,23.0,23.0,23.0,23.0,23.0,23.0,23.0,23.0,23.0,24.0,24.0,24.0,24.0,24.0,24.0,24.0,24.0,24.0,24.0,24.0,24.0,24.0,24.0,24.0,24.0,24.0,24.0,24.0,24.0,24.0,24.0,24.0,24.0,24.0,24.0
video_recv_googDecodeMs_276926939,0.0,0.0,1.0,0.0,0.0,1.0,1.0,0.0,0.0,1.0,1.0,1.0,0.0,1.0,1.0,1.0,1.0,1.0,1.0,1.0,1.0,1.0,1.0,1.0,1.0,1.0,1.0,1.0,1.0,1.0,1.0,1.0,1.0,1.0,1.0,1.0,1.0,1.0,1.0,1.0,1.0,1.0,1.0,1.0,1.0,1.0,1.0,1.0,1.0,1.0,1.0,1.0,1.0,1.0,1.0,1.0,1.0,1.0,1.0,1.0,1.0,1.0,1.0,1.0,1.0,1.0,1.0,1.0,1.0,1.0,1.0,1.0,1.0,1.0,1.0,1.0,1.0,1.0,1.0,1.0,1.0,1.0,1.0,1.0,1.0,1.0,1.0,1.0,1.0
video_recv_googFrameHeightReceived_276926939,135.0,135.0,135.0,135.0,135.0,135.0,135.0,135.0,135.0,135.0,135.0,135.0,135.0,180.0,180.0,180.0,180.0,180.0,180.0,180.0,180.0,180.0,180.0,180.0,180.0,180.0,180.0,180.0,180.0,180.0,180.0,180.0,180.0,180.0,180.0,180.0,180.0,180.0,180.0,180.0,180.0,180.0,180.0,180.0,180.0,180.0,180.0,180.0,180.0,180.0,180.0,180.0,180.0,180.0,180.0,180.0,180.0,180.0,180.0,180.0,180.0,180.0,180.0,180.0,180.0,180.0,180.0,180.0,180.0,180.0,180.0,180.0,180.0,180.0,180.0,180.0,180.0,180.0,180.0,180.0,180.0,180.0,180.0,180.0,180.0,180.0,180.0,180.0,180.0
video_recv_googFrameRateOutput_276926939,60.0,60.0,60.0,61.0,60.0,60.0,59.0,61.0,60.0,60.0,60.0,60.0,60.0,58.0,60.0,60.0,60.0,60.0,60.0,60.0,59.0,60.0,60.0,60.0,59.0,60.0,60.0,59.0,60.0,59.0,60.0,60.0,60.0,59.0,61.0,60.0,59.0,60.0,61.0,60.0,60.0,60.0,60.0,58.0,60.0,60.0,60.0,60.0,60.0,59.0,60.0,60.0,61.0,58.0,60.0,60.0,60.0,59.0,61.0,60.0,59.0,61.0,60.0,59.0,61.0,59.0,60.0,60.0,60.0,60.0,60.0,55.0,59.0,59.0,60.0,60.0,60.0,61.0,59.0,60.0,61.0,60.0,60.0,59.0,60.0,60.0,61.0,59.0,60.0
video_recv_googFrameRateReceived_276926939,60.0,60.0,60.0,60.0,60.0,60.0,60.0,60.0,60.0,60.0,60.0,60.0,60.0,57.0,60.0,60.0,60.0,60.0,60.0,61.0,59.0,60.0,60.0,59.0,60.0,60.0,60.0,60.0,60.0,60.0,60.0,60.0,60.0,59.0,60.0,60.0,60.0,60.0,60.0,60.0,60.0,60.0,60.0,59.0,60.0,60.0,61.0,59.0,60.0,60.0,60.0,60.0,60.0,59.0,60.0,60.0,60.0,60.0,60.0,60.0,60.0,60.0,60.0,60.0,61.0,60.0,60.0,61.0,60.0,61.0,60.0,57.0,60.0,59.0,60.0,60.0,60.0,61.0,60.0,59.0,60.0,60.0,60.0,59.0,60.0,61.0,60.0,60.0,60.0
video_recv_googFrameWidthReceived_276926939,240.0,240.0,240.0,240.0,240.0,240.0,240.0,240.0,240.0,240.0,240.0,240.0,240.0,320.0,320.0,320.0,320.0,320.0,320.0,320.0,320.0,320.0,320.0,320.0,320.0,320.0,320.0,320.0,320.0,320.0,320.0,320.0,320.0,320.0,320.0,320.0,320.0,320.0,320.0,320.0,320.0,320.0,320.0,320.0,320.0,320.0,320.0,320.0,320.0,320.0,320.0,320.0,320.0,320.0,320.0,320.0,320.0,320.0,320.0,320.0,320.0,320.0,320.0,320.0,320.0,320.0,320.0,320.0,320.0,320.0,320.0,320.0,320.0,320.0,320.0,320.0,320.0,320.0,320.0,320.0,320.0,320.0,320.0,320.0,320.0,320.0,320.0,320.0,320.0
video_recv_googInterframeDelayMax_276926939,20.0,19.0,21.0,19.0,19.0,19.0,19.0,19.0,19.0,19.0,19.0,20.0,19.0,60.0,18.0,18.0,19.0,20.0,19.0,19.0,20.0,24.0,21.0,34.0,20.0,19.0,19.0,20.0,19.0,19.0,19.0,20.0,18.0,34.0,18.0,19.0,20.0,19.0,19.0,19.0,18.0,18.0,19.0,34.0,19.0,19.0,19.0,18.0,20.0,18.0,18.0,19.0,19.0,32.0,19.0,19.0,18.0,19.0,21.0,19.0,19.0,19.0,18.0,19.0,19.0,18.0,19.0,19.0,18.0,20.0,19.0,66.0,19.0,33.0,19.0,19.0,19.0,18.0,19.0,21.0,18.0,19.0,20.0,33.0,18.0,19.0,22.0,19.0,21.0
video_recv_googJitterBufferMs_276926939,11.0,11.0,11.0,11.0,11.0,12.0,12.0,12.0,12.0,12.0,12.0,12.0,12.0,13.0,12.0,12.0,12.0,12.0,12.0,12.0,13.0,12.0,12.0,12.0,13.0,13.0,12.0,13.0,13.0,13.0,13.0,13.0,13.0,12.0,12.0,12.0,12.0,12.0,12.0,12.0,12.0,12.0,12.0,12.0,12.0,12.0,12.0,12.0,12.0,12.0,12.0,12.0,12.0,12.0,12.0,12.0,12.0,12.0,12.0,12.0,12.0,12.0,12.0,13.0,13.0,13.0,13.0,13.0,13.0,13.0,13.0,13.0,13.0,13.0,13.0,13.0,13.0,13.0,13.0,13.0,13.0,13.0,13.0,13.0,13.0,13.0,13.0,13.0,13.0
video_recv_googPlisSent_276926939,0.0,0.0,0.0,0.0,0.0,0.0,0.0,0.0,0.0,0.0,0.0,0.0,0.0,0.0,0.0,0.0,0.0,0.0,0.0,0.0,0.0,0.0,0.0,0.0,0.0,0.0,0.0,0.0,0.0,0.0,0.0,0.0,0.0,0.0,0.0,0.0,0.0,0.0,0.0,0.0,0.0,0.0,0.0,0.0,0.0,0.0,0.0,0.0,0.0,0.0,0.0,0.0,0.0,0.0,0.0,0.0,0.0,0.0,0.0,0.0,0.0,0.0,0.0,0.0,0.0,0.0,0.0,0.0,0.0,0.0,0.0,0.0,0.0,0.0,0.0,0.0,0.0,0.0,0.0,0.0,0.0,0.0,0.0,0.0,0.0,0.0,0.0,0.0,0.0
audio_send_bitsSentPerSecond_2530614182,30976.0,28616.0,31992.0,31152.0,31168.0,29920.0,31744.0,31152.0,32840.0,31824.0,30104.0,30072.0,32176.0,32384.0,29600.0,31104.0,30272.0,31176.0,31176.0,32784.0,25136.0,24720.0,25160.0,19184.0,18488.0,19328.0,21832.0,19824.0,19560.0,19704.0,22488.0,18840.0,21184.0,18720.0,17888.0,18336.0,19376.0,19096.0,20232.0,19696.0,20656.0,18536.0,23000.0,26000.0,25896.0,23472.0,23904.0,22472.0,19600.0,19512.0,19936.0,19136.0,18944.0,18448.0,20848.0,20168.0,20728.0,19320.0,22472.0,18848.0,19696.0,20312.0,20992.0,21104.0,25544.0,25576.0,21592.0,18912.0,20200.0,23520.0,23440.0,25112.0,31016.0,27528.0,25520.0,21904.0,19328.0,19192.0,21512.0,29968.0,42840.0,30608.0,26032.0,26016.0,25880.0,26128.0,25552.0,27168.0,25832.0
audio_send_packetsSentPerSecond_2530614182,50.0,49.0,50.0,50.0,50.0,49.0,49.0,50.0,50.0,50.0,49.0,50.0,50.0,51.0,49.0,50.0,50.0,51.0,49.0,50.0,49.0,49.0,50.0,50.0,49.0,51.0,49.0,51.0,50.0,49.0,50.0,50.0,50.0,49.0,50.0,50.0,49.0,50.0,49.0,51.0,49.0,51.0,49.0,50.0,51.0,50.0,49.0,50.0,50.0,49.0,50.0,50.0,50.0,50.0,49.0,49.0,50.0,49.0,50.0,50.0,51.0,49.0,51.0,49.0,50.0,49.0,50.0,50.0,50.0,49.0,50.0,49.0,51.0,49.0,51.0,50.0,50.0,49.0,49.0,50.0,51.0,48.0,51.0,49.0,50.0,50.0,50.0,51.0,49.0
video_send_bitsSentPerSecond_1468427533,115992.0,270816.0,74648.0,94712.0,166464.0,194512.0,208408.0,226448.0,247056.0,165304.0,188608.0,155784.0,168504.0,137336.0,150792.0,117360.0,128304.0,117480.0,129456.0,113032.0,131912.0,103808.0,112240.0,132824.0,117336.0,130864.0,162224.0,166912.0,194832.0,193680.0,224208.0,175032.0,169128.0,194288.0,189544.0,168904.0,183688.0,157600.0,179728.0,143504.0,153648.0,153928.0,161528.0,151752.0,159544.0,129624.0,132536.0,124040.0,136472.0,120288.0,129488.0,131968.0,165784.0,149296.0,157240.0,142696.0,129952.0,109792.0,114976.0,104216.0,117304.0,115552.0,127216.0,158216.0,159728.0,146088.0,147328.0,157608.0,187216.0,144144.0,163392.0,143872.0,138056.0,167696.0,166656.0,177696.0,196880.0,191064.0,209472.0,147560.0,152552.0,127104.0,143864.0,135136.0,152288.0,125600.0,132256.0,100576.0,114032.0
video_send_packetsLost_1468427533,0.0,0.0,0.0,0.0,0.0,0.0,0.0,0.0,0.0,0.0,0.0,0.0,0.0,0.0,0.0,0.0,0.0,0.0,0.0,0.0,0.0,0.0,0.0,0.0,0.0,0.0,0.0,0.0,0.0,0.0,0.0,0.0,0.0,0.0,0.0,0.0,0.0,0.0,0.0,0.0,0.0,0.0,0.0,0.0,0.0,0.0,0.0,0.0,0.0,0.0,0.0,0.0,0.0,0.0,0.0,0.0,0.0,0.0,0.0,0.0,0.0,0.0,0.0,0.0,0.0,0.0,0.0,0.0,0.0,0.0,0.0,0.0,0.0,0.0,0.0,0.0,0.0,0.0,1.0,1.0,1.0,1.0,1.0,1.0,1.0,1.0,1.0,1.0,1.0
video_send_packetsSentPerSecond_1468427533,40.0,68.0,34.0,40.0,56.0,57.0,58.0,63.0,65.0,56.0,58.0,53.0,68.0,45.0,70.0,55.0,64.0,60.0,59.0,60.0,62.0,52.0,71.0,66.0,59.0,60.0,60.0,61.0,60.0,59.0,62.0,59.0,60.0,60.0,59.0,60.0,60.0,59.0,60.0,59.0,60.0,61.0,59.0,52.0,68.0,61.0,59.0,60.0,60.0,60.0,60.0,59.0,62.0,61.0,58.0,60.0,59.0,55.0,61.0,65.0,60.0,60.0,60.0,60.0,58.0,61.0,60.0,59.0,60.0,60.0,61.0,58.0,61.0,60.0,60.0,60.0,60.0,59.0,60.0,57.0,52.0,49.0,70.0,59.0,68.0,60.0,62.0,56.0,58.0
video_send_googEncodeUsagePercent_1468427533,49.0,43.0,37.0,31.0,28.0,26.0,23.0,21.0,20.0,18.0,18.0,17.0,16.0,16.0,15.0,15.0,14.0,14.0,13.0,13.0,13.0,13.0,13.0,13.0,13.0,13.0,13.0,12.0,12.0,12.0,12.0,12.0,12.0,12.0,12.0,12.0,12.0,12.0,12.0,12.0,12.0,12.0,12.0,12.0,13.0,13.0,12.0,12.0,12.0,12.0,12.0,12.0,12.0,12.0,12.0,12.0,12.0,12.0,12.0,12.0,12.0,12.0,12.0,12.0,12.0,13.0,13.0,13.0,13.0,12.0,12.0,12.0,12.0,13.0,13.0,13.0,13.0,13.0,12.0,12.0,13.0,13.0,13.0,13.0,13.0,13.0,13.0,13.0,13.0
video_send_googFrameHeightInput_1468427533,720.0,720.0,720.0,720.0,720.0,720.0,720.0,720.0,720.0,720.0,720.0,720.0,720.0,720.0,720.0,720.0,720.0,720.0,720.0,720.0,720.0,720.0,720.0,720.0,720.0,720.0,720.0,720.0,720.0,720.0,720.0,720.0,720.0,720.0,720.0,720.0,720.0,720.0,720.0,720.0,720.0,720.0,720.0,720.0,720.0,720.0,720.0,720.0,720.0,720.0,720.0,720.0,720.0,720.0,720.0,720.0,720.0,720.0,720.0,720.0,720.0,720.0,720.0,720.0,720.0,720.0,720.0,720.0,720.0,720.0,720.0,720.0,720.0,720.0,720.0,720.0,720.0,720.0,720.0,720.0,720.0,720.0,720.0,720.0,720.0,720.0,720.0,720.0,720.0
video_send_googFrameHeightSent_1468427533,180.0,180.0,180.0,180.0,180.0,180.0,180.0,180.0,180.0,180.0,180.0,180.0,180.0,180.0,180.0,180.0,180.0,180.0,180.0,180.0,180.0,180.0,180.0,180.0,180.0,180.0,180.0,180.0,180.0,180.0,180.0,180.0,180.0,180.0,180.0,180.0,180.0,180.0,180.0,180.0,180.0,180.0,180.0,180.0,180.0,180.0,180.0,180.0,180.0,180.0,180.0,180.0,180.0,180.0,180.0,180.0,180.0,180.0,180.0,180.0,180.0,180.0,180.0,180.0,180.0,180.0,180.0,180.0,180.0,180.0,180.0,180.0,180.0,180.0,180.0,180.0,180.0,180.0,180.0,180.0,180.0,180.0,180.0,180.0,180.0,180.0,180.0,180.0,180.0
video_send_googFrameRateSent_1468427533,41.0,61.0,35.0,41.0,61.0,61.0,61.0,61.0,61.0,61.0,61.0,61.0,61.0,61.0,61.0,61.0,61.0,61.0,61.0,61.0,60.0,61.0,61.0,61.0,61.0,61.0,61.0,61.0,61.0,61.0,61.0,60.0,61.0,61.0,61.0,61.0,61.0,61.0,61.0,61.0,61.0,61.0,61.0,61.0,61.0,61.0,61.0,61.0,61.0,61.0,61.0,61.0,61.0,61.0,61.0,61.0,61.0,61.0,61.0,61.0,61.0,61.0,61.0,61.0,61.0,61.0,61.0,60.0,60.0,61.0,61.0,61.0,60.0,60.0,60.0,61.0,60.0,60.0,60.0,60.0,60.0,61.0,60.0,60.0,60.0,60.0,60.0,60.0,60.0
video_send_googFrameWidthInput_1468427533,1280.0,1280.0,1280.0,1280.0,1280.0,1280.0,1280.0,1280.0,1280.0,1280.0,1280.0,1280.0,1280.0,1280.0,1280.0,1280.0,1280.0,1280.0,1280.0,1280.0,1280.0,1280.0,1280.0,1280.0,1280.0,1280.0,1280.0,1280.0,1280.0,1280.0,1280.0,1280.0,1280.0,1280.0,1280.0,1280.0,1280.0,1280.0,1280.0,1280.0,1280.0,1280.0,1280.0,1280.0,1280.0,1280.0,1280.0,1280.0,1280.0,1280.0,1280.0,1280.0,1280.0,1280.0,1280.0,1280.0,1280.0,1280.0,1280.0,1280.0,1280.0,1280.0,1280.0,1280.0,1280.0,1280.0,1280.0,1280.0,1280.0,1280.0,1280.0,1280.0,1280.0,1280.0,1280.0,1280.0,1280.0,1280.0,1280.0,1280.0,1280.0,1280.0,1280.0,1280.0,1280.0,1280.0,1280.0,1280.0,1280.0
video_send_googFrameWidthSent_1468427533,320.0,320.0,320.0,320.0,320.0,320.0,320.0,320.0,320.0,320.0,320.0,320.0,320.0,320.0,320.0,320.0,320.0,320.0,320.0,320.0,320.0,320.0,320.0,320.0,320.0,320.0,320.0,320.0,320.0,320.0,320.0,320.0,320.0,320.0,320.0,320.0,320.0,320.0,320.0,320.0,320.0,320.0,320.0,320.0,320.0,320.0,320.0,320.0,320.0,320.0,320.0,320.0,320.0,320.0,320.0,320.0,320.0,320.0,320.0,320.0,320.0,320.0,320.0,320.0,320.0,320.0,320.0,320.0,320.0,320.0,320.0,320.0,320.0,320.0,320.0,320.0,320.0,320.0,320.0,320.0,320.0,320.0,320.0,320.0,320.0,320.0,320.0,320.0,320.0
video_send_googRtt_1468427533,0.0,0.0,529.0,558.0,440.0,380.0,358.0,351.0,354.0,295.0,142.0,70.0,46.0,37.0,32.0,30.0,30.0,28.0,28.0,29.0,29.0,28.0,28.0,28.0,29.0,29.0,31.0,29.0,30.0,29.0,29.0,29.0,29.0,30.0,35.0,38.0,39.0,40.0,38.0,34.0,32.0,32.0,32.0,30.0,30.0,30.0,30.0,30.0,30.0,30.0,30.0,30.0,30.0,29.0,29.0,29.0,29.0,29.0,29.0,29.0,29.0,29.0,29.0,30.0,32.0,35.0,34.0,34.0,34.0,37.0,41.0,37.0,36.0,32.0,30.0,30.0,31.0,33.0,34.0,34.0,33.0,33.0,37.0,37.0,35.0,35.0,34.0,34.0,33.0
audio_send_packetsLost_2530614182,0.0,0.0,0.0,0.0,0.0,0.0,0.0,0.0,0.0,0.0,0.0,0.0,0.0,0.0,0.0,0.0,0.0,0.0,0.0,0.0,0.0,0.0,0.0,0.0,0.0,0.0,0.0,0.0,0.0,0.0,0.0,0.0,0.0,0.0,0.0,0.0,0.0,0.0,0.0,0.0,0.0,0.0,0.0,0.0,0.0,0.0,0.0,0.0,0.0,0.0,0.0,0.0,0.0,0.0,0.0,0.0,0.0,0.0,0.0,0.0,0.0,0.0,0.0,0.0,0.0,0.0,0.0,0.0,0.0,0.0,0.0,0.0,0.0,0.0,0.0,0.0,0.0,0.0,0.0,0.0,0.0,0.0,0.0,0.0,0.0,0.0,0.0,0.0,0.0
audio_send_googJitterReceived_2530614182,0.0,0.0,0.0,0.0,0.0,0.0,0.0,0.0,0.0,0.0,0.0,0.0,0.0,0.0,0.0,0.0,0.0,0.0,0.0,0.0,0.0,0.0,0.0,0.0,0.0,0.0,0.0,0.0,0.0,0.0,0.0,0.0,0.0,0.0,0.0,0.0,0.0,0.0,0.0,0.0,0.0,0.0,0.0,0.0,0.0,0.0,0.0,0.0,0.0,0.0,0.0,0.0,0.0,0.0,0.0,0.0,0.0,0.0,0.0,0.0,0.0,0.0,0.0,0.0,0.0,0.0,0.0,0.0,0.0,0.0,0.0,0.0,0.0,0.0,0.0,0.0,0.0,0.0,0.0,0.0,0.0,0.0,0.0,0.0,0.0,0.0,0.0,0.0,0.0
audio_recv_bitsReceivedPerSecond_2691084121,-1,0.0,25352.0,22208.0,20056.0,16432.0,24232.0,20096.0,21488.0,19568.0,22384.0,24464.0,24704.0,23080.0,22552.0,15032.0,21776.0,23544.0,24184.0,23520.0,23520.0,23760.0,25112.0,24384.0,23560.0,24088.0,23872.0,24416.0,21528.0,14120.0,15216.0,22216.0,21416.0,21952.0,22584.0,20464.0,22608.0,21016.0,21216.0,22184.0,22400.0,20672.0,16208.0,17728.0,24368.0,24640.0,24416.0,22936.0,23560.0,23272.0,23272.0,25256.0,23560.0,24184.0,21776.0,27000.0,21840.0,24896.0,24184.0,21880.0,22584.0,21392.0,22872.0,20840.0,23120.0,22248.0,23064.0,23080.0,22944.0,20168.0,11120.0,15488.0,22888.0,25288.0,24416.0,24544.0,24928.0,25256.0,22688.0,27032.0,22672.0,15200.0,14384.0,20840.0,21280.0,12592.0,16224.0,14184.0,11328.0
audio_recv_packetsReceivedPerSecond_2691084121,-1,0.0,33.0,28.0,27.0,21.0,29.0,25.0,27.0,26.0,27.0,28.0,28.0,26.0,26.0,16.0,24.0,27.0,27.0,26.0,26.0,27.0,29.0,27.0,27.0,27.0,28.0,28.0,24.0,15.0,16.0,28.0,27.0,28.0,28.0,26.0,29.0,26.0,27.0,28.0,28.0,26.0,22.0,21.0,29.0,28.0,28.0,27.0,29.0,27.0,27.0,28.0,27.0,27.0,24.0,30.0,25.0,29.0,28.0,27.0,28.0,27.0,28.0,26.0,28.0,27.0,28.0,27.0,28.0,25.0,16.0,18.0,26.0,29.0,28.0,28.0,28.0,28.0,26.0,31.0,26.0,15.0,15.0,22.0,23.0,17.0,22.0,21.0,16.0
audio_recv_googCurrentDelayMs_2691084121,-1,34.0,116.0,182.0,208.0,415.0,558.0,745.0,663.0,377.0,460.0,708.0,781.0,653.0,487.0,601.0,598.0,769.0,859.0,695.0,790.0,840.0,701.0,462.0,532.0,513.0,352.0,444.0,442.0,463.0,656.0,779.0,847.0,793.0,603.0,401.0,558.0,573.0,375.0,507.0,608.0,458.0,436.0,641.0,778.0,647.0,448.0,476.0,557.0,402.0,426.0,645.0,594.0,446.0,446.0,493.0,367.0,518.0,511.0,353.0,459.0,649.0,541.0,378.0,573.0,699.0,569.0,395.0,526.0,456.0,355.0,487.0,711.0,731.0,478.0,353.0,477.0,312.0,295.0,485.0,420.0,329.0,530.0,702.0,791.0,844.0,869.0,870.0,911.0
audio_recv_googJitterBufferMs_2691084121,-1,4.0,143.0,144.0,352.0,384.0,762.0,556.0,235.0,182.0,520.0,819.0,512.0,161.0,561.0,189.0,622.0,824.0,575.0,506.0,789.0,493.0,227.0,224.0,493.0,162.0,201.0,421.0,123.0,369.0,504.0,724.0,683.0,402.0,116.0,342.0,529.0,212.0,205.0,597.0,320.0,92.0,526.0,584.0,760.0,327.0,103.0,580.0,299.0,103.0,651.0,583.0,249.0,45.0,477.0,243.0,181.0,494.0,190.0,211.0,752.0,445.0,141.0,346.0,719.0,423.0,128.0,367.0,399.0,45.0,323.0,542.0,815.0,475.0,35.0,487.0,356.0,49.0,463.0,346.0,26.0,327.0,449.0,583.0,685.0,565.0,551.0,654.0,541.0
audio_recv_googJitterReceived_2691084121,-1,1.0,26.0,25.0,27.0,29.0,29.0,32.0,29.0,31.0,27.0,25.0,25.0,28.0,30.0,37.0,32.0,29.0,28.0,31.0,30.0,29.0,27.0,25.0,28.0,30.0,29.0,31.0,30.0,32.0,36.0,29.0,28.0,30.0,33.0,29.0,28.0,30.0,30.0,31.0,29.0,36.0,37.0,34.0,26.0,24.0,25.0,25.0,22.0,24.0,26.0,28.0,29.0,26.0,26.0,26.0,27.0,28.0,30.0,30.0,25.0,25.0,24.0,27.0,27.0,26.0,28.0,30.0,30.0,30.0,34.0,32.0,27.0,26.0,27.0,28.0,28.0,26.0,29.0,27.0,28.0,30.0,31.0,30.0,34.0,37.0,26.0,32.0,36.0
audio_recv_googPreferredJitterBufferMs_2691084121,-1,80.0,240.0,620.0,1060.0,1420.0,1740.0,1720.0,1740.0,1780.0,1780.0,1780.0,1780.0,1780.0,1780.0,1780.0,1760.0,1780.0,1780.0,1780.0,1780.0,1780.0,1780.0,1780.0,1760.0,1760.0,1760.0,1760.0,1760.0,1760.0,1760.0,1760.0,1760.0,1760.0,1760.0,1760.0,1760.0,1740.0,1740.0,1740.0,1740.0,1740.0,1760.0,1760.0,1760.0,1760.0,1760.0,1760.0,1760.0,1760.0,1740.0,1740.0,1740.0,1740.0,1740.0,1740.0,1740.0,1740.0,1740.0,1740.0,1740.0,1740.0,1740.0,1740.0,1740.0,1740.0,1740.0,1740.0,1740.0,1740.0,1740.0,1740.0,1740.0,1740.0,1740.0,1740.0,1740.0,1740.0,1740.0,1740.0,1740.0,1740.0,1740.0,1740.0,1740.0,1740.0,1740.0,1740.0,1740.0
video_recv_bitsReceivedPerSecond_2623508538,-1,0.0,194056.0,219224.0,185296.0,186504.0,122656.0,111872.0,152640.0,166816.0,189168.0,189696.0,190424.0,190976.0,198920.0,212256.0,209048.0,201536.0,200024.0,208432.0,216816.0,211520.0,220688.0,204408.0,201400.0,200808.0,212656.0,210208.0,206736.0,225952.0,214240.0,221176.0,209440.0,202968.0,241856.0,211024.0,247144.0,218536.0,257704.0,236768.0,241056.0,242784.0,287816.0,290008.0,259288.0,200464.0,225520.0,197928.0,178008.0,192776.0,212768.0,208032.0,230568.0,116856.0,168648.0,193952.0,185616.0,184464.0,187160.0,181152.0,199320.0,195408.0,186304.0,191728.0,208872.0,202592.0,195360.0,202312.0,210632.0,193400.0,214032.0,222040.0,201016.0,209864.0,192960.0,211320.0,227528.0,214856.0,233760.0,217080.0,142336.0,186832.0,135392.0,103448.0,100896.0,96176.0,104480.0,74216.0,77992.0
video_recv_packetsReceivedPerSecond_2623508538,-1,0.0,37.0,34.0,30.0,32.0,21.0,21.0,27.0,30.0,35.0,35.0,34.0,38.0,35.0,42.0,37.0,36.0,36.0,35.0,34.0,39.0,39.0,36.0,35.0,34.0,39.0,38.0,33.0,35.0,37.0,37.0,37.0,39.0,42.0,40.0,40.0,37.0,45.0,44.0,42.0,43.0,49.0,49.0,46.0,37.0,40.0,34.0,33.0,32.0,39.0,34.0,38.0,21.0,29.0,35.0,31.0,31.0,31.0,31.0,34.0,32.0,32.0,35.0,33.0,38.0,35.0,34.0,36.0,33.0,36.0,39.0,35.0,38.0,33.0,36.0,39.0,35.0,39.0,38.0,26.0,32.0,33.0,19.0,31.0,40.0,32.0,19.0,12.0
video_recv_googCurrentDelayMs_2623508538,-1,13.0,104.0,166.0,167.0,151.0,170.0,170.0,165.0,159.0,151.0,147.0,147.0,146.0,145.0,146.0,146.0,145.0,147.0,150.0,147.0,147.0,147.0,145.0,145.0,146.0,146.0,142.0,139.0,139.0,138.0,138.0,145.0,146.0,142.0,143.0,143.0,145.0,145.0,145.0,145.0,145.0,144.0,143.0,141.0,141.0,140.0,142.0,141.0,142.0,141.0,140.0,142.0,147.0,147.0,146.0,148.0,147.0,148.0,148.0,147.0,143.0,145.0,144.0,145.0,148.0,148.0,148.0,146.0,147.0,146.0,146.0,147.0,151.0,148.0,149.0,146.0,147.0,147.0,147.0,145.0,143.0,146.0,149.0,156.0,155.0,154.0,154.0,158.0
video_recv_googDecodeMs_2623508538,-1,1.0,1.0,1.0,1.0,1.0,1.0,1.0,1.0,1.0,1.0,1.0,1.0,1.0,6.0,1.0,1.0,1.0,1.0,1.0,3.0,1.0,2.0,1.0,1.0,1.0,1.0,1.0,1.0,1.0,1.0,1.0,1.0,1.0,1.0,1.0,1.0,1.0,1.0,1.0,1.0,2.0,1.0,1.0,1.0,1.0,1.0,1.0,1.0,1.0,1.0,1.0,1.0,1.0,1.0,1.0,1.0,1.0,1.0,1.0,1.0,1.0,1.0,1.0,1.0,1.0,1.0,1.0,5.0,2.0,1.0,1.0,1.0,1.0,1.0,1.0,1.0,1.0,1.0,1.0,1.0,1.0,1.0,1.0,1.0,1.0,1.0,4.0,1.0
video_recv_googFrameHeightReceived_2623508538,-1,180.0,180.0,180.0,180.0,180.0,180.0,180.0,180.0,180.0,180.0,180.0,180.0,180.0,180.0,180.0,180.0,180.0,180.0,180.0,180.0,180.0,180.0,180.0,180.0,180.0,180.0,180.0,180.0,180.0,180.0,180.0,180.0,180.0,180.0,180.0,180.0,180.0,180.0,180.0,180.0,180.0,180.0,180.0,180.0,180.0,180.0,180.0,180.0,180.0,180.0,180.0,180.0,180.0,180.0,180.0,180.0,180.0,180.0,180.0,180.0,180.0,180.0,180.0,180.0,180.0,180.0,180.0,180.0,180.0,180.0,180.0,180.0,180.0,180.0,180.0,180.0,180.0,180.0,180.0,180.0,180.0,180.0,180.0,180.0,180.0,180.0,180.0,180.0
video_recv_googFrameRateOutput_2623508538,-1,8.0,7.0,20.0,25.0,24.0,16.0,20.0,25.0,22.0,24.0,26.0,24.0,27.0,31.0,23.0,29.0,26.0,22.0,25.0,28.0,31.0,30.0,29.0,30.0,31.0,27.0,25.0,29.0,32.0,30.0,28.0,30.0,30.0,31.0,30.0,30.0,28.0,20.0,17.0,23.0,33.0,35.0,30.0,33.0,31.0,32.0,28.0,27.0,22.0,30.0,30.0,28.0,27.0,26.0,28.0,26.0,29.0,26.0,24.0,28.0,26.0,24.0,27.0,26.0,23.0,27.0,32.0,29.0,25.0,29.0,29.0,31.0,30.0,30.0,26.0,29.0,31.0,27.0,29.0,29.0,31.0,30.0,17.0,24.0,29.0,30.0,29.0,18.0
video_recv_googFrameRateReceived_2623508538,-1,4.0,23.0,21.0,21.0,22.0,16.0,20.0,25.0,22.0,22.0,28.0,25.0,26.0,24.0,23.0,26.0,27.0,23.0,24.0,21.0,28.0,26.0,27.0,28.0,23.0,27.0,25.0,25.0,26.0,22.0,20.0,29.0,25.0,29.0,22.0,26.0,25.0,27.0,25.0,25.0,23.0,26.0,29.0,27.0,23.0,24.0,27.0,23.0,18.0,21.0,19.0,20.0,18.0,23.0,28.0,25.0,23.0,23.0,23.0,26.0,23.0,21.0,26.0,22.0,24.0,26.0,23.0,26.0,24.0,26.0,28.0,23.0,26.0,23.0,25.0,25.0,23.0,24.0,24.0,19.0,23.0,27.0,15.0,28.0,40.0,32.0,17.0,10.0
video_recv_googFrameWidthReceived_2623508538,-1,320.0,320.0,320.0,320.0,320.0,320.0,320.0,320.0,320.0,320.0,320.0,320.0,320.0,320.0,320.0,320.0,320.0,320.0,320.0,320.0,320.0,320.0,320.0,320.0,320.0,320.0,320.0,320.0,320.0,320.0,320.0,320.0,320.0,320.0,320.0,320.0,320.0,320.0,320.0,320.0,320.0,320.0,320.0,320.0,320.0,320.0,320.0,320.0,320.0,320.0,320.0,320.0,320.0,320.0,320.0,320.0,320.0,320.0,320.0,320.0,320.0,320.0,320.0,320.0,320.0,320.0,320.0,320.0,320.0,320.0,320.0,320.0,320.0,320.0,320.0,320.0,320.0,320.0,320.0,320.0,320.0,320.0,320.0,320.0,320.0,320.0,320.0,320.0
video_recv_googInterframeDelayMax_2623508538,-1,185.0,464.0,352.0,145.0,147.0,264.0,184.0,158.0,175.0,175.0,173.0,168.0,165.0,165.0,158.0,158.0,177.0,160.0,157.0,157.0,157.0,155.0,155.0,153.0,155.0,168.0,158.0,152.0,154.0,152.0,151.0,156.0,159.0,152.0,148.0,150.0,156.0,151.0,149.0,146.0,146.0,147.0,151.0,167.0,146.0,150.0,145.0,191.0,191.0,151.0,144.0,145.0,146.0,175.0,117.0,144.0,143.0,137.0,175.0,142.0,144.0,126.0,153.0,144.0,196.0,148.0,148.0,149.0,166.0,158.0,168.0,146.0,146.0,147.0,144.0,145.0,143.0,141.0,145.0,146.0,146.0,150.0,163.0,196.0,153.0,145.0,146.0,194.0
video_recv_googJitterBufferMs_2623508538,-1,22.0,93.0,192.0,155.0,139.0,158.0,158.0,153.0,147.0,140.0,135.0,135.0,135.0,133.0,134.0,134.0,133.0,134.0,137.0,135.0,134.0,134.0,132.0,132.0,133.0,133.0,130.0,127.0,127.0,126.0,126.0,133.0,135.0,131.0,131.0,131.0,133.0,133.0,133.0,134.0,133.0,132.0,131.0,129.0,129.0,128.0,130.0,129.0,130.0,129.0,128.0,130.0,135.0,135.0,134.0,136.0,135.0,136.0,136.0,135.0,131.0,133.0,132.0,133.0,136.0,136.0,136.0,134.0,135.0,134.0,134.0,135.0,138.0,135.0,136.0,134.0,135.0,135.0,135.0,133.0,131.0,134.0,138.0,144.0,143.0,142.0,142.0,146.0
video_recv_googPlisSent_2623508538,-1,1.0,1.0,1.0,1.0,1.0,1.0,1.0,1.0,1.0,1.0,1.0,1.0,1.0,1.0,1.0,1.0,1.0,1.0,1.0,1.0,1.0,1.0,1.0,1.0,1.0,1.0,1.0,1.0,1.0,1.0,1.0,1.0,1.0,1.0,1.0,1.0,1.0,1.0,1.0,1.0,1.0,1.0,1.0,1.0,1.0,1.0,1.0,1.0,1.0,1.0,1.0,1.0,1.0,1.0,1.0,1.0,1.0,1.0,1.0,1.0,1.0,1.0,1.0,1.0,1.0,1.0,1.0,1.0,1.0,1.0,1.0,1.0,1.0,1.0,1.0,1.0,1.0,1.0,1.0,1.0,1.0,1.0,1.0,1.0,1.0,1.0,1.0,1.0
audio_send_googRtt_2530614182,-1,-1,580.0,581.0,581.0,581.0,581.0,581.0,580.0,36.0,36.0,36.0,33.0,33.0,32.0,33.0,28.0,28.0,29.0,29.0,28.0,28.0,29.0,29.0,29.0,29.0,29.0,29.0,29.0,29.0,30.0,29.0,29.0,49.0,49.0,49.0,51.0,42.0,35.0,35.0,35.0,36.0,31.0,30.0,30.0,31.0,31.0,33.0,32.0,32.0,33.0,33.0,29.0,29.0,29.0,29.0,29.0,29.0,29.0,29.0,31.0,30.0,31.0,37.0,37.0,37.0,38.0,38.0,38.0,39.0,39.0,39.0,31.0,31.0,32.0,32.0,40.0,40.0,39.0,39.0,39.0,40.0,41.0,40.0,40.0,40.0,40.0,40.0,29.0
video_recv_resolutionChangesReceived_276926939,0,0,0,0,0,0,0,0,0,0,0,0,0,1,1,1,1,1,1,1,1,1,1,1,1,1,1,1,1,1,1,1,1,1,1,1,1,1,1,1,1,1,1,1,1,1,1,1,1,1,1,1,1,1,1,1,1,1,1,1,1,1,1,1,1,1,1,1,1,1,1,1,1,1,1,1,1,1,1,1,1,1,1,1,1,1,1,1,1
video_send_resolutionChangesInput_1468427533,0,0,0,0,0,0,0,0,0,0,0,0,0,0,0,0,0,0,0,0,0,0,0,0,0,0,0,0,0,0,0,0,0,0,0,0,0,0,0,0,0,0,0,0,0,0,0,0,0,0,0,0,0,0,0,0,0,0,0,0,0,0,0,0,0,0,0,0,0,0,0,0,0,0,0,0,0,0,0,0,0,0,0,0,0,0,0,0,0
video_send_resolutionChangesSent_1468427533,0,0,0,0,0,0,0,0,0,0,0,0,0,0,0,0,0,0,0,0,0,0,0,0,0,0,0,0,0,0,0,0,0,0,0,0,0,0,0,0,0,0,0,0,0,0,0,0,0,0,0,0,0,0,0,0,0,0,0,0,0,0,0,0,0,0,0,0,0,0,0,0,0,0,0,0,0,0,0,0,0,0,0,0,0,0,0,0,0
video_recv_resolutionChangesReceived_2623508538,0,1,1,1,1,1,1,1,1,1,1,1,1,1,1,1,1,1,1,1,1,1,1,1,1,1,1,1,1,1,1,1,1,1,1,1,1,1,1,1,1,1,1,1,1,1,1,1,1,1,1,1,1,1,1,1,1,1,1,1,1,1,1,1,1,1,1,1,1,1,1,1,1,1,1,1,1,1,1,1,1,1,1,1,1,1,1,1,1
audio_recv_kbitsReceivedPerSecond_2592071545,6,4,11,6,6,6,13,18,13,23,28,19,27,27,34,11,10,8,8,13,14,26,37,16,6,7,10,10,10,9,12,14,14,8,8,8,9,12,8,8,12,8,9,11,12,16,9,8,8,11,8,10,8,7,11,10,12,8,14,9,8,8,12,8,8,8,9,7,15,24,42,13,13,15,7,8,8,9,10,8,9,11,12,21,22,19,15,16,8
kpi_q_audio_2592071545,1,1,2,1,1,1,2,3,2,3,4,3,4,4,5,2,2,1,1,2,2,4,5,3,1,1,2,2,2,2,2,2,2,1,1,1,1,2,1,1,2,1,1,2,2,3,2,1,1,2,1,2,1,1,2,2,2,1,2,1,1,1,2,1,1,1,2,1,2,4,5,2,2,2,1,1,1,1,2,1,1,2,2,3,3,3,2,3,1
video_recv_kbitsReceivedPerSecond_276926939,224,243,201,218,210,202,220,205,199,208,209,223,199,216,153,198,231,211,200,207,206,227,197,201,221,200,227,204,196,209,208,224,195,201,221,197,228,203,195,212,208,227,189,201,225,197,231,199,196,213,207,228,189,203,219,199,228,203,198,212,207,228,186,277,166,186,224,205,200,214,207,227,184,205,221,198,227,206,199,207,210,224,189,202,224,202,225,200,201
kpi_resolution_stability_276926939,3.2069470407144487,3.2069470407144487,3.2069470407144487,3.2069470407144487,3.2069470407144487,3.2069470407144487,3.2069470407144487,3.2069470407144487,3.2069470407144487,3.2069470407144487,3.2069470407144487,3.2069470407144487,3.2069470407144487,3.2069470407144487,3.2069470407144487,3.2069470407144487,3.2069470407144487,3.2069470407144487,3.2069470407144487,3.2069470407144487,3.2069470407144487,3.2069470407144487,3.2069470407144487,3.2069470407144487,3.2069470407144487,3.2069470407144487,3.2069470407144487,3.2069470407144487,3.2069470407144487,3.2069470407144487,3.2069470407144487,3.2069470407144487,3.2069470407144487,3.2069470407144487,3.2069470407144487,3.2069470407144487,3.2069470407144487,3.2069470407144487,3.2069470407144487,3.2069470407144487,3.2069470407144487,3.2069470407144487,3.2069470407144487,3.2069470407144487,3.2069470407144487,3.2069470407144487,3.2069470407144487,3.2069470407144487,3.2069470407144487,3.2069470407144487,3.2069470407144487,3.2069470407144487,3.2069470407144487,3.2069470407144487,3.2069470407144487,3.2069470407144487,3.2069470407144487,3.2069470407144487,3.2069470407144487,3.2069470407144487,3.2069470407144487,3.2069470407144487,3.2069470407144487,3.2069470407144487,3.2069470407144487,3.2069470407144487,3.2069470407144487,3.2069470407144487,3.2069470407144487,3.2069470407144487,3.2069470407144487,3.2069470407144487,3.2069470407144487,3.2069470407144487,3.2069470407144487,3.2069470407144487,3.2069470407144487,3.2069470407144487,3.2069470407144487,3.2069470407144487,3.2069470407144487,3.2069470407144487,3.2069470407144487,3.2069470407144487,3.2069470407144487,3.2069470407144487,3.2069470407144487,3.2069470407144487,3.2069470407144487
max_resolution_percentage_276926939,85.39325842696628,85.39325842696628,85.39325842696628,85.39325842696628,85.39325842696628,85.39325842696628,85.39325842696628,85.39325842696628,85.39325842696628,85.39325842696628,85.39325842696628,85.39325842696628,85.39325842696628,85.39325842696628,85.39325842696628,85.39325842696628,85.39325842696628,85.39325842696628,85.39325842696628,85.39325842696628,85.39325842696628,85.39325842696628,85.39325842696628,85.39325842696628,85.39325842696628,85.39325842696628,85.39325842696628,85.39325842696628,85.39325842696628,85.39325842696628,85.39325842696628,85.39325842696628,85.39325842696628,85.39325842696628,85.39325842696628,85.39325842696628,85.39325842696628,85.39325842696628,85.39325842696628,85.39325842696628,85.39325842696628,85.39325842696628,85.39325842696628,85.39325842696628,85.39325842696628,85.39325842696628,85.39325842696628,85.39325842696628,85.39325842696628,85.39325842696628,85.39325842696628,85.39325842696628,85.39325842696628,85.39325842696628,85.39325842696628,85.39325842696628,85.39325842696628,85.39325842696628,85.39325842696628,85.39325842696628,85.39325842696628,85.39325842696628,85.39325842696628,85.39325842696628,85.39325842696628,85.39325842696628,85.39325842696628,85.39325842696628,85.39325842696628,85.39325842696628,85.39325842696628,85.39325842696628,85.39325842696628,85.39325842696628,85.39325842696628,85.39325842696628,85.39325842696628,85.39325842696628,85.39325842696628,85.39325842696628,85.39325842696628,85.39325842696628,85.39325842696628,85.39325842696628,85.39325842696628,85.39325842696628,85.39325842696628,85.39325842696628,85.39325842696628
kpi_resolution_stability_norm_276926939,kpi_resolution_stability_276926939,3.2069470407144487,3.2069470407144487,3.2069470407144487,3.2069470407144487,3.2069470407144487,3.2069470407144487,3.2069470407144487,3.2069470407144487,3.2069470407144487,3.2069470407144487,3.2069470407144487,3.2069470407144487,3.2069470407144487,3.2069470407144487,3.2069470407144487,3.2069470407144487,3.2069470407144487,3.2069470407144487,3.2069470407144487,3.2069470407144487,3.2069470407144487,3.2069470407144487,3.2069470407144487,3.2069470407144487,3.2069470407144487,3.2069470407144487,3.2069470407144487,3.2069470407144487,3.2069470407144487,3.2069470407144487,3.2069470407144487,3.2069470407144487,3.2069470407144487,3.2069470407144487,3.2069470407144487,3.2069470407144487,3.2069470407144487,3.2069470407144487,3.2069470407144487,3.2069470407144487,3.2069470407144487,3.2069470407144487,3.2069470407144487,3.2069470407144487,3.2069470407144487,3.2069470407144487,3.2069470407144487,3.2069470407144487,3.2069470407144487,3.2069470407144487,3.2069470407144487,3.2069470407144487,3.2069470407144487,3.2069470407144487,3.2069470407144487,3.2069470407144487,3.2069470407144487,3.2069470407144487,3.2069470407144487,3.2069470407144487,3.2069470407144487,3.2069470407144487,3.2069470407144487,3.2069470407144487,3.2069470407144487,3.2069470407144487,3.2069470407144487,3.2069470407144487,3.2069470407144487,3.2069470407144487,3.2069470407144487,3.2069470407144487,3.2069470407144487,3.2069470407144487,3.2069470407144487,3.2069470407144487,3.2069470407144487,3.2069470407144487,3.2069470407144487,3.2069470407144487,3.2069470407144487,3.2069470407144487,3.2069470407144487,3.2069470407144487,3.2069470407144487,3.2069470407144487,3.2069470407144487,3.2069470407144487,3.2069470407144487
max_resolution_percentage_norm_276926939,max_resolution_percentage_276926939,85.39325842696628,85.39325842696628,85.39325842696628,85.39325842696628,85.39325842696628,85.39325842696628,85.39325842696628,85.39325842696628,85.39325842696628,85.39325842696628,85.39325842696628,85.39325842696628,85.39325842696628,85.39325842696628,85.39325842696628,85.39325842696628,85.39325842696628,85.39325842696628,85.39325842696628,85.39325842696628,85.39325842696628,85.39325842696628,85.39325842696628,85.39325842696628,85.39325842696628,85.39325842696628,85.39325842696628,85.39325842696628,85.39325842696628,85.39325842696628,85.39325842696628,85.39325842696628,85.39325842696628,85.39325842696628,85.39325842696628,85.39325842696628,85.39325842696628,85.39325842696628,85.39325842696628,85.39325842696628,85.39325842696628,85.39325842696628,85.39325842696628,85.39325842696628,85.39325842696628,85.39325842696628,85.39325842696628,85.39325842696628,85.39325842696628,85.39325842696628,85.39325842696628,85.39325842696628,85.39325842696628,85.39325842696628,85.39325842696628,85.39325842696628,85.39325842696628,85.39325842696628,85.39325842696628,85.39325842696628,85.39325842696628,85.39325842696628,85.39325842696628,85.39325842696628,85.39325842696628,85.39325842696628,85.39325842696628,85.39325842696628,85.39325842696628,85.39325842696628,85.39325842696628,85.39325842696628,85.39325842696628,85.39325842696628,85.39325842696628,85.39325842696628,85.39325842696628,85.39325842696628,85.39325842696628,85.39325842696628,85.39325842696628,85.39325842696628,85.39325842696628,85.39325842696628,85.39325842696628,85.39325842696628,85.39325842696628,85.39325842696628,85.39325842696628
kpi_fps_stability_276926939,5,5,5,5,5,5,5,5,5,5,5,5,5,5,5,5,5,5,5,5,5,5,5,5,5,5,5,5,5,5,5,5,5,5,5,5,5,5,5,5,5,5,5,5,5,5,5,5,5,5,5,5,5,5,5,5,5,5,5,5,5,5,5,5,5,5,5,5,5,5,5,5,5,5,5,5,5,5,5,5,5,5,5,5,5,5,5,5,5
kpi_q_video_276926939,1.9,2.0,1.8,1.8499999999999999,1.8499999999999999,1.8,1.8499999999999999,1.8,1.7428571428571429,1.8,1.8,1.9,1.7428571428571429,1.8499999999999999,1.5142857142857142,1.7428571428571429,1.95,1.8499999999999999,1.8,1.8,1.8,1.9,1.7428571428571429,1.8,1.9,1.8,1.9,1.8,1.7428571428571429,1.8,1.8,1.9,1.7428571428571429,1.8,1.9,1.7428571428571429,1.9,1.8,1.7428571428571429,1.8499999999999999,1.8,1.9,1.6857142857142855,1.8,1.9,1.7428571428571429,1.95,1.7428571428571429,1.7428571428571429,1.8499999999999999,1.8,1.9,1.6857142857142855,1.8,1.8499999999999999,1.7428571428571429,1.9,1.8,1.7428571428571429,1.8499999999999999,1.8,1.9,1.6857142857142855,2.15,1.5714285714285714,1.6857142857142855,1.9,1.8,1.8,1.8499999999999999,1.8,1.9,1.6857142857142855,1.8,1.9,1.7428571428571429,1.9,1.8,1.7428571428571429,1.8,1.8499999999999999,1.9,1.6857142857142855,1.8,1.9,1.8,1.9,1.8,1.8
1_way_delay_audio_send_1468427533_0,-0.5,-0.5,290.0,290.5,290.5,290.5,290.5,290.5,290.0,18.0,18.0,18.0,16.5,16.5,16.0,16.5,14.0,14.0,14.5,14.5,14.0,14.0,14.5,14.5,14.5,14.5,14.5,14.5,14.5,14.5,15.0,14.5,14.5,24.5,24.5,24.5,25.5,21.0,17.5,17.5,17.5,18.0,15.5,15.0,15.0,15.5,15.5,16.5,16.0,16.0,16.5,16.5,14.5,14.5,14.5,14.5,14.5,14.5,14.5,14.5,15.5,15.0,15.5,18.5,18.5,18.5,19.0,19.0,19.0,19.5,19.5,19.5,15.5,15.5,16.0,16.0,20.0,20.0,19.5,19.5,19.5,20.0,20.5,20.0,20.0,20.0,20.0,20.0,14.5
1_way_delay_video_send_1468427533_0,0.0,0.0,264.5,279.0,220.0,190.0,179.0,175.5,177.0,147.5,71.0,35.0,23.0,18.5,16.0,15.0,15.0,14.0,14.0,14.5,14.5,14.0,14.0,14.0,14.5,14.5,15.5,14.5,15.0,14.5,14.5,14.5,14.5,15.0,17.5,19.0,19.5,20.0,19.0,17.0,16.0,16.0,16.0,15.0,15.0,15.0,15.0,15.0,15.0,15.0,15.0,15.0,15.0,14.5,14.5,14.5,14.5,14.5,14.5,14.5,14.5,14.5,14.5,15.0,16.0,17.5,17.0,17.0,17.0,18.5,20.5,18.5,18.0,16.0,15.0,15.0,15.5,16.5,17.0,17.0,16.5,16.5,18.5,18.5,17.5,17.5,17.0,17.0,16.5
ear_ear_delay_audio_send_1468427533_0,-1.5,2.5,708.0,1432.5,1460.5,1478.5,1504.5,1530.5,1761.0,1686.0,1684.0,1706.0,1763.5,2006.5,2255.0,1908.5,2024.0,2102.0,2102.5,2402.5,2164.0,1681.0,994.5,396.5,65.5,16.5,84.5,15.5,21.5,24.5,43.0,21.5,21.5,35.5,26.5,26.5,29.5,32.0,20.5,20.5,27.5,20.0,27.5,16.0,15.0,45.5,19.5,19.5,18.0,21.0,18.5,29.5,16.5,18.5,20.5,21.5,23.5,17.5,24.5,17.5,22.5,24.0,27.5,48.5,24.5,48.5,110.0,25.0,19.0,26.5,92.5,21.5,119.5,448.5,134.0,16.0,22.0,20.0,49.5,29.5,406.5,607.0,140.5,32.0,24.0,76.0,56.0,31.0,22.5
audio_packet_loss_percentage_send_1468427533_0,0.0,0.0,0.0,0.0,0.0,0.0,0.0,0.0,0.0,0.0,0.0,0.0,0.0,0.0,0.0,0.0,0.0,0.0,0.0,0.0,0.0,0.0,0.0,0.0,0.0,0.0,0.0,0.0,0.0,0.0,0.0,0.0,0.0,0.0,0.0,0.0,0.0,0.0,0.0,0.0,0.0,0.0,0.0,0.0,0.0,0.0,0.0,0.0,0.0,0.0,0.0,0.0,0.0,0.0,0.0,0.0,0.0,0.0,0.0,0.0,0.0,0.0,0.0,0.0,0.0,0.0,0.0,0.0,0.0,0.0,0.0,0.0,0.0,0.0,0.0,0.0,0.0,0.0,0.0,0.0,0.0,0.0,0.0,0.0,0.0,0.0,0.0,0.0
e_model_audio_send_1468427533_0,94.14,18.831000000000003,0,0,0,0,0,0,0,0,0,0,0,0,0,0,0,0,0,0,0,0,60.572,92.628,93.804,92.172,93.828,93.684,93.61200000000001,93.168,93.684,93.684,93.348,93.56400000000001,93.56400000000001,93.492,93.432,93.708,93.708,93.54,93.72,93.54,93.816,93.84,93.108,93.732,93.732,93.768,93.696,93.756,93.492,93.804,93.756,93.708,93.684,93.636,93.78,93.61200000000001,93.78,93.66,93.62400000000001,93.54,93.036,93.61200000000001,93.036,91.56,93.60000000000001,93.744,93.56400000000001,91.98,93.684,91.33200000000001,53.604000000000006,90.98400000000001,93.816,93.672,93.72,93.012,93.492,59.232,32.36500000000001,90.828,93.432,93.62400000000001,92.376,92.85600000000001,93.456
kpi_audio_synchronization_1468427533_0,4.426735802392,1.2185991752686631,1.0,1.0,1.0,1.0,1.0,1.0,1.0,1.0,1.0,1.0,1.0,1.0,1.0,1.0,1.0,1.0,1.0,1.0,1.0,1.0,3.1295824841952644,4.397941034479936,4.420670461442753,4.388509734172864,4.4211100828831364,4.418457679857473,4.417118292301504,4.408665544216576,4.418457679857473,4.418457679857473,4.412132293358656,4.416220494188992,4.416220494188992,4.414866499019585,4.413731489857025,4.418902190823617,4.418902190823617,4.415770134952001,4.419124080064001,4.415770134952001,4.420890394582528,4.421329526272,4.407497903070015,4.419345725045825,4.419345725045825,4.420009193714176,4.418680057397249,4.419788281943489,4.414866499019585,4.420670461442753,4.419788281943489,4.418902190823617,4.418457679857473,4.417565730015808,4.420229860936,4.417118292301504,4.420229860936,4.418012192728001,4.417342132997633,4.415770134952001,4.406088796105408,4.417118292301504,4.406088796105408,4.375319553088001,4.416894208,4.4195671256965126,4.416220494188992,4.3844369552560005,4.418457679857473,4.370251304655425,2.7647915352699526,4.362355773532673,4.420890394582528,4.418235058276864,4.419124080064001,4.405617172035905,4.414866499019585,3.0601381955338245,1.7093225844101256,4.358754126675137,4.413731489857025,4.417342132997633,4.392771166586368,4.402528243813888,4.414186221580288
eye_eye_delay_video_send_1468427533_0,-1.0,0.0,311.5,331.0,295.0,274.0,266.0,261.5,260.0,229.5,154.0,118.0,107.0,102.5,101.0,99.0,98.0,99.0,96.0,98.5,96.5,97.0,96.0,97.0,98.5,98.5,100.5,98.5,98.0,96.5,96.5,98.5,97.5,99.0,103.5,106.0,105.5,107.0,105.0,104.0,102.0,102.0,102.0,101.0,101.0,100.0,100.0,99.0,98.0,97.0,97.0,97.0,96.0,96.5,95.5,97.5,97.5,99.5,100.5,98.5,100.5,98.5,97.5,98.0,99.0,98.5,98.0,97.0,97.0,98.5,102.5,99.5,98.0,95.0,95.0,95.0,95.5,96.5,97.0,99.0,98.5,98.5,100.5,102.5,101.5,101.5,101.0,103.0,101.5
kpi_video_synchronization_1468427533_0,5,5,2.1799999999999997,1.92,2.4000000000000004,2.68,2.786666666666667,2.8466666666666667,2.8666666666666667,3.2733333333333334,4.28,4.76,4.906666666666666,4.966666666666667,4.986666666666666,5,5,5,5,5,5,5,5,5,5,5,4.993333333333333,5,5,5,5,5,5,5,4.953333333333333,4.92,4.926666666666667,4.906666666666666,4.933333333333334,4.946666666666666,4.973333333333334,4.973333333333334,4.973333333333334,4.986666666666666,4.986666666666666,1,1,5,5,5,5,5,5,5,5,5,5,5,4.993333333333333,5,4.993333333333333,5,5,5,5,5,5,5,5,5,4.966666666666667,5,5,5,5,5,5,5,5,5,5,5,4.993333333333333,4.966666666666667,4.98,4.98,4.986666666666666,4.96,4.98
av_delay_send_1468427533_0,-0.5,2.5,396.5,1101.5,1165.5,1204.5,1238.5,1269.0,1501.0,1456.5,1530.0,1588.0,1656.5,1904.0,2154.0,1809.5,1926.0,2003.0,2006.5,2304.0,2067.5,1584.0,898.5,299.5,-33.0,-82.0,-16.0,-83.0,-76.5,-72.0,-53.5,-77.0,-76.0,-63.5,-77.0,-79.5,-76.0,-75.0,-84.5,-83.5,-74.5,-82.0,-74.5,-85.0,-86.0,-54.5,-80.5,-79.5,-80.0,-76.0,-78.5,-67.5,-79.5,-78.0,-75.0,-76.0,-74.0,-82.0,-76.0,-81.0,-78.0,-74.5,-70.0,-49.5,-74.5,-50.0,12.0,-72.0,-78.0,-72.0,-10.0,-78.0,21.5,353.5,39.0,-79.0,-73.5,-76.5,-47.5,-69.5,308.0,508.5,40.0,-70.5,-77.5,-25.5,-45.0,-72.0,-79.0
kpi_av_synchronization_1468427533_0,5,5,1,1,1,1,1,1,1,1,1,1,1,1,1,1,1,1,1,1,1,1,1,1,5,5,5,5,5,5,5,5,5,5,5,5,5,5,5,5,5,5,5,5,5,5,5,5,5,5,5,5,5,5,5,5,5,5,5,5,5,5,5,5,5,5,5,5,5,5,5,5,5,1,5,5,5,5,5,5,1,1,5,5,5,5,5,5,5
1_way_delay_audio_send_1468427533_1,-0.5,-0.5,290.0,290.5,290.5,290.5,290.5,290.5,290.0,18.0,18.0,18.0,16.5,16.5,16.0,16.5,14.0,14.0,14.5,14.5,14.0,14.0,14.5,14.5,14.5,14.5,14.5,14.5,14.5,14.5,15.0,14.5,14.5,24.5,24.5,24.5,25.5,21.0,17.5,17.5,17.5,18.0,15.5,15.0,15.0,15.5,15.5,16.5,16.0,16.0,16.5,16.5,14.5,14.5,14.5,14.5,14.5,14.5,14.5,14.5,15.5,15.0,15.5,18.5,18.5,18.5,19.0,19.0,19.0,19.5,19.5,19.5,15.5,15.5,16.0,16.0,20.0,20.0,19.5,19.5,19.5,20.0,20.5,20.0,20.0,20.0,20.0,20.0,14.5
1_way_delay_video_send_1468427533_1,0.0,0.0,264.5,279.0,220.0,190.0,179.0,175.5,177.0,147.5,71.0,35.0,23.0,18.5,16.0,15.0,15.0,14.0,14.0,14.5,14.5,14.0,14.0,14.0,14.5,14.5,15.5,14.5,15.0,14.5,14.5,14.5,14.5,15.0,17.5,19.0,19.5,20.0,19.0,17.0,16.0,16.0,16.0,15.0,15.0,15.0,15.0,15.0,15.0,15.0,15.0,15.0,15.0,14.5,14.5,14.5,14.5,14.5,14.5,14.5,14.5,14.5,14.5,15.0,16.0,17.5,17.0,17.0,17.0,18.5,20.5,18.5,18.0,16.0,15.0,15.0,15.5,16.5,17.0,17.0,16.5,16.5,18.5,18.5,17.5,17.5,17.0,17.0,16.5
ear_ear_delay_audio_send_1468427533_1,296.5,2.5,943.0,991.5,771.5,449.5,453.5,490.5,410.0,135.0,78.0,70.0,82.5,95.5,17.0,76.5,26.0,84.0,84.5,84.5,22.0,25.0,24.5,15.5,28.5,23.5,35.5,17.5,16.5,16.5,18.0,24.5,15.5,33.5,33.5,25.5,28.5,30.0,23.5,24.5,22.5,24.0,28.5,24.0,19.0,23.5,24.5,16.5,28.0,23.0,29.5,20.5,25.5,26.5,28.5,20.5,18.5,23.5,16.5,22.5,15.5,17.0,21.5,27.5,24.5,22.5,24.0,22.0,20.0,25.5,26.5,21.5,79.5,19.5,22.0,23.0,26.0,24.0,25.5,91.5,63.5,20.0,70.5,22.0,22.0,22.0,27.0,21.0,28.5
audio_packet_loss_percentage_send_1468427533_1,0.0,0.0,0.0,0.0,0.0,0.0,0.0,0.0,0.0,0.0,0.0,0.0,0.0,0.0,0.0,0.0,0.0,0.0,0.0,0.0,0.0,0.0,0.0,0.0,0.0,0.0,0.0,0.0,0.0,0.0,0.0,0.0,0.0,0.0,0.0,0.0,0.0,0.0,0.0,0.0,0.0,0.0,0.0,0.0,0.0,0.0,0.0,0.0,0.0,0.0,0.0,0.0,0.0,0.0,0.0,0.0,0.0,0.0,0.0,0.0,0.0,0.0,0.0,0.0,0.0,0.0,0.0,0.0,0.0,0.0,0.0,0.0,0.0,0.0,0.0,0.0,0.0,0.0,0.0,0.0,0.0,0.0,0.0,0.0,0.0,0.0,0.0,0.0
e_model_audio_send_1468427533_1,73.97200000000001,94.14,0,0,10.321999999999989,53.47,52.934000000000005,47.976000000000006,58.763000000000005,90.96000000000001,92.328,92.52,92.22,91.908,93.792,92.364,93.57600000000001,92.184,92.172,92.172,93.672,93.60000000000001,93.61200000000001,93.828,93.516,93.636,93.348,93.78,93.804,93.804,93.768,93.61200000000001,93.828,93.396,93.396,93.58800000000001,93.516,93.48,93.636,93.61200000000001,93.66,93.62400000000001,93.516,93.62400000000001,93.744,93.636,93.61200000000001,93.804,93.528,93.648,93.492,93.708,93.58800000000001,93.56400000000001,93.516,93.708,93.756,93.636,93.804,93.66,93.828,93.792,93.684,93.54,93.61200000000001,93.66,93.62400000000001,93.672,93.72,93.58800000000001,93.56400000000001,93.684,92.292,93.732,93.672,93.648,93.57600000000001,93.62400000000001,93.58800000000001,92.004,92.676,93.72,92.50800000000001,93.672,93.672,93.672,93.552,93.696
kpi_audio_synchronization_1468427533_1,3.7773262678976645,4.426735802392,1.0,1.0,1.0393767187362641,2.7577253895390004,2.7294607865044727,2.4690848006087687,3.0357224260733715,4.361804174848,4.391774602779137,4.395738170944,4.389518544664001,4.382894220682816,4.420450283536384,4.3925223796481925,4.416445308871168,4.388762289321472,4.388509734172864,4.388509734172864,4.418235058276864,4.416894208,4.417118292301504,4.4211100828831364,4.415318803035329,4.417565730015808,4.412132293358656,4.420229860936,4.420670461442753,4.420670461442753,4.420009193714176,4.417118292301504,4.4211100828831364,4.413047573578048,4.413047573578048,4.4166698801656965,4.415318803035329,4.414639982656,4.417565730015808,4.417118292301504,4.418012192728001,4.417342132997633,4.415318803035329,4.417342132997633,4.4195671256965126,4.417565730015808,4.417118292301504,4.420670461442753,4.415544590542337,4.4177890832834565,4.414866499019585,4.418902190823617,4.4166698801656965,4.416220494188992,4.415318803035329,4.418902190823617,4.419788281943489,4.417565730015808,4.420670461442753,4.418012192728001,4.4211100828831364,4.420450283536384,4.418457679857473,4.415770134952001,4.417118292301504,4.418012192728001,4.417342132997633,4.418235058276864,4.419124080064001,4.4166698801656965,4.416220494188992,4.418457679857473,4.391024703352385,4.419345725045825,4.418235058276864,4.4177890832834565,4.416445308871168,4.417342132997633,4.4166698801656965,4.384949331007553,4.398913909077568,4.419124080064001,4.395492222356417,4.418235058276864,4.418235058276864,4.418235058276864,4.415995436191745,4.418680057397249
eye_eye_delay_video_send_1468427533_1,47.0,77.0,331.5,341.0,276.0,242.0,228.0,222.5,223.0,191.5,114.0,76.0,62.0,55.5,51.0,48.0,46.0,44.0,42.0,40.5,38.5,36.0,35.0,34.0,33.5,32.5,32.5,32.5,33.0,33.5,35.5,35.5,35.5,36.0,39.5,41.0,41.5,43.0,41.0,39.0,38.0,38.0,39.0,37.0,37.0,37.0,36.0,36.0,35.0,35.0,35.0,35.0,36.0,35.5,35.5,35.5,35.5,35.5,35.5,35.5,34.5,34.5,34.5,35.0,36.0,38.5,38.0,38.0,38.0,39.5,41.5,39.5,39.0,37.0,36.0,36.0,36.5,37.5,38.0,38.0,37.5,37.5,39.5,39.5,37.5,37.5,37.0,37.0,36.5
kpi_video_synchronization_1468427533_1,5,5,1.9133333333333336,1.7866666666666666,2.6533333333333333,3.106666666666667,3.2933333333333334,3.3666666666666667,3.3600000000000003,3.7800000000000002,4.8133333333333335,5,5,5,5,5,5,5,5,5,5,5,5,5,5,5,5,5,5,5,5,5,5,5,5,5,5,5,5,5,5,5,5,5,5,5,5,5,5,5,5,5,5,5,5,5,5,5,5,5,5,5,5,5,5,5,5,5,5,5,5,5,5,5,5,5,5,5,5,5,5,5,5,5,5,5,5,5,5
av_delay_send_1468427533_1,249.5,-74.5,611.5,650.5,495.5,207.5,225.5,268.0,187.0,-56.5,-36.0,-6.0,20.5,40.0,-34.0,28.5,-20.0,40.0,42.5,44.0,-16.5,-11.0,-10.5,-18.5,-5.0,-9.0,3.0,-15.0,-16.5,-17.0,-17.5,-11.0,-20.0,-2.5,-6.0,-15.5,-13.0,-13.0,-17.5,-14.5,-15.5,-14.0,-10.5,-13.0,-18.0,-13.5,-11.5,-19.5,-7.0,-12.0,-5.5,-14.5,-10.5,-9.0,-7.0,-15.0,-17.0,-12.0,-19.0,-13.0,-19.0,-17.5,-13.0,-7.5,-11.5,-16.0,-14.0,-16.0,-18.0,-14.0,-15.0,-18.0,40.5,-17.5,-14.0,-13.0,-10.5,-13.5,-12.5,53.5,26.0,-17.5,31.0,-17.5,-15.5,-15.5,-10.0,-16.0,-8.0
kpi_av_synchronization_1468427533_1,1,5,1,1,1,1,1,1,1,5,5,5,5,5,5,5,5,5,5,5,5,5,5,5,5,5,5,5,5,5,5,5,5,5,5,5,5,5,5,5,5,5,5,5,5,5,5,5,5,5,5,5,5,5,5,5,5,5,5,5,5,5,5,5,5,5,5,5,5,5,5,5,5,5,5,5,5,5,5,4.32,5,5,5,5,5,5,5,5,5
audio_recv_kbitsReceivedPerSecond_2691084121,0,0,24,21,19,16,23,19,20,19,21,23,24,22,22,14,21,22,23,22,22,23,24,23,23,23,23,23,21,13,14,21,20,21,22,19,22,20,20,21,21,20,15,17,23,24,23,22,23,22,22,24,23,23,21,26,21,24,23,21,22,20,22,20,22,21,22,22,22,19,10,15,22,24,23,23,24,24,22,26,22,14,14,20,20,12,15,13,11
kpi_q_audio_2691084121,1,1,4,3,3,3,3,3,3,3,3,3,4,3,3,2,3,3,3,3,3,3,4,3,3,3,3,3,3,2,2,3,3,3,3,3,3,3,3,3,3,3,2,3,3,4,3,3,3,3,3,4,3,3,3,4,3,4,3,3,3,3,3,3,3,3,3,3,3,3,2,2,3,4,3,3,4,4,3,4,3,2,2,3,3,2,2,2,2
video_recv_kbitsReceivedPerSecond_2623508538,0,0,189,214,180,182,119,109,149,162,184,185,185,186,194,207,204,196,195,203,211,206,215,199,196,196,207,205,201,220,209,215,204,198,236,206,241,213,251,231,235,237,281,283,253,195,220,193,173,188,207,203,225,114,164,189,181,180,182,176,194,190,181,187,203,197,190,197,205,188,209,216,196,204,188,206,222,209,228,211,139,182,132,101,98,93,102,72,76
kpi_resolution_stability_2623508538,4.17825723426219,4.17825723426219,4.17825723426219,4.17825723426219,4.17825723426219,4.17825723426219,4.17825723426219,4.17825723426219,4.17825723426219,4.17825723426219,4.17825723426219,4.17825723426219,4.17825723426219,4.17825723426219,4.17825723426219,4.17825723426219,4.17825723426219,4.17825723426219,4.17825723426219,4.17825723426219,4.17825723426219,4.17825723426219,4.17825723426219,4.17825723426219,4.17825723426219,4.17825723426219,4.17825723426219,4.17825723426219,4.17825723426219,4.17825723426219,4.17825723426219,4.17825723426219,4.17825723426219,4.17825723426219,4.17825723426219,4.17825723426219,4.17825723426219,4.17825723426219,4.17825723426219,4.17825723426219,4.17825723426219,4.17825723426219,4.17825723426219,4.17825723426219,4.17825723426219,4.17825723426219,4.17825723426219,4.17825723426219,4.17825723426219,4.17825723426219,4.17825723426219,4.17825723426219,4.17825723426219,4.17825723426219,4.17825723426219,4.17825723426219,4.17825723426219,4.17825723426219,4.17825723426219,4.17825723426219,4.17825723426219,4.17825723426219,4.17825723426219,4.17825723426219,4.17825723426219,4.17825723426219,4.17825723426219,4.17825723426219,4.17825723426219,4.17825723426219,4.17825723426219,4.17825723426219,4.17825723426219,4.17825723426219,4.17825723426219,4.17825723426219,4.17825723426219,4.17825723426219,4.17825723426219,4.17825723426219,4.17825723426219,4.17825723426219,4.17825723426219,4.17825723426219,4.17825723426219,4.17825723426219,4.17825723426219,4.17825723426219,4.17825723426219
max_resolution_percentage_2623508538,98.87640449438202,98.87640449438202,98.87640449438202,98.87640449438202,98.87640449438202,98.87640449438202,98.87640449438202,98.87640449438202,98.87640449438202,98.87640449438202,98.87640449438202,98.87640449438202,98.87640449438202,98.87640449438202,98.87640449438202,98.87640449438202,98.87640449438202,98.87640449438202,98.87640449438202,98.87640449438202,98.87640449438202,98.87640449438202,98.87640449438202,98.87640449438202,98.87640449438202,98.87640449438202,98.87640449438202,98.87640449438202,98.87640449438202,98.87640449438202,98.87640449438202,98.87640449438202,98.87640449438202,98.87640449438202,98.87640449438202,98.87640449438202,98.87640449438202,98.87640449438202,98.87640449438202,98.87640449438202,98.87640449438202,98.87640449438202,98.87640449438202,98.87640449438202,98.87640449438202,98.87640449438202,98.87640449438202,98.87640449438202,98.87640449438202,98.87640449438202,98.87640449438202,98.87640449438202,98.87640449438202,98.87640449438202,98.87640449438202,98.87640449438202,98.87640449438202,98.87640449438202,98.87640449438202,98.87640449438202,98.87640449438202,98.87640449438202,98.87640449438202,98.87640449438202,98.87640449438202,98.87640449438202,98.87640449438202,98.87640449438202,98.87640449438202,98.87640449438202,98.87640449438202,98.87640449438202,98.87640449438202,98.87640449438202,98.87640449438202,98.87640449438202,98.87640449438202,98.87640449438202,98.87640449438202,98.87640449438202,98.87640449438202,98.87640449438202,98.87640449438202,98.87640449438202,98.87640449438202,98.87640449438202,98.87640449438202,98.87640449438202,98.87640449438202
kpi_resolution_stability_norm_2623508538,kpi_resolution_stability_2623508538,4.17825723426219,4.17825723426219,4.17825723426219,4.17825723426219,4.17825723426219,4.17825723426219,4.17825723426219,4.17825723426219,4.17825723426219,4.17825723426219,4.17825723426219,4.17825723426219,4.17825723426219,4.17825723426219,4.17825723426219,4.17825723426219,4.17825723426219,4.17825723426219,4.17825723426219,4.17825723426219,4.17825723426219,4.17825723426219,4.17825723426219,4.17825723426219,4.17825723426219,4.17825723426219,4.17825723426219,4.17825723426219,4.17825723426219,4.17825723426219,4.17825723426219,4.17825723426219,4.17825723426219,4.17825723426219,4.17825723426219,4.17825723426219,4.17825723426219,4.17825723426219,4.17825723426219,4.17825723426219,4.17825723426219,4.17825723426219,4.17825723426219,4.17825723426219,4.17825723426219,4.17825723426219,4.17825723426219,4.17825723426219,4.17825723426219,4.17825723426219,4.17825723426219,4.17825723426219,4.17825723426219,4.17825723426219,4.17825723426219,4.17825723426219,4.17825723426219,4.17825723426219,4.17825723426219,4.17825723426219,4.17825723426219,4.17825723426219,4.17825723426219,4.17825723426219,4.17825723426219,4.17825723426219,4.17825723426219,4.17825723426219,4.17825723426219,4.17825723426219,4.17825723426219,4.17825723426219,4.17825723426219,4.17825723426219,4.17825723426219,4.17825723426219,4.17825723426219,4.17825723426219,4.17825723426219,4.17825723426219,4.17825723426219,4.17825723426219,4.17825723426219,4.17825723426219,4.17825723426219,4.17825723426219,4.17825723426219,4.17825723426219,4.17825723426219
max_resolution_percentage_norm_2623508538,max_resolution_percentage_2623508538,98.87640449438202,98.87640449438202,98.87640449438202,98.87640449438202,98.87640449438202,98.87640449438202,98.87640449438202,98.87640449438202,98.87640449438202,98.87640449438202,98.87640449438202,98.87640449438202,98.87640449438202,98.87640449438202,98.87640449438202,98.87640449438202,98.87640449438202,98.87640449438202,98.87640449438202,98.87640449438202,98.87640449438202,98.87640449438202,98.87640449438202,98.87640449438202,98.87640449438202,98.87640449438202,98.87640449438202,98.87640449438202,98.87640449438202,98.87640449438202,98.87640449438202,98.87640449438202,98.87640449438202,98.87640449438202,98.87640449438202,98.87640449438202,98.87640449438202,98.87640449438202,98.87640449438202,98.87640449438202,98.87640449438202,98.87640449438202,98.87640449438202,98.87640449438202,98.87640449438202,98.87640449438202,98.87640449438202,98.87640449438202,98.87640449438202,98.87640449438202,98.87640449438202,98.87640449438202,98.87640449438202,98.87640449438202,98.87640449438202,98.87640449438202,98.87640449438202,98.87640449438202,98.87640449438202,98.87640449438202,98.87640449438202,98.87640449438202,98.87640449438202,98.87640449438202,98.87640449438202,98.87640449438202,98.87640449438202,98.87640449438202,98.87640449438202,98.87640449438202,98.87640449438202,98.87640449438202,98.87640449438202,98.87640449438202,98.87640449438202,98.87640449438202,98.87640449438202,98.87640449438202,98.87640449438202,98.87640449438202,98.87640449438202,98.87640449438202,98.87640449438202,98.87640449438202,98.87640449438202,98.87640449438202,98.87640449438202,98.87640449438202,98.87640449438202
kpi_fps_stability_2623508538,1,3.5579329986594126,3.4143814103323455,4.542982187053405,4.782870430458232,4.738985153469177,4.303093943648576,4.542982187053405,4.782870430458232,4.645444442750246,4.738985153469177,4.8250342659265355,4.738985153469177,4.865606628121216,5,4.693231865584395,4.942427872760581,4.8250342659265355,4.645444442750246,4.782870430458232,4.904703300310673,5,4.978873396874005,4.942427872760581,4.978873396874005,5,4.865606628121216,4.782870430458232,4.942427872760581,5,4.978873396874005,4.904703300310673,4.978873396874005,4.978873396874005,5,4.978873396874005,4.978873396874005,4.904703300310673,4.542982187053405,4.368267837086116,4.693231865584395,5,5,4.978873396874005,5,5,5,4.904703300310673,4.865606628121216,4.645444442750246,4.978873396874005,4.978873396874005,4.904703300310673,4.865606628121216,4.8250342659265355,4.904703300310673,4.8250342659265355,4.942427872760581,4.8250342659265355,4.738985153469177,4.904703300310673,4.8250342659265355,4.738985153469177,4.865606628121216,4.8250342659265355,4.693231865584395,4.865606628121216,5,4.942427872760581,4.782870430458232,4.942427872760581,4.942427872760581,5,4.978873396874005,4.978873396874005,4.8250342659265355,4.942427872760581,5,4.865606628121216,4.942427872760581,4.942427872760581,5,4.978873396874005,4.368267837086116,4.738985153469177,4.942427872760581,4.978873396874005,4.942427872760581,4.429715418300614
kpi_q_video_2623508538,1.6857142857142855,1.8499999999999999,1.6857142857142855,1.6857142857142855,1.5142857142857142,1.5714285714285714,1.6857142857142855,1.6857142857142855,1.6857142857142855,1.6857142857142855,1.7428571428571429,1.8,1.8,1.7428571428571429,1.7428571428571429,1.8,1.8499999999999999,1.8,1.8499999999999999,1.7428571428571429,1.7428571428571429,1.7428571428571429,1.8,1.8,1.8,1.8499999999999999,1.8,1.8499999999999999,1.8,1.7428571428571429,1.95,1.8,2.0,1.8499999999999999,2.05,1.95,1.95,1.95,2.15,2.2,2.05,1.7428571428571429,1.8499999999999999,1.7428571428571429,1.6285714285714286,1.6857142857142855,1.8,1.8,1.9,1.5714285714285714,1.6857142857142855,1.6857142857142855,1.6857142857142855,1.6857142857142855,1.6285714285714286,1.7428571428571429,1.7428571428571429,1.6857142857142855,1.6857142857142855,1.8,1.7428571428571429,1.7428571428571429,1.7428571428571429,1.8,1.6857142857142855,1.8,1.8499999999999999,1.7428571428571429,1.8,1.6857142857142855,1.8,1.9,1.8,1.9,1.8499999999999999,1.457142857142857,1.6857142857142855,1.4
