bweforvideo-googAvailableReceiveBandwidth,0.0,0.0,0.0,0.0,0.0,0.0,0.0,0.0,0.0,0.0,0.0,0.0,0.0,0.0,0.0,0.0,0.0,0.0,0.0,0.0,0.0,0.0,0.0,0.0,0.0,0.0,0.0,0.0,0.0,0.0,0.0,0.0,0.0,0.0,0.0,0.0,0.0,0.0,0.0,0.0,0.0,0.0,0.0,0.0,0.0,0.0,0.0,0.0,0.0,0.0,0.0,0.0,0.0,0.0,0.0,0.0,0.0,0.0,0.0,0.0,0.0,0.0,0.0,0.0,0.0,0.0,0.0,0.0,0.0,0.0,0.0,0.0,0.0,0.0,0.0,0.0,0.0,0.0,0.0,0.0,0.0,0.0,0.0,0.0,0.0,0.0,0.0,0.0,0.0,0.0,0.0,0.0,0.0,0.0,0.0,0.0,0.0,0.0,0.0,0.0,0.0,0.0,0.0,0.0,0.0,0.0,0.0,0.0,0.0,0.0,0.0,0.0,0.0,0.0,0.0,0.0,0.0,0.0,0.0,0.0,0.0,0.0
bweforvideo-googAvailableSendBandwidth,593017.0,593017.0,593017.0,593017.0,593017.0,593017.0,593017.0,593017.0,593017.0,593017.0,593017.0,593017.0,593017.0,593017.0,593017.0,593017.0,593017.0,593017.0,593017.0,593017.0,593017.0,593017.0,593017.0,593017.0,593017.0,593017.0,593017.0,593017.0,593017.0,593017.0,593017.0,593017.0,593017.0,593017.0,593017.0,593017.0,593017.0,593017.0,593017.0,593017.0,593017.0,593017.0,593017.0,593017.0,593017.0,593017.0,593017.0,593017.0,593017.0,593017.0,593017.0,593017.0,593017.0,593017.0,593017.0,593017.0,593017.0,593017.0,593017.0,593017.0,593017.0,593017.0,593017.0,593017.0,593017.0,593017.0,593017.0,593017.0,593017.0,593017.0,593017.0,593017.0,593017.0,593017.0,593017.0,593017.0,593017.0,593017.0,593017.0,593017.0,593017.0,593017.0,593017.0,593017.0,593017.0,593017.0,593017.0,593017.0,593017.0,593017.0,593017.0,593017.0,593017.0,593017.0,593017.0,593017.0,593017.0,593017.0,593017.0,593017.0,593017.0,593017.0,593017.0,593017.0,593017.0,593017.0,593017.0,593017.0,593017.0,593017.0,593017.0,593017.0,593017.0,593017.0,593017.0,593017.0,593017.0,593017.0,593017.0,593017.0,593017.0,593017.0
bweforvideo-googBucketDelay,0.0,0.0,0.0,1.0,0.0,1.0,0.0,0.0,0.0,0.0,0.0,0.0,0.0,0.0,0.0,0.0,0.0,0.0,0.0,0.0,0.0,0.0,0.0,0.0,0.0,0.0,0.0,0.0,0.0,0.0,0.0,1.0,0.0,0.0,0.0,0.0,0.0,0.0,0.0,0.0,0.0,0.0,0.0,0.0,0.0,0.0,0.0,0.0,0.0,0.0,0.0,0.0,0.0,0.0,0.0,0.0,0.0,0.0,0.0,0.0,0.0,0.0,0.0,0.0,0.0,0.0,0.0,0.0,0.0,0.0,0.0,0.0,0.0,0.0,0.0,0.0,0.0,0.0,0.0,0.0,0.0,0.0,0.0,0.0,0.0,0.0,0.0,0.0,0.0,0.0,0.0,0.0,0.0,0.0,0.0,0.0,0.0,0.0,0.0,0.0,0.0,1.0,0.0,0.0,0.0,0.0,0.0,0.0,0.0,0.0,0.0,0.0,0.0,0.0,0.0,0.0,0.0,0.0,0.0,0.0,0.0,0.0
timestamp,1620393278,1620393279,1620393280,1620393281,1620393282,1620393283,1620393284,1620393285,1620393286,1620393287,1620393288,1620393289,1620393290,1620393291,1620393292,1620393293,1620393294,1620393295,1620393296,1620393297,1620393298,1620393299,1620393300,1620393301,1620393302,1620393303,1620393304,1620393305,1620393306,1620393307,1620393308,1620393309,1620393310,1620393311,1620393312,1620393313,1620393314,1620393315,1620393316,1620393317,1620393318,1620393319,1620393320,1620393321,1620393322,1620393323,1620393324,1620393325,1620393326,1620393327,1620393328,1620393329,1620393330,1620393331,1620393332,1620393333,1620393334,1620393335,1620393336,1620393337,1620393338,1620393339,1620393340,1620393341,1620393342,1620393343,1620393344,1620393345,1620393346,1620393347,1620393348,1620393349,1620393350,1620393351,1620393352,1620393353,1620393354,1620393355,1620393356,1620393357,1620393358,1620393359,1620393360,1620393361,1620393362,1620393363,1620393364,1620393365,1620393366,1620393367,1620393368,1620393369,1620393370,1620393371,1620393372,1620393373,1620393374,1620393375,1620393376,1620393377,1620393378,1620393379,1620393380,1620393381,1620393382,1620393383,1620393384,1620393385,1620393386,1620393387,1620393388,1620393389,1620393390,1620393391,1620393392,1620393393,1620393394,1620393395,1620393396,1620393397,1620393398,1620393399
audio_bitsReceivedPerSecond,313544.0,406720.0,402808.0,475824.0,404632.0,485432.0,470992.0,469784.0,496184.0,466368.0,518744.0,482760.0,456616.0,521504.0,468232.0,490008.0,486728.0,475096.0,488072.0,470768.0,484672.0,508008.0,463728.0,506720.0,476296.0,471392.0,485952.0,415216.0,360952.0,353136.0,390896.0,383448.0,360904.0,380608.0,413608.0,419688.0,406280.0,424592.0,456144.0,472896.0,471048.0,460824.0,476800.0,468696.0,504336.0,513064.0,493520.0,483936.0,508792.0,499096.0,519408.0,534048.0,502448.0,508056.0,524448.0,555744.0,554648.0,544120.0,534680.0,471056.0,500016.0,483032.0,470904.0,490072.0,487400.0,513784.0,537960.0,495504.0,526360.0,484600.0,485560.0,508552.0,440400.0,357488.0,380496.0,403432.0,409352.0,388352.0,419920.0,428712.0,467048.0,500240.0,492120.0,492416.0,495736.0,490928.0,495560.0,466840.0,503784.0,485456.0,491976.0,485040.0,475792.0,424616.0,444288.0,425272.0,448552.0,435912.0,493576.0,498224.0,504104.0,544832.0,437064.0,417864.0,422592.0,445344.0,467480.0,452200.0,494576.0,470344.0,494008.0,486584.0,483128.0,486968.0,490128.0,495480.0,490736.0,482232.0,502976.0,499040.0,510848.0,522768.0
audio_bitsSentPerSecond,273440.0,295952.0,290520.0,256000.0,271648.0,252288.0,266240.0,249232.0,249544.0,267344.0,250336.0,239280.0,262680.0,251064.0,271792.0,249408.0,268664.0,248800.0,253864.0,280664.0,256600.0,247776.0,261776.0,266656.0,277632.0,245352.0,274392.0,262872.0,248328.0,277064.0,251112.0,244920.0,257520.0,240520.0,275736.0,250096.0,271424.0,264824.0,246864.0,279168.0,250976.0,246968.0,259088.0,253808.0,279776.0,240232.0,274440.0,256176.0,247744.0,276696.0,251864.0,249848.0,289160.0,239096.0,271240.0,238624.0,268432.0,271352.0,251368.0,281992.0,258288.0,253296.0,266872.0,262152.0,284408.0,258056.0,279696.0,252368.0,248544.0,277224.0,249168.0,254192.0,256464.0,258064.0,281648.0,241160.0,275232.0,257376.0,247824.0,280792.0,251248.0,250136.0,260624.0,254832.0,275664.0,235064.0,276488.0,252816.0,242672.0,277480.0,248352.0,250808.0,255240.0,261672.0,272568.0,240752.0,276280.0,255304.0,248728.0,272608.0,251976.0,250768.0,280880.0,247416.0,266080.0,240616.0,281560.0,247392.0,245312.0,272904.0,250760.0,250216.0,255168.0,261992.0,271376.0,238880.0,274136.0,254280.0,249600.0,271456.0,253728.0,250664.0
audio_packetsSentPerSecond,133.0,145.0,142.0,136.0,137.0,134.0,139.0,135.0,138.0,137.0,137.0,136.0,137.0,137.0,138.0,136.0,139.0,136.0,137.0,136.0,139.0,133.0,137.0,135.0,137.0,135.0,141.0,137.0,134.0,139.0,136.0,138.0,136.0,132.0,138.0,134.0,139.0,138.0,136.0,138.0,135.0,137.0,134.0,139.0,137.0,135.0,139.0,137.0,137.0,137.0,137.0,138.0,140.0,136.0,137.0,138.0,139.0,139.0,137.0,136.0,136.0,135.0,137.0,136.0,137.0,137.0,138.0,135.0,138.0,135.0,139.0,138.0,135.0,137.0,138.0,137.0,139.0,133.0,138.0,137.0,135.0,137.0,137.0,138.0,136.0,136.0,139.0,137.0,135.0,136.0,138.0,135.0,135.0,134.0,137.0,138.0,141.0,136.0,139.0,136.0,137.0,136.0,140.0,139.0,137.0,134.0,141.0,137.0,134.0,137.0,138.0,137.0,134.0,137.0,139.0,137.0,137.0,140.0,137.0,135.0,135.0,137.0
audio_googLocalAddress,34.67.229.81:52361,34.67.229.81:52361,34.67.229.81:52361,34.67.229.81:52361,34.67.229.81:52361,34.67.229.81:52361,34.67.229.81:52361,34.67.229.81:52361,34.67.229.81:52361,34.67.229.81:52361,34.67.229.81:52361,34.67.229.81:52361,34.67.229.81:52361,34.67.229.81:52361,34.67.229.81:52361,34.67.229.81:52361,34.67.229.81:52361,34.67.229.81:52361,34.67.229.81:52361,34.67.229.81:52361,34.67.229.81:52361,34.67.229.81:52361,34.67.229.81:52361,34.67.229.81:52361,34.67.229.81:52361,34.67.229.81:52361,34.67.229.81:52361,34.67.229.81:52361,34.67.229.81:52361,34.67.229.81:52361,34.67.229.81:52361,34.67.229.81:52361,34.67.229.81:52361,34.67.229.81:52361,34.67.229.81:52361,34.67.229.81:52361,34.67.229.81:52361,34.67.229.81:52361,34.67.229.81:52361,34.67.229.81:52361,34.67.229.81:52361,34.67.229.81:52361,34.67.229.81:52361,34.67.229.81:52361,34.67.229.81:52361,34.67.229.81:52361,34.67.229.81:52361,34.67.229.81:52361,34.67.229.81:52361,34.67.229.81:52361,34.67.229.81:52361,34.67.229.81:52361,34.67.229.81:52361,34.67.229.81:52361,34.67.229.81:52361,34.67.229.81:52361,34.67.229.81:52361,34.67.229.81:52361,34.67.229.81:52361,34.67.229.81:52361,34.67.229.81:52361,34.67.229.81:52361,34.67.229.81:52361,34.67.229.81:52361,34.67.229.81:52361,34.67.229.81:52361,34.67.229.81:52361,34.67.229.81:52361,34.67.229.81:52361,34.67.229.81:52361,34.67.229.81:52361,34.67.229.81:52361,34.67.229.81:52361,34.67.229.81:52361,34.67.229.81:52361,34.67.229.81:52361,34.67.229.81:52361,34.67.229.81:52361,34.67.229.81:52361,34.67.229.81:52361,34.67.229.81:52361,34.67.229.81:52361,34.67.229.81:52361,34.67.229.81:52361,34.67.229.81:52361,34.67.229.81:52361,34.67.229.81:52361,34.67.229.81:52361,34.67.229.81:52361,34.67.229.81:52361,34.67.229.81:52361,34.67.229.81:52361,34.67.229.81:52361,34.67.229.81:52361,34.67.229.81:52361,34.67.229.81:52361,34.67.229.81:52361,34.67.229.81:52361,34.67.229.81:52361,34.67.229.81:52361,34.67.229.81:52361,34.67.229.81:52361,34.67.229.81:52361,34.67.229.81:52361,34.67.229.81:52361,34.67.229.81:52361,34.67.229.81:52361,34.67.229.81:52361,34.67.229.81:52361,34.67.229.81:52361,34.67.229.81:52361,34.67.229.81:52361,34.67.229.81:52361,34.67.229.81:52361,34.67.229.81:52361,34.67.229.81:52361,34.67.229.81:52361,34.67.229.81:52361,34.67.229.81:52361,34.67.229.81:52361,34.67.229.81:52361,34.67.229.81:52361
audio_googRemoteAddress,158.101.112.6:10000,158.101.112.6:10000,158.101.112.6:10000,158.101.112.6:10000,158.101.112.6:10000,158.101.112.6:10000,158.101.112.6:10000,158.101.112.6:10000,158.101.112.6:10000,158.101.112.6:10000,158.101.112.6:10000,158.101.112.6:10000,158.101.112.6:10000,158.101.112.6:10000,158.101.112.6:10000,158.101.112.6:10000,158.101.112.6:10000,158.101.112.6:10000,158.101.112.6:10000,158.101.112.6:10000,158.101.112.6:10000,158.101.112.6:10000,158.101.112.6:10000,158.101.112.6:10000,158.101.112.6:10000,158.101.112.6:10000,158.101.112.6:10000,158.101.112.6:10000,158.101.112.6:10000,158.101.112.6:10000,158.101.112.6:10000,158.101.112.6:10000,158.101.112.6:10000,158.101.112.6:10000,158.101.112.6:10000,158.101.112.6:10000,158.101.112.6:10000,158.101.112.6:10000,158.101.112.6:10000,158.101.112.6:10000,158.101.112.6:10000,158.101.112.6:10000,158.101.112.6:10000,158.101.112.6:10000,158.101.112.6:10000,158.101.112.6:10000,158.101.112.6:10000,158.101.112.6:10000,158.101.112.6:10000,158.101.112.6:10000,158.101.112.6:10000,158.101.112.6:10000,158.101.112.6:10000,158.101.112.6:10000,158.101.112.6:10000,158.101.112.6:10000,158.101.112.6:10000,158.101.112.6:10000,158.101.112.6:10000,158.101.112.6:10000,158.101.112.6:10000,158.101.112.6:10000,158.101.112.6:10000,158.101.112.6:10000,158.101.112.6:10000,158.101.112.6:10000,158.101.112.6:10000,158.101.112.6:10000,158.101.112.6:10000,158.101.112.6:10000,158.101.112.6:10000,158.101.112.6:10000,158.101.112.6:10000,158.101.112.6:10000,158.101.112.6:10000,158.101.112.6:10000,158.101.112.6:10000,158.101.112.6:10000,158.101.112.6:10000,158.101.112.6:10000,158.101.112.6:10000,158.101.112.6:10000,158.101.112.6:10000,158.101.112.6:10000,158.101.112.6:10000,158.101.112.6:10000,158.101.112.6:10000,158.101.112.6:10000,158.101.112.6:10000,158.101.112.6:10000,158.101.112.6:10000,158.101.112.6:10000,158.101.112.6:10000,158.101.112.6:10000,158.101.112.6:10000,158.101.112.6:10000,158.101.112.6:10000,158.101.112.6:10000,158.101.112.6:10000,158.101.112.6:10000,158.101.112.6:10000,158.101.112.6:10000,158.101.112.6:10000,158.101.112.6:10000,158.101.112.6:10000,158.101.112.6:10000,158.101.112.6:10000,158.101.112.6:10000,158.101.112.6:10000,158.101.112.6:10000,158.101.112.6:10000,158.101.112.6:10000,158.101.112.6:10000,158.101.112.6:10000,158.101.112.6:10000,158.101.112.6:10000,158.101.112.6:10000,158.101.112.6:10000,158.101.112.6:10000,158.101.112.6:10000,158.101.112.6:10000,158.101.112.6:10000
audio_googRtt,28.0,27.0,27.0,27.0,27.0,27.0,26.0,26.0,26.0,26.0,26.0,26.0,26.0,26.0,26.0,26.0,26.0,26.0,26.0,26.0,26.0,26.0,26.0,26.0,26.0,26.0,26.0,26.0,26.0,26.0,26.0,26.0,26.0,26.0,26.0,26.0,26.0,26.0,26.0,26.0,26.0,26.0,26.0,26.0,26.0,26.0,26.0,26.0,26.0,26.0,26.0,26.0,26.0,26.0,26.0,26.0,26.0,26.0,26.0,26.0,26.0,26.0,26.0,26.0,26.0,26.0,26.0,26.0,26.0,26.0,26.0,26.0,26.0,26.0,26.0,26.0,26.0,26.0,26.0,26.0,26.0,26.0,26.0,26.0,26.0,26.0,26.0,26.0,26.0,26.0,26.0,26.0,26.0,26.0,26.0,26.0,26.0,26.0,26.0,26.0,26.0,26.0,26.0,26.0,26.0,26.0,26.0,26.0,26.0,27.0,27.0,27.0,27.0,27.0,26.0,26.0,26.0,26.0,26.0,26.0,26.0,26.0
audio_send_bitsSentPerSecond_736316480,25648.0,25072.0,24624.0,20792.0,17104.0,17032.0,17728.0,16312.0,15624.0,15496.0,16904.0,16344.0,15472.0,16288.0,18112.0,19408.0,16496.0,14600.0,25168.0,26368.0,21896.0,23968.0,22240.0,25456.0,22496.0,18296.0,25504.0,25880.0,20256.0,18784.0,18624.0,17696.0,18424.0,21528.0,12976.0,19224.0,18288.0,22752.0,18720.0,20944.0,18296.0,18336.0,19568.0,17736.0,22312.0,17072.0,20896.0,18896.0,21000.0,20280.0,19568.0,19024.0,19552.0,18992.0,19512.0,21464.0,17568.0,30824.0,25808.0,25104.0,25424.0,26024.0,25560.0,25056.0,25624.0,38672.0,23688.0,18336.0,20816.0,20192.0,17040.0,21408.0,17864.0,22672.0,20544.0,23952.0,23280.0,20488.0,20064.0,22344.0,20648.0,18256.0,18984.0,18336.0,18320.0,17784.0,17968.0,17696.0,17440.0,19552.0,18008.0,18304.0,18616.0,22928.0,17448.0,21936.0,20816.0,19296.0,17696.0,18320.0,18320.0,18280.0,18856.0,18320.0,20464.0,20768.0,21104.0,17696.0,18320.0,19096.0,17672.0,18336.0,19016.0,17672.0,18800.0,18584.0,19120.0,20032.0,18944.0,18280.0,18352.0,18296.0
audio_send_packetsSentPerSecond_736316480,49.0,49.0,50.0,49.0,50.0,49.0,50.0,49.0,50.0,50.0,49.0,50.0,50.0,50.0,49.0,50.0,50.0,50.0,50.0,49.0,50.0,50.0,50.0,49.0,50.0,49.0,50.0,50.0,50.0,49.0,49.0,50.0,50.0,49.0,50.0,50.0,50.0,50.0,50.0,50.0,49.0,50.0,50.0,50.0,50.0,50.0,50.0,50.0,50.0,49.0,50.0,50.0,50.0,50.0,49.0,50.0,50.0,50.0,50.0,49.0,50.0,50.0,50.0,49.0,50.0,50.0,49.0,50.0,50.0,50.0,50.0,50.0,50.0,50.0,50.0,50.0,50.0,50.0,50.0,50.0,50.0,50.0,49.0,50.0,50.0,50.0,50.0,50.0,50.0,50.0,50.0,50.0,50.0,49.0,50.0,50.0,50.0,50.0,50.0,50.0,50.0,49.0,50.0,50.0,49.0,50.0,50.0,50.0,50.0,50.0,49.0,50.0,49.0,49.0,50.0,50.0,50.0,50.0,50.0,49.0,50.0,49.0
video_send_bitsSentPerSecond_1549747633,224504.0,243632.0,240424.0,210392.0,229728.0,211464.0,223336.0,208520.0,208576.0,226792.0,208360.0,198456.0,222568.0,210016.0,228480.0,205680.0,227176.0,209752.0,203864.0,229104.0,209296.0,200448.0,214560.0,216944.0,230336.0,202560.0,222880.0,212240.0,204552.0,232160.0,207864.0,202264.0,214856.0,195024.0,237704.0,207192.0,227856.0,217016.0,203696.0,232912.0,208088.0,204128.0,215936.0,210248.0,232696.0,199352.0,228840.0,212736.0,202232.0,230520.0,207432.0,205448.0,245480.0,195848.0,226272.0,191984.0,226032.0,214576.0,200792.0,232072.0,208296.0,203432.0,216320.0,212520.0,233712.0,194360.0,231104.0,210136.0,202256.0,232936.0,206688.0,207536.0,214472.0,210432.0,236240.0,192696.0,227408.0,213656.0,202320.0,233712.0,206664.0,206872.0,216656.0,210776.0,232960.0,192864.0,233688.0,210288.0,201040.0,233320.0,205000.0,208536.0,212848.0,214832.0,230448.0,193408.0,229544.0,212072.0,205656.0,229840.0,208664.0,207736.0,237680.0,203912.0,220424.0,196200.0,234632.0,204864.0,203376.0,228528.0,207640.0,207080.0,212392.0,219280.0,227208.0,195728.0,230376.0,208328.0,205760.0,228768.0,211032.0,206664.0
video_send_packetsLost_1549747633,0.0,0.0,0.0,0.0,0.0,0.0,0.0,0.0,0.0,0.0,0.0,0.0,0.0,0.0,0.0,0.0,0.0,0.0,0.0,0.0,0.0,0.0,0.0,0.0,0.0,0.0,0.0,0.0,0.0,0.0,0.0,0.0,0.0,0.0,0.0,0.0,0.0,0.0,0.0,0.0,0.0,0.0,0.0,0.0,0.0,0.0,0.0,0.0,0.0,0.0,0.0,0.0,0.0,0.0,0.0,0.0,0.0,0.0,0.0,0.0,0.0,0.0,0.0,0.0,0.0,0.0,0.0,0.0,0.0,0.0,0.0,0.0,0.0,0.0,0.0,0.0,0.0,0.0,0.0,0.0,0.0,0.0,0.0,0.0,0.0,0.0,0.0,0.0,0.0,0.0,0.0,0.0,0.0,0.0,0.0,0.0,0.0,0.0,0.0,0.0,0.0,0.0,0.0,0.0,0.0,0.0,0.0,0.0,0.0,0.0,0.0,0.0,0.0,0.0,0.0,0.0,0.0,0.0,0.0,0.0,0.0,0.0
video_send_packetsSentPerSecond_1549747633,60.0,64.0,65.0,59.0,60.0,59.0,62.0,59.0,60.0,60.0,59.0,60.0,60.0,60.0,61.0,60.0,63.0,60.0,60.0,59.0,60.0,60.0,59.0,60.0,60.0,59.0,62.0,59.0,60.0,60.0,59.0,60.0,59.0,55.0,60.0,60.0,62.0,60.0,60.0,60.0,59.0,60.0,60.0,60.0,60.0,61.0,63.0,60.0,60.0,59.0,60.0,60.0,66.0,60.0,59.0,60.0,63.0,60.0,60.0,59.0,60.0,60.0,60.0,59.0,60.0,60.0,61.0,60.0,60.0,60.0,60.0,60.0,60.0,60.0,61.0,60.0,63.0,60.0,60.0,60.0,60.0,59.0,60.0,60.0,60.0,60.0,63.0,60.0,60.0,60.0,60.0,60.0,60.0,59.0,60.0,60.0,62.0,60.0,60.0,60.0,60.0,59.0,65.0,61.0,60.0,60.0,63.0,60.0,60.0,60.0,59.0,60.0,59.0,61.0,61.0,60.0,62.0,60.0,60.0,59.0,60.0,59.0
video_send_googEncodeUsagePercent_1549747633,52.0,46.0,40.0,35.0,31.0,28.0,25.0,23.0,22.0,21.0,19.0,18.0,18.0,17.0,17.0,16.0,16.0,15.0,15.0,15.0,15.0,15.0,15.0,15.0,15.0,15.0,15.0,15.0,15.0,15.0,15.0,15.0,15.0,15.0,14.0,14.0,15.0,15.0,15.0,15.0,15.0,15.0,15.0,14.0,15.0,15.0,14.0,15.0,15.0,15.0,15.0,15.0,15.0,15.0,15.0,14.0,15.0,14.0,14.0,14.0,14.0,15.0,15.0,15.0,15.0,14.0,14.0,15.0,15.0,14.0,15.0,15.0,15.0,14.0,14.0,14.0,14.0,14.0,14.0,14.0,15.0,15.0,15.0,15.0,15.0,15.0,15.0,15.0,15.0,15.0,15.0,15.0,15.0,15.0,15.0,15.0,15.0,15.0,15.0,15.0,15.0,15.0,15.0,15.0,15.0,15.0,15.0,15.0,15.0,16.0,16.0,16.0,16.0,16.0,16.0,16.0,16.0,16.0,16.0,16.0,16.0,16.0
video_send_googFrameHeightInput_1549747633,720.0,720.0,720.0,720.0,720.0,720.0,720.0,720.0,720.0,720.0,720.0,720.0,720.0,720.0,720.0,720.0,720.0,720.0,720.0,720.0,720.0,720.0,720.0,720.0,720.0,720.0,720.0,720.0,720.0,720.0,720.0,720.0,720.0,720.0,720.0,720.0,720.0,720.0,720.0,720.0,720.0,720.0,720.0,720.0,720.0,720.0,720.0,720.0,720.0,720.0,720.0,720.0,720.0,720.0,720.0,720.0,720.0,720.0,720.0,720.0,720.0,720.0,720.0,720.0,720.0,720.0,720.0,720.0,720.0,720.0,720.0,720.0,720.0,720.0,720.0,720.0,720.0,720.0,720.0,720.0,720.0,720.0,720.0,720.0,720.0,720.0,720.0,720.0,720.0,720.0,720.0,720.0,720.0,720.0,720.0,720.0,720.0,720.0,720.0,720.0,720.0,720.0,720.0,720.0,720.0,720.0,720.0,720.0,720.0,720.0,720.0,720.0,720.0,720.0,720.0,720.0,720.0,720.0,720.0,720.0,720.0,720.0
video_send_googFrameHeightSent_1549747633,180.0,180.0,180.0,180.0,180.0,180.0,180.0,180.0,180.0,180.0,180.0,180.0,180.0,180.0,180.0,180.0,180.0,180.0,180.0,180.0,180.0,180.0,180.0,180.0,180.0,180.0,180.0,180.0,180.0,180.0,180.0,180.0,180.0,180.0,180.0,180.0,180.0,180.0,180.0,180.0,180.0,180.0,180.0,180.0,180.0,180.0,180.0,180.0,180.0,180.0,180.0,180.0,180.0,180.0,180.0,180.0,180.0,180.0,180.0,180.0,180.0,180.0,180.0,180.0,180.0,180.0,180.0,180.0,180.0,180.0,180.0,180.0,180.0,180.0,180.0,180.0,180.0,180.0,180.0,180.0,180.0,180.0,180.0,180.0,180.0,180.0,180.0,180.0,180.0,180.0,180.0,180.0,180.0,180.0,180.0,180.0,180.0,180.0,180.0,180.0,180.0,180.0,180.0,180.0,180.0,180.0,180.0,180.0,180.0,180.0,180.0,180.0,180.0,180.0,180.0,180.0,180.0,180.0,180.0,180.0,180.0,180.0
video_send_googFrameRateSent_1549747633,60.0,60.0,60.0,60.0,60.0,60.0,60.0,60.0,60.0,60.0,60.0,60.0,60.0,60.0,60.0,60.0,60.0,60.0,60.0,60.0,60.0,60.0,59.0,60.0,60.0,60.0,60.0,60.0,60.0,60.0,60.0,60.0,61.0,54.0,60.0,60.0,60.0,60.0,60.0,60.0,60.0,60.0,60.0,60.0,60.0,60.0,60.0,60.0,60.0,60.0,60.0,60.0,60.0,60.0,60.0,60.0,60.0,60.0,60.0,60.0,60.0,60.0,60.0,60.0,60.0,60.0,60.0,60.0,60.0,60.0,60.0,60.0,60.0,60.0,60.0,60.0,60.0,60.0,60.0,60.0,60.0,60.0,60.0,60.0,60.0,60.0,60.0,60.0,59.0,60.0,60.0,60.0,60.0,60.0,59.0,60.0,60.0,60.0,60.0,60.0,59.0,60.0,60.0,60.0,59.0,59.0,59.0,59.0,59.0,59.0,60.0,59.0,59.0,60.0,59.0,59.0,59.0,59.0,59.0,59.0,59.0,59.0
video_send_googFrameWidthInput_1549747633,1280.0,1280.0,1280.0,1280.0,1280.0,1280.0,1280.0,1280.0,1280.0,1280.0,1280.0,1280.0,1280.0,1280.0,1280.0,1280.0,1280.0,1280.0,1280.0,1280.0,1280.0,1280.0,1280.0,1280.0,1280.0,1280.0,1280.0,1280.0,1280.0,1280.0,1280.0,1280.0,1280.0,1280.0,1280.0,1280.0,1280.0,1280.0,1280.0,1280.0,1280.0,1280.0,1280.0,1280.0,1280.0,1280.0,1280.0,1280.0,1280.0,1280.0,1280.0,1280.0,1280.0,1280.0,1280.0,1280.0,1280.0,1280.0,1280.0,1280.0,1280.0,1280.0,1280.0,1280.0,1280.0,1280.0,1280.0,1280.0,1280.0,1280.0,1280.0,1280.0,1280.0,1280.0,1280.0,1280.0,1280.0,1280.0,1280.0,1280.0,1280.0,1280.0,1280.0,1280.0,1280.0,1280.0,1280.0,1280.0,1280.0,1280.0,1280.0,1280.0,1280.0,1280.0,1280.0,1280.0,1280.0,1280.0,1280.0,1280.0,1280.0,1280.0,1280.0,1280.0,1280.0,1280.0,1280.0,1280.0,1280.0,1280.0,1280.0,1280.0,1280.0,1280.0,1280.0,1280.0,1280.0,1280.0,1280.0,1280.0,1280.0,1280.0
video_send_googFrameWidthSent_1549747633,320.0,320.0,320.0,320.0,320.0,320.0,320.0,320.0,320.0,320.0,320.0,320.0,320.0,320.0,320.0,320.0,320.0,320.0,320.0,320.0,320.0,320.0,320.0,320.0,320.0,320.0,320.0,320.0,320.0,320.0,320.0,320.0,320.0,320.0,320.0,320.0,320.0,320.0,320.0,320.0,320.0,320.0,320.0,320.0,320.0,320.0,320.0,320.0,320.0,320.0,320.0,320.0,320.0,320.0,320.0,320.0,320.0,320.0,320.0,320.0,320.0,320.0,320.0,320.0,320.0,320.0,320.0,320.0,320.0,320.0,320.0,320.0,320.0,320.0,320.0,320.0,320.0,320.0,320.0,320.0,320.0,320.0,320.0,320.0,320.0,320.0,320.0,320.0,320.0,320.0,320.0,320.0,320.0,320.0,320.0,320.0,320.0,320.0,320.0,320.0,320.0,320.0,320.0,320.0,320.0,320.0,320.0,320.0,320.0,320.0,320.0,320.0,320.0,320.0,320.0,320.0,320.0,320.0,320.0,320.0,320.0,320.0
video_send_googRtt_1549747633,0.0,27.0,27.0,27.0,27.0,27.0,27.0,27.0,28.0,28.0,27.0,27.0,27.0,27.0,26.0,26.0,26.0,26.0,26.0,26.0,26.0,26.0,26.0,26.0,26.0,26.0,26.0,26.0,26.0,26.0,26.0,26.0,26.0,33.0,45.0,32.0,27.0,26.0,27.0,26.0,26.0,26.0,26.0,26.0,26.0,26.0,26.0,26.0,25.0,25.0,25.0,25.0,25.0,25.0,25.0,25.0,25.0,25.0,25.0,25.0,25.0,25.0,25.0,25.0,25.0,25.0,25.0,25.0,25.0,25.0,25.0,25.0,25.0,25.0,25.0,25.0,25.0,25.0,25.0,25.0,25.0,26.0,26.0,26.0,26.0,26.0,26.0,26.0,26.0,26.0,26.0,26.0,26.0,26.0,26.0,26.0,26.0,26.0,26.0,26.0,26.0,26.0,26.0,26.0,26.0,26.0,26.0,26.0,26.0,26.0,26.0,26.0,26.0,26.0,26.0,26.0,26.0,26.0,26.0,25.0,25.0,25.0
audio_recv_bitsReceivedPerSecond_96148422,21528.0,6416.0,6512.0,6496.0,3136.0,3224.0,2784.0,6232.0,7360.0,6224.0,6240.0,6232.0,6104.0,5072.0,6208.0,7080.0,7128.0,6840.0,6032.0,8688.0,2344.0,9032.0,7512.0,11280.0,8256.0,7376.0,8232.0,7904.0,6280.0,6656.0,23384.0,20800.0,9952.0,6808.0,5528.0,7976.0,6400.0,12336.0,14216.0,17448.0,6736.0,8040.0,12080.0,13488.0,24416.0,26408.0,12024.0,7240.0,8808.0,8896.0,9288.0,10072.0,9848.0,10208.0,10248.0,13776.0,9128.0,11448.0,13488.0,7064.0,8120.0,13464.0,17784.0,15776.0,12648.0,22904.0,43552.0,43640.0,32264.0,19488.0,7088.0,9632.0,8144.0,8920.0,9928.0,15760.0,17376.0,13824.0,8384.0,12336.0,15232.0,24632.0,28080.0,23056.0,7776.0,7184.0,7176.0,8504.0,10376.0,9104.0,10000.0,9904.0,9736.0,10024.0,12344.0,13912.0,15240.0,14560.0,32264.0,32072.0,28968.0,43512.0,15976.0,6456.0,9960.0,9456.0,8464.0,8192.0,7000.0,9208.0,7416.0,8552.0,6440.0,7488.0,6536.0,5888.0,7480.0,6288.0,7360.0,8640.0,9048.0,6112.0
audio_recv_packetsReceivedPerSecond_96148422,35.0,9.0,6.0,5.0,3.0,2.0,3.0,5.0,7.0,6.0,5.0,6.0,6.0,5.0,5.0,7.0,7.0,7.0,7.0,8.0,3.0,9.0,7.0,12.0,8.0,6.0,8.0,7.0,6.0,7.0,27.0,26.0,14.0,10.0,6.0,8.0,6.0,13.0,16.0,21.0,6.0,8.0,13.0,14.0,28.0,31.0,14.0,10.0,11.0,11.0,10.0,11.0,11.0,11.0,10.0,16.0,9.0,12.0,14.0,7.0,8.0,14.0,21.0,16.0,18.0,36.0,49.0,50.0,37.0,23.0,10.0,15.0,12.0,12.0,14.0,19.0,20.0,16.0,11.0,17.0,16.0,35.0,50.0,42.0,11.0,10.0,10.0,9.0,11.0,11.0,10.0,10.0,10.0,10.0,14.0,15.0,17.0,16.0,37.0,50.0,47.0,49.0,19.0,10.0,14.0,15.0,13.0,10.0,10.0,10.0,10.0,10.0,8.0,10.0,9.0,8.0,11.0,9.0,9.0,10.0,11.0,8.0
audio_recv_googCurrentDelayMs_96148422,63.0,47.0,47.0,44.0,49.0,49.0,43.0,45.0,48.0,51.0,47.0,43.0,44.0,46.0,45.0,42.0,41.0,41.0,48.0,52.0,48.0,50.0,46.0,45.0,55.0,45.0,45.0,47.0,42.0,54.0,49.0,51.0,53.0,39.0,43.0,56.0,48.0,48.0,63.0,53.0,55.0,43.0,42.0,49.0,52.0,52.0,48.0,54.0,51.0,50.0,51.0,50.0,50.0,50.0,52.0,46.0,52.0,50.0,50.0,50.0,44.0,53.0,48.0,52.0,51.0,66.0,68.0,67.0,66.0,51.0,44.0,55.0,45.0,40.0,42.0,58.0,44.0,42.0,51.0,49.0,40.0,62.0,62.0,51.0,46.0,50.0,50.0,43.0,43.0,48.0,40.0,56.0,54.0,59.0,50.0,59.0,68.0,51.0,56.0,59.0,67.0,69.0,53.0,43.0,43.0,47.0,53.0,50.0,43.0,48.0,56.0,44.0,45.0,39.0,45.0,48.0,51.0,42.0,47.0,46.0,44.0,46.0
audio_recv_googJitterBufferMs_96148422,13.0,1.0,5.0,1.0,5.0,4.0,0.0,4.0,2.0,1.0,2.0,0.0,5.0,4.0,5.0,1.0,2.0,2.0,22.0,5.0,5.0,4.0,21.0,0.0,11.0,2.0,1.0,3.0,0.0,9.0,2.0,22.0,2.0,1.0,4.0,2.0,1.0,2.0,30.0,9.0,14.0,5.0,21.0,2.0,3.0,2.0,1.0,6.0,2.0,2.0,2.0,2.0,2.0,2.0,4.0,2.0,7.0,2.0,9.0,6.0,6.0,2.0,2.0,2.0,11.0,18.0,18.0,18.0,42.0,5.0,4.0,10.0,4.0,1.0,2.0,12.0,2.0,1.0,7.0,2.0,1.0,13.0,13.0,8.0,1.0,3.0,9.0,6.0,2.0,5.0,0.0,11.0,8.0,13.0,9.0,7.0,40.0,5.0,2.0,11.0,20.0,20.0,6.0,2.0,3.0,10.0,11.0,6.0,3.0,3.0,4.0,1.0,5.0,0.0,8.0,10.0,13.0,0.0,8.0,3.0,1.0,4.0
audio_recv_googJitterReceived_96148422,1.0,2.0,2.0,2.0,2.0,2.0,2.0,3.0,3.0,3.0,3.0,3.0,2.0,2.0,2.0,2.0,2.0,2.0,2.0,2.0,2.0,1.0,2.0,2.0,1.0,1.0,1.0,1.0,1.0,1.0,1.0,2.0,1.0,1.0,1.0,1.0,1.0,1.0,1.0,2.0,2.0,2.0,2.0,1.0,1.0,1.0,1.0,2.0,2.0,1.0,1.0,1.0,2.0,1.0,1.0,1.0,1.0,1.0,1.0,1.0,1.0,2.0,2.0,1.0,1.0,2.0,1.0,1.0,1.0,2.0,1.0,2.0,2.0,2.0,1.0,1.0,1.0,1.0,2.0,2.0,2.0,1.0,1.0,2.0,2.0,2.0,2.0,2.0,1.0,2.0,1.0,2.0,2.0,2.0,2.0,1.0,2.0,2.0,2.0,1.0,2.0,1.0,2.0,2.0,2.0,2.0,1.0,1.0,2.0,2.0,1.0,2.0,2.0,2.0,2.0,2.0,1.0,2.0,2.0,1.0,2.0,2.0
audio_recv_googPreferredJitterBufferMs_96148422,20.0,40.0,40.0,40.0,40.0,40.0,40.0,40.0,20.0,40.0,40.0,40.0,40.0,20.0,20.0,20.0,20.0,20.0,20.0,20.0,20.0,20.0,20.0,20.0,20.0,20.0,20.0,20.0,20.0,20.0,20.0,20.0,20.0,20.0,20.0,20.0,20.0,20.0,20.0,20.0,20.0,20.0,20.0,20.0,20.0,20.0,20.0,20.0,20.0,20.0,20.0,20.0,20.0,20.0,20.0,20.0,20.0,20.0,20.0,20.0,20.0,20.0,20.0,20.0,20.0,20.0,20.0,20.0,20.0,20.0,20.0,20.0,20.0,20.0,20.0,20.0,20.0,20.0,20.0,20.0,20.0,20.0,20.0,20.0,20.0,20.0,20.0,20.0,20.0,20.0,20.0,20.0,20.0,20.0,20.0,20.0,20.0,20.0,20.0,20.0,20.0,20.0,20.0,20.0,20.0,20.0,20.0,20.0,20.0,20.0,20.0,20.0,20.0,20.0,20.0,20.0,20.0,20.0,20.0,20.0,20.0,20.0
video_recv_bitsReceivedPerSecond_637362652,265600.0,331416.0,191336.0,213776.0,231584.0,228936.0,211152.0,209408.0,218224.0,214528.0,227064.0,216088.0,202504.0,209016.0,221000.0,219896.0,206072.0,205016.0,224024.0,212512.0,222920.0,211328.0,203832.0,210224.0,225176.0,218432.0,209728.0,204128.0,219792.0,212944.0,221616.0,215424.0,204752.0,208680.0,224032.0,219080.0,210664.0,203304.0,224592.0,211728.0,219680.0,210680.0,212272.0,205336.0,224616.0,218272.0,213200.0,202912.0,223040.0,209480.0,219408.0,231696.0,198984.0,194760.0,222632.0,219384.0,216344.0,202728.0,227080.0,209120.0,217016.0,216880.0,208720.0,201496.0,224544.0,217528.0,217200.0,201888.0,226216.0,208856.0,215024.0,219832.0,209112.0,203920.0,221728.0,215920.0,219448.0,201928.0,227504.0,208752.0,214136.0,218408.0,209768.0,202816.0,221520.0,216448.0,220424.0,199440.0,227080.0,208736.0,213912.0,218936.0,210240.0,203856.0,221888.0,215864.0,223112.0,203528.0,226656.0,210152.0,212128.0,237976.0,193456.0,199872.0,216408.0,216432.0,224144.0,200728.0,226144.0,211384.0,213248.0,217896.0,208336.0,203272.0,221672.0,213816.0,224552.0,207320.0,221624.0,211064.0,213064.0,218224.0
video_recv_packetsReceivedPerSecond_637362652,60.0,66.0,62.0,59.0,60.0,59.0,60.0,58.0,60.0,60.0,59.0,60.0,60.0,60.0,59.0,60.0,60.0,59.0,60.0,59.0,60.0,59.0,60.0,60.0,60.0,59.0,60.0,58.0,60.0,60.0,59.0,60.0,59.0,60.0,60.0,60.0,60.0,59.0,60.0,60.0,59.0,58.0,62.0,60.0,60.0,60.0,60.0,59.0,60.0,59.0,60.0,61.0,63.0,60.0,59.0,60.0,60.0,59.0,60.0,59.0,60.0,60.0,60.0,59.0,60.0,60.0,59.0,59.0,60.0,60.0,60.0,60.0,60.0,60.0,60.0,60.0,60.0,59.0,60.0,60.0,60.0,59.0,60.0,60.0,60.0,60.0,60.0,59.0,60.0,60.0,60.0,60.0,60.0,59.0,60.0,60.0,60.0,59.0,60.0,60.0,60.0,60.0,61.0,60.0,59.0,60.0,60.0,59.0,60.0,60.0,59.0,60.0,59.0,59.0,60.0,60.0,60.0,59.0,60.0,59.0,60.0,59.0
video_recv_googCurrentDelayMs_637362652,25.0,31.0,34.0,33.0,32.0,32.0,31.0,31.0,30.0,30.0,30.0,30.0,29.0,29.0,29.0,29.0,29.0,29.0,29.0,29.0,29.0,30.0,29.0,29.0,29.0,29.0,29.0,29.0,28.0,28.0,28.0,28.0,28.0,28.0,28.0,28.0,29.0,28.0,28.0,28.0,29.0,29.0,28.0,28.0,29.0,29.0,29.0,29.0,29.0,28.0,28.0,28.0,28.0,28.0,28.0,28.0,28.0,28.0,28.0,28.0,28.0,28.0,28.0,27.0,27.0,27.0,27.0,27.0,27.0,27.0,27.0,27.0,27.0,27.0,27.0,27.0,27.0,27.0,27.0,27.0,27.0,27.0,27.0,27.0,27.0,27.0,27.0,27.0,27.0,27.0,27.0,27.0,27.0,27.0,27.0,27.0,27.0,27.0,27.0,27.0,27.0,28.0,28.0,27.0,27.0,27.0,27.0,27.0,27.0,27.0,27.0,27.0,27.0,27.0,27.0,27.0,27.0,27.0,27.0,27.0,27.0,26.0
video_recv_googDecodeMs_637362652,1.0,1.0,1.0,1.0,1.0,1.0,1.0,1.0,1.0,1.0,1.0,1.0,1.0,1.0,1.0,1.0,1.0,1.0,1.0,1.0,1.0,1.0,1.0,1.0,1.0,1.0,1.0,1.0,1.0,1.0,1.0,1.0,1.0,1.0,1.0,1.0,1.0,1.0,1.0,1.0,1.0,1.0,1.0,1.0,1.0,1.0,0.0,1.0,1.0,0.0,0.0,1.0,0.0,1.0,1.0,1.0,1.0,0.0,1.0,1.0,0.0,1.0,1.0,1.0,0.0,1.0,1.0,1.0,0.0,1.0,1.0,1.0,1.0,1.0,1.0,1.0,1.0,1.0,1.0,1.0,1.0,1.0,1.0,0.0,1.0,1.0,1.0,1.0,1.0,1.0,1.0,1.0,1.0,1.0,1.0,1.0,1.0,1.0,1.0,1.0,1.0,1.0,1.0,1.0,1.0,1.0,1.0,1.0,1.0,1.0,1.0,1.0,1.0,1.0,1.0,1.0,1.0,1.0,1.0,1.0,1.0,1.0
video_recv_googFrameHeightReceived_637362652,180.0,180.0,180.0,180.0,180.0,180.0,180.0,180.0,180.0,180.0,180.0,180.0,180.0,180.0,180.0,180.0,180.0,180.0,180.0,180.0,180.0,180.0,180.0,180.0,180.0,180.0,180.0,180.0,180.0,180.0,180.0,180.0,180.0,180.0,180.0,180.0,180.0,180.0,180.0,180.0,180.0,180.0,180.0,180.0,180.0,180.0,180.0,180.0,180.0,180.0,180.0,180.0,180.0,180.0,180.0,180.0,180.0,180.0,180.0,180.0,180.0,180.0,180.0,180.0,180.0,180.0,180.0,180.0,180.0,180.0,180.0,180.0,180.0,180.0,180.0,180.0,180.0,180.0,180.0,180.0,180.0,180.0,180.0,180.0,180.0,180.0,180.0,180.0,180.0,180.0,180.0,180.0,180.0,180.0,180.0,180.0,180.0,180.0,180.0,180.0,180.0,180.0,180.0,180.0,180.0,180.0,180.0,180.0,180.0,180.0,180.0,180.0,180.0,180.0,180.0,180.0,180.0,180.0,180.0,180.0,180.0,180.0
video_recv_googFrameRateOutput_637362652,60.0,57.0,60.0,61.0,61.0,60.0,60.0,59.0,60.0,60.0,60.0,60.0,60.0,60.0,60.0,60.0,60.0,59.0,60.0,60.0,60.0,60.0,59.0,60.0,60.0,60.0,60.0,59.0,60.0,60.0,60.0,60.0,60.0,59.0,60.0,60.0,60.0,59.0,60.0,60.0,60.0,59.0,61.0,60.0,60.0,60.0,60.0,59.0,60.0,60.0,60.0,59.0,61.0,60.0,60.0,60.0,60.0,59.0,60.0,60.0,60.0,60.0,60.0,60.0,60.0,60.0,60.0,59.0,60.0,60.0,60.0,60.0,60.0,60.0,60.0,60.0,60.0,59.0,60.0,60.0,60.0,60.0,60.0,60.0,60.0,60.0,60.0,59.0,60.0,60.0,60.0,60.0,60.0,60.0,60.0,60.0,60.0,59.0,60.0,60.0,60.0,60.0,60.0,60.0,60.0,60.0,60.0,59.0,60.0,60.0,60.0,60.0,60.0,60.0,60.0,60.0,60.0,59.0,60.0,60.0,60.0,60.0
video_recv_googFrameRateReceived_637362652,60.0,56.0,62.0,60.0,60.0,60.0,60.0,59.0,60.0,60.0,60.0,60.0,60.0,60.0,60.0,60.0,60.0,59.0,60.0,60.0,60.0,59.0,59.0,60.0,60.0,60.0,60.0,59.0,60.0,60.0,60.0,60.0,60.0,58.0,60.0,60.0,60.0,59.0,60.0,60.0,60.0,58.0,61.0,60.0,60.0,60.0,60.0,59.0,60.0,60.0,60.0,58.0,62.0,60.0,60.0,60.0,60.0,59.0,60.0,60.0,60.0,60.0,60.0,60.0,60.0,60.0,60.0,59.0,60.0,60.0,60.0,60.0,60.0,60.0,60.0,60.0,60.0,59.0,60.0,60.0,60.0,60.0,60.0,60.0,60.0,60.0,60.0,59.0,60.0,60.0,60.0,60.0,60.0,60.0,60.0,60.0,60.0,59.0,60.0,60.0,60.0,59.0,60.0,60.0,60.0,60.0,60.0,59.0,60.0,60.0,60.0,60.0,60.0,60.0,60.0,60.0,60.0,59.0,60.0,60.0,60.0,60.0
video_recv_googFrameWidthReceived_637362652,320.0,320.0,320.0,320.0,320.0,320.0,320.0,320.0,320.0,320.0,320.0,320.0,320.0,320.0,320.0,320.0,320.0,320.0,320.0,320.0,320.0,320.0,320.0,320.0,320.0,320.0,320.0,320.0,320.0,320.0,320.0,320.0,320.0,320.0,320.0,320.0,320.0,320.0,320.0,320.0,320.0,320.0,320.0,320.0,320.0,320.0,320.0,320.0,320.0,320.0,320.0,320.0,320.0,320.0,320.0,320.0,320.0,320.0,320.0,320.0,320.0,320.0,320.0,320.0,320.0,320.0,320.0,320.0,320.0,320.0,320.0,320.0,320.0,320.0,320.0,320.0,320.0,320.0,320.0,320.0,320.0,320.0,320.0,320.0,320.0,320.0,320.0,320.0,320.0,320.0,320.0,320.0,320.0,320.0,320.0,320.0,320.0,320.0,320.0,320.0,320.0,320.0,320.0,320.0,320.0,320.0,320.0,320.0,320.0,320.0,320.0,320.0,320.0,320.0,320.0,320.0,320.0,320.0,320.0,320.0,320.0,320.0
video_recv_googInterframeDelayMax_637362652,21.0,49.0,20.0,22.0,21.0,20.0,19.0,35.0,21.0,22.0,21.0,20.0,21.0,21.0,21.0,21.0,21.0,32.0,21.0,20.0,21.0,20.0,21.0,22.0,20.0,21.0,21.0,35.0,20.0,21.0,23.0,19.0,20.0,68.0,20.0,20.0,21.0,34.0,21.0,23.0,21.0,22.0,29.0,22.0,21.0,21.0,21.0,34.0,21.0,23.0,20.0,21.0,26.0,20.0,20.0,21.0,23.0,33.0,21.0,20.0,21.0,25.0,20.0,20.0,20.0,20.0,19.0,31.0,20.0,20.0,20.0,20.0,20.0,20.0,19.0,20.0,22.0,33.0,19.0,23.0,23.0,22.0,20.0,20.0,20.0,18.0,20.0,34.0,27.0,22.0,22.0,19.0,20.0,22.0,19.0,21.0,20.0,32.0,20.0,22.0,22.0,23.0,22.0,21.0,20.0,22.0,21.0,31.0,21.0,19.0,21.0,21.0,19.0,21.0,19.0,20.0,19.0,20.0,33.0,19.0,20.0,19.0
video_recv_googJitterBufferMs_637362652,11.0,21.0,21.0,20.0,19.0,19.0,18.0,18.0,18.0,18.0,18.0,18.0,17.0,17.0,17.0,17.0,17.0,17.0,17.0,17.0,17.0,17.0,17.0,16.0,16.0,16.0,16.0,16.0,16.0,16.0,16.0,16.0,16.0,16.0,16.0,16.0,17.0,17.0,16.0,16.0,17.0,17.0,16.0,16.0,16.0,16.0,16.0,16.0,16.0,16.0,16.0,16.0,16.0,16.0,16.0,16.0,16.0,16.0,16.0,16.0,16.0,16.0,16.0,15.0,15.0,15.0,15.0,15.0,15.0,15.0,15.0,15.0,15.0,15.0,15.0,15.0,15.0,15.0,15.0,15.0,15.0,15.0,15.0,15.0,15.0,15.0,15.0,15.0,15.0,15.0,15.0,15.0,15.0,15.0,15.0,15.0,15.0,15.0,15.0,15.0,15.0,16.0,16.0,15.0,15.0,15.0,15.0,15.0,15.0,15.0,15.0,15.0,15.0,15.0,15.0,15.0,15.0,15.0,15.0,15.0,15.0,15.0
video_recv_googPlisSent_637362652,2.0,2.0,2.0,2.0,2.0,2.0,2.0,2.0,2.0,2.0,2.0,2.0,2.0,2.0,2.0,2.0,2.0,2.0,2.0,2.0,2.0,2.0,2.0,2.0,2.0,2.0,2.0,2.0,2.0,2.0,2.0,2.0,2.0,2.0,2.0,2.0,2.0,2.0,2.0,2.0,2.0,2.0,2.0,2.0,2.0,2.0,2.0,2.0,2.0,2.0,2.0,2.0,2.0,2.0,2.0,2.0,2.0,2.0,2.0,2.0,2.0,2.0,2.0,2.0,2.0,2.0,2.0,2.0,2.0,2.0,2.0,2.0,2.0,2.0,2.0,2.0,2.0,2.0,2.0,2.0,2.0,2.0,2.0,2.0,2.0,2.0,2.0,2.0,2.0,2.0,2.0,2.0,2.0,2.0,2.0,2.0,2.0,2.0,2.0,2.0,2.0,2.0,2.0,2.0,2.0,2.0,2.0,2.0,2.0,2.0,2.0,2.0,2.0,2.0,2.0,2.0,2.0,2.0,2.0,2.0,2.0,2.0
audio_send_packetsLost_736316480,0.0,0.0,0.0,0.0,0.0,0.0,0.0,0.0,0.0,0.0,0.0,0.0,0.0,0.0,0.0,0.0,0.0,0.0,0.0,0.0,0.0,0.0,0.0,0.0,0.0,0.0,0.0,0.0,0.0,0.0,0.0,0.0,0.0,0.0,0.0,0.0,0.0,0.0,0.0,0.0,0.0,0.0,0.0,0.0,0.0,0.0,0.0,0.0,0.0,0.0,0.0,0.0,0.0,0.0,0.0,0.0,0.0,0.0,0.0,0.0,0.0,0.0,0.0,0.0,0.0,0.0,0.0,0.0,0.0,0.0,0.0,0.0,0.0,0.0,0.0,0.0,0.0,0.0,0.0,0.0,0.0,0.0,0.0,0.0,0.0,0.0,0.0,0.0,0.0,0.0,0.0,0.0,0.0,0.0,0.0,0.0,0.0,0.0,0.0,0.0,0.0,0.0,0.0,0.0,0.0,0.0,0.0,0.0,0.0,0.0,0.0,0.0,0.0,0.0,0.0,0.0,0.0,0.0,0.0,0.0,0.0,0.0
audio_send_googJitterReceived_736316480,0.0,0.0,0.0,0.0,0.0,0.0,0.0,0.0,0.0,0.0,0.0,0.0,0.0,0.0,0.0,0.0,0.0,0.0,0.0,0.0,0.0,0.0,0.0,0.0,0.0,0.0,0.0,0.0,0.0,0.0,0.0,0.0,0.0,0.0,0.0,0.0,0.0,0.0,0.0,0.0,0.0,0.0,0.0,0.0,0.0,0.0,0.0,0.0,0.0,0.0,0.0,0.0,0.0,0.0,0.0,0.0,0.0,0.0,0.0,0.0,0.0,0.0,0.0,0.0,0.0,0.0,0.0,0.0,0.0,0.0,0.0,0.0,0.0,0.0,0.0,0.0,0.0,0.0,0.0,0.0,0.0,0.0,0.0,0.0,0.0,0.0,0.0,0.0,0.0,0.0,0.0,0.0,0.0,0.0,0.0,0.0,0.0,0.0,0.0,0.0,0.0,0.0,0.0,0.0,0.0,0.0,0.0,0.0,0.0,0.0,0.0,0.0,0.0,0.0,0.0,0.0,0.0,0.0,0.0,0.0,0.0,0.0
audio_recv_bitsReceivedPerSecond_3060246347,0.0,680.0,19344.0,17912.0,21944.0,21088.0,20760.0,16688.0,22864.0,22960.0,17816.0,20984.0,16248.0,21872.0,20184.0,24264.0,20984.0,20640.0,25432.0,23768.0,23872.0,18816.0,22640.0,23432.0,22144.0,22504.0,21392.0,23000.0,23120.0,22360.0,23976.0,21912.0,21648.0,21840.0,22648.0,21896.0,22016.0,21960.0,23880.0,23968.0,23072.0,21880.0,22160.0,17304.0,18296.0,25800.0,23032.0,25288.0,23864.0,22008.0,22208.0,22936.0,22336.0,21840.0,21616.0,24376.0,25000.0,22808.0,24024.0,20056.0,14384.0,10680.0,8480.0,16672.0,22664.0,23176.0,16776.0,15648.0,19624.0,22544.0,22760.0,20032.0,20040.0,11792.0,8760.0,22424.0,21176.0,9720.0,10872.0,24264.0,24384.0,25800.0,22920.0,25312.0,24416.0,25528.0,24816.0,25240.0,24464.0,24416.0,24416.0,23544.0,25288.0,14888.0,23456.0,24520.0,24328.0,24056.0,23352.0,25288.0,24552.0,24496.0,24832.0,24312.0,19032.0,24200.0,24408.0,22440.0,22648.0,22448.0,23680.0,22224.0,22408.0,22864.0,22352.0,22800.0,22904.0,22304.0,22120.0,21624.0,22480.0,22360.0
audio_recv_packetsReceivedPerSecond_3060246347,0.0,1.0,25.0,23.0,27.0,26.0,26.0,22.0,28.0,28.0,23.0,26.0,18.0,25.0,21.0,28.0,24.0,23.0,29.0,27.0,27.0,21.0,26.0,29.0,29.0,28.0,28.0,28.0,29.0,28.0,27.0,27.0,27.0,28.0,29.0,28.0,28.0,28.0,27.0,28.0,27.0,28.0,28.0,20.0,21.0,29.0,27.0,29.0,29.0,27.0,28.0,29.0,28.0,28.0,26.0,28.0,28.0,29.0,27.0,21.0,17.0,15.0,12.0,20.0,28.0,28.0,20.0,20.0,25.0,28.0,28.0,25.0,26.0,18.0,13.0,27.0,26.0,13.0,16.0,28.0,28.0,28.0,27.0,29.0,28.0,29.0,28.0,29.0,28.0,28.0,28.0,27.0,29.0,15.0,27.0,28.0,28.0,28.0,27.0,29.0,28.0,27.0,28.0,28.0,20.0,28.0,28.0,28.0,28.0,28.0,28.0,28.0,27.0,27.0,28.0,28.0,28.0,28.0,28.0,26.0,28.0,27.0
audio_recv_googCurrentDelayMs_3060246347,0.0,32.0,129.0,265.0,328.0,496.0,736.0,745.0,779.0,829.0,732.0,712.0,793.0,816.0,815.0,810.0,813.0,671.0,794.0,838.0,751.0,587.0,725.0,824.0,710.0,531.0,428.0,576.0,479.0,371.0,583.0,642.0,556.0,389.0,550.0,498.0,378.0,510.0,495.0,348.0,519.0,451.0,390.0,537.0,468.0,658.0,806.0,586.0,393.0,584.0,587.0,437.0,458.0,691.0,662.0,477.0,418.0,562.0,375.0,439.0,428.0,611.0,784.0,785.0,813.0,732.0,529.0,526.0,621.0,727.0,806.0,639.0,667.0,644.0,752.0,820.0,771.0,592.0,714.0,773.0,820.0,721.0,539.0,444.0,554.0,340.0,439.0,399.0,319.0,504.0,419.0,376.0,554.0,400.0,566.0,661.0,513.0,342.0,441.0,255.0,367.0,373.0,323.0,578.0,541.0,461.0,484.0,358.0,469.0,548.0,383.0,452.0,604.0,402.0,366.0,390.0,294.0,419.0,301.0,414.0,492.0,311.0
audio_recv_googJitterBufferMs_3060246347,0.0,2.0,125.0,43.0,565.0,622.0,643.0,712.0,606.0,645.0,321.0,755.0,590.0,639.0,510.0,628.0,543.0,523.0,629.0,644.0,311.0,484.0,794.0,539.0,280.0,14.0,562.0,328.0,67.0,431.0,669.0,348.0,78.0,422.0,392.0,106.0,427.0,363.0,67.0,420.0,337.0,51.0,561.0,162.0,465.0,800.0,511.0,141.0,443.0,514.0,241.0,154.0,704.0,586.0,273.0,1.0,551.0,284.0,144.0,353.0,382.0,472.0,329.0,492.0,790.0,420.0,122.0,385.0,730.0,821.0,516.0,300.0,742.0,465.0,362.0,626.0,510.0,280.0,391.0,710.0,624.0,329.0,25.0,583.0,283.0,161.0,475.0,108.0,428.0,376.0,27.0,551.0,467.0,183.0,650.0,578.0,138.0,422.0,260.0,143.0,422.0,78.0,449.0,615.0,113.0,601.0,271.0,161.0,536.0,240.0,164.0,724.0,429.0,13.0,561.0,150.0,422.0,290.0,148.0,591.0,232.0,145.0
audio_recv_googJitterReceived_3060246347,0.0,0.0,18.0,25.0,19.0,21.0,19.0,24.0,19.0,17.0,19.0,17.0,22.0,21.0,23.0,19.0,20.0,22.0,16.0,15.0,17.0,18.0,18.0,16.0,15.0,15.0,17.0,17.0,17.0,15.0,15.0,17.0,17.0,18.0,17.0,18.0,18.0,17.0,18.0,17.0,17.0,16.0,15.0,24.0,21.0,18.0,17.0,16.0,16.0,16.0,18.0,16.0,17.0,15.0,20.0,17.0,17.0,15.0,17.0,22.0,25.0,30.0,35.0,24.0,18.0,18.0,22.0,20.0,18.0,15.0,15.0,17.0,18.0,25.0,31.0,19.0,19.0,31.0,28.0,18.0,16.0,16.0,18.0,16.0,17.0,16.0,15.0,15.0,16.0,16.0,16.0,16.0,16.0,25.0,18.0,18.0,17.0,17.0,17.0,16.0,17.0,16.0,15.0,15.0,21.0,16.0,15.0,16.0,16.0,17.0,16.0,15.0,16.0,14.0,15.0,16.0,17.0,17.0,16.0,17.0,17.0,17.0
audio_recv_googPreferredJitterBufferMs_3060246347,0.0,80.0,380.0,820.0,1260.0,1680.0,1680.0,1700.0,1700.0,1700.0,1700.0,1700.0,1700.0,1700.0,1700.0,1700.0,1700.0,1700.0,1700.0,1700.0,1700.0,1700.0,1700.0,1700.0,1700.0,1700.0,1700.0,1680.0,1680.0,1680.0,1680.0,1680.0,1680.0,1680.0,1680.0,1680.0,1680.0,1680.0,1680.0,1700.0,1700.0,1700.0,1700.0,1700.0,1700.0,1700.0,1700.0,1700.0,1700.0,1700.0,1700.0,1700.0,1700.0,1700.0,1700.0,1700.0,1700.0,1700.0,1700.0,1700.0,1700.0,1700.0,1700.0,1700.0,1700.0,1700.0,1700.0,1700.0,1700.0,1700.0,1700.0,1700.0,1700.0,1700.0,1700.0,1700.0,1700.0,1700.0,1700.0,1700.0,1700.0,1700.0,1700.0,1700.0,1700.0,1700.0,1700.0,1700.0,1700.0,1700.0,1700.0,1700.0,1700.0,1700.0,1700.0,1700.0,1700.0,1700.0,1700.0,1700.0,1700.0,1700.0,1700.0,1700.0,1700.0,1700.0,1700.0,1700.0,1700.0,1700.0,1700.0,1700.0,1700.0,1700.0,1700.0,1700.0,1700.0,1700.0,1700.0,1700.0,1700.0,1700.0
video_recv_bitsReceivedPerSecond_2282175686,0.0,41520.0,155696.0,206648.0,118704.0,200904.0,204608.0,206304.0,216776.0,191648.0,236568.0,208608.0,201424.0,253720.0,191072.0,207840.0,221728.0,211144.0,201032.0,194776.0,204288.0,234456.0,198784.0,233200.0,189064.0,191776.0,215168.0,149760.0,82000.0,81536.0,89336.0,93216.0,93080.0,113776.0,129720.0,139088.0,136288.0,155408.0,161168.0,187016.0,189968.0,190136.0,197648.0,200664.0,203376.0,209336.0,213040.0,216464.0,221112.0,226248.0,236464.0,236128.0,238320.0,248096.0,236952.0,265144.0,270480.0,273504.0,238120.0,203824.0,229704.0,211544.0,204304.0,223840.0,194512.0,215904.0,223656.0,197928.0,212960.0,200464.0,208240.0,227280.0,171584.0,104472.0,110864.0,116720.0,120664.0,133344.0,143528.0,151392.0,181456.0,196608.0,195144.0,204416.0,210696.0,209256.0,210344.0,201336.0,209576.0,210720.0,212448.0,200784.0,199104.0,166368.0,154776.0,138752.0,154224.0,160648.0,177032.0,193624.0,202168.0,202336.0,170848.0,155224.0,145808.0,163096.0,178464.0,188744.0,206688.0,196040.0,217432.0,206224.0,214576.0,220504.0,209280.0,220608.0,204536.0,213808.0,220192.0,224064.0,233608.0,242656.0
video_recv_packetsReceivedPerSecond_2282175686,0.0,12.0,29.0,35.0,25.0,38.0,36.0,36.0,38.0,35.0,38.0,41.0,37.0,42.0,33.0,36.0,39.0,37.0,35.0,34.0,35.0,39.0,33.0,39.0,34.0,34.0,38.0,26.0,18.0,26.0,22.0,21.0,25.0,30.0,28.0,36.0,31.0,31.0,34.0,36.0,35.0,34.0,36.0,36.0,38.0,35.0,37.0,39.0,34.0,39.0,41.0,45.0,42.0,44.0,41.0,43.0,50.0,49.0,44.0,35.0,37.0,39.0,38.0,36.0,35.0,36.0,40.0,36.0,38.0,36.0,36.0,38.0,30.0,19.0,25.0,27.0,26.0,27.0,26.0,29.0,34.0,33.0,35.0,38.0,33.0,42.0,39.0,34.0,38.0,34.0,36.0,36.0,36.0,29.0,34.0,33.0,32.0,34.0,31.0,37.0,35.0,33.0,30.0,34.0,35.0,33.0,33.0,35.0,36.0,36.0,38.0,36.0,37.0,37.0,37.0,37.0,38.0,39.0,40.0,40.0,40.0,42.0
video_recv_googCurrentDelayMs_2282175686,0.0,30.0,120.0,147.0,143.0,142.0,141.0,137.0,134.0,129.0,129.0,131.0,129.0,131.0,131.0,131.0,140.0,137.0,136.0,135.0,137.0,135.0,132.0,130.0,131.0,130.0,129.0,133.0,136.0,137.0,138.0,137.0,138.0,139.0,146.0,148.0,146.0,143.0,142.0,142.0,144.0,143.0,143.0,142.0,142.0,142.0,145.0,145.0,146.0,146.0,147.0,154.0,155.0,155.0,156.0,154.0,153.0,151.0,151.0,149.0,149.0,148.0,149.0,152.0,148.0,145.0,151.0,155.0,153.0,149.0,146.0,144.0,146.0,152.0,152.0,153.0,153.0,155.0,155.0,155.0,155.0,157.0,155.0,156.0,159.0,166.0,166.0,165.0,163.0,164.0,161.0,162.0,162.0,162.0,164.0,163.0,162.0,162.0,162.0,168.0,168.0,167.0,165.0,167.0,168.0,168.0,169.0,167.0,167.0,167.0,169.0,169.0,168.0,169.0,168.0,167.0,167.0,167.0,169.0,167.0,170.0,171.0
video_recv_googDecodeMs_2282175686,0.0,1.0,2.0,1.0,1.0,1.0,1.0,1.0,1.0,1.0,1.0,1.0,4.0,1.0,1.0,1.0,1.0,1.0,1.0,1.0,1.0,1.0,1.0,1.0,1.0,1.0,1.0,1.0,1.0,1.0,1.0,1.0,1.0,1.0,1.0,1.0,1.0,1.0,1.0,1.0,1.0,1.0,1.0,2.0,1.0,1.0,1.0,1.0,1.0,1.0,1.0,1.0,1.0,1.0,1.0,1.0,1.0,1.0,1.0,1.0,1.0,3.0,1.0,2.0,1.0,1.0,1.0,1.0,1.0,1.0,1.0,1.0,1.0,1.0,1.0,1.0,1.0,1.0,1.0,1.0,1.0,1.0,1.0,1.0,1.0,1.0,1.0,1.0,1.0,1.0,1.0,1.0,1.0,1.0,1.0,1.0,1.0,1.0,1.0,1.0,1.0,1.0,1.0,2.0,2.0,1.0,1.0,1.0,1.0,1.0,1.0,1.0,1.0,1.0,1.0,1.0,1.0,1.0,1.0,2.0,1.0,1.0
video_recv_googFrameHeightReceived_2282175686,0.0,180.0,180.0,180.0,180.0,180.0,180.0,180.0,180.0,180.0,180.0,180.0,180.0,180.0,180.0,180.0,180.0,180.0,180.0,180.0,180.0,180.0,180.0,180.0,180.0,180.0,180.0,180.0,180.0,180.0,180.0,180.0,180.0,180.0,180.0,180.0,180.0,180.0,180.0,180.0,180.0,180.0,180.0,180.0,180.0,180.0,180.0,180.0,180.0,180.0,180.0,180.0,180.0,180.0,180.0,180.0,180.0,180.0,180.0,180.0,180.0,180.0,180.0,180.0,180.0,180.0,180.0,180.0,180.0,180.0,180.0,180.0,180.0,180.0,180.0,180.0,180.0,180.0,180.0,180.0,180.0,180.0,180.0,180.0,180.0,180.0,180.0,180.0,180.0,180.0,180.0,180.0,180.0,180.0,180.0,180.0,180.0,180.0,180.0,180.0,180.0,180.0,180.0,180.0,180.0,180.0,180.0,180.0,180.0,180.0,180.0,180.0,180.0,180.0,180.0,180.0,180.0,180.0,180.0,180.0,180.0,180.0
video_recv_googFrameRateOutput_2282175686,0.0,25.0,24.0,29.0,24.0,29.0,31.0,32.0,33.0,33.0,32.0,32.0,32.0,32.0,31.0,33.0,31.0,32.0,32.0,32.0,31.0,32.0,31.0,33.0,31.0,31.0,32.0,25.0,18.0,23.0,20.0,21.0,22.0,27.0,24.0,30.0,31.0,30.0,32.0,32.0,31.0,31.0,31.0,32.0,33.0,31.0,32.0,32.0,30.0,32.0,32.0,32.0,33.0,34.0,29.0,30.0,30.0,33.0,36.0,35.0,29.0,32.0,32.0,30.0,32.0,31.0,31.0,32.0,31.0,32.0,30.0,32.0,30.0,21.0,25.0,27.0,24.0,25.0,20.0,22.0,30.0,33.0,30.0,30.0,29.0,25.0,31.0,30.0,31.0,32.0,31.0,30.0,31.0,31.0,23.0,30.0,31.0,32.0,25.0,31.0,32.0,30.0,26.0,18.0,30.0,32.0,31.0,31.0,31.0,28.0,31.0,32.0,29.0,31.0,31.0,31.0,31.0,31.0,31.0,32.0,30.0,23.0
video_recv_googFrameRateReceived_2282175686,0.0,10.0,29.0,31.0,19.0,31.0,30.0,31.0,31.0,30.0,32.0,32.0,32.0,32.0,31.0,30.0,32.0,31.0,30.0,32.0,31.0,30.0,32.0,32.0,31.0,30.0,31.0,21.0,17.0,20.0,20.0,20.0,22.0,26.0,23.0,29.0,27.0,28.0,28.0,29.0,26.0,28.0,27.0,27.0,31.0,28.0,27.0,32.0,25.0,35.0,30.0,27.0,32.0,32.0,33.0,31.0,37.0,37.0,34.0,32.0,29.0,31.0,31.0,28.0,31.0,30.0,31.0,29.0,30.0,32.0,31.0,30.0,26.0,17.0,24.0,24.0,23.0,22.0,18.0,25.0,27.0,25.0,28.0,31.0,22.0,30.0,32.0,27.0,31.0,27.0,26.0,31.0,26.0,23.0,27.0,31.0,27.0,25.0,25.0,29.0,26.0,22.0,23.0,24.0,29.0,28.0,28.0,27.0,25.0,29.0,26.0,26.0,30.0,31.0,26.0,29.0,31.0,31.0,29.0,29.0,32.0,34.0
video_recv_googFrameWidthReceived_2282175686,0.0,320.0,320.0,320.0,320.0,320.0,320.0,320.0,320.0,320.0,320.0,320.0,320.0,320.0,320.0,320.0,320.0,320.0,320.0,320.0,320.0,320.0,320.0,320.0,320.0,320.0,320.0,320.0,320.0,320.0,320.0,320.0,320.0,320.0,320.0,320.0,320.0,320.0,320.0,320.0,320.0,320.0,320.0,320.0,320.0,320.0,320.0,320.0,320.0,320.0,320.0,320.0,320.0,320.0,320.0,320.0,320.0,320.0,320.0,320.0,320.0,320.0,320.0,320.0,320.0,320.0,320.0,320.0,320.0,320.0,320.0,320.0,320.0,320.0,320.0,320.0,320.0,320.0,320.0,320.0,320.0,320.0,320.0,320.0,320.0,320.0,320.0,320.0,320.0,320.0,320.0,320.0,320.0,320.0,320.0,320.0,320.0,320.0,320.0,320.0,320.0,320.0,320.0,320.0,320.0,320.0,320.0,320.0,320.0,320.0,320.0,320.0,320.0,320.0,320.0,320.0,320.0,320.0,320.0,320.0,320.0,320.0
video_recv_googInterframeDelayMax_2282175686,-1.0,154.0,147.0,135.0,149.0,154.0,138.0,134.0,139.0,138.0,134.0,132.0,132.0,131.0,143.0,135.0,133.0,134.0,133.0,135.0,148.0,135.0,135.0,133.0,147.0,150.0,135.0,131.0,164.0,154.0,164.0,164.0,137.0,154.0,182.0,139.0,139.0,139.0,141.0,141.0,151.0,139.0,143.0,138.0,138.0,143.0,145.0,138.0,139.0,144.0,139.0,138.0,139.0,138.0,138.0,140.0,150.0,150.0,134.0,137.0,139.0,138.0,142.0,138.0,137.0,140.0,139.0,146.0,148.0,138.0,155.0,138.0,140.0,161.0,151.0,141.0,176.0,158.0,151.0,284.0,141.0,139.0,140.0,140.0,153.0,150.0,138.0,143.0,137.0,146.0,139.0,161.0,152.0,139.0,241.0,146.0,136.0,140.0,138.0,198.0,137.0,148.0,137.0,139.0,140.0,138.0,137.0,137.0,137.0,153.0,138.0,138.0,155.0,138.0,140.0,138.0,141.0,141.0,138.0,137.0,141.0,168.0
video_recv_googJitterBufferMs_2282175686,0.0,42.0,140.0,139.0,130.0,130.0,129.0,125.0,123.0,117.0,117.0,119.0,117.0,119.0,119.0,119.0,128.0,125.0,124.0,123.0,125.0,123.0,121.0,118.0,118.0,117.0,116.0,120.0,123.0,124.0,125.0,124.0,125.0,126.0,135.0,135.0,133.0,131.0,129.0,129.0,131.0,130.0,130.0,130.0,130.0,130.0,133.0,133.0,134.0,134.0,135.0,142.0,143.0,143.0,144.0,142.0,141.0,139.0,139.0,137.0,137.0,136.0,137.0,140.0,136.0,133.0,140.0,142.0,140.0,137.0,134.0,132.0,134.0,140.0,140.0,141.0,141.0,143.0,144.0,145.0,144.0,145.0,144.0,145.0,148.0,154.0,154.0,153.0,151.0,152.0,149.0,150.0,149.0,150.0,153.0,151.0,150.0,150.0,150.0,156.0,156.0,155.0,153.0,155.0,156.0,156.0,157.0,155.0,155.0,155.0,157.0,157.0,156.0,157.0,156.0,155.0,155.0,155.0,157.0,156.0,158.0,159.0
video_recv_googPlisSent_2282175686,0.0,2.0,2.0,2.0,2.0,2.0,2.0,2.0,2.0,2.0,2.0,2.0,2.0,2.0,2.0,2.0,2.0,2.0,2.0,2.0,2.0,2.0,2.0,2.0,2.0,2.0,2.0,2.0,2.0,2.0,2.0,2.0,2.0,2.0,2.0,2.0,2.0,2.0,2.0,2.0,2.0,2.0,2.0,2.0,2.0,2.0,2.0,2.0,2.0,2.0,2.0,2.0,2.0,2.0,2.0,2.0,2.0,2.0,2.0,2.0,2.0,2.0,2.0,2.0,2.0,2.0,2.0,2.0,2.0,2.0,2.0,2.0,2.0,2.0,2.0,2.0,2.0,2.0,2.0,2.0,2.0,2.0,2.0,2.0,2.0,2.0,2.0,2.0,2.0,2.0,2.0,2.0,2.0,2.0,2.0,2.0,2.0,2.0,2.0,2.0,2.0,2.0,2.0,2.0,2.0,2.0,2.0,2.0,2.0,2.0,2.0,2.0,2.0,2.0,2.0,2.0,2.0,2.0,2.0,2.0,2.0,2.0
audio_send_googRtt_736316480,-1,-1,28.0,27.0,26.0,29.0,28.0,29.0,27.0,28.0,27.0,26.0,27.0,27.0,26.0,26.0,26.0,28.0,27.0,26.0,26.0,26.0,26.0,26.0,27.0,26.0,26.0,28.0,28.0,27.0,26.0,26.0,26.0,27.0,27.0,27.0,26.0,26.0,27.0,26.0,26.0,26.0,26.0,28.0,26.0,27.0,27.0,26.0,26.0,27.0,27.0,27.0,27.0,26.0,26.0,26.0,27.0,27.0,26.0,27.0,27.0,27.0,27.0,27.0,27.0,27.0,27.0,27.0,27.0,26.0,26.0,26.0,27.0,27.0,27.0,26.0,26.0,27.0,26.0,26.0,26.0,28.0,26.0,27.0,27.0,27.0,26.0,26.0,27.0,27.0,27.0,26.0,27.0,26.0,26.0,27.0,29.0,28.0,28.0,28.0,27.0,27.0,26.0,26.0,26.0,26.0,26.0,27.0,26.0,28.0,27.0,28.0,27.0,27.0,27.0,27.0,28.0,27.0,26.0,27.0,26.0,28.0
video_send_resolutionChangesInput_1549747633,0,0,0,0,0,0,0,0,0,0,0,0,0,0,0,0,0,0,0,0,0,0,0,0,0,0,0,0,0,0,0,0,0,0,0,0,0,0,0,0,0,0,0,0,0,0,0,0,0,0,0,0,0,0,0,0,0,0,0,0,0,0,0,0,0,0,0,0,0,0,0,0,0,0,0,0,0,0,0,0,0,0,0,0,0,0,0,0,0,0,0,0,0,0,0,0,0,0,0,0,0,0,0,0,0,0,0,0,0,0,0,0,0,0,0,0,0,0,0,0,0,0
video_send_resolutionChangesSent_1549747633,0,0,0,0,0,0,0,0,0,0,0,0,0,0,0,0,0,0,0,0,0,0,0,0,0,0,0,0,0,0,0,0,0,0,0,0,0,0,0,0,0,0,0,0,0,0,0,0,0,0,0,0,0,0,0,0,0,0,0,0,0,0,0,0,0,0,0,0,0,0,0,0,0,0,0,0,0,0,0,0,0,0,0,0,0,0,0,0,0,0,0,0,0,0,0,0,0,0,0,0,0,0,0,0,0,0,0,0,0,0,0,0,0,0,0,0,0,0,0,0,0,0
video_recv_resolutionChangesReceived_637362652,0,0,0,0,0,0,0,0,0,0,0,0,0,0,0,0,0,0,0,0,0,0,0,0,0,0,0,0,0,0,0,0,0,0,0,0,0,0,0,0,0,0,0,0,0,0,0,0,0,0,0,0,0,0,0,0,0,0,0,0,0,0,0,0,0,0,0,0,0,0,0,0,0,0,0,0,0,0,0,0,0,0,0,0,0,0,0,0,0,0,0,0,0,0,0,0,0,0,0,0,0,0,0,0,0,0,0,0,0,0,0,0,0,0,0,0,0,0,0,0,0,0
video_recv_resolutionChangesReceived_2282175686,1,2,2,2,2,2,2,2,2,2,2,2,2,2,2,2,2,2,2,2,2,2,2,2,2,2,2,2,2,2,2,2,2,2,2,2,2,2,2,2,2,2,2,2,2,2,2,2,2,2,2,2,2,2,2,2,2,2,2,2,2,2,2,2,2,2,2,2,2,2,2,2,2,2,2,2,2,2,2,2,2,2,2,2,2,2,2,2,2,2,2,2,2,2,2,2,2,2,2,2,2,2,2,2,2,2,2,2,2,2,2,2,2,2,2,2,2,2,2,2,2,2
1_way_delay_audio_send_1549747633_0,-0.5,-0.5,14.0,13.5,13.0,14.5,14.0,14.5,13.5,14.0,13.5,13.0,13.5,13.5,13.0,13.0,13.0,14.0,13.5,13.0,13.0,13.0,13.0,13.0,13.5,13.0,13.0,14.0,14.0,13.5,13.0,13.0,13.0,13.5,13.5,13.5,13.0,13.0,13.5,13.0,13.0,13.0,13.0,14.0,13.0,13.5,13.5,13.0,13.0,13.5,13.5,13.5,13.5,13.0,13.0,13.0,13.5,13.5,13.0,13.5,13.5,13.5,13.5,13.5,13.5,13.5,13.5,13.5,13.5,13.0,13.0,13.0,13.5,13.5,13.5,13.0,13.0,13.5,13.0,13.0,13.0,14.0,13.0,13.5,13.5,13.5,13.0,13.0,13.5,13.5,13.5,13.0,13.5,13.0,13.0,13.5,14.5,14.0,14.0,14.0,13.5,13.5,13.0,13.0,13.0,13.0,13.0,13.5,13.0,14.0,13.5,14.0,13.5,13.5,13.5,13.5,14.0,13.5,13.0,13.5,13.0,14.0
1_way_delay_video_send_1549747633_0,0.0,13.5,13.5,13.5,13.5,13.5,13.5,13.5,14.0,14.0,13.5,13.5,13.5,13.5,13.0,13.0,13.0,13.0,13.0,13.0,13.0,13.0,13.0,13.0,13.0,13.0,13.0,13.0,13.0,13.0,13.0,13.0,13.0,16.5,22.5,16.0,13.5,13.0,13.5,13.0,13.0,13.0,13.0,13.0,13.0,13.0,13.0,13.0,12.5,12.5,12.5,12.5,12.5,12.5,12.5,12.5,12.5,12.5,12.5,12.5,12.5,12.5,12.5,12.5,12.5,12.5,12.5,12.5,12.5,12.5,12.5,12.5,12.5,12.5,12.5,12.5,12.5,12.5,12.5,12.5,12.5,13.0,13.0,13.0,13.0,13.0,13.0,13.0,13.0,13.0,13.0,13.0,13.0,13.0,13.0,13.0,13.0,13.0,13.0,13.0,13.0,13.0,13.0,13.0,13.0,13.0,13.0,13.0,13.0,13.0,13.0,13.0,13.0,13.0,13.0,13.0,13.0,13.0,13.0,12.5,12.5,12.5
ear_ear_delay_audio_send_1549747633_0,-1.5,11.5,75.0,75.5,65.0,56.5,20.0,96.5,17.5,56.0,37.5,63.0,73.5,75.5,75.0,35.0,55.0,75.0,163.5,85.0,35.0,115.0,65.0,111.0,85.5,58.0,35.0,105.0,16.0,65.5,48.0,97.0,65.0,55.5,63.5,55.5,15.0,106.0,135.5,75.0,58.0,75.0,83.0,136.0,83.0,75.5,125.5,15.0,15.0,135.5,15.5,115.5,123.5,135.0,125.0,135.0,73.5,308.5,485.0,325.5,15.5,22.5,63.5,133.5,143.5,503.5,183.5,63.5,53.5,65.0,103.0,105.0,93.5,15.5,119.5,103.0,14.0,15.5,113.0,133.0,115.0,74.0,133.0,66.5,43.5,115.5,95.0,33.0,115.5,143.5,83.5,103.0,115.5,73.0,122.0,15.5,28.5,44.0,64.0,56.0,74.5,63.5,93.0,63.0,96.0,97.0,123.0,123.5,103.0,104.0,95.5,116.0,93.5,63.5,103.5,93.5,116.0,95.5,123.0,73.5,14.0,98.0
audio_packet_loss_percentage_send_1549747633_0,0.0,0.0,0.0,0.0,0.0,0.0,0.0,0.0,0.0,0.0,0.0,0.0,0.0,0.0,0.0,0.0,0.0,0.0,0.0,0.0,0.0,0.0,0.0,0.0,0.0,0.0,0.0,0.0,0.0,0.0,0.0,0.0,0.0,0.0,0.0,0.0,0.0,0.0,0.0,0.0,0.0,0.0,0.0,0.0,0.0,0.0,0.0,0.0,0.0,0.0,0.0,0.0,0.0,0.0,0.0,0.0,0.0,0.0,0.0,0.0,0.0,0.0,0.0,0.0,0.0,0.0,0.0,0.0,0.0,0.0,0.0,0.0,0.0,0.0,0.0,0.0,0.0,0.0,0.0,0.0,0.0,0.0,0.0,0.0,0.0,0.0,0.0,0.0,0.0,0.0,0.0,0.0,0.0,0.0,0.0,0.0,0.0,0.0,0.0,0.0,0.0,0.0,0.0,0.0,0.0,0.0,0.0,0.0,0.0,0.0,0.0,0.0,0.0,0.0,0.0,0.0,0.0,0.0,0.0,0.0,0.0
e_model_audio_send_1549747633_0,93.924,92.4,92.388,92.64,92.84400000000001,93.72,91.884,93.78,92.85600000000001,93.3,92.688,92.436,92.388,92.4,93.36,92.88000000000001,92.4,90.276,92.16,93.36,91.44,92.64,91.536,92.148,92.808,93.36,91.68,93.816,92.628,93.048,91.872,92.64,92.86800000000001,92.676,92.86800000000001,93.84,91.656,90.94800000000001,92.4,92.808,92.4,92.208,90.936,92.208,92.388,91.188,93.84,93.84,90.94800000000001,93.828,91.428,91.236,90.96000000000001,91.2,90.96000000000001,92.436,72.364,48.713,70.086,93.828,93.66,92.676,90.99600000000001,90.756,46.23400000000001,89.114,92.676,92.916,92.64,91.72800000000001,91.68,91.956,93.828,91.33200000000001,91.72800000000001,93.864,93.828,91.488,91.00800000000001,91.44,92.424,91.00800000000001,92.604,93.156,91.428,91.92,93.408,91.428,90.756,92.196,91.72800000000001,91.428,92.44800000000001,91.272,93.828,93.516,93.144,92.664,92.85600000000001,92.412,92.676,91.968,92.688,91.896,91.872,91.248,91.236,91.72800000000001,91.70400000000001,91.908,91.416,91.956,92.676,91.71600000000001,91.956,91.416,91.908,91.248,92.436,93.864
kpi_audio_synchronization_1549747633_0,4.422858766368832,4.393268032,4.393019717394496,4.398184609792,4.4022889586869125,4.419124080064001,4.3823781086542715,4.420229860936,4.402528243813888,4.411213141,4.399156533047297,4.394011557875008,4.393019717394496,4.393268032,4.412361476608,4.403006096896001,4.393268032,4.3457031973079685,4.388256944128,4.412361476608,4.372662426112,4.398184609792,4.374789974929409,4.3880039192594555,4.401569669833217,4.412361476608,4.377953560576,4.420890394582528,4.397941034479936,4.406324247993856,4.382119702872064,4.398184609792,4.402767289907777,4.398913909077568,4.402767289907777,4.421329526272,4.377428612121088,4.361528034120256,4.393268032,4.401569669833217,4.393268032,4.389266694639616,4.361251665899008,4.389266694639616,4.393019717394496,4.367007528383296,4.421329526272,4.421329526272,4.361528034120256,4.4211100828831364,4.372395444636736,4.3680924564542085,4.361804174848,4.3672791040000005,4.361804174848,4.394011557875008,3.7058231479681925,2.507563368058321,3.6010308069476085,4.4211100828831364,4.418012192728001,4.398913909077568,4.362631231344448,4.357078892711488,2.3786516787336724,4.316693421625192,4.398913909077568,4.403721082500928,4.398184609792,4.379000673857536,4.377953560576,4.383923644564288,4.4211100828831364,4.370251304655425,4.379000673857536,4.4217676780241915,4.4211100828831364,4.373728046596097,4.3629064613724164,4.372662426112,4.393763952312832,4.3629064613724164,4.397453170965951,4.408432497537088,4.372395444636736,4.3831519267840005,4.413275788066816,4.372395444636736,4.357078892711488,4.389014609501248,4.379000673857536,4.372395444636736,4.394258926944256,4.3689037457904645,4.4211100828831364,4.415318803035329,4.408199210010112,4.3986710471633925,4.402528243813888,4.393516110330304,4.398913909077568,4.384180416741376,4.399156533047297,4.382636281282048,4.382119702872064,4.368363115565057,4.3680924564542085,4.379000673857536,4.378477581348352,4.382894220682816,4.372128232764928,4.383923644564288,4.398913909077568,4.378739243672128,4.383923644564288,4.372128232764928,4.382894220682816,4.368363115565057,4.394011557875008,4.4217676780241915
eye_eye_delay_video_send_1549747633_0,-1.0,62.5,105.5,89.5,88.5,94.5,97.5,95.5,96.0,95.0,94.5,93.5,94.5,93.5,92.0,91.0,92.0,91.0,90.0,89.0,89.0,88.0,88.0,87.0,87.0,87.0,86.0,86.0,86.0,86.0,87.0,87.0,87.0,90.5,96.5,91.0,87.5,88.0,87.5,88.0,87.0,88.0,87.0,87.0,86.0,86.0,86.0,86.0,85.5,85.5,85.5,87.5,88.5,89.5,90.5,90.5,89.5,89.5,89.5,89.5,89.5,89.5,90.5,90.5,89.5,89.5,90.5,90.5,90.5,91.5,90.5,90.5,90.5,90.5,90.5,90.5,91.5,91.5,91.5,91.5,91.5,92.0,92.0,93.0,93.0,92.0,92.0,94.0,93.0,93.0,94.0,94.0,94.0,95.0,94.0,95.0,95.0,96.0,96.0,95.0,95.0,94.0,96.0,96.0,96.0,96.0,96.0,97.0,97.0,97.0,97.0,96.0,97.0,97.0,96.0,96.0,96.0,96.0,96.0,96.5,95.5,96.5
kpi_video_synchronization_1549747633_0,5,5,4.926666666666667,5,5,5,5,5,5,5,5,5,5,5,5,5,5,5,5,5,5,5,5,5,5,5,5,5,5,5,5,5,5,5,5,5,5,5,5,5,5,5,5,5,5,5,5,5,5,5,5,5,5,5,5,5,5,5,5,5,5,5,5,5,5,5,5,5,5,5,5,5,5,5,5,5,5,5,5,5,5,5,5,5,5,5,5,5,5,5,5,5,5,5,5,5,5,5,5,5,5,5,5,5,5,5,5,5,5,5,5,5,5,5,5,5,5,5,5,5,5,5
av_delay_send_1549747633_0,-0.5,-51.0,-30.5,-14.0,-23.5,-38.0,-77.5,1.0,-78.5,-39.0,-57.0,-30.5,-21.0,-18.0,-17.0,-56.0,-37.0,-16.0,73.5,-4.0,-54.0,27.0,-23.0,24.0,-1.5,-29.0,-51.0,19.0,-70.0,-20.5,-39.0,10.0,-22.0,-35.0,-33.0,-35.5,-72.5,18.0,48.0,-13.0,-29.0,-13.0,-4.0,49.0,-3.0,-10.5,39.5,-71.0,-70.5,50.0,-70.0,28.0,35.0,45.5,34.5,44.5,-16.0,219.0,395.5,236.0,-74.0,-67.0,-27.0,43.0,54.0,414.0,93.0,-27.0,-37.0,-26.5,12.5,14.5,3.0,-75.0,29.0,12.5,-77.5,-76.0,21.5,41.5,23.5,-18.0,41.0,-26.5,-49.5,23.5,3.0,-61.0,22.5,50.5,-10.5,9.0,21.5,-22.0,28.0,-79.5,-66.5,-52.0,-32.0,-39.0,-20.5,-30.5,-3.0,-33.0,0.0,1.0,27.0,26.5,6.0,7.0,-1.5,20.0,-3.5,-33.5,7.5,-2.5,20.0,-0.5,27.0,-23.0,-81.5,1.5
kpi_av_synchronization_1549747633_0,5,5,5,5,5,5,5,5,5,5,5,5,5,5,5,5,5,5,2.72,5,5,5,5,5,5,5,5,5,5,5,5,5,5,5,5,5,5,5,4.76,5,5,5,5,4.68,5,5,5,5,5,4.6,5,5,5,4.96,5,5,5,1,1,1,5,5,5,5,4.28,1,1,5,5,5,5,5,5,5,5,5,5,5,5,5,5,5,5,5,5,5,5,5,5,4.56,5,5,5,5,5,5,5,5,5,5,5,5,5,5,5,5,5,5,5,5,5,5,5,5,5,5,5,5,5,5,5,5
1_way_delay_audio_send_1549747633_1,-0.5,-0.5,14.0,13.5,13.0,14.5,14.0,14.5,13.5,14.0,13.5,13.0,13.5,13.5,13.0,13.0,13.0,14.0,13.5,13.0,13.0,13.0,13.0,13.0,13.5,13.0,13.0,14.0,14.0,13.5,13.0,13.0,13.0,13.5,13.5,13.5,13.0,13.0,13.5,13.0,13.0,13.0,13.0,14.0,13.0,13.5,13.5,13.0,13.0,13.5,13.5,13.5,13.5,13.0,13.0,13.0,13.5,13.5,13.0,13.5,13.5,13.5,13.5,13.5,13.5,13.5,13.5,13.5,13.5,13.0,13.0,13.0,13.5,13.5,13.5,13.0,13.0,13.5,13.0,13.0,13.0,14.0,13.0,13.5,13.5,13.5,13.0,13.0,13.5,13.5,13.5,13.0,13.5,13.0,13.0,13.5,14.5,14.0,14.0,14.0,13.5,13.5,13.0,13.0,13.0,13.0,13.0,13.5,13.0,14.0,13.5,14.0,13.5,13.5,13.5,13.5,14.0,13.5,13.0,13.5,13.0,14.0
1_way_delay_video_send_1549747633_1,0.0,13.5,13.5,13.5,13.5,13.5,13.5,13.5,14.0,14.0,13.5,13.5,13.5,13.5,13.0,13.0,13.0,13.0,13.0,13.0,13.0,13.0,13.0,13.0,13.0,13.0,13.0,13.0,13.0,13.0,13.0,13.0,13.0,16.5,22.5,16.0,13.5,13.0,13.5,13.0,13.0,13.0,13.0,13.0,13.0,13.0,13.0,13.0,12.5,12.5,12.5,12.5,12.5,12.5,12.5,12.5,12.5,12.5,12.5,12.5,12.5,12.5,12.5,12.5,12.5,12.5,12.5,12.5,12.5,12.5,12.5,12.5,12.5,12.5,12.5,12.5,12.5,12.5,12.5,12.5,12.5,13.0,13.0,13.0,13.0,13.0,13.0,13.0,13.0,13.0,13.0,13.0,13.0,13.0,13.0,13.0,13.0,13.0,13.0,13.0,13.0,13.0,13.0,13.0,13.0,13.0,13.0,13.0,13.0,13.0,13.0,13.0,13.0,13.0,13.0,13.0,13.0,13.0,13.0,12.5,12.5,12.5
ear_ear_delay_audio_send_1549747633_1,35.5,9.5,28.0,21.5,21.0,16.5,26.0,20.5,15.5,16.0,15.5,14.0,20.5,19.5,35.0,21.0,15.0,18.0,15.5,15.0,14.0,15.0,15.0,14.0,15.5,21.0,16.0,17.0,19.0,23.5,23.0,22.0,21.0,35.5,15.5,15.5,15.0,16.0,15.5,25.0,23.0,15.0,22.0,16.0,14.0,24.5,15.5,15.0,15.0,15.5,15.5,15.5,15.5,15.0,15.0,15.0,15.5,35.5,25.0,20.5,19.5,15.5,28.5,15.5,40.5,35.5,17.5,16.5,17.5,14.0,15.0,15.0,18.5,53.5,83.5,15.0,15.0,15.5,15.0,14.0,15.0,16.0,15.0,15.5,17.5,15.5,24.0,21.0,14.5,15.5,15.5,16.0,15.5,33.0,13.0,15.5,37.5,18.0,15.0,21.0,15.5,17.5,25.0,17.0,14.0,21.0,14.0,19.5,15.0,22.0,22.5,15.0,18.5,25.5,15.5,20.5,23.0,14.5,13.0,27.5,23.0,28.0
audio_packet_loss_percentage_send_1549747633_1,0.0,0.0,0.0,0.0,0.0,0.0,0.0,0.0,0.0,0.0,0.0,0.0,0.0,0.0,0.0,0.0,0.0,0.0,0.0,0.0,0.0,0.0,0.0,0.0,0.0,0.0,0.0,0.0,0.0,0.0,0.0,0.0,0.0,0.0,0.0,0.0,0.0,0.0,0.0,0.0,0.0,0.0,0.0,0.0,0.0,0.0,0.0,0.0,0.0,0.0,0.0,0.0,0.0,0.0,0.0,0.0,0.0,0.0,0.0,0.0,0.0,0.0,0.0,0.0,0.0,0.0,0.0,0.0,0.0,0.0,0.0,0.0,0.0,0.0,0.0,0.0,0.0,0.0,0.0,0.0,0.0,0.0,0.0,0.0,0.0,0.0,0.0,0.0,0.0,0.0,0.0,0.0,0.0,0.0,0.0,0.0,0.0,0.0,0.0,0.0,0.0,0.0,0.0,0.0,0.0,0.0,0.0,0.0,0.0,0.0,0.0,0.0,0.0,0.0,0.0,0.0,0.0,0.0,0.0,0.0,0.0
e_model_audio_send_1549747633_1,93.348,93.97200000000001,93.528,93.684,93.696,93.804,93.57600000000001,93.708,93.828,93.816,93.828,93.864,93.708,93.732,93.36,93.696,93.84,93.768,93.828,93.84,93.864,93.84,93.84,93.864,93.828,93.696,93.816,93.792,93.744,93.636,93.648,93.672,93.696,93.348,93.828,93.828,93.84,93.816,93.828,93.60000000000001,93.648,93.84,93.672,93.816,93.864,93.61200000000001,93.828,93.84,93.84,93.828,93.828,93.828,93.828,93.84,93.84,93.84,93.828,93.348,93.60000000000001,93.708,93.732,93.828,93.516,93.828,93.22800000000001,93.348,93.78,93.804,93.78,93.864,93.84,93.84,93.756,92.916,92.196,93.84,93.84,93.828,93.84,93.864,93.84,93.816,93.84,93.828,93.78,93.828,93.62400000000001,93.696,93.852,93.828,93.828,93.816,93.828,93.408,93.888,93.828,93.3,93.768,93.84,93.696,93.828,93.78,93.60000000000001,93.792,93.864,93.696,93.864,93.732,93.84,93.672,93.66,93.84,93.756,93.58800000000001,93.828,93.708,93.648,93.852,93.888,93.54,93.648
kpi_audio_synchronization_1549747633_1,4.412132293358656,4.423727218617665,4.415544590542337,4.418457679857473,4.418680057397249,4.420670461442753,4.416445308871168,4.418902190823617,4.4211100828831364,4.420890394582528,4.4211100828831364,4.4217676780241915,4.418902190823617,4.419345725045825,4.412361476608,4.418680057397249,4.421329526272,4.420009193714176,4.4211100828831364,4.421329526272,4.4217676780241915,4.421329526272,4.421329526272,4.4217676780241915,4.4211100828831364,4.418680057397249,4.420890394582528,4.420450283536384,4.4195671256965126,4.417565730015808,4.4177890832834565,4.418235058276864,4.418680057397249,4.412132293358656,4.4211100828831364,4.4211100828831364,4.421329526272,4.420890394582528,4.4211100828831364,4.416894208,4.4177890832834565,4.421329526272,4.418235058276864,4.420890394582528,4.4217676780241915,4.417118292301504,4.4211100828831364,4.421329526272,4.421329526272,4.4211100828831364,4.4211100828831364,4.4211100828831364,4.4211100828831364,4.421329526272,4.421329526272,4.421329526272,4.4211100828831364,4.412132293358656,4.416894208,4.418902190823617,4.419345725045825,4.4211100828831364,4.415318803035329,4.4211100828831364,4.409827162361537,4.412132293358656,4.420229860936,4.420670461442753,4.420229860936,4.4217676780241915,4.421329526272,4.421329526272,4.419788281943489,4.403721082500928,4.389014609501248,4.421329526272,4.421329526272,4.4211100828831364,4.421329526272,4.4217676780241915,4.421329526272,4.420890394582528,4.421329526272,4.4211100828831364,4.420229860936,4.4211100828831364,4.417342132997633,4.418680057397249,4.421548724676544,4.4211100828831364,4.4211100828831364,4.420890394582528,4.4211100828831364,4.413275788066816,4.422204849258496,4.4211100828831364,4.411213141,4.420009193714176,4.421329526272,4.418680057397249,4.4211100828831364,4.420229860936,4.416894208,4.420450283536384,4.4217676780241915,4.418680057397249,4.4217676780241915,4.419345725045825,4.421329526272,4.418235058276864,4.418012192728001,4.421329526272,4.419788281943489,4.4166698801656965,4.4211100828831364,4.418902190823617,4.4177890832834565,4.421548724676544,4.422204849258496,4.415770134952001,4.4177890832834565
eye_eye_delay_video_send_1549747633_1,11.0,29.5,32.5,31.5,31.5,31.5,31.5,30.5,31.0,31.0,30.5,30.5,29.5,29.5,29.0,29.0,29.0,29.0,29.0,28.0,28.0,28.0,28.0,28.0,28.0,28.0,28.0,28.0,28.0,28.0,28.0,28.0,28.0,31.5,37.5,31.0,28.5,28.0,28.5,28.0,27.0,27.0,27.0,27.0,27.0,27.0,27.0,27.0,26.5,26.5,26.5,26.5,30.5,30.5,29.5,29.5,29.5,29.5,30.5,29.5,29.5,29.5,29.5,29.5,29.5,29.5,29.5,29.5,29.5,29.5,29.5,29.5,29.5,29.5,29.5,29.5,29.5,29.5,29.5,29.5,29.5,30.0,30.0,30.0,29.0,30.0,30.0,29.0,29.0,29.0,29.0,29.0,29.0,29.0,29.0,29.0,29.0,29.0,29.0,29.0,29.0,29.0,30.0,30.0,30.0,30.0,30.0,30.0,30.0,30.0,30.0,30.0,30.0,30.0,30.0,30.0,30.0,30.0,30.0,29.5,29.5,29.5
kpi_video_synchronization_1549747633_1,5,5,5,5,5,5,5,5,5,5,5,5,5,5,5,5,5,5,5,5,5,5,5,5,5,5,5,5,5,5,5,5,5,5,5,5,5,5,5,5,5,5,5,5,5,5,5,5,5,5,5,5,5,5,5,5,5,5,5,5,5,5,5,5,5,5,5,5,5,5,5,5,5,5,5,5,5,5,5,5,5,5,5,5,5,5,5,5,5,5,5,5,5,5,5,5,5,5,5,5,5,5,5,5,5,5,5,5,5,5,5,5,5,5,5,5,5,5,5,5,5,5
av_delay_send_1549747633_1,24.5,-20.0,-4.5,-10.0,-10.5,-15.0,-5.5,-10.0,-15.5,-15.0,-15.0,-16.5,-9.0,-10.0,6.0,-8.0,-14.0,-11.0,-13.5,-13.0,-14.0,-13.0,-13.0,-14.0,-12.5,-7.0,-12.0,-11.0,-9.0,-4.5,-5.0,-6.0,-7.0,4.0,-22.0,-15.5,-13.5,-12.0,-13.0,-3.0,-4.0,-12.0,-5.0,-11.0,-13.0,-2.5,-11.5,-12.0,-11.5,-11.0,-11.0,-11.0,-15.0,-15.5,-14.5,-14.5,-14.0,6.0,-5.5,-9.0,-10.0,-14.0,-1.0,-14.0,11.0,6.0,-12.0,-13.0,-12.0,-15.5,-14.5,-14.5,-11.0,24.0,54.0,-14.5,-14.5,-14.0,-14.5,-15.5,-14.5,-14.0,-15.0,-14.5,-11.5,-14.5,-6.0,-8.0,-14.5,-13.5,-13.5,-13.0,-13.5,4.0,-16.0,-13.5,8.5,-11.0,-14.0,-8.0,-13.5,-11.5,-5.0,-13.0,-16.0,-9.0,-16.0,-10.5,-15.0,-8.0,-7.5,-15.0,-11.5,-4.5,-14.5,-9.5,-7.0,-15.5,-17.0,-2.0,-6.5,-1.5
kpi_av_synchronization_1549747633_1,5,5,5,5,5,5,5,5,5,5,5,5,5,5,5,5,5,5,5,5,5,5,5,5,5,5,5,5,5,5,5,5,5,5,5,5,5,5,5,5,5,5,5,5,5,5,5,5,5,5,5,5,5,5,5,5,5,5,5,5,5,5,5,5,5,5,5,5,5,5,5,5,5,5,4.28,5,5,5,5,5,5,5,5,5,5,5,5,5,5,5,5,5,5,5,5,5,5,5,5,5,5,5,5,5,5,5,5,5,5,5,5,5,5,5,5,5,5,5,5,5,5,5
audio_recv_kbitsReceivedPerSecond_96148422,21,6,6,6,3,3,2,6,7,6,6,6,5,4,6,6,6,6,5,8,2,8,7,11,8,7,8,7,6,6,22,20,9,6,5,7,6,12,13,17,6,7,11,13,23,25,11,7,8,8,9,9,9,9,10,13,8,11,13,6,7,13,17,15,12,22,42,42,31,19,6,9,7,8,9,15,16,13,8,12,14,24,27,22,7,7,7,8,10,8,9,9,9,9,12,13,14,14,31,31,28,42,15,6,9,9,8,8,6,8,7,8,6,7,6,5,7,6,7,8,8,5
kpi_q_audio_96148422,3,1,1,1,1,1,1,1,1,1,1,1,1,1,1,1,1,1,1,1,1,1,1,2,1,1,1,1,1,1,3,3,2,1,1,1,1,2,2,3,1,1,2,2,3,4,2,1,1,1,1,2,2,2,2,2,1,2,2,1,1,2,3,2,2,3,5,5,4,3,1,1,1,1,2,2,3,2,1,2,2,4,4,3,1,1,1,1,2,1,2,2,1,2,2,2,2,2,4,4,4,5,2,1,2,1,1,1,1,1,1,1,1,1,1,1,1,1,1,1,1,1
video_recv_kbitsReceivedPerSecond_637362652,259,323,186,208,226,223,206,204,213,209,221,211,197,204,215,214,201,200,218,207,217,206,199,205,219,213,204,199,214,207,216,210,199,203,218,213,205,198,219,206,214,205,207,200,219,213,208,198,217,204,214,226,194,190,217,214,211,197,221,204,211,211,203,196,219,212,212,197,220,203,209,214,204,199,216,210,214,197,222,203,209,213,204,198,216,211,215,194,221,203,208,213,205,199,216,210,217,198,221,205,207,232,188,195,211,211,218,196,220,206,208,212,203,198,216,208,219,202,216,206,208,213
kpi_resolution_stability_637362652,4.303535113616246,4.303535113616246,4.303535113616246,4.303535113616246,4.303535113616246,4.303535113616246,4.303535113616246,4.303535113616246,4.303535113616246,4.303535113616246,4.303535113616246,4.303535113616246,4.303535113616246,4.303535113616246,4.303535113616246,4.303535113616246,4.303535113616246,4.303535113616246,4.303535113616246,4.303535113616246,4.303535113616246,4.303535113616246,4.303535113616246,4.303535113616246,4.303535113616246,4.303535113616246,4.303535113616246,4.303535113616246,4.303535113616246,4.303535113616246,4.303535113616246,4.303535113616246,4.303535113616246,4.303535113616246,4.303535113616246,4.303535113616246,4.303535113616246,4.303535113616246,4.303535113616246,4.303535113616246,4.303535113616246,4.303535113616246,4.303535113616246,4.303535113616246,4.303535113616246,4.303535113616246,4.303535113616246,4.303535113616246,4.303535113616246,4.303535113616246,4.303535113616246,4.303535113616246,4.303535113616246,4.303535113616246,4.303535113616246,4.303535113616246,4.303535113616246,4.303535113616246,4.303535113616246,4.303535113616246,4.303535113616246,4.303535113616246,4.303535113616246,4.303535113616246,4.303535113616246,4.303535113616246,4.303535113616246,4.303535113616246,4.303535113616246,4.303535113616246,4.303535113616246,4.303535113616246,4.303535113616246,4.303535113616246,4.303535113616246,4.303535113616246,4.303535113616246,4.303535113616246,4.303535113616246,4.303535113616246,4.303535113616246,4.303535113616246,4.303535113616246,4.303535113616246,4.303535113616246,4.303535113616246,4.303535113616246,4.303535113616246,4.303535113616246,4.303535113616246,4.303535113616246,4.303535113616246,4.303535113616246,4.303535113616246,4.303535113616246,4.303535113616246,4.303535113616246,4.303535113616246,4.303535113616246,4.303535113616246,4.303535113616246,4.303535113616246,4.303535113616246,4.303535113616246,4.303535113616246,4.303535113616246,4.303535113616246,4.303535113616246,4.303535113616246,4.303535113616246,4.303535113616246,4.303535113616246,4.303535113616246,4.303535113616246,4.303535113616246,4.303535113616246,4.303535113616246,4.303535113616246,4.303535113616246,4.303535113616246,4.303535113616246,4.303535113616246
max_resolution_percentage_637362652,100.0,100.0,100.0,100.0,100.0,100.0,100.0,100.0,100.0,100.0,100.0,100.0,100.0,100.0,100.0,100.0,100.0,100.0,100.0,100.0,100.0,100.0,100.0,100.0,100.0,100.0,100.0,100.0,100.0,100.0,100.0,100.0,100.0,100.0,100.0,100.0,100.0,100.0,100.0,100.0,100.0,100.0,100.0,100.0,100.0,100.0,100.0,100.0,100.0,100.0,100.0,100.0,100.0,100.0,100.0,100.0,100.0,100.0,100.0,100.0,100.0,100.0,100.0,100.0,100.0,100.0,100.0,100.0,100.0,100.0,100.0,100.0,100.0,100.0,100.0,100.0,100.0,100.0,100.0,100.0,100.0,100.0,100.0,100.0,100.0,100.0,100.0,100.0,100.0,100.0,100.0,100.0,100.0,100.0,100.0,100.0,100.0,100.0,100.0,100.0,100.0,100.0,100.0,100.0,100.0,100.0,100.0,100.0,100.0,100.0,100.0,100.0,100.0,100.0,100.0,100.0,100.0,100.0,100.0,100.0,100.0,100.0
kpi_resolution_stability_norm_637362652,kpi_resolution_stability_637362652,4.303535113616246,4.303535113616246,4.303535113616246,4.303535113616246,4.303535113616246,4.303535113616246,4.303535113616246,4.303535113616246,4.303535113616246,4.303535113616246,4.303535113616246,4.303535113616246,4.303535113616246,4.303535113616246,4.303535113616246,4.303535113616246,4.303535113616246,4.303535113616246,4.303535113616246,4.303535113616246,4.303535113616246,4.303535113616246,4.303535113616246,4.303535113616246,4.303535113616246,4.303535113616246,4.303535113616246,4.303535113616246,4.303535113616246,4.303535113616246,4.303535113616246,4.303535113616246,4.303535113616246,4.303535113616246,4.303535113616246,4.303535113616246,4.303535113616246,4.303535113616246,4.303535113616246,4.303535113616246,4.303535113616246,4.303535113616246,4.303535113616246,4.303535113616246,4.303535113616246,4.303535113616246,4.303535113616246,4.303535113616246,4.303535113616246,4.303535113616246,4.303535113616246,4.303535113616246,4.303535113616246,4.303535113616246,4.303535113616246,4.303535113616246,4.303535113616246,4.303535113616246,4.303535113616246,4.303535113616246,4.303535113616246,4.303535113616246,4.303535113616246,4.303535113616246,4.303535113616246,4.303535113616246,4.303535113616246,4.303535113616246,4.303535113616246,4.303535113616246,4.303535113616246,4.303535113616246,4.303535113616246,4.303535113616246,4.303535113616246,4.303535113616246,4.303535113616246,4.303535113616246,4.303535113616246,4.303535113616246,4.303535113616246,4.303535113616246,4.303535113616246,4.303535113616246,4.303535113616246,4.303535113616246,4.303535113616246,4.303535113616246,4.303535113616246,4.303535113616246,4.303535113616246,4.303535113616246,4.303535113616246,4.303535113616246,4.303535113616246,4.303535113616246,4.303535113616246,4.303535113616246,4.303535113616246,4.303535113616246,4.303535113616246,4.303535113616246,4.303535113616246,4.303535113616246,4.303535113616246,4.303535113616246,4.303535113616246,4.303535113616246,4.303535113616246,4.303535113616246,4.303535113616246,4.303535113616246,4.303535113616246,4.303535113616246,4.303535113616246,4.303535113616246,4.303535113616246,4.303535113616246,4.303535113616246,4.303535113616246,4.303535113616246,4.303535113616246
max_resolution_percentage_norm_637362652,max_resolution_percentage_637362652,100.0,100.0,100.0,100.0,100.0,100.0,100.0,100.0,100.0,100.0,100.0,100.0,100.0,100.0,100.0,100.0,100.0,100.0,100.0,100.0,100.0,100.0,100.0,100.0,100.0,100.0,100.0,100.0,100.0,100.0,100.0,100.0,100.0,100.0,100.0,100.0,100.0,100.0,100.0,100.0,100.0,100.0,100.0,100.0,100.0,100.0,100.0,100.0,100.0,100.0,100.0,100.0,100.0,100.0,100.0,100.0,100.0,100.0,100.0,100.0,100.0,100.0,100.0,100.0,100.0,100.0,100.0,100.0,100.0,100.0,100.0,100.0,100.0,100.0,100.0,100.0,100.0,100.0,100.0,100.0,100.0,100.0,100.0,100.0,100.0,100.0,100.0,100.0,100.0,100.0,100.0,100.0,100.0,100.0,100.0,100.0,100.0,100.0,100.0,100.0,100.0,100.0,100.0,100.0,100.0,100.0,100.0,100.0,100.0,100.0,100.0,100.0,100.0,100.0,100.0,100.0,100.0,100.0,100.0,100.0,100.0,100.0
kpi_fps_stability_637362652,5,5,5,5,5,5,5,5,5,5,5,5,5,5,5,5,5,5,5,5,5,5,5,5,5,5,5,5,5,5,5,5,5,5,5,5,5,5,5,5,5,5,5,5,5,5,5,5,5,5,5,5,5,5,5,5,5,5,5,5,5,5,5,5,5,5,5,5,5,5,5,5,5,5,5,5,5,5,5,5,5,5,5,5,5,5,5,5,5,5,5,5,5,5,5,5,5,5,5,5,5,5,5,5,5,5,5,5,5,5,5,5,5,5,5,5,5,5,5,5,5,5
kpi_q_video_637362652,2.05,2.4,1.6857142857142855,1.8,1.9,1.9,1.8,1.8,1.8499999999999999,1.8,1.9,1.8499999999999999,1.7428571428571429,1.8,1.8499999999999999,1.8499999999999999,1.8,1.8,1.8499999999999999,1.8,1.8499999999999999,1.8,1.7428571428571429,1.8,1.8499999999999999,1.8499999999999999,1.8,1.7428571428571429,1.8499999999999999,1.8,1.8499999999999999,1.8499999999999999,1.7428571428571429,1.8,1.8499999999999999,1.8499999999999999,1.8,1.7428571428571429,1.8499999999999999,1.8,1.8499999999999999,1.8,1.8,1.8,1.8499999999999999,1.8499999999999999,1.8,1.7428571428571429,1.8499999999999999,1.8,1.8499999999999999,1.9,1.7428571428571429,1.7428571428571429,1.8499999999999999,1.8499999999999999,1.8499999999999999,1.7428571428571429,1.9,1.8,1.8499999999999999,1.8499999999999999,1.8,1.7428571428571429,1.8499999999999999,1.8499999999999999,1.8499999999999999,1.7428571428571429,1.8499999999999999,1.8,1.8,1.8499999999999999,1.8,1.7428571428571429,1.8499999999999999,1.8499999999999999,1.8499999999999999,1.7428571428571429,1.9,1.8,1.8,1.8499999999999999,1.8,1.7428571428571429,1.8499999999999999,1.8499999999999999,1.8499999999999999,1.7428571428571429,1.9,1.8,1.8,1.8499999999999999,1.8,1.7428571428571429,1.8499999999999999,1.8499999999999999,1.8499999999999999,1.7428571428571429,1.9,1.8,1.8,1.95,1.6857142857142855,1.7428571428571429,1.8499999999999999,1.8499999999999999,1.8499999999999999,1.7428571428571429,1.8499999999999999,1.8,1.8,1.8499999999999999,1.8,1.7428571428571429,1.8499999999999999,1.8,1.8499999999999999,1.8,1.8499999999999999,1.8,1.8,1.8499999999999999
audio_recv_kbitsReceivedPerSecond_3060246347,0,0,18,17,21,20,20,16,22,22,17,20,15,21,19,23,20,20,24,23,23,18,22,22,21,21,20,22,22,21,23,21,21,21,22,21,21,21,23,23,22,21,21,16,17,25,22,24,23,21,21,22,21,21,21,23,24,22,23,19,14,10,8,16,22,22,16,15,19,22,22,19,19,11,8,21,20,9,10,23,23,25,22,24,23,24,24,24,23,23,23,22,24,14,22,23,23,23,22,24,23,23,24,23,18,23,23,21,22,21,23,21,21,22,21,22,22,21,21,21,21,21
kpi_q_audio_3060246347,1,1,3,3,3,3,3,3,3,3,3,3,2,3,3,3,3,3,4,3,3,3,3,3,3,3,3,3,3,3,3,3,3,3,3,3,3,3,3,3,3,3,3,3,3,4,3,4,3,3,3,3,3,3,3,3,4,3,3,3,2,2,1,3,3,3,3,2,3,3,3,3,3,2,1,3,3,1,2,3,3,4,3,4,3,4,4,4,3,3,3,3,4,2,3,3,3,3,3,4,3,3,4,3,3,3,3,3,3,3,3,3,3,3,3,3,3,3,3,3,3,3
video_recv_kbitsReceivedPerSecond_2282175686,0,40,152,201,115,196,199,201,211,187,231,203,196,247,186,202,216,206,196,190,199,228,194,227,184,187,210,146,80,79,87,91,90,111,126,135,133,151,157,182,185,185,193,195,198,204,208,211,215,220,230,230,232,242,231,258,264,267,232,199,224,206,199,218,189,210,218,193,207,195,203,221,167,102,108,113,117,130,140,147,177,192,190,199,205,204,205,196,204,205,207,196,194,162,151,135,150,156,172,189,197,197,166,151,142,159,174,184,201,191,212,201,209,215,204,215,199,208,215,218,228,236
kpi_resolution_stability_2282175686,4.211260008508047,4.211260008508047,4.211260008508047,4.211260008508047,4.211260008508047,4.211260008508047,4.211260008508047,4.211260008508047,4.211260008508047,4.211260008508047,4.211260008508047,4.211260008508047,4.211260008508047,4.211260008508047,4.211260008508047,4.211260008508047,4.211260008508047,4.211260008508047,4.211260008508047,4.211260008508047,4.211260008508047,4.211260008508047,4.211260008508047,4.211260008508047,4.211260008508047,4.211260008508047,4.211260008508047,4.211260008508047,4.211260008508047,4.211260008508047,4.211260008508047,4.211260008508047,4.211260008508047,4.211260008508047,4.211260008508047,4.211260008508047,4.211260008508047,4.211260008508047,4.211260008508047,4.211260008508047,4.211260008508047,4.211260008508047,4.211260008508047,4.211260008508047,4.211260008508047,4.211260008508047,4.211260008508047,4.211260008508047,4.211260008508047,4.211260008508047,4.211260008508047,4.211260008508047,4.211260008508047,4.211260008508047,4.211260008508047,4.211260008508047,4.211260008508047,4.211260008508047,4.211260008508047,4.211260008508047,4.211260008508047,4.211260008508047,4.211260008508047,4.211260008508047,4.211260008508047,4.211260008508047,4.211260008508047,4.211260008508047,4.211260008508047,4.211260008508047,4.211260008508047,4.211260008508047,4.211260008508047,4.211260008508047,4.211260008508047,4.211260008508047,4.211260008508047,4.211260008508047,4.211260008508047,4.211260008508047,4.211260008508047,4.211260008508047,4.211260008508047,4.211260008508047,4.211260008508047,4.211260008508047,4.211260008508047,4.211260008508047,4.211260008508047,4.211260008508047,4.211260008508047,4.211260008508047,4.211260008508047,4.211260008508047,4.211260008508047,4.211260008508047,4.211260008508047,4.211260008508047,4.211260008508047,4.211260008508047,4.211260008508047,4.211260008508047,4.211260008508047,4.211260008508047,4.211260008508047,4.211260008508047,4.211260008508047,4.211260008508047,4.211260008508047,4.211260008508047,4.211260008508047,4.211260008508047,4.211260008508047,4.211260008508047,4.211260008508047,4.211260008508047,4.211260008508047,4.211260008508047,4.211260008508047,4.211260008508047,4.211260008508047,4.211260008508047
max_resolution_percentage_2282175686,99.18032786885246,99.18032786885246,99.18032786885246,99.18032786885246,99.18032786885246,99.18032786885246,99.18032786885246,99.18032786885246,99.18032786885246,99.18032786885246,99.18032786885246,99.18032786885246,99.18032786885246,99.18032786885246,99.18032786885246,99.18032786885246,99.18032786885246,99.18032786885246,99.18032786885246,99.18032786885246,99.18032786885246,99.18032786885246,99.18032786885246,99.18032786885246,99.18032786885246,99.18032786885246,99.18032786885246,99.18032786885246,99.18032786885246,99.18032786885246,99.18032786885246,99.18032786885246,99.18032786885246,99.18032786885246,99.18032786885246,99.18032786885246,99.18032786885246,99.18032786885246,99.18032786885246,99.18032786885246,99.18032786885246,99.18032786885246,99.18032786885246,99.18032786885246,99.18032786885246,99.18032786885246,99.18032786885246,99.18032786885246,99.18032786885246,99.18032786885246,99.18032786885246,99.18032786885246,99.18032786885246,99.18032786885246,99.18032786885246,99.18032786885246,99.18032786885246,99.18032786885246,99.18032786885246,99.18032786885246,99.18032786885246,99.18032786885246,99.18032786885246,99.18032786885246,99.18032786885246,99.18032786885246,99.18032786885246,99.18032786885246,99.18032786885246,99.18032786885246,99.18032786885246,99.18032786885246,99.18032786885246,99.18032786885246,99.18032786885246,99.18032786885246,99.18032786885246,99.18032786885246,99.18032786885246,99.18032786885246,99.18032786885246,99.18032786885246,99.18032786885246,99.18032786885246,99.18032786885246,99.18032786885246,99.18032786885246,99.18032786885246,99.18032786885246,99.18032786885246,99.18032786885246,99.18032786885246,99.18032786885246,99.18032786885246,99.18032786885246,99.18032786885246,99.18032786885246,99.18032786885246,99.18032786885246,99.18032786885246,99.18032786885246,99.18032786885246,99.18032786885246,99.18032786885246,99.18032786885246,99.18032786885246,99.18032786885246,99.18032786885246,99.18032786885246,99.18032786885246,99.18032786885246,99.18032786885246,99.18032786885246,99.18032786885246,99.18032786885246,99.18032786885246,99.18032786885246,99.18032786885246,99.18032786885246,99.18032786885246,99.18032786885246,99.18032786885246
kpi_resolution_stability_norm_2282175686,kpi_resolution_stability_2282175686,4.211260008508047,4.211260008508047,4.211260008508047,4.211260008508047,4.211260008508047,4.211260008508047,4.211260008508047,4.211260008508047,4.211260008508047,4.211260008508047,4.211260008508047,4.211260008508047,4.211260008508047,4.211260008508047,4.211260008508047,4.211260008508047,4.211260008508047,4.211260008508047,4.211260008508047,4.211260008508047,4.211260008508047,4.211260008508047,4.211260008508047,4.211260008508047,4.211260008508047,4.211260008508047,4.211260008508047,4.211260008508047,4.211260008508047,4.211260008508047,4.211260008508047,4.211260008508047,4.211260008508047,4.211260008508047,4.211260008508047,4.211260008508047,4.211260008508047,4.211260008508047,4.211260008508047,4.211260008508047,4.211260008508047,4.211260008508047,4.211260008508047,4.211260008508047,4.211260008508047,4.211260008508047,4.211260008508047,4.211260008508047,4.211260008508047,4.211260008508047,4.211260008508047,4.211260008508047,4.211260008508047,4.211260008508047,4.211260008508047,4.211260008508047,4.211260008508047,4.211260008508047,4.211260008508047,4.211260008508047,4.211260008508047,4.211260008508047,4.211260008508047,4.211260008508047,4.211260008508047,4.211260008508047,4.211260008508047,4.211260008508047,4.211260008508047,4.211260008508047,4.211260008508047,4.211260008508047,4.211260008508047,4.211260008508047,4.211260008508047,4.211260008508047,4.211260008508047,4.211260008508047,4.211260008508047,4.211260008508047,4.211260008508047,4.211260008508047,4.211260008508047,4.211260008508047,4.211260008508047,4.211260008508047,4.211260008508047,4.211260008508047,4.211260008508047,4.211260008508047,4.211260008508047,4.211260008508047,4.211260008508047,4.211260008508047,4.211260008508047,4.211260008508047,4.211260008508047,4.211260008508047,4.211260008508047,4.211260008508047,4.211260008508047,4.211260008508047,4.211260008508047,4.211260008508047,4.211260008508047,4.211260008508047,4.211260008508047,4.211260008508047,4.211260008508047,4.211260008508047,4.211260008508047,4.211260008508047,4.211260008508047,4.211260008508047,4.211260008508047,4.211260008508047,4.211260008508047,4.211260008508047,4.211260008508047,4.211260008508047,4.211260008508047,4.211260008508047
max_resolution_percentage_norm_2282175686,max_resolution_percentage_2282175686,99.18032786885246,99.18032786885246,99.18032786885246,99.18032786885246,99.18032786885246,99.18032786885246,99.18032786885246,99.18032786885246,99.18032786885246,99.18032786885246,99.18032786885246,99.18032786885246,99.18032786885246,99.18032786885246,99.18032786885246,99.18032786885246,99.18032786885246,99.18032786885246,99.18032786885246,99.18032786885246,99.18032786885246,99.18032786885246,99.18032786885246,99.18032786885246,99.18032786885246,99.18032786885246,99.18032786885246,99.18032786885246,99.18032786885246,99.18032786885246,99.18032786885246,99.18032786885246,99.18032786885246,99.18032786885246,99.18032786885246,99.18032786885246,99.18032786885246,99.18032786885246,99.18032786885246,99.18032786885246,99.18032786885246,99.18032786885246,99.18032786885246,99.18032786885246,99.18032786885246,99.18032786885246,99.18032786885246,99.18032786885246,99.18032786885246,99.18032786885246,99.18032786885246,99.18032786885246,99.18032786885246,99.18032786885246,99.18032786885246,99.18032786885246,99.18032786885246,99.18032786885246,99.18032786885246,99.18032786885246,99.18032786885246,99.18032786885246,99.18032786885246,99.18032786885246,99.18032786885246,99.18032786885246,99.18032786885246,99.18032786885246,99.18032786885246,99.18032786885246,99.18032786885246,99.18032786885246,99.18032786885246,99.18032786885246,99.18032786885246,99.18032786885246,99.18032786885246,99.18032786885246,99.18032786885246,99.18032786885246,99.18032786885246,99.18032786885246,99.18032786885246,99.18032786885246,99.18032786885246,99.18032786885246,99.18032786885246,99.18032786885246,99.18032786885246,99.18032786885246,99.18032786885246,99.18032786885246,99.18032786885246,99.18032786885246,99.18032786885246,99.18032786885246,99.18032786885246,99.18032786885246,99.18032786885246,99.18032786885246,99.18032786885246,99.18032786885246,99.18032786885246,99.18032786885246,99.18032786885246,99.18032786885246,99.18032786885246,99.18032786885246,99.18032786885246,99.18032786885246,99.18032786885246,99.18032786885246,99.18032786885246,99.18032786885246,99.18032786885246,99.18032786885246,99.18032786885246,99.18032786885246,99.18032786885246,99.18032786885246,99.18032786885246,99.18032786885246
kpi_fps_stability_2282175686,1,4.782870430458232,4.738985153469177,4.942427872760581,4.738985153469177,4.942427872760581,5,5,5,5,5,5,5,5,5,5,5,5,5,5,5,5,5,5,5,5,5,4.782870430458232,4.429715418300614,4.693231865584395,4.542982187053405,4.59543356514211,4.645444442750246,4.865606628121216,4.738985153469177,4.978873396874005,5,4.978873396874005,5,5,5,5,5,5,5,5,5,5,4.978873396874005,5,5,5,5,5,4.942427872760581,4.978873396874005,4.978873396874005,5,5,5,4.942427872760581,5,5,4.978873396874005,5,5,5,5,5,5,4.978873396874005,5,4.978873396874005,4.59543356514211,4.782870430458232,4.865606628121216,4.738985153469177,4.782870430458232,4.542982187053405,4.645444442750246,4.978873396874005,5,4.978873396874005,4.978873396874005,4.942427872760581,4.782870430458232,5,4.978873396874005,5,5,5,4.978873396874005,5,5,4.693231865584395,4.978873396874005,5,5,4.782870430458232,5,5,4.978873396874005,4.8250342659265355,4.429715418300614,4.978873396874005,5,5,5,5,4.904703300310673,5,5,4.942427872760581,5,5,5,5,5,5,5,4.978873396874005,4.693231865584395
kpi_q_video_2282175686,1.5142857142857142,1.8,1.7428571428571429,1.7428571428571429,1.8,1.8499999999999999,1.6857142857142855,1.95,1.8,1.7428571428571429,2.0,1.6857142857142855,1.8,1.8499999999999999,1.8,1.7428571428571429,1.7428571428571429,1.7428571428571429,1.9,1.7428571428571429,1.9,1.6857142857142855,1.6857142857142855,1.8499999999999999,1.457142857142857,1.4,1.4,1.5142857142857142,1.5142857142857142,1.6857142857142855,1.6857142857142855,1.6857142857142855,1.7428571428571429,1.7428571428571429,1.7428571428571429,1.8,1.8,1.8499999999999999,1.8499999999999999,1.8499999999999999,1.9,1.9,1.95,2.0,1.95,2.05,2.1,2.1,1.95,1.7428571428571429,1.9,1.8,1.7428571428571429,1.8499999999999999,1.6857142857142855,1.8499999999999999,1.8499999999999999,1.7428571428571429,1.8,1.7428571428571429,1.8,1.9,1.5714285714285714,1.4,1.457142857142857,1.457142857142857,1.6285714285714286,1.7428571428571429,1.7428571428571429,1.7428571428571429,1.8,1.8,1.8,1.7428571428571429,1.8,1.8,1.8,1.7428571428571429,1.7428571428571429,1.5714285714285714,1.5142857142857142,1.4,1.5142857142857142,1.5142857142857142,1.6285714285714286,1.6857142857142855,1.7428571428571429,1.7428571428571429,1.5714285714285714,1.5142857142857142,1.457142857142857,1.5714285714285714,1.6285714285714286,1.6857142857142855,1.8,1.7428571428571429,1.8499999999999999,1.8,1.8,1.8499999999999999,1.8,1.8499999999999999,1.7428571428571429,1.8,1.8499999999999999,1.8499999999999999,1.9,1.95
