bweforvideo-googAvailableReceiveBandwidth,0.0,0.0,0.0,0.0,0.0,0.0,0.0,0.0,0.0,0.0,0.0,0.0,0.0,0.0,0.0,0.0,0.0,0.0,0.0,0.0,0.0,0.0,0.0,0.0,0.0,0.0,0.0,0.0,0.0,0.0,0.0,0.0,0.0,0.0,0.0,0.0,0.0,0.0,0.0,0.0,0.0,0.0,0.0,0.0,0.0,0.0,0.0,0.0,0.0,0.0,0.0,0.0,0.0,0.0,0.0,0.0,0.0,0.0,0.0,0.0,0.0,0.0,0.0,0.0,0.0,0.0,0.0,0.0,0.0,0.0,0.0,0.0,0.0,0.0,0.0,0.0,0.0,0.0,0.0,0.0,0.0,0.0,0.0,0.0,0.0,0.0,0.0,0.0,0.0,0.0,0.0,0.0,0.0,0.0,0.0,0.0,0.0,0.0,0.0,0.0,0.0,0.0,0.0,0.0,0.0,0.0,0.0,0.0,0.0,0.0,0.0,0.0,0.0,0.0,0.0,0.0,0.0
bweforvideo-googAvailableSendBandwidth,174979.0,189977.0,206175.0,172752.0,187572.0,187572.0,150570.0,163616.0,177705.0,180109.0,195518.0,212159.0,230132.0,249543.0,214938.0,233133.0,252784.0,252600.0,252600.0,252600.0,198823.0,215729.0,215729.0,219819.0,238405.0,258477.0,280155.0,303567.0,328852.0,287745.0,287745.0,287745.0,271704.0,271704.0,271704.0,294440.0,278912.0,302225.0,302225.0,264446.0,286602.0,286602.0,294207.0,294207.0,294207.0,294207.0,249386.0,249386.0,249386.0,249386.0,191910.0,191910.0,192805.0,192805.0,209229.0,226967.0,246124.0,266814.0,289159.0,313292.0,339355.0,366415.0,366415.0,266939.0,266939.0,289294.0,236548.0,256472.0,256472.0,157347.0,170935.0,185610.0,154070.0,167396.0,181788.0,197331.0,214117.0,232246.0,251826.0,272972.0,295810.0,320475.0,347113.0,289486.0,289486.0,289486.0,244819.0,244819.0,265405.0,249335.0,249335.0,249335.0,270282.0,265445.0,265445.0,287681.0,271948.0,271948.0,271948.0,258138.0,258138.0,279789.0,232246.0,232246.0,251826.0,206576.0,224102.0,243030.0,263472.0,151290.0,164393.0,164393.0,94397.0,102949.0,112185.0,122160.0,132933.0
bweforvideo-googBucketDelay,0.0,0.0,0.0,0.0,0.0,0.0,0.0,0.0,0.0,0.0,0.0,0.0,0.0,16.0,0.0,0.0,0.0,0.0,0.0,0.0,0.0,0.0,0.0,0.0,0.0,0.0,0.0,0.0,14.0,0.0,0.0,0.0,0.0,1.0,0.0,0.0,0.0,0.0,0.0,0.0,1.0,0.0,0.0,0.0,0.0,0.0,0.0,1.0,0.0,0.0,0.0,0.0,1.0,2.0,1.0,0.0,0.0,1.0,2.0,65.0,0.0,0.0,0.0,18.0,0.0,2.0,1.0,1.0,1.0,1.0,0.0,0.0,0.0,2.0,2.0,2.0,3.0,2.0,2.0,0.0,2.0,45.0,0.0,0.0,3.0,0.0,2.0,0.0,2.0,0.0,0.0,2.0,0.0,3.0,0.0,3.0,3.0,2.0,4.0,3.0,2.0,0.0,3.0,3.0,0.0,3.0,37.0,0.0,0.0,0.0,3.0,2.0,2.0,18.0,0.0,0.0,0.0
timestamp,1547996209,1547996210,1547996211,1547996212,1547996213,1547996214,1547996215,1547996216,1547996217,1547996218,1547996219,1547996220,1547996221,1547996222,1547996223,1547996224,1547996225,1547996226,1547996227,1547996228,1547996229,1547996230,1547996231,1547996232,1547996233,1547996234,1547996235,1547996236,1547996237,1547996238,1547996239,1547996240,1547996241,1547996242,1547996243,1547996244,1547996245,1547996246,1547996247,1547996248,1547996249,1547996250,1547996251,1547996252,1547996253,1547996254,1547996255,1547996256,1547996257,1547996258,1547996259,1547996260,1547996261,1547996262,1547996263,1547996264,1547996265,1547996266,1547996267,1547996268,1547996269,1547996270,1547996271,1547996272,1547996273,1547996274,1547996275,1547996276,1547996277,1547996278,1547996279,1547996280,1547996281,1547996282,1547996283,1547996284,1547996285,1547996286,1547996287,1547996288,1547996289,1547996290,1547996291,1547996292,1547996293,1547996294,1547996295,1547996296,1547996297,1547996298,1547996299,1547996300,1547996301,1547996302,1547996303,1547996304,1547996305,1547996306,1547996307,1547996308,1547996309,1547996310,1547996311,1547996312,1547996313,1547996314,1547996315,1547996316,1547996317,1547996318,1547996319,1547996320,1547996321,1547996322,1547996323,1547996324,1547996325
audio_bitsReceivedPerSecond,159467.37683089214,185976.0,176368.0,160432.0,163816.0,174696.0,180904.0,187896.0,171384.0,199568.0,144447.55244755244,179472.0,145384.0,170064.0,174088.0,158480.0,157672.0,173192.0,193200.0,192792.0,206632.0,205096.0,221728.0,156504.0,224616.0,203000.0,172436.43643643643,161174.82517482518,181352.0,190257.74225774227,195075.0750750751,206344.0,227676.32367632366,214312.0,216184.18418418418,200352.0,172968.0,205216.0,205376.0,148900.9009009009,170757.24275724276,185816.0,189328.0,170456.0,213064.0,180168.0,187024.0,175840.0,125640.0,153128.0,138040.0,139072.0,161920.0,147224.0,165368.0,145016.0,171424.0,175040.0,184976.0,190168.0,199280.0,199712.0,211896.0,171096.0,261440.0,212176.0,171696.0,225584.0,190576.0,169632.0,179424.0,207976.04790419163,215070.1402805611,211808.0,237488.0,246632.0,262048.0,298040.0,191784.0,264312.0,189072.0,216456.0,215984.0,209616.0,242384.0,239256.0,281544.0,289905.9059059059,285242.75724275724,250200.0,318704.0,284076.0760760761,236667.33266733267,283560.0,293096.0,233704.0,239936.0,247040.0,252712.0,271920.0,269832.0,256000.0,293584.0,237696.0,319904.0,300888.0,201256.0,272216.0,285920.0,227944.0,239672.0,226776.0,263072.0,257032.0,209880.0,295208.0,220520.0
audio_bitsSentPerSecond,181294.2743009321,189792.0,191888.0,202288.0,251632.0,232360.0,249056.0,195784.0,200328.0,246432.0,223024.97502497502,162848.0,232352.0,252288.0,210080.0,164264.0,168336.0,208304.0,222560.0,272288.0,226352.0,213056.0,252832.0,257192.0,247024.0,271904.0,256440.44044044043,251420.57942057942,255160.0,207416.58341658342,178882.88288288287,157072.0,214017.98201798202,265824.0,237005.00500500502,242496.0,237736.0,265200.0,226456.0,192424.42442442442,224839.16083916085,232528.0,249024.0,176176.0,203120.0,216864.0,145472.0,167872.0,207032.0,216176.0,247160.0,217304.0,213216.0,244520.0,222056.0,245368.0,267456.0,232976.0,274336.0,356512.0,109136.0,194168.0,252328.0,257496.0,222720.0,251880.0,271088.0,227048.0,283160.0,201888.0,208280.0,202610.77844311378,229234.46893787576,199192.0,206720.0,230104.0,258384.0,234304.0,234872.0,251128.0,293160.0,290152.0,214592.0,225080.0,286192.0,218096.0,253960.0,246686.68668668668,233542.45754245753,263856.0,170776.0,176288.28828828828,246185.81418581418,256584.0,215888.0,250192.0,275840.0,232424.0,245704.0,244000.0,225024.0,267488.0,251112.0,225528.0,258832.0,171120.0,220624.0,189616.0,245768.0,252320.0,181688.0,193760.0,182176.0,134184.0,134912.0,141440.0,161680.0
audio_packetsSentPerSecond,130.49267643142477,138.0,138.0,145.0,139.0,137.0,141.0,139.0,133.0,140.0,131.86813186813185,141.0,137.0,142.0,140.0,139.0,140.0,174.0,153.0,156.0,143.0,135.0,143.0,136.0,140.0,159.0,164.16416416416416,212.78721278721278,201.0,166.83316683316684,156.15615615615616,148.0,142.85714285714286,175.0,158.15815815815816,185.0,170.0,192.0,196.0,158.15815815815816,167.83216783216784,176.0,176.0,175.0,181.0,185.0,164.0,144.0,137.0,144.0,144.0,142.0,138.0,140.0,131.0,136.0,140.0,138.0,162.0,192.0,201.0,195.0,201.0,184.0,157.0,145.0,149.0,138.0,171.0,151.0,135.0,132.73453093812375,136.27254509018036,132.0,133.0,134.0,140.0,138.0,136.0,138.0,169.0,197.0,202.0,197.0,151.0,145.0,150.0,156.15615615615616,139.86013986013987,171.0,155.0,155.15515515515514,181.8181818181818,161.0,146.0,158.0,174.0,161.0,180.0,170.0,156.0,170.0,173.0,142.0,142.0,140.0,138.0,145.0,148.0,148.0,124.0,133.0,119.0,83.0,92.0,107.0,131.0
audio_googLocalAddress,35.204.47.190:41732,35.204.47.190:41732,35.204.47.190:41732,35.204.47.190:41732,35.204.47.190:41732,35.204.47.190:41732,35.204.47.190:41732,35.204.47.190:41732,35.204.47.190:41732,35.204.47.190:41732,35.204.47.190:41732,35.204.47.190:41732,35.204.47.190:41732,35.204.47.190:41732,35.204.47.190:41732,35.204.47.190:41732,35.204.47.190:41732,35.204.47.190:41732,35.204.47.190:41732,35.204.47.190:41732,35.204.47.190:41732,35.204.47.190:41732,35.204.47.190:41732,35.204.47.190:41732,35.204.47.190:41732,35.204.47.190:41732,35.204.47.190:41732,35.204.47.190:41732,35.204.47.190:41732,35.204.47.190:41732,35.204.47.190:41732,35.204.47.190:41732,35.204.47.190:41732,35.204.47.190:41732,35.204.47.190:41732,35.204.47.190:41732,35.204.47.190:41732,35.204.47.190:41732,35.204.47.190:41732,35.204.47.190:41732,35.204.47.190:41732,35.204.47.190:41732,35.204.47.190:41732,35.204.47.190:41732,35.204.47.190:41732,35.204.47.190:41732,35.204.47.190:41732,35.204.47.190:41732,35.204.47.190:41732,35.204.47.190:41732,35.204.47.190:41732,35.204.47.190:41732,35.204.47.190:41732,35.204.47.190:41732,35.204.47.190:41732,35.204.47.190:41732,35.204.47.190:41732,35.204.47.190:41732,35.204.47.190:41732,35.204.47.190:41732,35.204.47.190:41732,35.204.47.190:41732,35.204.47.190:41732,35.204.47.190:41732,35.204.47.190:41732,35.204.47.190:41732,35.204.47.190:41732,35.204.47.190:41732,35.204.47.190:41732,35.204.47.190:41732,35.204.47.190:41732,35.204.47.190:41732,35.204.47.190:41732,35.204.47.190:41732,35.204.47.190:41732,35.204.47.190:41732,35.204.47.190:41732,35.204.47.190:41732,35.204.47.190:41732,35.204.47.190:41732,35.204.47.190:41732,35.204.47.190:41732,35.204.47.190:41732,35.204.47.190:41732,35.204.47.190:41732,35.204.47.190:41732,35.204.47.190:41732,35.204.47.190:41732,35.204.47.190:41732,35.204.47.190:41732,35.204.47.190:41732,35.204.47.190:41732,35.204.47.190:41732,35.204.47.190:41732,35.204.47.190:41732,35.204.47.190:41732,35.204.47.190:41732,35.204.47.190:41732,35.204.47.190:41732,35.204.47.190:41732,35.204.47.190:41732,35.204.47.190:41732,35.204.47.190:41732,35.204.47.190:41732,35.204.47.190:41732,35.204.47.190:41732,35.204.47.190:41732,35.204.47.190:41732,35.204.47.190:41732,35.204.47.190:41732,35.204.47.190:41732,35.204.47.190:41732,35.204.47.190:41732,35.204.47.190:41732,35.204.47.190:41732,35.204.47.190:41732,35.204.47.190:41732
audio_googRemoteAddress,18.197.254.38:10000,18.197.254.38:10000,18.197.254.38:10000,18.197.254.38:10000,18.197.254.38:10000,18.197.254.38:10000,18.197.254.38:10000,18.197.254.38:10000,18.197.254.38:10000,18.197.254.38:10000,18.197.254.38:10000,18.197.254.38:10000,18.197.254.38:10000,18.197.254.38:10000,18.197.254.38:10000,18.197.254.38:10000,18.197.254.38:10000,18.197.254.38:10000,18.197.254.38:10000,18.197.254.38:10000,18.197.254.38:10000,18.197.254.38:10000,18.197.254.38:10000,18.197.254.38:10000,18.197.254.38:10000,18.197.254.38:10000,18.197.254.38:10000,18.197.254.38:10000,18.197.254.38:10000,18.197.254.38:10000,18.197.254.38:10000,18.197.254.38:10000,18.197.254.38:10000,18.197.254.38:10000,18.197.254.38:10000,18.197.254.38:10000,18.197.254.38:10000,18.197.254.38:10000,18.197.254.38:10000,18.197.254.38:10000,18.197.254.38:10000,18.197.254.38:10000,18.197.254.38:10000,18.197.254.38:10000,18.197.254.38:10000,18.197.254.38:10000,18.197.254.38:10000,18.197.254.38:10000,18.197.254.38:10000,18.197.254.38:10000,18.197.254.38:10000,18.197.254.38:10000,18.197.254.38:10000,18.197.254.38:10000,18.197.254.38:10000,18.197.254.38:10000,18.197.254.38:10000,18.197.254.38:10000,18.197.254.38:10000,18.197.254.38:10000,18.197.254.38:10000,18.197.254.38:10000,18.197.254.38:10000,18.197.254.38:10000,18.197.254.38:10000,18.197.254.38:10000,18.197.254.38:10000,18.197.254.38:10000,18.197.254.38:10000,18.197.254.38:10000,18.197.254.38:10000,18.197.254.38:10000,18.197.254.38:10000,18.197.254.38:10000,18.197.254.38:10000,18.197.254.38:10000,18.197.254.38:10000,18.197.254.38:10000,18.197.254.38:10000,18.197.254.38:10000,18.197.254.38:10000,18.197.254.38:10000,18.197.254.38:10000,18.197.254.38:10000,18.197.254.38:10000,18.197.254.38:10000,18.197.254.38:10000,18.197.254.38:10000,18.197.254.38:10000,18.197.254.38:10000,18.197.254.38:10000,18.197.254.38:10000,18.197.254.38:10000,18.197.254.38:10000,18.197.254.38:10000,18.197.254.38:10000,18.197.254.38:10000,18.197.254.38:10000,18.197.254.38:10000,18.197.254.38:10000,18.197.254.38:10000,18.197.254.38:10000,18.197.254.38:10000,18.197.254.38:10000,18.197.254.38:10000,18.197.254.38:10000,18.197.254.38:10000,18.197.254.38:10000,18.197.254.38:10000,18.197.254.38:10000,18.197.254.38:10000,18.197.254.38:10000,18.197.254.38:10000,18.197.254.38:10000,18.197.254.38:10000,18.197.254.38:10000,18.197.254.38:10000
audio_googRtt,2454.0,2454.0,2643.0,2643.0,2643.0,2643.0,2627.0,2627.0,2627.0,2649.0,2649.0,2728.0,2728.0,2728.0,2749.0,2749.0,2749.0,2903.0,2903.0,2923.0,2923.0,2839.0,2839.0,2759.0,2759.0,2759.0,2687.0,2687.0,2650.0,2650.0,2650.0,2650.0,2813.0,2813.0,2824.0,2824.0,2778.0,2778.0,2778.0,2772.0,2772.0,2811.0,2811.0,2811.0,2811.0,2811.0,2811.0,2811.0,2811.0,2963.0,2963.0,2905.0,2905.0,2801.0,2801.0,2801.0,2674.0,2674.0,2542.0,2542.0,2542.0,2606.0,2606.0,2606.0,2606.0,2606.0,2582.0,2582.0,2582.0,2590.0,2590.0,2622.0,2622.0,2545.0,2545.0,2545.0,2529.0,2529.0,2494.0,2494.0,2494.0,2475.0,2475.0,2475.0,2515.0,2515.0,2521.0,2521.0,2521.0,2531.0,2531.0,2531.0,2696.0,2696.0,2696.0,2696.0,2690.0,2690.0,2690.0,2675.0,2675.0,2658.0,2658.0,2658.0,2629.0,2629.0,2725.0,2725.0,2725.0,2725.0,2725.0,2725.0,2725.0,2613.0,2613.0,2404.0,2404.0
audio_send_bitsSentPerSecond_384417741,35920.10652463382,31056.0,37920.0,30928.0,29432.0,22592.0,35512.0,20848.0,19984.0,20160.0,19260.73926073926,19720.0,19656.0,18968.0,19640.0,20120.0,20552.0,19648.0,19504.0,19536.0,20040.0,19576.0,20136.0,20848.0,20248.0,19896.0,19899.8998998999,20251.748251748253,19536.0,19916.083916083917,19995.995995995996,19600.0,19812.18781218781,20312.0,20244.244244244244,20432.0,20296.0,20616.0,20360.0,19931.931931931933,19684.315684315683,20576.0,20800.0,20312.0,20368.0,19472.0,20704.0,20880.0,20720.0,20496.0,20072.0,20272.0,20808.0,20704.0,20240.0,19880.0,20480.0,20424.0,19832.0,19360.0,19808.0,20000.0,20640.0,19872.0,19616.0,19768.0,20000.0,20464.0,20360.0,20368.0,20608.0,20359.28143712575,20104.208416833666,19888.0,20176.0,20472.0,19712.0,20304.0,19904.0,20624.0,19808.0,20400.0,20344.0,19976.0,19600.0,19456.0,19144.0,19979.97997997998,19716.283716283717,19856.0,20264.0,20820.82082082082,20779.22077922078,19504.0,20632.0,20560.0,20536.0,20872.0,21168.0,20968.0,21432.0,21264.0,20792.0,20488.0,19784.0,20912.0,21336.0,20336.0,20304.0,21264.0,21176.0,20272.0,20648.0,20296.0,21424.0,20560.0,20616.0
audio_send_packetsLost_384417741,34.0,34.0,34.0,34.0,64.0,64.0,64.0,64.0,76.0,76.0,76.0,76.0,76.0,76.0,82.0,82.0,82.0,87.0,87.0,87.0,87.0,87.0,87.0,87.0,138.0,138.0,138.0,138.0,138.0,141.0,141.0,141.0,141.0,177.0,177.0,177.0,213.0,213.0,213.0,213.0,213.0,213.0,213.0,278.0,278.0,278.0,308.0,308.0,308.0,308.0,308.0,308.0,396.0,396.0,396.0,402.0,402.0,402.0,402.0,402.0,402.0,402.0,402.0,402.0,402.0,402.0,402.0,499.0,499.0,499.0,499.0,506.0,506.0,506.0,521.0,521.0,521.0,521.0,521.0,521.0,521.0,521.0,521.0,521.0,521.0,521.0,553.0,553.0,553.0,553.0,565.0,565.0,565.0,576.0,576.0,576.0,576.0,576.0,576.0,649.0,649.0,649.0,677.0,677.0,677.0,677.0,677.0,677.0,677.0,714.0,714.0,714.0,720.0,720.0,720.0,720.0,720.0
audio_send_packetsSentPerSecond_384417741,50.59920106524634,50.0,50.0,50.0,50.0,50.0,50.0,50.0,50.0,50.0,49.95004995004995,50.0,50.0,50.0,50.0,50.0,50.0,50.0,50.0,50.0,50.0,50.0,50.0,50.0,50.0,50.0,50.050050050050054,49.95004995004995,50.0,49.95004995004995,50.050050050050054,50.0,49.95004995004995,50.0,50.050050050050054,50.0,50.0,50.0,50.0,50.050050050050054,49.95004995004995,50.0,50.0,50.0,50.0,50.0,50.0,50.0,50.0,50.0,50.0,50.0,50.0,50.0,50.0,50.0,50.0,50.0,50.0,50.0,50.0,50.0,50.0,50.0,50.0,50.0,50.0,50.0,50.0,50.0,50.0,49.9001996007984,50.100200400801604,50.0,50.0,50.0,50.0,50.0,50.0,50.0,50.0,50.0,50.0,50.0,50.0,50.0,50.0,50.050050050050054,49.95004995004995,50.0,50.0,50.050050050050054,49.95004995004995,50.0,50.0,50.0,50.0,50.0,50.0,50.0,50.0,50.0,50.0,50.0,50.0,50.0,50.0,50.0,50.0,50.0,50.0,50.0,50.0,49.0,51.0,50.0,50.0
audio_send_googJitterReceived_384417741,12.0,12.0,12.0,12.0,14.0,14.0,14.0,14.0,33.0,33.0,33.0,33.0,33.0,33.0,13.0,13.0,13.0,12.0,12.0,12.0,12.0,12.0,12.0,12.0,10.0,10.0,10.0,10.0,10.0,19.0,19.0,19.0,19.0,13.0,13.0,13.0,10.0,10.0,10.0,10.0,10.0,10.0,10.0,30.0,30.0,30.0,30.0,30.0,30.0,30.0,30.0,30.0,11.0,11.0,11.0,7.0,7.0,7.0,7.0,7.0,7.0,7.0,15.0,15.0,15.0,15.0,15.0,17.0,17.0,17.0,17.0,7.0,7.0,7.0,8.0,8.0,8.0,8.0,6.0,6.0,6.0,6.0,6.0,7.0,7.0,7.0,12.0,12.0,12.0,12.0,12.0,12.0,12.0,19.0,19.0,19.0,19.0,19.0,19.0,10.0,10.0,10.0,12.0,12.0,12.0,12.0,12.0,12.0,12.0,11.0,11.0,11.0,8.0,8.0,8.0,8.0,8.0
audio_send_googRtt_384417741,3755.0,3755.0,3755.0,3755.0,3602.0,3602.0,3602.0,3602.0,3592.0,3592.0,3592.0,3592.0,3592.0,3592.0,2659.0,2659.0,2659.0,2856.0,2856.0,2856.0,2856.0,2856.0,2856.0,2856.0,3227.0,3227.0,3227.0,3227.0,3227.0,2473.0,2473.0,2473.0,2473.0,2473.0,2473.0,2473.0,3343.0,3343.0,3343.0,3343.0,3343.0,3343.0,3343.0,2663.0,2663.0,2663.0,2857.0,2857.0,2857.0,2857.0,2857.0,2857.0,2857.0,2857.0,2857.0,2857.0,2857.0,2857.0,2857.0,2857.0,2857.0,2857.0,2257.0,2257.0,2257.0,2257.0,2257.0,2607.0,2607.0,2607.0,2607.0,2607.0,2607.0,2607.0,2573.0,2573.0,2573.0,2573.0,2572.0,2572.0,2572.0,2572.0,2572.0,2433.0,2433.0,2433.0,2681.0,2681.0,2681.0,2681.0,3041.0,3041.0,3041.0,2680.0,2680.0,2680.0,2680.0,2680.0,2680.0,2627.0,2627.0,2627.0,2649.0,2649.0,2649.0,2649.0,2649.0,2649.0,2649.0,2630.0,2630.0,2630.0,2590.0,2590.0,2590.0,2590.0,2590.0
video_send_bitsSentPerSecond_446468049,144745.672436751,165752.0,172752.0,224488.0,212720.0,194384.0,221856.0,154040.0,168816.0,208224.0,194893.1068931069,193128.0,200048.0,232152.0,227960.0,205424.0,237696.0,257312.0,254664.0,280248.0,245392.0,194520.0,212440.0,221560.0,212488.0,234240.0,273345.3453453453,437634.36563436565,338792.0,262785.2147852148,327975.975975976,223944.0,213578.42157842158,279088.0,263487.4874874875,286680.0,300880.0,281800.0,305776.0,280080.0800800801,274605.3946053946,286328.0,283888.0,295496.0,295256.0,296944.0,303960.0,235064.0,231208.0,262152.0,265192.0,195128.0,177368.0,207728.0,190800.0,210320.0,233944.0,193368.0,241296.0,340496.0,417792.0,338752.0,335800.0,424592.0,253408.0,222184.0,278872.0,192664.0,254992.0,244896.0,185648.0,167816.36726546907,198204.40881763527,163344.0,177552.0,190728.0,228512.0,191328.0,201696.0,212656.0,263128.0,330464.0,374984.0,344368.0,271944.0,248352.0,268304.0,263303.3033033033,236291.7082917083,262272.0,244048.0,235795.7957957958,282653.34665334667,281568.0,254784.0,260328.0,319952.0,232464.0,280000.0,267912.0,257864.0,264288.0,265824.0,243232.0,225488.0,237840.0,238192.0,208400.0,248520.0,243640.0,149008.0,159344.0,156976.0,95384.0,103736.0,107776.0,130912.0
video_send_packetsLost_446468049,74.0,0.0,72.0,85.0,88.0,99.0,115.0,111.0,109.0,113.0,113.0,113.0,111.0,112.0,130.0,130.0,130.0,134.0,153.0,169.0,202.0,206.0,213.0,216.0,214.0,212.0,211.0,211.0,211.0,222.0,279.0,308.0,319.0,348.0,324.0,352.0,364.0,367.0,377.0,396.0,406.0,424.0,443.0,462.0,468.0,469.0,493.0,519.0,533.0,566.0,587.0,626.0,626.0,454.0,624.0,620.0,619.0,619.0,619.0,619.0,619.0,617.0,617.0,736.0,808.0,834.0,729.0,803.0,643.0,825.0,825.0,826.0,843.0,847.0,842.0,841.0,841.0,841.0,841.0,841.0,841.0,841.0,841.0,848.0,911.0,942.0,969.0,898.0,946.0,951.0,961.0,962.0,967.0,973.0,1026.0,1028.0,874.0,1045.0,1050.0,1059.0,1076.0,1080.0,1094.0,949.0,1112.0,1122.0,1123.0,1123.0,970.0,1165.0,1168.0,995.0,1171.0,1169.0,1166.0,1166.0,1166.0
video_send_packetsSentPerSecond_446468049,59.92010652463382,62.0,60.0,63.0,64.0,62.0,64.0,60.0,60.0,62.0,59.94005994005994,60.0,60.0,62.0,63.0,60.0,63.0,97.0,72.0,76.0,65.0,61.0,64.0,61.0,60.0,77.0,88.08808808808809,132.86713286713288,121.0,85.91408591408592,79.07907907907908,69.0,64.93506493506493,94.0,78.07807807807808,102.0,94.0,111.0,120.0,84.08408408408408,91.9080919080919,100.0,99.0,98.0,105.0,109.0,86.0,66.0,64.0,70.0,70.0,67.0,61.0,63.0,60.0,61.0,63.0,59.0,86.0,113.0,127.0,118.0,121.0,110.0,79.0,68.0,74.0,60.0,95.0,75.0,60.0,59.880239520958085,66.13226452905812,59.0,61.0,59.0,64.0,59.0,60.0,61.0,91.0,119.0,124.0,117.0,73.0,68.0,75.0,75.07507507507508,63.93606393606394,92.0,77.0,78.07807807807808,102.8971028971029,95.0,69.0,83.0,97.0,79.0,104.0,90.0,78.0,92.0,94.0,64.0,66.0,64.0,62.0,63.0,72.0,71.0,52.0,62.0,51.0,17.0,23.0,39.0,64.0
video_send_googEncodeUsagePercent_446468049,14.0,14.0,13.0,12.0,12.0,11.0,11.0,11.0,11.0,10.0,10.0,10.0,10.0,10.0,10.0,10.0,10.0,10.0,10.0,10.0,10.0,10.0,10.0,10.0,10.0,10.0,10.0,10.0,11.0,13.0,13.0,13.0,13.0,13.0,12.0,12.0,12.0,12.0,12.0,11.0,11.0,11.0,11.0,11.0,11.0,11.0,11.0,11.0,11.0,11.0,11.0,11.0,11.0,11.0,11.0,10.0,10.0,10.0,10.0,10.0,11.0,13.0,15.0,16.0,16.0,15.0,14.0,14.0,13.0,13.0,13.0,12.0,12.0,12.0,12.0,11.0,11.0,11.0,11.0,11.0,11.0,11.0,11.0,13.0,14.0,14.0,13.0,13.0,13.0,13.0,12.0,12.0,12.0,12.0,11.0,11.0,11.0,11.0,11.0,11.0,11.0,11.0,11.0,11.0,11.0,11.0,11.0,11.0,11.0,11.0,10.0,11.0,11.0,10.0,11.0,11.0,11.0
video_send_googFrameHeightSent_446468049,180.0,180.0,180.0,180.0,180.0,180.0,180.0,180.0,180.0,180.0,180.0,180.0,180.0,180.0,180.0,180.0,180.0,180.0,180.0,180.0,180.0,180.0,180.0,180.0,180.0,180.0,180.0,360.0,360.0,360.0,360.0,360.0,360.0,360.0,180.0,180.0,180.0,180.0,180.0,180.0,180.0,180.0,180.0,180.0,180.0,180.0,180.0,180.0,180.0,180.0,180.0,180.0,180.0,180.0,180.0,180.0,180.0,180.0,180.0,360.0,360.0,360.0,360.0,360.0,360.0,360.0,360.0,360.0,180.0,180.0,180.0,180.0,180.0,180.0,180.0,180.0,180.0,180.0,180.0,180.0,180.0,360.0,360.0,360.0,360.0,360.0,360.0,360.0,180.0,180.0,180.0,180.0,180.0,180.0,180.0,180.0,180.0,180.0,180.0,180.0,180.0,180.0,180.0,180.0,180.0,180.0,180.0,180.0,180.0,180.0,180.0,180.0,180.0,180.0,180.0,180.0,180.0
video_send_googFrameRateSent_446468049,59.0,59.0,59.0,59.0,59.0,59.0,59.0,59.0,59.0,59.0,59.0,59.0,59.0,59.0,59.0,59.0,59.0,59.0,59.0,59.0,59.0,60.0,60.0,59.0,60.0,60.0,59.0,59.0,60.0,60.0,60.0,60.0,60.0,60.0,60.0,60.0,60.0,59.0,60.0,59.0,60.0,59.0,60.0,60.0,60.0,60.0,60.0,60.0,60.0,60.0,60.0,60.0,60.0,60.0,60.0,60.0,60.0,60.0,60.0,59.0,59.0,59.0,60.0,60.0,60.0,60.0,60.0,60.0,60.0,60.0,60.0,60.0,60.0,60.0,60.0,60.0,60.0,60.0,60.0,60.0,60.0,59.0,60.0,60.0,60.0,60.0,60.0,60.0,60.0,60.0,60.0,60.0,60.0,60.0,60.0,60.0,60.0,60.0,60.0,60.0,60.0,60.0,60.0,60.0,60.0,60.0,60.0,60.0,60.0,60.0,53.0,60.0,47.0,12.0,17.0,40.0,60.0
video_send_googFrameWidthSent_446468049,320.0,320.0,320.0,320.0,320.0,320.0,320.0,320.0,320.0,320.0,320.0,320.0,320.0,320.0,320.0,320.0,320.0,320.0,320.0,320.0,320.0,320.0,320.0,320.0,320.0,320.0,320.0,640.0,640.0,640.0,640.0,640.0,640.0,640.0,320.0,320.0,320.0,320.0,320.0,320.0,320.0,320.0,320.0,320.0,320.0,320.0,320.0,320.0,320.0,320.0,320.0,320.0,320.0,320.0,320.0,320.0,320.0,320.0,320.0,640.0,640.0,640.0,640.0,640.0,640.0,640.0,640.0,640.0,320.0,320.0,320.0,320.0,320.0,320.0,320.0,320.0,320.0,320.0,320.0,320.0,320.0,640.0,640.0,640.0,640.0,640.0,640.0,640.0,320.0,320.0,320.0,320.0,320.0,320.0,320.0,320.0,320.0,320.0,320.0,320.0,320.0,320.0,320.0,320.0,320.0,320.0,320.0,320.0,320.0,320.0,320.0,320.0,320.0,320.0,320.0,320.0,320.0
video_send_googRtt_446468049,3305.0,3300.0,3241.0,3252.0,3289.0,3300.0,3306.0,3217.0,3023.0,3006.0,3042.0,3059.0,3038.0,2989.0,2972.0,2916.0,2879.0,2898.0,2937.0,2997.0,3017.0,2963.0,2864.0,2784.0,2753.0,2763.0,2748.0,2738.0,2772.0,2760.0,2678.0,2670.0,2730.0,2786.0,2835.0,2898.0,2943.0,2928.0,2901.0,2883.0,2866.0,2855.0,2894.0,2912.0,2870.0,2837.0,2847.0,2925.0,3034.0,3119.0,3178.0,3184.0,3094.0,2944.0,2845.0,2758.0,2675.0,2620.0,2567.0,2494.0,2405.0,2399.0,2427.0,2512.0,2618.0,2657.0,2636.0,2603.0,2609.0,2611.0,2588.0,2588.0,2598.0,2612.0,2599.0,2539.0,2494.0,2472.0,2470.0,2474.0,2482.0,2482.0,2476.0,2469.0,2469.0,2492.0,2514.0,2534.0,2562.0,2582.0,2591.0,2619.0,2691.0,2814.0,2927.0,2970.0,2917.0,2832.0,2772.0,2717.0,2687.0,2669.0,2657.0,2647.0,2629.0,2611.0,2609.0,2660.0,2782.0,2860.0,2874.0,2827.0,2756.0,2707.0,2644.0,2524.0,2402.0
audio_recv_bitsReceivedPerSecond_1096212945,42503.328894806924,37600.0,34888.0,41976.0,41992.0,40944.0,42000.0,35920.0,28560.0,52080.0,26197.802197802197,33928.0,26592.0,20968.0,23872.0,23016.0,25520.0,25912.0,26400.0,23928.0,23736.0,26264.0,20520.0,16656.0,22616.0,38728.0,26762.762762762763,26213.786213786214,26480.0,26037.96203796204,26738.73873873874,26216.0,26437.56243756244,18672.0,23911.911911911913,26888.0,26752.0,26656.0,25840.0,26146.146146146148,25950.04995004995,26360.0,25080.0,27680.0,25424.0,25864.0,24912.0,25752.0,10400.0,24840.0,26696.0,26408.0,21696.0,26416.0,26568.0,26552.0,26576.0,26584.0,26280.0,25968.0,26360.0,26272.0,21320.0,14160.0,35576.0,25496.0,26120.0,21256.0,26296.0,26144.0,26432.0,26483.033932135728,26396.79358717435,25824.0,16488.0,27376.0,26280.0,25832.0,16328.0,23528.0,28872.0,26832.0,26000.0,24888.0,25520.0,26976.0,26496.0,26426.426426426427,23368.63136863137,9840.0,17392.0,35323.323323323326,26365.634365634367,26264.0,25736.0,26952.0,26408.0,26344.0,26840.0,26608.0,26784.0,27152.0,26912.0,17632.0,31520.0,25896.0,26640.0,20440.0,26704.0,26168.0,26864.0,26792.0,26840.0,26840.0,16824.0,36032.0,26784.0
audio_recv_packetsReceivedPerSecond_1096212945,50.59920106524634,44.0,41.0,50.0,50.0,48.0,50.0,42.0,34.0,62.0,33.96603396603397,65.0,51.0,39.0,45.0,44.0,50.0,50.0,50.0,45.0,45.0,50.0,38.0,33.0,44.0,72.0,51.051051051051054,49.95004995004995,50.0,49.95004995004995,50.050050050050054,50.0,49.95004995004995,36.0,43.04304304304304,50.0,50.0,50.0,49.0,51.051051051051054,49.95004995004995,50.0,47.0,53.0,48.0,50.0,47.0,49.0,19.0,44.0,50.0,50.0,40.0,50.0,50.0,50.0,50.0,50.0,50.0,50.0,49.0,49.0,39.0,27.0,67.0,50.0,50.0,40.0,50.0,50.0,50.0,49.9001996007984,50.100200400801604,50.0,29.0,51.0,50.0,50.0,32.0,41.0,56.0,50.0,50.0,47.0,49.0,51.0,50.0,50.050050050050054,42.95704295704296,18.0,32.0,66.06606606606607,49.95004995004995,50.0,50.0,50.0,50.0,50.0,50.0,50.0,50.0,50.0,50.0,33.0,58.0,49.0,51.0,38.0,50.0,50.0,50.0,50.0,50.0,50.0,32.0,67.0,50.0
audio_recv_googCurrentDelayMs_1096212945,463.0,502.0,435.0,439.0,445.0,444.0,442.0,423.0,338.0,357.0,360.0,392.0,453.0,445.0,347.0,352.0,353.0,348.0,342.0,324.0,289.0,286.0,261.0,196.0,220.0,399.0,417.0,393.0,381.0,383.0,387.0,383.0,300.0,194.0,190.0,197.0,164.0,115.0,110.0,85.0,87.0,89.0,101.0,140.0,109.0,134.0,207.0,206.0,122.0,175.0,251.0,365.0,371.0,421.0,438.0,443.0,442.0,444.0,409.0,224.0,177.0,67.0,64.0,74.0,279.0,499.0,533.0,428.0,424.0,434.0,442.0,446.0,446.0,446.0,288.0,269.0,352.0,435.0,344.0,239.0,422.0,408.0,413.0,382.0,358.0,355.0,354.0,354.0,340.0,123.0,126.0,457.0,498.0,331.0,571.0,575.0,573.0,574.0,573.0,574.0,571.0,574.0,574.0,462.0,392.0,511.0,528.0,401.0,445.0,445.0,446.0,447.0,447.0,447.0,382.0,281.0,356.0
audio_recv_googJitterBufferMs_1096212945,547.0,427.0,276.0,367.0,409.0,390.0,423.0,263.0,55.0,395.0,130.0,500.0,520.0,289.0,208.0,166.0,256.0,307.0,324.0,224.0,189.0,243.0,73.0,3.0,109.0,593.0,512.0,422.0,392.0,379.0,379.0,374.0,292.0,48.0,178.0,193.0,157.0,122.0,88.0,86.0,86.0,86.0,198.0,168.0,261.0,266.0,223.0,203.0,1.0,72.0,213.0,341.0,271.0,383.0,419.0,432.0,432.0,432.0,373.0,204.0,134.0,44.0,11.0,6.0,485.0,542.0,542.0,342.0,403.0,417.0,431.0,431.0,431.0,431.0,61.0,212.0,331.0,415.0,89.0,317.0,457.0,409.0,409.0,349.0,329.0,349.0,349.0,349.0,209.0,12.0,170.0,545.0,486.0,588.0,623.0,574.0,569.0,569.0,569.0,569.0,569.0,569.0,569.0,229.0,496.0,500.0,520.0,301.0,411.0,432.0,432.0,432.0,432.0,432.0,129.0,460.0,372.0
audio_recv_googJitterReceived_1096212945,11.0,11.0,11.0,5.0,5.0,5.0,5.0,5.0,5.0,5.0,24.0,24.0,24.0,24.0,24.0,24.0,6.0,6.0,6.0,6.0,4.0,4.0,4.0,4.0,4.0,4.0,4.0,4.0,4.0,2.0,2.0,2.0,2.0,2.0,2.0,6.0,6.0,6.0,6.0,6.0,6.0,6.0,18.0,18.0,18.0,18.0,10.0,10.0,10.0,10.0,10.0,10.0,10.0,10.0,10.0,10.0,10.0,10.0,10.0,10.0,10.0,10.0,3.0,3.0,3.0,7.0,7.0,7.0,7.0,3.0,3.0,3.0,3.0,3.0,3.0,3.0,3.0,3.0,3.0,3.0,13.0,13.0,13.0,13.0,13.0,13.0,13.0,3.0,3.0,3.0,3.0,8.0,8.0,8.0,8.0,8.0,8.0,4.0,4.0,4.0,4.0,4.0,4.0,2.0,2.0,2.0,2.0,2.0,2.0,7.0,7.0,7.0,7.0,7.0,7.0,10.0,10.0
audio_recv_googPreferredJitterBufferMs_1096212945,560.0,560.0,560.0,560.0,560.0,560.0,500.0,500.0,500.0,500.0,440.0,440.0,440.0,440.0,440.0,440.0,440.0,440.0,400.0,360.0,360.0,360.0,360.0,360.0,360.0,360.0,360.0,360.0,360.0,360.0,360.0,360.0,240.0,220.0,220.0,180.0,140.0,100.0,100.0,80.0,80.0,80.0,80.0,80.0,80.0,220.0,220.0,220.0,540.0,540.0,540.0,540.0,540.0,540.0,540.0,540.0,540.0,540.0,60.0,60.0,60.0,60.0,60.0,540.0,540.0,540.0,540.0,540.0,540.0,540.0,540.0,540.0,540.0,540.0,540.0,540.0,540.0,540.0,540.0,400.0,400.0,400.0,400.0,400.0,400.0,400.0,400.0,400.0,400.0,440.0,460.0,460.0,460.0,560.0,560.0,560.0,560.0,560.0,560.0,560.0,560.0,560.0,560.0,560.0,560.0,560.0,560.0,560.0,560.0,560.0,560.0,560.0,560.0,560.0,560.0,220.0,220.0
video_recv_bitsReceivedPerSecond_4040221610,44197.07057256991,54184.0,59304.0,65488.0,75696.0,74152.0,87400.0,76728.0,73512.0,75320.0,44731.268731268734,61168.0,56424.0,60736.0,78248.0,70752.0,62672.0,78256.0,77888.0,92296.0,94064.0,100784.0,104576.0,80704.0,124768.0,102512.0,66978.97897897898,64119.88011988012,75864.0,78561.43856143857,81545.54554554555,81504.0,85242.75724275724,92592.0,80576.57657657658,59424.0,35560.0,47000.0,53936.0,50258.25825825826,61522.47752247752,64992.0,71072.0,69680.0,78136.0,59152.0,58280.0,52872.0,30120.0,70920.0,23696.0,49776.0,44048.0,47808.0,64504.0,53232.0,66416.0,66144.0,66992.0,78072.0,83712.0,68976.0,82760.0,58544.0,114840.0,63384.0,55352.0,51000.0,74072.0,78136.0,60576.0,79728.54291417166,81482.96593186373,86248.0,115048.0,96352.0,133760.0,116848.0,72656.0,145432.0,61144.0,69168.0,82720.0,78992.0,104416.0,86184.0,125056.0,115459.45945945945,105334.66533466533,87736.0,146152.0,80184.18418418418,78537.46253746253,82288.0,84296.0,71832.0,72416.0,71960.0,74088.0,90200.0,89360.0,86928.0,85944.0,58432.0,128216.0,56984.0,58024.0,71840.0,65080.0,85368.0,81888.0,68336.0,81488.0,88880.0,70800.0,123672.0,49832.0
video_recv_packetsReceivedPerSecond_4040221610,7.989347536617843,25.0,35.0,45.0,26.0,34.0,23.0,29.0,41.0,25.0,7.992007992007992,22.0,34.0,37.0,26.0,35.0,19.0,18.0,41.0,35.0,30.0,60.0,60.0,40.0,51.0,51.0,17.017017017017018,18.98101898101898,39.0,22.977022977022976,21.02102102102102,45.0,58.94105894105894,38.0,44.04404404404404,27.0,7.0,11.0,20.0,10.01001001001001,12.987012987012987,31.0,50.0,51.0,29.0,32.0,14.0,13.0,13.0,17.0,4.0,14.0,21.0,25.0,23.0,26.0,13.0,15.0,28.0,22.0,17.0,35.0,59.0,40.0,60.0,30.0,10.0,10.0,33.0,21.0,13.0,43.91217564870259,59.11823647294589,60.0,60.0,61.0,59.0,55.0,39.0,59.0,14.0,31.0,56.0,57.0,39.0,48.0,41.0,52.052052052052055,59.94005994005994,39.0,61.0,28.02802802802803,53.946053946053944,60.0,43.0,36.0,22.0,21.0,35.0,33.0,26.0,42.0,60.0,38.0,71.0,24.0,16.0,17.0,25.0,27.0,20.0,25.0,59.0,60.0,39.0,68.0,13.0
video_recv_googCurrentDelayMs_4040221610,59.0,60.0,60.0,57.0,56.0,53.0,51.0,49.0,52.0,56.0,70.0,71.0,69.0,67.0,66.0,63.0,61.0,59.0,56.0,54.0,52.0,49.0,47.0,50.0,51.0,50.0,49.0,47.0,44.0,43.0,41.0,39.0,37.0,47.0,50.0,51.0,50.0,49.0,47.0,46.0,46.0,44.0,47.0,45.0,48.0,54.0,52.0,51.0,59.0,65.0,64.0,61.0,59.0,56.0,55.0,52.0,51.0,49.0,46.0,45.0,44.0,42.0,41.0,45.0,45.0,44.0,44.0,42.0,40.0,38.0,37.0,35.0,34.0,33.0,31.0,30.0,29.0,27.0,34.0,38.0,38.0,37.0,35.0,34.0,39.0,37.0,36.0,34.0,33.0,39.0,39.0,39.0,38.0,47.0,46.0,44.0,42.0,41.0,39.0,38.0,36.0,35.0,34.0,39.0,39.0,39.0,37.0,38.0,36.0,34.0,33.0,33.0,31.0,30.0,37.0,37.0,37.0
video_recv_googDecodeMs_4040221610,1.0,0.0,0.0,1.0,1.0,0.0,0.0,0.0,1.0,1.0,1.0,0.0,1.0,1.0,0.0,1.0,1.0,0.0,0.0,1.0,1.0,1.0,0.0,1.0,0.0,1.0,1.0,1.0,1.0,1.0,1.0,1.0,1.0,1.0,0.0,0.0,1.0,0.0,1.0,1.0,0.0,0.0,1.0,1.0,0.0,1.0,1.0,0.0,0.0,1.0,1.0,1.0,1.0,1.0,1.0,1.0,1.0,0.0,0.0,1.0,0.0,1.0,1.0,1.0,0.0,1.0,1.0,1.0,0.0,0.0,1.0,0.0,0.0,0.0,0.0,0.0,1.0,0.0,0.0,0.0,0.0,0.0,1.0,0.0,1.0,1.0,0.0,1.0,1.0,0.0,1.0,0.0,1.0,0.0,1.0,0.0,1.0,1.0,1.0,0.0,0.0,0.0,0.0,0.0,0.0,1.0,1.0,0.0,1.0,0.0,0.0,0.0,1.0,1.0,0.0,1.0,0.0
video_recv_googFrameHeightReceived_4040221610,180.0,180.0,180.0,180.0,180.0,180.0,180.0,180.0,180.0,180.0,180.0,180.0,180.0,180.0,180.0,180.0,180.0,180.0,180.0,180.0,180.0,180.0,180.0,180.0,180.0,180.0,180.0,180.0,180.0,180.0,180.0,180.0,180.0,180.0,180.0,180.0,180.0,180.0,180.0,180.0,180.0,180.0,180.0,180.0,180.0,180.0,180.0,180.0,180.0,180.0,180.0,180.0,180.0,180.0,180.0,180.0,180.0,180.0,180.0,180.0,180.0,180.0,180.0,180.0,180.0,180.0,180.0,180.0,180.0,180.0,180.0,180.0,180.0,180.0,180.0,180.0,180.0,180.0,180.0,180.0,180.0,180.0,180.0,180.0,180.0,180.0,180.0,180.0,180.0,180.0,180.0,180.0,180.0,180.0,180.0,180.0,180.0,180.0,180.0,180.0,180.0,180.0,180.0,180.0,180.0,180.0,180.0,180.0,180.0,180.0,180.0,180.0,180.0,180.0,180.0,180.0,180.0
video_recv_googFrameRateOutput_4040221610,11.0,21.0,35.0,44.0,28.0,34.0,23.0,29.0,41.0,22.0,8.0,22.0,34.0,37.0,26.0,35.0,19.0,18.0,41.0,35.0,30.0,60.0,60.0,40.0,51.0,49.0,18.0,18.0,40.0,23.0,22.0,41.0,61.0,35.0,43.0,26.0,9.0,10.0,19.0,11.0,12.0,29.0,50.0,49.0,31.0,33.0,15.0,12.0,14.0,15.0,6.0,14.0,19.0,25.0,24.0,25.0,13.0,15.0,28.0,23.0,15.0,33.0,60.0,42.0,60.0,29.0,10.0,10.0,30.0,24.0,14.0,40.0,60.0,61.0,60.0,60.0,59.0,57.0,41.0,56.0,14.0,27.0,55.0,58.0,35.0,38.0,41.0,51.0,60.0,42.0,61.0,27.0,52.0,53.0,46.0,36.0,23.0,21.0,32.0,36.0,26.0,40.0,59.0,42.0,70.0,22.0,19.0,16.0,24.0,29.0,18.0,23.0,58.0,60.0,43.0,65.0,15.0
video_recv_googFrameRateReceived_4040221610,8.0,25.0,35.0,45.0,26.0,34.0,23.0,29.0,41.0,22.0,8.0,22.0,34.0,37.0,25.0,35.0,19.0,18.0,41.0,35.0,30.0,60.0,60.0,40.0,51.0,51.0,17.0,19.0,39.0,23.0,21.0,43.0,59.0,33.0,44.0,27.0,7.0,11.0,20.0,10.0,11.0,31.0,50.0,51.0,29.0,33.0,14.0,13.0,13.0,17.0,4.0,14.0,21.0,25.0,23.0,26.0,13.0,15.0,28.0,20.0,15.0,35.0,59.0,40.0,60.0,30.0,10.0,10.0,33.0,21.0,13.0,44.0,58.0,60.0,59.0,61.0,58.0,55.0,39.0,56.0,14.0,31.0,56.0,57.0,33.0,40.0,40.0,52.0,60.0,39.0,61.0,29.0,54.0,53.0,43.0,37.0,22.0,21.0,35.0,34.0,26.0,42.0,60.0,38.0,71.0,24.0,16.0,17.0,25.0,27.0,20.0,24.0,59.0,60.0,38.0,67.0,13.0
video_recv_googFrameWidthReceived_4040221610,320.0,320.0,320.0,320.0,320.0,320.0,320.0,320.0,320.0,320.0,320.0,320.0,320.0,320.0,320.0,320.0,320.0,320.0,320.0,320.0,320.0,320.0,320.0,320.0,320.0,320.0,320.0,320.0,320.0,320.0,320.0,320.0,320.0,320.0,320.0,320.0,320.0,320.0,320.0,320.0,320.0,320.0,320.0,320.0,320.0,320.0,320.0,320.0,320.0,320.0,320.0,320.0,320.0,320.0,320.0,320.0,320.0,320.0,320.0,320.0,320.0,320.0,320.0,320.0,320.0,320.0,320.0,320.0,320.0,320.0,320.0,320.0,320.0,320.0,320.0,320.0,320.0,320.0,320.0,320.0,320.0,320.0,320.0,320.0,320.0,320.0,320.0,320.0,320.0,320.0,320.0,320.0,320.0,320.0,320.0,320.0,320.0,320.0,320.0,320.0,320.0,320.0,320.0,320.0,320.0,320.0,320.0,320.0,320.0,320.0,320.0,320.0,320.0,320.0,320.0,320.0,320.0
video_recv_googInterframeDelayMax_4040221610,226.0,277.0,50.0,83.0,96.0,81.0,192.0,99.0,216.0,402.0,247.0,249.0,167.0,86.0,138.0,69.0,162.0,167.0,100.0,98.0,85.0,84.0,22.0,229.0,109.0,76.0,283.0,231.0,51.0,100.0,100.0,66.0,22.0,171.0,98.0,154.0,308.0,215.0,166.0,333.0,286.0,284.0,146.0,82.0,156.0,159.0,217.0,199.0,200.0,266.0,335.0,283.0,100.0,100.0,117.0,100.0,234.0,167.0,67.0,166.0,168.0,166.0,18.0,181.0,121.0,149.0,365.0,165.0,217.0,218.0,201.0,84.0,18.0,18.0,18.0,22.0,34.0,34.0,181.0,155.0,197.0,100.0,34.0,34.0,133.0,200.0,51.0,50.0,18.0,184.0,99.0,161.0,49.0,500.0,50.0,134.0,100.0,100.0,149.0,99.0,65.0,67.0,33.0,162.0,89.0,149.0,267.0,168.0,101.0,102.0,215.0,284.0,50.0,18.0,156.0,91.0,567.0
video_recv_googJitterBufferMs_4040221610,55.0,51.0,49.0,46.0,45.0,42.0,40.0,38.0,41.0,45.0,59.0,60.0,58.0,56.0,55.0,52.0,50.0,48.0,45.0,43.0,41.0,38.0,36.0,39.0,40.0,39.0,38.0,36.0,33.0,32.0,30.0,28.0,26.0,36.0,39.0,40.0,40.0,38.0,37.0,36.0,36.0,33.0,36.0,34.0,37.0,43.0,41.0,40.0,48.0,54.0,53.0,50.0,48.0,45.0,44.0,41.0,40.0,38.0,35.0,34.0,33.0,31.0,30.0,34.0,35.0,33.0,33.0,31.0,29.0,27.0,26.0,24.0,23.0,22.0,20.0,19.0,18.0,16.0,23.0,27.0,28.0,26.0,24.0,23.0,28.0,26.0,25.0,23.0,22.0,28.0,28.0,28.0,27.0,36.0,35.0,33.0,31.0,30.0,28.0,27.0,25.0,24.0,23.0,28.0,28.0,28.0,26.0,27.0,25.0,23.0,22.0,22.0,20.0,19.0,26.0,26.0,26.0
video_recv_googPlisSent_4040221610,0.0,0.0,0.0,0.0,0.0,0.0,0.0,0.0,0.0,0.0,0.0,0.0,0.0,0.0,0.0,0.0,0.0,0.0,0.0,0.0,0.0,0.0,0.0,0.0,0.0,0.0,0.0,0.0,0.0,0.0,0.0,0.0,0.0,0.0,0.0,0.0,0.0,0.0,0.0,0.0,0.0,0.0,0.0,0.0,0.0,0.0,0.0,0.0,0.0,0.0,0.0,0.0,0.0,0.0,0.0,0.0,0.0,0.0,0.0,0.0,0.0,0.0,0.0,0.0,0.0,0.0,0.0,0.0,0.0,0.0,0.0,0.0,0.0,0.0,0.0,0.0,0.0,0.0,0.0,0.0,0.0,0.0,0.0,0.0,0.0,0.0,0.0,0.0,0.0,0.0,0.0,0.0,0.0,0.0,0.0,0.0,0.0,0.0,0.0,0.0,0.0,0.0,0.0,0.0,0.0,0.0,0.0,0.0,0.0,0.0,0.0,0.0,0.0,0.0,0.0,0.0,0.0
audio_recv_bitsReceivedPerSecond_3907589981,5027.962716378162,7416.0,11432.0,7576.0,6784.0,7680.0,3992.0,11664.0,7784.0,7632.0,7576.423576423576,7552.0,3944.0,11408.0,7632.0,7584.0,7952.0,6600.0,7752.0,7256.0,7624.0,4000.0,10648.0,7664.0,7608.0,7736.0,7527.527527527527,7432.567432567433,6568.0,7512.4875124875125,7751.751751751752,7512.0,7464.535464535465,7640.0,7407.407407407408,7472.0,3704.0,7400.0,10536.0,6038.038038038038,7408.591408591408,7432.0,7392.0,5544.0,9672.0,3688.0,7496.0,10576.0,7480.0,7416.0,7312.0,3720.0,11128.0,7376.0,7392.0,7648.0,7400.0,7368.0,7280.0,5704.0,6592.0,7600.0,6296.0,7664.0,7392.0,7392.0,3704.0,11080.0,7392.0,7600.0,7736.0,7752.49500998004,7166.332665330661,6824.0,7752.0,7768.0,2776.0,7760.0,11408.0,7776.0,7504.0,7752.0,7360.0,6792.0,7744.0,7720.0,7728.0,7767.7677677677675,5786.213786213786,6536.0,7624.0,7631.6316316316315,3884.115884115884,7640.0,11544.0,7648.0,7616.0,7600.0,7576.0,7728.0,7664.0,7592.0,7568.0,5224.0,7584.0,7576.0,3736.0,7480.0,11400.0,7440.0,7680.0,7504.0,7536.0,7520.0,7544.0,7512.0,7480.0
audio_recv_packetsReceivedPerSecond_3907589981,5.326231691078562,8.0,12.0,8.0,7.0,8.0,4.0,12.0,8.0,8.0,7.992007992007992,8.0,4.0,12.0,8.0,8.0,8.0,7.0,8.0,8.0,8.0,4.0,11.0,8.0,8.0,8.0,8.008008008008009,7.992007992007992,7.0,7.992007992007992,8.008008008008009,8.0,7.992007992007992,8.0,8.008008008008009,8.0,4.0,8.0,11.0,6.006006006006006,7.992007992007992,8.0,8.0,6.0,10.0,4.0,8.0,11.0,8.0,8.0,8.0,4.0,12.0,8.0,8.0,8.0,8.0,8.0,8.0,6.0,7.0,8.0,7.0,8.0,8.0,8.0,4.0,12.0,8.0,8.0,8.0,7.984031936127744,7.014028056112225,7.0,8.0,8.0,3.0,8.0,12.0,8.0,8.0,8.0,8.0,7.0,8.0,8.0,8.0,8.008008008008009,5.994005994005994,7.0,8.0,8.008008008008009,3.996003996003996,8.0,12.0,8.0,8.0,8.0,8.0,8.0,8.0,8.0,8.0,5.0,8.0,8.0,4.0,8.0,12.0,8.0,8.0,8.0,8.0,8.0,8.0,8.0,8.0
audio_recv_googCurrentDelayMs_3907589981,30.0,32.0,57.0,51.0,30.0,33.0,25.0,47.0,28.0,24.0,25.0,43.0,34.0,24.0,23.0,24.0,30.0,26.0,35.0,37.0,31.0,40.0,32.0,31.0,37.0,31.0,30.0,31.0,31.0,29.0,31.0,36.0,41.0,45.0,40.0,41.0,40.0,40.0,36.0,35.0,29.0,29.0,32.0,42.0,28.0,28.0,29.0,31.0,58.0,41.0,42.0,39.0,44.0,40.0,39.0,50.0,52.0,48.0,45.0,41.0,51.0,45.0,38.0,37.0,45.0,37.0,37.0,66.0,39.0,43.0,36.0,39.0,45.0,38.0,35.0,39.0,33.0,40.0,48.0,46.0,40.0,30.0,35.0,35.0,29.0,28.0,26.0,31.0,33.0,30.0,26.0,30.0,30.0,61.0,32.0,33.0,30.0,34.0,28.0,34.0,33.0,26.0,30.0,22.0,27.0,33.0,29.0,30.0,32.0,23.0,31.0,31.0,28.0,26.0,24.0,33.0,31.0
audio_recv_googJitterBufferMs_3907589981,2.0,5.0,23.0,19.0,1.0,5.0,1.0,18.0,3.0,3.0,1.0,37.0,13.0,2.0,1.0,2.0,6.0,5.0,4.0,3.0,0.0,13.0,4.0,2.0,5.0,1.0,3.0,1.0,4.0,2.0,1.0,4.0,11.0,6.0,1.0,2.0,1.0,1.0,2.0,5.0,1.0,0.0,1.0,31.0,2.0,1.0,1.0,5.0,12.0,1.0,1.0,3.0,5.0,2.0,1.0,0.0,4.0,3.0,2.0,3.0,4.0,3.0,1.0,0.0,8.0,3.0,3.0,52.0,2.0,5.0,5.0,10.0,6.0,1.0,3.0,9.0,4.0,13.0,4.0,6.0,3.0,1.0,9.0,10.0,4.0,3.0,5.0,8.0,12.0,10.0,4.0,6.0,6.0,55.0,4.0,5.0,2.0,6.0,0.0,7.0,7.0,0.0,5.0,2.0,5.0,11.0,9.0,7.0,9.0,0.0,6.0,6.0,4.0,2.0,1.0,11.0,9.0
audio_recv_googJitterReceived_3907589981,99.0,99.0,99.0,99.0,110.0,110.0,110.0,110.0,110.0,105.0,105.0,105.0,105.0,105.0,105.0,105.0,105.0,105.0,105.0,108.0,108.0,108.0,108.0,108.0,105.0,105.0,105.0,105.0,105.0,105.0,116.0,116.0,116.0,116.0,102.0,102.0,102.0,102.0,101.0,101.0,101.0,101.0,101.0,103.0,103.0,103.0,103.0,103.0,103.0,105.0,105.0,105.0,110.0,110.0,110.0,110.0,103.0,103.0,103.0,103.0,103.0,117.0,117.0,117.0,117.0,117.0,117.0,120.0,120.0,120.0,120.0,120.0,120.0,106.0,106.0,106.0,106.0,106.0,105.0,105.0,105.0,105.0,100.0,100.0,100.0,100.0,100.0,98.0,98.0,98.0,98.0,98.0,101.0,101.0,101.0,101.0,101.0,101.0,96.0,96.0,96.0,110.0,110.0,110.0,110.0,110.0,110.0,124.0,124.0,124.0,95.0,95.0,95.0,95.0,97.0,97.0,97.0
audio_recv_googPreferredJitterBufferMs_3907589981,580.0,580.0,580.0,580.0,580.0,580.0,580.0,580.0,580.0,580.0,580.0,580.0,580.0,580.0,580.0,580.0,580.0,580.0,580.0,580.0,580.0,580.0,580.0,580.0,580.0,580.0,580.0,580.0,580.0,580.0,580.0,580.0,580.0,580.0,580.0,580.0,580.0,580.0,580.0,580.0,580.0,580.0,580.0,580.0,580.0,580.0,580.0,580.0,580.0,580.0,580.0,580.0,580.0,580.0,580.0,580.0,580.0,580.0,580.0,580.0,580.0,580.0,580.0,580.0,580.0,580.0,580.0,580.0,580.0,580.0,580.0,580.0,580.0,580.0,580.0,580.0,580.0,580.0,580.0,580.0,580.0,580.0,580.0,580.0,580.0,580.0,580.0,580.0,580.0,580.0,580.0,580.0,580.0,580.0,580.0,580.0,580.0,580.0,580.0,580.0,580.0,580.0,580.0,580.0,580.0,580.0,580.0,580.0,580.0,580.0,580.0,580.0,580.0,580.0,580.0,580.0,580.0
video_recv_bitsReceivedPerSecond_2326700169,54061.2516644474,69160.0,53696.0,28736.0,16200.0,29840.0,30120.0,43808.0,44408.0,43688.0,47224.77522477522,61216.0,40144.0,59792.0,46064.0,40464.0,46840.0,44184.0,62696.0,47472.0,62096.0,54472.0,63520.0,31448.0,47952.0,34072.0,54206.2062062062,45650.34965034965,53944.0,57478.52147852148,58426.42642642643,70608.0,86457.54245754245,75032.0,79607.60760760761,94824.0,72640.0,102368.0,91880.0,48072.07207207207,55464.53546453547,70032.0,59336.0,48936.0,80784.0,72416.0,78000.0,68896.0,60368.0,30176.0,58048.0,40232.0,67400.0,40352.0,48408.0,39232.0,52880.0,56072.0,67280.0,59416.0,67632.0,80008.0,81528.0,70496.0,77272.0,89464.0,65496.0,118704.0,64472.0,39544.0,60776.0,73612.77445109781,76873.74749498998,73104.0,78704.0,94448.0,79448.0,126800.0,73920.0,67632.0,73648.0,92016.0,81824.0,78520.0,81840.0,91872.0,99136.0,117493.49349349349,126345.65434565434,124400.0,125392.0,142382.38238238238,106421.57842157842,148488.0,147336.0,106272.0,112568.0,120080.0,121800.0,125928.0,122648.0,111776.0,145968.0,136344.0,128400.0,189448.0,94856.0,153896.0,160400.0,86096.0,102848.0,103384.0,123808.0,110752.0,96544.0,113480.0,118480.0
video_recv_packetsReceivedPerSecond_2326700169,21.30492676431425,35.0,12.0,5.0,3.0,7.0,7.0,14.0,12.0,12.0,14.985014985014985,20.0,11.0,13.0,20.0,15.0,20.0,18.0,19.0,12.0,19.0,21.0,13.0,11.0,17.0,20.0,27.027027027027028,16.983016983016984,18.0,11.988011988011989,18.01801801801802,32.0,18.98101898101898,28.0,54.054054054054056,60.0,42.0,49.0,42.0,11.01101101101101,16.983016983016984,22.0,13.0,20.0,53.0,46.0,57.0,21.0,17.0,6.0,14.0,14.0,14.0,9.0,13.0,12.0,18.0,20.0,22.0,15.0,22.0,34.0,19.0,16.0,50.0,60.0,43.0,57.0,23.0,8.0,18.0,30.93812375249501,17.034068136272545,21.0,52.0,61.0,46.0,63.0,36.0,19.0,26.0,42.0,22.0,27.0,53.0,60.0,60.0,60.06006006006006,59.94005994005994,60.0,60.0,60.06006006006006,40.95904095904096,54.0,85.0,60.0,60.0,61.0,59.0,60.0,61.0,59.0,60.0,60.0,60.0,64.0,41.0,52.0,78.0,33.0,43.0,59.0,40.0,45.0,60.0,61.0,59.0
video_recv_googCurrentDelayMs_2326700169,67.0,69.0,70.0,84.0,84.0,42.0,30.0,14.0,66.0,96.0,92.0,95.0,101.0,103.0,104.0,101.0,97.0,94.0,91.0,89.0,85.0,87.0,88.0,94.0,90.0,88.0,85.0,83.0,80.0,78.0,74.0,72.0,69.0,67.0,65.0,63.0,66.0,66.0,66.0,66.0,63.0,60.0,58.0,73.0,70.0,72.0,72.0,71.0,69.0,67.0,64.0,71.0,86.0,86.0,88.0,73.0,70.0,81.0,78.0,76.0,73.0,70.0,69.0,66.0,64.0,63.0,65.0,64.0,63.0,62.0,59.0,56.0,56.0,53.0,52.0,50.0,54.0,53.0,53.0,51.0,48.0,47.0,45.0,43.0,42.0,41.0,40.0,38.0,36.0,35.0,34.0,34.0,39.0,51.0,50.0,49.0,47.0,45.0,44.0,42.0,41.0,39.0,38.0,36.0,35.0,37.0,42.0,44.0,43.0,42.0,40.0,39.0,38.0,36.0,35.0,35.0,34.0
video_recv_googDecodeMs_2326700169,1.0,1.0,1.0,1.0,1.0,1.0,1.0,1.0,1.0,1.0,0.0,1.0,0.0,0.0,0.0,0.0,0.0,0.0,1.0,1.0,1.0,1.0,1.0,1.0,1.0,1.0,0.0,1.0,1.0,1.0,1.0,0.0,0.0,1.0,0.0,0.0,0.0,0.0,0.0,1.0,0.0,0.0,1.0,0.0,1.0,1.0,1.0,0.0,1.0,1.0,0.0,0.0,1.0,0.0,0.0,1.0,0.0,0.0,1.0,1.0,0.0,1.0,0.0,0.0,0.0,1.0,1.0,1.0,1.0,1.0,1.0,0.0,0.0,1.0,1.0,0.0,0.0,0.0,1.0,1.0,0.0,1.0,1.0,1.0,1.0,0.0,0.0,1.0,0.0,0.0,1.0,1.0,1.0,0.0,1.0,0.0,0.0,0.0,0.0,1.0,1.0,1.0,1.0,1.0,1.0,1.0,1.0,1.0,1.0,1.0,0.0,0.0,1.0,0.0,1.0,0.0,0.0
video_recv_googFrameHeightReceived_2326700169,180.0,180.0,180.0,180.0,180.0,180.0,180.0,180.0,180.0,180.0,180.0,180.0,180.0,180.0,180.0,180.0,180.0,180.0,180.0,180.0,180.0,180.0,180.0,180.0,180.0,180.0,180.0,180.0,180.0,180.0,180.0,180.0,180.0,180.0,180.0,180.0,180.0,180.0,180.0,180.0,180.0,180.0,180.0,180.0,180.0,180.0,180.0,180.0,180.0,180.0,180.0,180.0,180.0,180.0,180.0,180.0,180.0,180.0,180.0,180.0,180.0,180.0,180.0,180.0,180.0,180.0,180.0,180.0,180.0,180.0,180.0,180.0,180.0,180.0,180.0,180.0,180.0,180.0,180.0,180.0,180.0,180.0,180.0,180.0,180.0,180.0,180.0,180.0,180.0,180.0,180.0,180.0,180.0,180.0,180.0,180.0,180.0,180.0,180.0,180.0,180.0,180.0,180.0,180.0,180.0,180.0,180.0,180.0,180.0,180.0,180.0,180.0,180.0,180.0,180.0,180.0,180.0
video_recv_googFrameRateOutput_2326700169,20.0,35.0,12.0,3.0,0.0,3.0,2.0,14.0,12.0,12.0,15.0,20.0,11.0,13.0,20.0,15.0,20.0,17.0,20.0,12.0,19.0,21.0,12.0,11.0,17.0,20.0,27.0,17.0,18.0,12.0,17.0,32.0,19.0,28.0,54.0,61.0,42.0,49.0,40.0,11.0,18.0,22.0,14.0,19.0,53.0,46.0,57.0,21.0,17.0,6.0,14.0,14.0,12.0,8.0,12.0,6.0,9.0,20.0,22.0,15.0,21.0,33.0,20.0,16.0,49.0,60.0,44.0,56.0,23.0,8.0,17.0,30.0,17.0,22.0,52.0,61.0,46.0,63.0,35.0,19.0,27.0,42.0,22.0,27.0,53.0,60.0,56.0,60.0,60.0,60.0,60.0,60.0,41.0,51.0,81.0,60.0,61.0,60.0,61.0,61.0,60.0,60.0,61.0,60.0,60.0,60.0,42.0,52.0,78.0,32.0,40.0,60.0,41.0,44.0,61.0,60.0,60.0
video_recv_googFrameRateReceived_2326700169,20.0,35.0,12.0,3.0,0.0,3.0,2.0,14.0,12.0,12.0,15.0,20.0,11.0,13.0,19.0,15.0,20.0,17.0,19.0,11.0,19.0,21.0,12.0,11.0,17.0,20.0,27.0,17.0,18.0,12.0,18.0,32.0,19.0,28.0,54.0,60.0,42.0,49.0,42.0,11.0,17.0,22.0,13.0,18.0,53.0,46.0,57.0,21.0,17.0,6.0,14.0,14.0,12.0,8.0,12.0,6.0,9.0,20.0,22.0,15.0,22.0,34.0,19.0,16.0,50.0,57.0,43.0,57.0,23.0,8.0,18.0,31.0,17.0,21.0,52.0,60.0,46.0,63.0,36.0,19.0,26.0,42.0,22.0,27.0,53.0,60.0,58.0,60.0,59.0,60.0,60.0,60.0,41.0,46.0,85.0,60.0,60.0,61.0,58.0,60.0,59.0,60.0,60.0,60.0,60.0,60.0,41.0,52.0,78.0,33.0,43.0,60.0,40.0,46.0,59.0,61.0,59.0
video_recv_googFrameWidthReceived_2326700169,320.0,320.0,320.0,320.0,320.0,320.0,320.0,320.0,320.0,320.0,320.0,320.0,320.0,320.0,320.0,320.0,320.0,320.0,320.0,320.0,320.0,320.0,320.0,320.0,320.0,320.0,320.0,320.0,320.0,320.0,320.0,320.0,320.0,320.0,320.0,320.0,320.0,320.0,320.0,320.0,320.0,320.0,320.0,320.0,320.0,320.0,320.0,320.0,320.0,320.0,320.0,320.0,320.0,320.0,320.0,320.0,320.0,320.0,320.0,320.0,320.0,320.0,320.0,320.0,320.0,320.0,320.0,320.0,320.0,320.0,320.0,320.0,320.0,320.0,320.0,320.0,320.0,320.0,320.0,320.0,320.0,320.0,320.0,320.0,320.0,320.0,320.0,320.0,320.0,320.0,320.0,320.0,320.0,320.0,320.0,320.0,320.0,320.0,320.0,320.0,320.0,320.0,320.0,320.0,320.0,320.0,320.0,320.0,320.0,320.0,320.0,320.0,320.0,320.0,320.0,320.0,320.0
video_recv_googInterframeDelayMax_2326700169,222.0,109.0,287.0,750.0,-1.0,1160.0,276.0,554.0,170.0,266.0,151.0,221.0,242.0,134.0,180.0,168.0,168.0,258.0,211.0,250.0,163.0,225.0,219.0,339.0,215.0,266.0,99.0,184.0,287.0,219.0,177.0,81.0,99.0,97.0,34.0,18.0,228.0,141.0,125.0,212.0,130.0,99.0,229.0,323.0,51.0,215.0,207.0,180.0,152.0,385.0,230.0,243.0,136.0,235.0,214.0,595.0,212.0,199.0,114.0,162.0,115.0,66.0,165.0,166.0,50.0,42.0,195.0,90.0,99.0,346.0,148.0,50.0,225.0,100.0,35.0,24.0,216.0,96.0,98.0,299.0,148.0,49.0,115.0,66.0,34.0,28.0,71.0,22.0,28.0,23.0,29.0,22.0,229.0,625.0,21.0,18.0,19.0,18.0,33.0,18.0,28.0,18.0,18.0,18.0,18.0,36.0,204.0,128.0,49.0,84.0,65.0,18.0,50.0,50.0,19.0,18.0,18.0
video_recv_googJitterBufferMs_2326700169,56.0,58.0,60.0,79.0,79.0,31.0,19.0,3.0,55.0,85.0,81.0,84.0,90.0,92.0,93.0,90.0,86.0,83.0,80.0,78.0,74.0,76.0,77.0,83.0,79.0,77.0,74.0,72.0,69.0,67.0,63.0,61.0,58.0,56.0,54.0,52.0,55.0,55.0,56.0,55.0,52.0,49.0,47.0,62.0,59.0,61.0,61.0,60.0,58.0,56.0,53.0,60.0,75.0,75.0,77.0,62.0,59.0,70.0,67.0,65.0,62.0,59.0,58.0,55.0,53.0,52.0,54.0,53.0,52.0,51.0,48.0,45.0,45.0,42.0,41.0,39.0,43.0,42.0,42.0,40.0,37.0,36.0,34.0,32.0,31.0,30.0,29.0,27.0,25.0,24.0,23.0,23.0,28.0,40.0,39.0,38.0,36.0,34.0,33.0,31.0,30.0,28.0,27.0,25.0,24.0,26.0,31.0,33.0,32.0,31.0,29.0,28.0,27.0,25.0,24.0,24.0,23.0
video_recv_googPlisSent_2326700169,10.0,10.0,10.0,10.0,10.0,10.0,10.0,10.0,10.0,10.0,10.0,10.0,10.0,10.0,10.0,10.0,10.0,10.0,10.0,10.0,10.0,10.0,10.0,10.0,10.0,10.0,10.0,10.0,10.0,10.0,10.0,10.0,10.0,10.0,10.0,10.0,10.0,10.0,10.0,10.0,10.0,10.0,10.0,10.0,10.0,10.0,10.0,10.0,10.0,10.0,10.0,10.0,10.0,10.0,10.0,10.0,10.0,10.0,10.0,10.0,10.0,10.0,10.0,10.0,10.0,10.0,10.0,10.0,10.0,10.0,10.0,10.0,10.0,10.0,10.0,10.0,10.0,10.0,10.0,10.0,10.0,10.0,10.0,10.0,10.0,10.0,10.0,10.0,10.0,10.0,10.0,10.0,10.0,10.0,10.0,10.0,10.0,10.0,10.0,10.0,10.0,10.0,10.0,10.0,10.0,10.0,10.0,10.0,10.0,10.0,10.0,10.0,10.0,10.0,10.0,10.0,10.0
video_send_resolutionChangesSent_446468049,0,0,0,0,0,0,0,0,0,0,0,0,0,0,0,0,0,0,0,0,0,0,0,0,0,0,0,1,1,1,1,1,1,1,2,2,2,2,2,2,2,2,2,2,2,2,2,2,2,2,2,2,2,2,2,2,2,2,2,3,3,3,3,3,3,3,3,3,4,4,4,4,4,4,4,4,4,4,4,4,4,5,5,5,5,5,5,5,6,6,6,6,6,6,6,6,6,6,6,6,6,6,6,6,6,6,6,6,6,6,6,6,6,6,6,6,6
video_recv_resolutionChangesReceived_4040221610,0,0,0,0,0,0,0,0,0,0,0,0,0,0,0,0,0,0,0,0,0,0,0,0,0,0,0,0,0,0,0,0,0,0,0,0,0,0,0,0,0,0,0,0,0,0,0,0,0,0,0,0,0,0,0,0,0,0,0,0,0,0,0,0,0,0,0,0,0,0,0,0,0,0,0,0,0,0,0,0,0,0,0,0,0,0,0,0,0,0,0,0,0,0,0,0,0,0,0,0,0,0,0,0,0,0,0,0,0,0,0,0,0,0,0,0,0
video_recv_resolutionChangesReceived_2326700169,0,0,0,0,0,0,0,0,0,0,0,0,0,0,0,0,0,0,0,0,0,0,0,0,0,0,0,0,0,0,0,0,0,0,0,0,0,0,0,0,0,0,0,0,0,0,0,0,0,0,0,0,0,0,0,0,0,0,0,0,0,0,0,0,0,0,0,0,0,0,0,0,0,0,0,0,0,0,0,0,0,0,0,0,0,0,0,0,0,0,0,0,0,0,0,0,0,0,0,0,0,0,0,0,0,0,0,0,0,0,0,0,0,0,0,0,0
1_way_delay_audio_send_446468049_0,1877.5,1877.5,1877.5,1877.5,1801.0,1801.0,1801.0,1801.0,1796.0,1796.0,1796.0,1796.0,1796.0,1796.0,1329.5,1329.5,1329.5,1428.0,1428.0,1428.0,1428.0,1428.0,1428.0,1428.0,1613.5,1613.5,1613.5,1613.5,1613.5,1236.5,1236.5,1236.5,1236.5,1236.5,1236.5,1236.5,1671.5,1671.5,1671.5,1671.5,1671.5,1671.5,1671.5,1331.5,1331.5,1331.5,1428.5,1428.5,1428.5,1428.5,1428.5,1428.5,1428.5,1428.5,1428.5,1428.5,1428.5,1428.5,1428.5,1428.5,1428.5,1428.5,1128.5,1128.5,1128.5,1128.5,1128.5,1303.5,1303.5,1303.5,1303.5,1303.5,1303.5,1303.5,1286.5,1286.5,1286.5,1286.5,1286.0,1286.0,1286.0,1286.0,1286.0,1216.5,1216.5,1216.5,1340.5,1340.5,1340.5,1340.5,1520.5,1520.5,1520.5,1340.0,1340.0,1340.0,1340.0,1340.0,1340.0,1313.5,1313.5,1313.5,1324.5,1324.5,1324.5,1324.5,1324.5,1324.5,1324.5,1315.0,1315.0,1315.0,1295.0,1295.0,1295.0,1295.0,1295.0
1_way_delay_video_send_446468049_0,1652.5,1650.0,1620.5,1626.0,1644.5,1650.0,1653.0,1608.5,1511.5,1503.0,1521.0,1529.5,1519.0,1494.5,1486.0,1458.0,1439.5,1449.0,1468.5,1498.5,1508.5,1481.5,1432.0,1392.0,1376.5,1381.5,1374.0,1369.0,1386.0,1380.0,1339.0,1335.0,1365.0,1393.0,1417.5,1449.0,1471.5,1464.0,1450.5,1441.5,1433.0,1427.5,1447.0,1456.0,1435.0,1418.5,1423.5,1462.5,1517.0,1559.5,1589.0,1592.0,1547.0,1472.0,1422.5,1379.0,1337.5,1310.0,1283.5,1247.0,1202.5,1199.5,1213.5,1256.0,1309.0,1328.5,1318.0,1301.5,1304.5,1305.5,1294.0,1294.0,1299.0,1306.0,1299.5,1269.5,1247.0,1236.0,1235.0,1237.0,1241.0,1241.0,1238.0,1234.5,1234.5,1246.0,1257.0,1267.0,1281.0,1291.0,1295.5,1309.5,1345.5,1407.0,1463.5,1485.0,1458.5,1416.0,1386.0,1358.5,1343.5,1334.5,1328.5,1323.5,1314.5,1305.5,1304.5,1330.0,1391.0,1430.0,1437.0,1413.5,1378.0,1353.5,1322.0,1262.0,1201.0
ear_ear_delay_audio_send_446468049_0,1887.5,1912.5,1877.5,1975.5,1971.0,1907.0,1805.0,1808.0,1797.0,1840.0,1831.0,1893.0,2017.0,2118.0,1431.5,1332.5,1428.5,1546.0,1480.0,1800.0,1830.0,1627.0,1578.0,1509.0,1626.5,1767.5,1865.5,1618.5,1671.5,1247.5,1238.5,1260.5,1419.5,1694.5,1899.5,1687.5,1906.5,1921.5,1912.5,1684.5,1748.5,1782.5,1867.5,1438.5,1359.5,1340.5,1430.5,1446.5,1431.5,1684.5,1742.5,1485.5,1518.5,1521.5,1568.5,1645.5,1675.5,1713.5,1564.5,1467.5,1429.5,1439.5,1130.5,1253.5,1140.5,1131.5,1350.5,1555.5,1460.5,1554.5,1494.5,1516.5,1763.5,1796.5,1632.5,1400.5,1437.5,1588.5,1568.0,1444.0,1556.0,1576.0,1434.0,1334.5,1453.5,1326.5,1438.5,1435.5,1461.5,1347.5,1587.5,1562.5,1521.5,2036.0,1983.0,1631.0,1697.0,1762.0,1690.0,1697.5,1802.5,1703.5,1844.5,1526.5,1328.5,1349.5,1347.5,1431.5,1849.5,1735.0,1756.0,1741.0,1981.0,2090.0,2170.0,1488.0,1764.0
audio_packet_loss_percentage_send_446468049_0,0.0,0.0,0.0,0.0,60.0,0.0,0.0,0.0,24.0,0.0,0.0,0.0,0.0,0.0,12.0,0.0,0.0,10.0,0.0,0.0,0.0,0.0,0.0,0.0,102.0,0.0,0.0,0.0,0.0,6.005999999999999,0.0,0.0,0.0,72.0,0.0,0.0,72.0,0.0,0.0,0.0,0.0,0.0,0.0,130.0,0.0,0.0,60.0,0.0,0.0,0.0,0.0,0.0,176.0,0.0,0.0,12.0,0.0,0.0,0.0,0.0,0.0,0.0,0.0,0.0,0.0,0.0,0.0,194.0,0.0,0.0,0.0,14.028000000000002,0.0,0.0,30.0,0.0,0.0,0.0,0.0,0.0,0.0,0.0,0.0,0.0,0.0,0.0,64.0,0.0,0.0,0.0,24.0,0.0,0.0,22.0,0.0,0.0,0.0,0.0,0.0,146.0,0.0,0.0,56.00000000000001,0.0,0.0,0.0,0.0,0.0,0.0,74.0,0.0,0.0,12.0,0.0,0.0,0.0
e_model_audio_send_446468049_0,0,0,0,0,0,0,0,0,0,0,0,0,0,0,0,0,0,0,0,0,0,0,0,0,0,0,0,0,0,0,0,0,0,0,0,0,0,0,0,0,0,0,0,0,0,0,0,0,0,0,0,0,0,0,0,0,0,0,0,0,0,0,0,0,0,0,0,0,0,0,0,0,0,0,0,0,0,0,0,0,0,0,0,0,0,0,0,0,0,0,0,0,0,0,0,0,0,0,0,0,0,0,0,0,0,0,0,0,0,0,0,0,0,0,0,0
kpi_audio_synchronization_446468049_0,1.0,1.0,1.0,1.0,1.0,1.0,1.0,1.0,1.0,1.0,1.0,1.0,1.0,1.0,1.0,1.0,1.0,1.0,1.0,1.0,1.0,1.0,1.0,1.0,1.0,1.0,1.0,1.0,1.0,1.0,1.0,1.0,1.0,1.0,1.0,1.0,1.0,1.0,1.0,1.0,1.0,1.0,1.0,1.0,1.0,1.0,1.0,1.0,1.0,1.0,1.0,1.0,1.0,1.0,1.0,1.0,1.0,1.0,1.0,1.0,1.0,1.0,1.0,1.0,1.0,1.0,1.0,1.0,1.0,1.0,1.0,1.0,1.0,1.0,1.0,1.0,1.0,1.0,1.0,1.0,1.0,1.0,1.0,1.0,1.0,1.0,1.0,1.0,1.0,1.0,1.0,1.0,1.0,1.0,1.0,1.0,1.0,1.0,1.0,1.0,1.0,1.0,1.0,1.0,1.0,1.0,1.0,1.0,1.0,1.0,1.0,1.0,1.0,1.0,1.0,1.0
eye_eye_delay_video_send_446468049_0,1738.5,1735.0,1705.5,1711.0,1726.5,1730.0,1731.0,1682.5,1582.5,1573.0,1591.0,1597.5,1583.0,1556.5,1547.0,1519.0,1500.5,1509.0,1528.5,1558.5,1572.5,1543.5,1492.0,1450.0,1431.5,1433.5,1423.0,1416.0,1432.0,1451.0,1425.0,1425.0,1454.0,1482.0,1507.5,1536.0,1555.5,1544.0,1529.5,1520.5,1509.0,1500.5,1523.0,1532.0,1510.0,1498.5,1506.5,1549.5,1608.0,1654.5,1684.0,1686.0,1637.0,1558.0,1504.5,1457.0,1411.5,1381.0,1351.5,1312.0,1267.5,1264.5,1280.5,1340.0,1404.0,1420.5,1428.0,1406.5,1405.5,1403.5,1388.0,1387.0,1388.0,1391.0,1382.5,1351.5,1326.0,1311.0,1306.0,1305.0,1306.0,1302.0,1296.0,1291.5,1294.5,1306.0,1317.0,1327.0,1341.0,1351.0,1295.5,1388.5,1421.5,1513.0,1573.5,1589.0,1559.5,1514.0,1481.0,1450.5,1432.5,1420.5,1411.5,1402.5,1390.5,1380.5,1380.5,1402.0,1462.0,1501.0,1508.0,1484.5,1449.0,1424.5,1393.0,1262.0,1400.0
kpi_video_synchronization_446468049_0,1,1,1,1,1,1,1,1,1,1,1,1,1,1,1,1,1,1,1,1,1,1,1,1,1,1,1,1,1,1,1,1,1,1,1,1,1,1,1,1,1,1,1,1,1,1,1,1,1,1,1,1,1,1,1,1,1,1,1,1,1,1,1,1,1,1,1,1,1,1,1,1,1,1,1,1,1,1,1,1,1,1,1,1,1,1,1,1,1,1,1,1,1,1,1,1,1,1,1,1,1,1,1,1,1,1,1,1,1,1,1,1,1,1,1,1,1
av_delay_send_446468049_0,149.0,177.5,172.0,264.5,244.5,177.0,74.0,125.5,214.5,267.0,240.0,295.5,434.0,561.5,-115.5,-186.5,-72.0,37.0,-48.5,241.5,257.5,83.5,86.0,59.0,195.0,334.0,442.5,202.5,239.5,-203.5,-186.5,-164.5,-34.5,212.5,392.0,151.5,351.0,377.5,383.0,164.0,239.5,282.0,344.5,-93.5,-150.5,-158.0,-76.0,-103.0,-176.5,30.0,58.5,-200.5,-118.5,-36.5,64.0,188.5,264.0,332.5,213.0,155.5,162.0,175.0,-150.0,-86.5,-263.5,-289.0,-77.5,149.0,55.0,151.0,106.5,129.5,375.5,405.5,250.0,49.0,111.5,277.5,262.0,139.0,250.0,274.0,138.0,43.0,159.0,20.5,121.5,108.5,120.5,-3.5,292.0,174.0,100.0,523.0,409.5,42.0,137.5,248.0,209.0,247.0,370.0,283.0,433.0,124.0,-62.0,-31.0,-33.0,29.5,387.5,234.0,248.0,256.5,532.0,665.5,777.0,226.0,364.0
kpi_av_synchronization_446468049_0,1,1,1,1,1,1,2.68,1,1,1,1,1,1,1,5,1,5,5,5,1,1,1.92,1.7200000000000002,3.88,1,1,1,1,1,1,1,2.3666666666666667,5,1,1,1,1,1,1,1,1,1,1,5,3.3,2.8,5,5,1.5666666666666669,5,3.92,1,5,5,3.48,1,1,1,1,1,1,1,3.333333333333333,5,1,1,5,1,4.2,1,1,1,1,1,1,4.68,1,1,1,1,1,1,1,5,1,5,1,1,1,5,1,1,1,1,1,5,1,1,1,1,1,1,1,1,5,5,5,5,1,1,1,1,1,1,1,1,1
1_way_delay_audio_send_446468049_1,1877.5,1877.5,1877.5,1877.5,1801.0,1801.0,1801.0,1801.0,1796.0,1796.0,1796.0,1796.0,1796.0,1796.0,1329.5,1329.5,1329.5,1428.0,1428.0,1428.0,1428.0,1428.0,1428.0,1428.0,1613.5,1613.5,1613.5,1613.5,1613.5,1236.5,1236.5,1236.5,1236.5,1236.5,1236.5,1236.5,1671.5,1671.5,1671.5,1671.5,1671.5,1671.5,1671.5,1331.5,1331.5,1331.5,1428.5,1428.5,1428.5,1428.5,1428.5,1428.5,1428.5,1428.5,1428.5,1428.5,1428.5,1428.5,1428.5,1428.5,1428.5,1428.5,1128.5,1128.5,1128.5,1128.5,1128.5,1303.5,1303.5,1303.5,1303.5,1303.5,1303.5,1303.5,1286.5,1286.5,1286.5,1286.5,1286.0,1286.0,1286.0,1286.0,1286.0,1216.5,1216.5,1216.5,1340.5,1340.5,1340.5,1340.5,1520.5,1520.5,1520.5,1340.0,1340.0,1340.0,1340.0,1340.0,1340.0,1313.5,1313.5,1313.5,1324.5,1324.5,1324.5,1324.5,1324.5,1324.5,1324.5,1315.0,1315.0,1315.0,1295.0,1295.0,1295.0,1295.0,1295.0
1_way_delay_video_send_446468049_1,1652.5,1650.0,1620.5,1626.0,1644.5,1650.0,1653.0,1608.5,1511.5,1503.0,1521.0,1529.5,1519.0,1494.5,1486.0,1458.0,1439.5,1449.0,1468.5,1498.5,1508.5,1481.5,1432.0,1392.0,1376.5,1381.5,1374.0,1369.0,1386.0,1380.0,1339.0,1335.0,1365.0,1393.0,1417.5,1449.0,1471.5,1464.0,1450.5,1441.5,1433.0,1427.5,1447.0,1456.0,1435.0,1418.5,1423.5,1462.5,1517.0,1559.5,1589.0,1592.0,1547.0,1472.0,1422.5,1379.0,1337.5,1310.0,1283.5,1247.0,1202.5,1199.5,1213.5,1256.0,1309.0,1328.5,1318.0,1301.5,1304.5,1305.5,1294.0,1294.0,1299.0,1306.0,1299.5,1269.5,1247.0,1236.0,1235.0,1237.0,1241.0,1241.0,1238.0,1234.5,1234.5,1246.0,1257.0,1267.0,1281.0,1291.0,1295.5,1309.5,1345.5,1407.0,1463.5,1485.0,1458.5,1416.0,1386.0,1358.5,1343.5,1334.5,1328.5,1323.5,1314.5,1305.5,1304.5,1330.0,1391.0,1430.0,1437.0,1413.5,1378.0,1353.5,1322.0,1262.0,1201.0
ear_ear_delay_audio_send_446468049_1,2040.5,1886.5,1920.5,2141.5,1924.0,2098.0,1921.0,1836.0,1841.0,1939.0,1865.0,1804.0,1953.0,2137.0,1686.5,1363.5,1402.5,1488.0,1768.0,1560.0,1808.0,1776.0,1608.0,1679.0,1891.5,1791.5,1835.5,1622.5,1632.5,1336.5,1245.5,1284.5,1261.5,1497.5,1759.5,1630.5,1891.5,1755.5,1686.5,1756.5,1761.5,1757.5,1829.5,1412.5,1377.5,1341.5,1433.5,1462.5,1442.5,1558.5,1678.5,1688.5,1588.5,1672.5,1491.5,1531.5,1588.5,1557.5,1528.5,1513.5,1516.5,1437.5,1128.5,1188.5,1292.5,1144.5,1222.5,1578.5,1738.5,1668.5,1723.5,1614.5,1708.5,1977.5,1970.5,1661.5,1423.5,1527.5,1639.0,1399.0,1513.0,1601.0,1521.0,1313.5,1392.5,1506.5,1589.5,1404.5,1574.5,1590.5,1617.5,1525.5,1599.5,1342.0,2100.0,1864.0,1581.0,1727.0,1730.0,1728.5,1684.5,1743.5,1764.5,1806.5,1360.5,1385.5,1328.5,1409.5,1566.5,1811.0,1777.0,1750.0,1787.0,2005.0,2133.0,1303.0,1519.0
audio_packet_loss_percentage_send_446468049_1,0.0,0.0,0.0,0.0,60.0,0.0,0.0,0.0,24.0,0.0,0.0,0.0,0.0,0.0,12.0,0.0,0.0,10.0,0.0,0.0,0.0,0.0,0.0,0.0,102.0,0.0,0.0,0.0,0.0,6.005999999999999,0.0,0.0,0.0,72.0,0.0,0.0,72.0,0.0,0.0,0.0,0.0,0.0,0.0,130.0,0.0,0.0,60.0,0.0,0.0,0.0,0.0,0.0,176.0,0.0,0.0,12.0,0.0,0.0,0.0,0.0,0.0,0.0,0.0,0.0,0.0,0.0,0.0,194.0,0.0,0.0,0.0,14.028000000000002,0.0,0.0,30.0,0.0,0.0,0.0,0.0,0.0,0.0,0.0,0.0,0.0,0.0,0.0,64.0,0.0,0.0,0.0,24.0,0.0,0.0,22.0,0.0,0.0,0.0,0.0,0.0,146.0,0.0,0.0,56.00000000000001,0.0,0.0,0.0,0.0,0.0,0.0,74.0,0.0,0.0,12.0,0.0,0.0,0.0
e_model_audio_send_446468049_1,0,0,0,0,0,0,0,0,0,0,0,0,0,0,0,0,0,0,0,0,0,0,0,0,0,0,0,0,0,0,0,0,0,0,0,0,0,0,0,0,0,0,0,0,0,0,0,0,0,0,0,0,0,0,0,0,0,0,0,0,0,0,0,0,0,0,0,0,0,0,0,0,0,0,0,0,0,0,0,0,0,0,0,0,0,0,0,0,0,0,0,0,0,0,0,0,0,0,0,0,0,0,0,0,0,0,0,0,0,0,0,0,0,0,0,0
kpi_audio_synchronization_446468049_1,1.0,1.0,1.0,1.0,1.0,1.0,1.0,1.0,1.0,1.0,1.0,1.0,1.0,1.0,1.0,1.0,1.0,1.0,1.0,1.0,1.0,1.0,1.0,1.0,1.0,1.0,1.0,1.0,1.0,1.0,1.0,1.0,1.0,1.0,1.0,1.0,1.0,1.0,1.0,1.0,1.0,1.0,1.0,1.0,1.0,1.0,1.0,1.0,1.0,1.0,1.0,1.0,1.0,1.0,1.0,1.0,1.0,1.0,1.0,1.0,1.0,1.0,1.0,1.0,1.0,1.0,1.0,1.0,1.0,1.0,1.0,1.0,1.0,1.0,1.0,1.0,1.0,1.0,1.0,1.0,1.0,1.0,1.0,1.0,1.0,1.0,1.0,1.0,1.0,1.0,1.0,1.0,1.0,1.0,1.0,1.0,1.0,1.0,1.0,1.0,1.0,1.0,1.0,1.0,1.0,1.0,1.0,1.0,1.0,1.0,1.0,1.0,1.0,1.0,1.0,1.0
eye_eye_delay_video_send_446468049_1,1744.5,1741.0,1712.5,1719.0,1733.5,1738.0,1739.0,1689.5,1589.5,1578.0,1596.0,1602.5,1590.0,1561.5,1552.0,1523.0,1504.5,1515.0,1533.5,1561.5,1573.5,1546.5,1495.0,1453.0,1434.5,1436.5,1426.0,1418.0,1432.0,1426.0,1424.0,1422.0,1454.0,1480.0,1507.5,1538.0,1556.5,1546.0,1530.5,1522.5,1511.0,1503.5,1526.0,1531.0,1511.0,1498.5,1507.5,1548.5,1610.0,1654.5,1682.0,1686.0,1640.0,1561.0,1507.5,1461.0,1415.5,1384.0,1353.5,1315.0,1268.5,1266.5,1279.5,1334.0,1400.0,1422.5,1415.0,1409.5,1408.5,1407.5,1391.0,1387.0,1391.0,1394.0,1383.5,1352.5,1328.0,1314.0,1309.0,1308.0,1309.0,1305.0,1299.0,1292.5,1294.5,1306.0,1317.0,1327.0,1341.0,1351.0,1355.5,1309.5,1423.5,1483.0,1573.5,1594.0,1562.5,1519.0,1484.0,1454.5,1435.5,1423.5,1414.5,1407.5,1394.5,1383.5,1381.5,1405.0,1464.0,1503.0,1510.0,1486.5,1451.0,1426.5,1395.0,1262.0,1201.0
kpi_video_synchronization_446468049_1,1,1,1,1,1,1,1,1,1,1,1,1,1,1,1,1,1,1,1,1,1,1,1,1,1,1,1,1,1,1,1,1,1,1,1,1,1,1,1,1,1,1,1,1,1,1,1,1,1,1,1,1,1,1,1,1,1,1,1,1,1,1,1,1,1,1,1,1,1,1,1,1,1,1,1,1,1,1,1,1,1,1,1,1,1,1,1,1,1,1,1,1,1,1,1,1,1,1,1,1,1,1,1,1,1,1,1,1,1,1,1,1,1,1,1,1,1
av_delay_send_446468049_1,296.0,145.5,208.0,422.5,190.5,360.0,182.0,146.5,251.5,361.0,269.0,201.5,363.0,575.5,134.5,-159.5,-102.0,-27.0,234.5,-1.5,234.5,229.5,113.0,226.0,457.0,355.0,409.5,204.5,200.5,-89.5,-178.5,-137.5,-192.5,17.5,252.0,92.5,335.0,209.5,156.0,234.0,250.5,254.0,303.5,-118.5,-133.5,-157.0,-74.0,-86.0,-167.5,-96.0,-3.5,2.5,-51.5,111.5,-16.0,70.5,173.0,173.5,175.0,198.5,248.0,171.0,-151.0,-145.5,-107.5,-278.0,-192.5,169.0,330.0,261.0,332.5,227.5,317.5,583.5,587.0,309.0,95.5,213.5,330.0,91.0,204.0,296.0,222.0,21.0,98.0,200.5,272.5,77.5,233.5,239.5,262.0,216.0,176.0,-141.0,526.5,270.0,18.5,208.0,246.0,274.0,249.0,320.0,350.0,399.0,-34.0,2.0,-53.0,4.5,102.5,308.0,267.0,263.5,336.0,578.5,738.0,41.0,318.0
kpi_av_synchronization_446468049_1,1,1,1,1,1,1,1,1,1,1,1,1,1,1,1,2.7,5,5,1,5,1,1,1,1,1,1,1,1,1,5,1.4333333333333331,4.166666666666667,1,5,1,1,1,1,1,1,1,1,1,5,4.433333333333334,2.8666666666666667,5,5,2.1666666666666665,5,5,5,5,1,5,2.96,1,1,1,1,1,1,3.2666666666666666,3.6333333333333333,5,1,1,1,1,1,1,1,1,1,1,1,1,1,1,1,1,1,1,5,1,1,1,2.4,1,1,1,1,1,3.9333333333333336,1,1,5,1,1,1,1,1,1,1,5,5,5,5,1,1,1,1,1,1,1,5,1
audio_recv_kbitsReceivedPerSecond_1096212945,41,36,34,40,41,39,41,35,27,50,25,33,25,20,23,22,24,25,25,23,23,25,20,16,22,37,26,25,25,25,26,25,25,18,23,26,26,26,25,25,25,25,24,27,24,25,24,25,10,24,26,25,21,25,25,25,25,25,25,25,25,25,20,13,34,24,25,20,25,25,25,25,25,25,16,26,25,25,15,22,28,26,25,24,24,26,25,25,22,9,16,34,25,25,25,26,25,25,26,25,26,26,26,17,30,25,26,19,26,25,26,26,26,26,16,35,26
kpi_q_audio_1096212945,5,5,5,5,5,5,5,5,4,5,4,5,4,3,3,3,4,4,4,3,3,4,3,3,3,5,4,4,4,4,4,4,4,3,3,4,4,4,4,4,4,4,4,4,4,4,4,4,2,4,4,4,3,4,4,4,4,4,4,4,4,4,3,2,5,4,4,3,4,4,4,4,4,4,3,4,4,4,2,3,4,4,4,4,4,4,4,4,3,2,3,5,4,4,4,4,4,4,4,4,4,4,4,3,4,4,4,3,4,4,4,4,4,4,3,5,4
video_recv_kbitsReceivedPerSecond_4040221610,43,52,57,63,73,72,85,74,71,73,43,59,55,59,76,69,61,76,76,90,91,98,102,78,121,100,65,62,74,76,79,79,83,90,78,58,34,45,52,49,60,63,69,68,76,57,56,51,29,69,23,48,43,46,62,51,64,64,65,76,81,67,80,57,112,61,54,49,72,76,59,77,79,84,112,94,130,114,70,142,59,67,80,77,101,84,122,112,102,85,142,78,76,80,82,70,70,70,72,88,87,84,83,57,125,55,56,70,63,83,79,66,79,86,69,120,48
kpi_resolution_stability_4040221610,4.303535113616246,4.303535113616246,4.303535113616246,4.303535113616246,4.303535113616246,4.303535113616246,4.303535113616246,4.303535113616246,4.303535113616246,4.303535113616246,4.303535113616246,4.303535113616246,4.303535113616246,4.303535113616246,4.303535113616246,4.303535113616246,4.303535113616246,4.303535113616246,4.303535113616246,4.303535113616246,4.303535113616246,4.303535113616246,4.303535113616246,4.303535113616246,4.303535113616246,4.303535113616246,4.303535113616246,4.303535113616246,4.303535113616246,4.303535113616246,4.303535113616246,4.303535113616246,4.303535113616246,4.303535113616246,4.303535113616246,4.303535113616246,4.303535113616246,4.303535113616246,4.303535113616246,4.303535113616246,4.303535113616246,4.303535113616246,4.303535113616246,4.303535113616246,4.303535113616246,4.303535113616246,4.303535113616246,4.303535113616246,4.303535113616246,4.303535113616246,4.303535113616246,4.303535113616246,4.303535113616246,4.303535113616246,4.303535113616246,4.303535113616246,4.303535113616246,4.303535113616246,4.303535113616246,4.303535113616246,4.303535113616246,4.303535113616246,4.303535113616246,4.303535113616246,4.303535113616246,4.303535113616246,4.303535113616246,4.303535113616246,4.303535113616246,4.303535113616246,4.303535113616246,4.303535113616246,4.303535113616246,4.303535113616246,4.303535113616246,4.303535113616246,4.303535113616246,4.303535113616246,4.303535113616246,4.303535113616246,4.303535113616246,4.303535113616246,4.303535113616246,4.303535113616246,4.303535113616246,4.303535113616246,4.303535113616246,4.303535113616246,4.303535113616246,4.303535113616246,4.303535113616246,4.303535113616246,4.303535113616246,4.303535113616246,4.303535113616246,4.303535113616246,4.303535113616246,4.303535113616246,4.303535113616246,4.303535113616246,4.303535113616246,4.303535113616246,4.303535113616246,4.303535113616246,4.303535113616246,4.303535113616246,4.303535113616246,4.303535113616246,4.303535113616246,4.303535113616246,4.303535113616246,4.303535113616246,4.303535113616246,4.303535113616246,4.303535113616246,4.303535113616246,4.303535113616246
max_resolution_percentage_4040221610,100.0,100.0,100.0,100.0,100.0,100.0,100.0,100.0,100.0,100.0,100.0,100.0,100.0,100.0,100.0,100.0,100.0,100.0,100.0,100.0,100.0,100.0,100.0,100.0,100.0,100.0,100.0,100.0,100.0,100.0,100.0,100.0,100.0,100.0,100.0,100.0,100.0,100.0,100.0,100.0,100.0,100.0,100.0,100.0,100.0,100.0,100.0,100.0,100.0,100.0,100.0,100.0,100.0,100.0,100.0,100.0,100.0,100.0,100.0,100.0,100.0,100.0,100.0,100.0,100.0,100.0,100.0,100.0,100.0,100.0,100.0,100.0,100.0,100.0,100.0,100.0,100.0,100.0,100.0,100.0,100.0,100.0,100.0,100.0,100.0,100.0,100.0,100.0,100.0,100.0,100.0,100.0,100.0,100.0,100.0,100.0,100.0,100.0,100.0,100.0,100.0,100.0,100.0,100.0,100.0,100.0,100.0,100.0,100.0,100.0,100.0,100.0,100.0,100.0,100.0,100.0,100.0
kpi_resolution_stability_norm_4040221610,kpi_resolution_stability_4040221610,4.303535113616246,4.303535113616246,4.303535113616246,4.303535113616246,4.303535113616246,4.303535113616246,4.303535113616246,4.303535113616246,4.303535113616246,4.303535113616246,4.303535113616246,4.303535113616246,4.303535113616246,4.303535113616246,4.303535113616246,4.303535113616246,4.303535113616246,4.303535113616246,4.303535113616246,4.303535113616246,4.303535113616246,4.303535113616246,4.303535113616246,4.303535113616246,4.303535113616246,4.303535113616246,4.303535113616246,4.303535113616246,4.303535113616246,4.303535113616246,4.303535113616246,4.303535113616246,4.303535113616246,4.303535113616246,4.303535113616246,4.303535113616246,4.303535113616246,4.303535113616246,4.303535113616246,4.303535113616246,4.303535113616246,4.303535113616246,4.303535113616246,4.303535113616246,4.303535113616246,4.303535113616246,4.303535113616246,4.303535113616246,4.303535113616246,4.303535113616246,4.303535113616246,4.303535113616246,4.303535113616246,4.303535113616246,4.303535113616246,4.303535113616246,4.303535113616246,4.303535113616246,4.303535113616246,4.303535113616246,4.303535113616246,4.303535113616246,4.303535113616246,4.303535113616246,4.303535113616246,4.303535113616246,4.303535113616246,4.303535113616246,4.303535113616246,4.303535113616246,4.303535113616246,4.303535113616246,4.303535113616246,4.303535113616246,4.303535113616246,4.303535113616246,4.303535113616246,4.303535113616246,4.303535113616246,4.303535113616246,4.303535113616246,4.303535113616246,4.303535113616246,4.303535113616246,4.303535113616246,4.303535113616246,4.303535113616246,4.303535113616246,4.303535113616246,4.303535113616246,4.303535113616246,4.303535113616246,4.303535113616246,4.303535113616246,4.303535113616246,4.303535113616246,4.303535113616246,4.303535113616246,4.303535113616246,4.303535113616246,4.303535113616246,4.303535113616246,4.303535113616246,4.303535113616246,4.303535113616246,4.303535113616246,4.303535113616246,4.303535113616246,4.303535113616246,4.303535113616246,4.303535113616246,4.303535113616246,4.303535113616246,4.303535113616246,4.303535113616246,4.303535113616246,4.303535113616246
max_resolution_percentage_norm_4040221610,max_resolution_percentage_4040221610,100.0,100.0,100.0,100.0,100.0,100.0,100.0,100.0,100.0,100.0,100.0,100.0,100.0,100.0,100.0,100.0,100.0,100.0,100.0,100.0,100.0,100.0,100.0,100.0,100.0,100.0,100.0,100.0,100.0,100.0,100.0,100.0,100.0,100.0,100.0,100.0,100.0,100.0,100.0,100.0,100.0,100.0,100.0,100.0,100.0,100.0,100.0,100.0,100.0,100.0,100.0,100.0,100.0,100.0,100.0,100.0,100.0,100.0,100.0,100.0,100.0,100.0,100.0,100.0,100.0,100.0,100.0,100.0,100.0,100.0,100.0,100.0,100.0,100.0,100.0,100.0,100.0,100.0,100.0,100.0,100.0,100.0,100.0,100.0,100.0,100.0,100.0,100.0,100.0,100.0,100.0,100.0,100.0,100.0,100.0,100.0,100.0,100.0,100.0,100.0,100.0,100.0,100.0,100.0,100.0,100.0,100.0,100.0,100.0,100.0,100.0,100.0,100.0,100.0,100.0,100.0,100.0
kpi_fps_stability_4040221610,3.900283497761082,4.59543356514211,5,5,4.904703300310673,5,4.693231865584395,4.942427872760581,5,4.645444442750246,3.5579329986594126,4.645444442750246,5,5,4.8250342659265355,5,4.487839843855012,4.429715418300614,5,5,4.978873396874005,5,5,5,5,5,4.429715418300614,4.429715418300614,5,4.693231865584395,4.645444442750246,5,5,5,5,4.8250342659265355,3.6845544733114513,3.7978212420642405,4.487839843855012,3.900283497761082,3.9938242084800133,4.942427872760581,5,5,5,5,4.233712451884842,3.9938242084800133,4.159542355321509,4.233712451884842,3.2486632634908497,4.159542355321509,4.487839843855012,4.782870430458232,4.738985153469177,4.782870430458232,4.079873320937373,4.233712451884842,4.904703300310673,4.693231865584395,4.233712451884842,5,5,5,5,4.942427872760581,3.7978212420642405,3.7978212420642405,4.978873396874005,4.738985153469177,4.159542355321509,5,5,5,5,5,5,5,5,5,4.159542355321509,4.865606628121216,5,5,5,5,5,5,5,5,5,4.865606628121216,5,5,5,5,4.693231865584395,4.59543356514211,5,5,4.8250342659265355,5,5,5,5,4.645444442750246,4.487839843855012,4.303093943648576,4.738985153469177,4.942427872760581,4.429715418300614,4.693231865584395,5,5,5,5,4.233712451884842
kpi_q_video_4040221610,1.4,1.457142857142857,1.457142857142857
audio_recv_kbitsReceivedPerSecond_3907589981,4,7,11,7,6,7,3,11,7,7,7,7,3,11,7,7,7,6,7,7,7,3,10,7,7,7,7,7,6,7,7,7,7,7,7,7,3,7,10,5,7,7,7,5,9,3,7,10,7,7,7,3,10,7,7,7,7,7,7,5,6,7,6,7,7,7,3,10,7,7,7,7,6,6,7,7,2,7,11,7,7,7,7,6,7,7,7,7,5,6,7,7,3,7,11,7,7,7,7,7,7,7,7,5,7,7,3,7,11,7,7,7,7,7,7,7,7
kpi_q_audio_3907589981,1,1,2,1,1,1,1,2,1,1,1,1,1,2,1,1,1,1,1,1,1,1,2,1,1,1,1,1,1,1,1,1,1,1,1,1,1,1,2,1,1,1,1,1,1,1,1,2,1,1,1,1,2,1,1,1,1,1,1,1,1,1,1,1,1,1,1,2,1,1,1,1,1,1,1,1,1,1,2,1,1,1,1,1,1,1,1,1,1,1,1,1,1,1,2,1,1,1,1,1,1,1,1,1,1,1,1,1,2,1,1,1,1,1,1,1,1
video_recv_kbitsReceivedPerSecond_2326700169,52,67,52,28,15,29,29,42,43,42,46,59,39,58,44,39,45,43,61,46,60,53,62,30,46,33,52,44,52,56,57,68,84,73,77,92,70,99,89,46,54,68,57,47,78,70,76,67,58,29,56,39,65,39,47,38,51,54,65,58,66,78,79,68,75,87,63,115,62,38,59,71,75,71,76,92,77,123,72,66,71,89,79,76,79,89,96,114,123,121,122,139,103,145,143,103,109,117,118,122,119,109,142,133,125,185,92,150,156,84,100,100,120,108,94,110,115
kpi_resolution_stability_2326700169,4.303535113616246,4.303535113616246,4.303535113616246,4.303535113616246,4.303535113616246,4.303535113616246,4.303535113616246,4.303535113616246,4.303535113616246,4.303535113616246,4.303535113616246,4.303535113616246,4.303535113616246,4.303535113616246,4.303535113616246,4.303535113616246,4.303535113616246,4.303535113616246,4.303535113616246,4.303535113616246,4.303535113616246,4.303535113616246,4.303535113616246,4.303535113616246,4.303535113616246,4.303535113616246,4.303535113616246,4.303535113616246,4.303535113616246,4.303535113616246,4.303535113616246,4.303535113616246,4.303535113616246,4.303535113616246,4.303535113616246,4.303535113616246,4.303535113616246,4.303535113616246,4.303535113616246,4.303535113616246,4.303535113616246,4.303535113616246,4.303535113616246,4.303535113616246,4.303535113616246,4.303535113616246,4.303535113616246,4.303535113616246,4.303535113616246,4.303535113616246,4.303535113616246,4.303535113616246,4.303535113616246,4.303535113616246,4.303535113616246,4.303535113616246,4.303535113616246,4.303535113616246,4.303535113616246,4.303535113616246,4.303535113616246,4.303535113616246,4.303535113616246,4.303535113616246,4.303535113616246,4.303535113616246,4.303535113616246,4.303535113616246,4.303535113616246,4.303535113616246,4.303535113616246,4.303535113616246,4.303535113616246,4.303535113616246,4.303535113616246,4.303535113616246,4.303535113616246,4.303535113616246,4.303535113616246,4.303535113616246,4.303535113616246,4.303535113616246,4.303535113616246,4.303535113616246,4.303535113616246,4.303535113616246,4.303535113616246,4.303535113616246,4.303535113616246,4.303535113616246,4.303535113616246,4.303535113616246,4.303535113616246,4.303535113616246,4.303535113616246,4.303535113616246,4.303535113616246,4.303535113616246,4.303535113616246,4.303535113616246,4.303535113616246,4.303535113616246,4.303535113616246,4.303535113616246,4.303535113616246,4.303535113616246,4.303535113616246,4.303535113616246,4.303535113616246,4.303535113616246,4.303535113616246,4.303535113616246,4.303535113616246,4.303535113616246,4.303535113616246,4.303535113616246,4.303535113616246
max_resolution_percentage_2326700169,100.0,100.0,100.0,100.0,100.0,100.0,100.0,100.0,100.0,100.0,100.0,100.0,100.0,100.0,100.0,100.0,100.0,100.0,100.0,100.0,100.0,100.0,100.0,100.0,100.0,100.0,100.0,100.0,100.0,100.0,100.0,100.0,100.0,100.0,100.0,100.0,100.0,100.0,100.0,100.0,100.0,100.0,100.0,100.0,100.0,100.0,100.0,100.0,100.0,100.0,100.0,100.0,100.0,100.0,100.0,100.0,100.0,100.0,100.0,100.0,100.0,100.0,100.0,100.0,100.0,100.0,100.0,100.0,100.0,100.0,100.0,100.0,100.0,100.0,100.0,100.0,100.0,100.0,100.0,100.0,100.0,100.0,100.0,100.0,100.0,100.0,100.0,100.0,100.0,100.0,100.0,100.0,100.0,100.0,100.0,100.0,100.0,100.0,100.0,100.0,100.0,100.0,100.0,100.0,100.0,100.0,100.0,100.0,100.0,100.0,100.0,100.0,100.0,100.0,100.0,100.0,100.0
kpi_resolution_stability_norm_2326700169,kpi_resolution_stability_2326700169,4.303535113616246,4.303535113616246,4.303535113616246,4.303535113616246,4.303535113616246,4.303535113616246,4.303535113616246,4.303535113616246,4.303535113616246,4.303535113616246,4.303535113616246,4.303535113616246,4.303535113616246,4.303535113616246,4.303535113616246,4.303535113616246,4.303535113616246,4.303535113616246,4.303535113616246,4.303535113616246,4.303535113616246,4.303535113616246,4.303535113616246,4.303535113616246,4.303535113616246,4.303535113616246,4.303535113616246,4.303535113616246,4.303535113616246,4.303535113616246,4.303535113616246,4.303535113616246,4.303535113616246,4.303535113616246,4.303535113616246,4.303535113616246,4.303535113616246,4.303535113616246,4.303535113616246,4.303535113616246,4.303535113616246,4.303535113616246,4.303535113616246,4.303535113616246,4.303535113616246,4.303535113616246,4.303535113616246,4.303535113616246,4.303535113616246,4.303535113616246,4.303535113616246,4.303535113616246,4.303535113616246,4.303535113616246,4.303535113616246,4.303535113616246,4.303535113616246,4.303535113616246,4.303535113616246,4.303535113616246,4.303535113616246,4.303535113616246,4.303535113616246,4.303535113616246,4.303535113616246,4.303535113616246,4.303535113616246,4.303535113616246,4.303535113616246,4.303535113616246,4.303535113616246,4.303535113616246,4.303535113616246,4.303535113616246,4.303535113616246,4.303535113616246,4.303535113616246,4.303535113616246,4.303535113616246,4.303535113616246,4.303535113616246,4.303535113616246,4.303535113616246,4.303535113616246,4.303535113616246,4.303535113616246,4.303535113616246,4.303535113616246,4.303535113616246,4.303535113616246,4.303535113616246,4.303535113616246,4.303535113616246,4.303535113616246,4.303535113616246,4.303535113616246,4.303535113616246,4.303535113616246,4.303535113616246,4.303535113616246,4.303535113616246,4.303535113616246,4.303535113616246,4.303535113616246,4.303535113616246,4.303535113616246,4.303535113616246,4.303535113616246,4.303535113616246,4.303535113616246,4.303535113616246,4.303535113616246,4.303535113616246,4.303535113616246,4.303535113616246,4.303535113616246,4.303535113616246
max_resolution_percentage_norm_2326700169,max_resolution_percentage_2326700169,100.0,100.0,100.0,100.0,100.0,100.0,100.0,100.0,100.0,100.0,100.0,100.0,100.0,100.0,100.0,100.0,100.0,100.0,100.0,100.0,100.0,100.0,100.0,100.0,100.0,100.0,100.0,100.0,100.0,100.0,100.0,100.0,100.0,100.0,100.0,100.0,100.0,100.0,100.0,100.0,100.0,100.0,100.0,100.0,100.0,100.0,100.0,100.0,100.0,100.0,100.0,100.0,100.0,100.0,100.0,100.0,100.0,100.0,100.0,100.0,100.0,100.0,100.0,100.0,100.0,100.0,100.0,100.0,100.0,100.0,100.0,100.0,100.0,100.0,100.0,100.0,100.0,100.0,100.0,100.0,100.0,100.0,100.0,100.0,100.0,100.0,100.0,100.0,100.0,100.0,100.0,100.0,100.0,100.0,100.0,100.0,100.0,100.0,100.0,100.0,100.0,100.0,100.0,100.0,100.0,100.0,100.0,100.0,100.0,100.0,100.0,100.0,100.0,100.0,100.0,100.0,100.0
kpi_fps_stability_2326700169,4.542982187053405,5,3.9938242084800133,2.5035023185016865,1,2.5035023185016865,2.0676111086810853,4.159542355321509,3.9938242084800133,3.9938242084800133,4.233712451884842,4.542982187053405,3.900283497761082,4.079873320937373,4.542982187053405,4.233712451884842,4.542982187053405,4.368267837086116,4.542982187053405,3.9938242084800133,4.487839843855012,4.59543356514211,3.9938242084800133,3.900283497761082,4.368267837086116,4.542982187053405,4.865606628121216,4.368267837086116,4.429715418300614,3.9938242084800133,4.368267837086116,5,4.487839843855012,4.904703300310673,5,5,5,5,5,3.900283497761082,4.429715418300614,4.645444442750246,4.159542355321509,4.487839843855012,5,5,5,4.59543356514211,4.368267837086116,3.2486632634908497,4.159542355321509,4.159542355321509,3.9938242084800133,3.5579329986594126,3.9938242084800133,3.2486632634908497,3.6845544733114513,4.542982187053405,4.645444442750246,4.233712451884842,4.59543356514211,5,4.542982187053405,4.303093943648576,5,5,5,5,4.693231865584395,3.5579329986594126,4.368267837086116,4.978873396874005,4.368267837086116,4.645444442750246,5,5,5,5,5,4.487839843855012,4.865606628121216,5,4.645444442750246,4.865606628121216,5,5,5,5,5,5,5,5,5,5,5,5,5,5,5,5,5,5,5,5,5,5,5,5,5,5,5,5,5,5,5,5,5
kpi_q_video_2326700169,1.457142857142857,1.457142857142857,1.457142857142857,1.457142857142857,1.4,1.6857142857142855,1.5142857142857142,1.5142857142857142
