bweforvideo-googAvailableReceiveBandwidth,0.0,0.0,0.0,0.0,0.0,0.0,0.0,0.0,0.0,0.0,0.0,0.0,0.0,0.0,0.0,0.0,0.0,0.0,0.0,0.0,0.0,0.0,0.0,0.0,0.0,0.0,0.0,0.0,0.0,0.0,0.0,0.0,0.0,0.0,0.0,0.0,0.0,0.0,0.0,0.0,0.0,0.0,0.0,0.0,0.0,0.0,0.0,0.0,0.0,0.0,0.0,0.0,0.0,0.0,0.0,0.0,0.0,0.0,0.0,0.0,0.0,0.0,0.0,0.0,0.0,0.0,0.0,0.0,0.0,0.0,0.0,0.0,0.0,0.0,0.0,0.0,0.0,0.0,0.0,0.0,0.0,0.0,0.0,0.0,0.0,0.0,0.0,0.0,0.0
bweforvideo-googAvailableSendBandwidth,0.0,225653.0,280738.0,84033.0,93261.0,101278.0,104313.0,108142.0,110384.0,115010.0,121645.0,124095.0,124615.0,132079.0,96220.0,103437.0,111196.0,117847.0,120363.0,123225.0,128230.0,136943.0,140067.0,148031.0,155837.0,166329.0,180499.0,193164.0,200564.0,200564.0,200564.0,212912.0,230945.0,247362.0,268151.0,276666.0,289983.0,303564.0,325424.0,346434.0,365412.0,381534.0,390263.0,393263.0,413456.0,416708.0,416708.0,426857.0,426857.0,435666.0,437666.0,439793.0,439793.0,439793.0,461973.0,475391.0,483257.0,487546.0,487546.0,487546.0,487546.0,487546.0,487546.0,487546.0,487546.0,487546.0,487546.0,487546.0,487546.0,487546.0,487546.0,487546.0,487546.0,487546.0,487546.0,487546.0,487546.0,487546.0,487546.0,487546.0,487546.0,487546.0,487546.0,487546.0,487546.0,487546.0,487546.0,487546.0,487546.0
bweforvideo-googBucketDelay,0.0,3.0,205.0,751.0,1567.0,2056.0,2002.0,2070.0,2052.0,2079.0,2052.0,1999.0,1994.0,2005.0,1968.0,2053.0,2272.0,2036.0,2019.0,1994.0,1999.0,2026.0,1970.0,1964.0,1987.0,1968.0,1952.0,1968.0,1800.0,1799.0,1970.0,1975.0,1989.0,1961.0,1795.0,1977.0,1768.0,1806.0,1816.0,1951.0,1816.0,1953.0,1952.0,1800.0,1737.0,1700.0,1549.0,1539.0,1302.0,1219.0,1042.0,1035.0,803.0,568.0,323.0,251.0,11.0,4.0,3.0,3.0,2.0,3.0,0.0,21.0,0.0,1.0,18.0,20.0,0.0,1.0,16.0,11.0,1.0,0.0,0.0,3.0,2.0,0.0,2.0,2.0,1.0,1.0,19.0,3.0,20.0,4.0,5.0,0.0,1.0
timestamp,1620371730,1620371731,1620371732,1620371733,1620371734,1620371735,1620371736,1620371737,1620371738,1620371739,1620371740,1620371741,1620371742,1620371743,1620371744,1620371745,1620371746,1620371747,1620371748,1620371749,1620371750,1620371751,1620371752,1620371753,1620371754,1620371755,1620371756,1620371757,1620371758,1620371759,1620371760,1620371761,1620371762,1620371763,1620371764,1620371765,1620371766,1620371767,1620371768,1620371769,1620371770,1620371771,1620371772,1620371773,1620371774,1620371775,1620371776,1620371777,1620371778,1620371779,1620371780,1620371781,1620371782,1620371783,1620371784,1620371785,1620371786,1620371787,1620371788,1620371789,1620371790,1620371791,1620371792,1620371793,1620371794,1620371795,1620371796,1620371797,1620371798,1620371799,1620371800,1620371801,1620371802,1620371803,1620371804,1620371805,1620371806,1620371807,1620371808,1620371809,1620371810,1620371811,1620371812,1620371813,1620371814,1620371815,1620371816,1620371817,1620371818
audio_bitsReceivedPerSecond,0.0,158496.0,471200.0,492312.0,477416.0,478480.0,472840.0,447264.0,434520.0,431240.0,432480.0,438648.0,412472.0,431256.0,382032.0,416824.0,451640.0,410168.0,408112.0,401784.0,411040.0,412344.0,373592.0,394744.0,377840.0,353048.0,395672.0,357048.0,382736.0,366824.0,365672.0,386056.0,339264.0,373088.0,313680.0,351208.0,381984.0,366720.0,358480.0,381504.0,374816.0,410144.0,392416.0,410864.0,414336.0,364768.0,396360.0,355384.0,349176.0,377064.0,396216.0,421432.0,381880.0,396160.0,422816.0,399520.0,428032.0,378400.0,401144.0,394664.0,382488.0,396448.0,363568.0,376352.0,400720.0,376968.0,393456.0,394576.0,391448.0,356936.0,371136.0,384000.0,376464.0,380912.0,388104.0,395408.0,430192.0,385376.0,367904.0,387232.0,398744.0,408448.0,407288.0,425792.0,351152.0,405288.0,421936.0,382624.0,380328.0
audio_bitsSentPerSecond,0.0,154296.0,177960.0,120888.0,58736.0,63120.0,77056.0,80320.0,83112.0,85456.0,88008.0,86720.0,91568.0,99304.0,103672.0,98448.0,98592.0,88008.0,85528.0,93576.0,91224.0,98520.0,103992.0,113192.0,119848.0,121664.0,129752.0,134208.0,148232.0,169120.0,169264.0,179840.0,191392.0,179536.0,197400.0,195920.0,201928.0,229720.0,247368.0,245312.0,250304.0,259096.0,257320.0,269376.0,273440.0,271600.0,288136.0,285448.0,284136.0,289128.0,283752.0,287704.0,294440.0,295424.0,302160.0,301672.0,320400.0,252760.0,239216.0,229152.0,233848.0,233136.0,245968.0,246640.0,252448.0,240384.0,229608.0,272648.0,247504.0,243552.0,237000.0,252712.0,270640.0,241400.0,252352.0,230672.0,231824.0,257760.0,247784.0,252056.0,260880.0,257264.0,235520.0,258680.0,231640.0,271272.0,248192.0,226696.0,258768.0
audio_packetsSentPerSecond,0.0,46.0,73.0,63.0,42.0,54.0,72.0,69.0,71.0,68.0,77.0,72.0,73.0,73.0,74.0,68.0,67.0,81.0,71.0,75.0,70.0,74.0,73.0,73.0,72.0,76.0,73.0,80.0,77.0,80.0,78.0,75.0,81.0,78.0,81.0,78.0,82.0,85.0,80.0,84.0,80.0,85.0,76.0,91.0,89.0,90.0,87.0,88.0,89.0,86.0,93.0,87.0,92.0,89.0,93.0,91.0,94.0,83.0,85.0,79.0,81.0,82.0,83.0,83.0,82.0,83.0,81.0,86.0,84.0,83.0,85.0,83.0,86.0,84.0,85.0,82.0,80.0,85.0,86.0,80.0,86.0,83.0,79.0,85.0,81.0,89.0,83.0,84.0,83.0
audio_googLocalAddress,5c880731-05ca-4f83-ae34-d6159f65c43e.local:40994,34.70.165.150:40994,34.70.165.150:40994,34.70.165.150:40994,34.70.165.150:40994,34.70.165.150:40994,34.70.165.150:40994,34.70.165.150:40994,34.70.165.150:40994,34.70.165.150:40994,34.70.165.150:40994,34.70.165.150:40994,34.70.165.150:40994,34.70.165.150:40994,34.70.165.150:40994,34.70.165.150:40994,34.70.165.150:40994,34.70.165.150:40994,34.70.165.150:40994,34.70.165.150:40994,34.70.165.150:40994,34.70.165.150:40994,34.70.165.150:40994,34.70.165.150:40994,34.70.165.150:40994,34.70.165.150:40994,34.70.165.150:40994,34.70.165.150:40994,34.70.165.150:40994,34.70.165.150:40994,34.70.165.150:40994,34.70.165.150:40994,34.70.165.150:40994,34.70.165.150:40994,34.70.165.150:40994,34.70.165.150:40994,34.70.165.150:40994,34.70.165.150:40994,34.70.165.150:40994,34.70.165.150:40994,34.70.165.150:40994,34.70.165.150:40994,34.70.165.150:40994,34.70.165.150:40994,34.70.165.150:40994,34.70.165.150:40994,34.70.165.150:40994,34.70.165.150:40994,34.70.165.150:40994,34.70.165.150:40994,34.70.165.150:40994,34.70.165.150:40994,34.70.165.150:40994,34.70.165.150:40994,34.70.165.150:40994,34.70.165.150:40994,34.70.165.150:40994,34.70.165.150:40994,34.70.165.150:40994,34.70.165.150:40994,34.70.165.150:40994,34.70.165.150:40994,34.70.165.150:40994,34.70.165.150:40994,34.70.165.150:40994,34.70.165.150:40994,34.70.165.150:40994,34.70.165.150:40994,34.70.165.150:40994,34.70.165.150:40994,34.70.165.150:40994,34.70.165.150:40994,34.70.165.150:40994,34.70.165.150:40994,34.70.165.150:40994,34.70.165.150:40994,34.70.165.150:40994,34.70.165.150:40994,34.70.165.150:40994,34.70.165.150:40994,34.70.165.150:40994,34.70.165.150:40994,34.70.165.150:40994,34.70.165.150:40994,34.70.165.150:40994,34.70.165.150:40994,34.70.165.150:40994,34.70.165.150:40994,34.70.165.150:40994
audio_googRemoteAddress,10.50.65.148:10000,158.101.112.6:10000,158.101.112.6:10000,158.101.112.6:10000,158.101.112.6:10000,158.101.112.6:10000,158.101.112.6:10000,158.101.112.6:10000,158.101.112.6:10000,158.101.112.6:10000,158.101.112.6:10000,158.101.112.6:10000,158.101.112.6:10000,158.101.112.6:10000,158.101.112.6:10000,158.101.112.6:10000,158.101.112.6:10000,158.101.112.6:10000,158.101.112.6:10000,158.101.112.6:10000,158.101.112.6:10000,158.101.112.6:10000,158.101.112.6:10000,158.101.112.6:10000,158.101.112.6:10000,158.101.112.6:10000,158.101.112.6:10000,158.101.112.6:10000,158.101.112.6:10000,158.101.112.6:10000,158.101.112.6:10000,158.101.112.6:10000,158.101.112.6:10000,158.101.112.6:10000,158.101.112.6:10000,158.101.112.6:10000,158.101.112.6:10000,158.101.112.6:10000,158.101.112.6:10000,158.101.112.6:10000,158.101.112.6:10000,158.101.112.6:10000,158.101.112.6:10000,158.101.112.6:10000,158.101.112.6:10000,158.101.112.6:10000,158.101.112.6:10000,158.101.112.6:10000,158.101.112.6:10000,158.101.112.6:10000,158.101.112.6:10000,158.101.112.6:10000,158.101.112.6:10000,158.101.112.6:10000,158.101.112.6:10000,158.101.112.6:10000,158.101.112.6:10000,158.101.112.6:10000,158.101.112.6:10000,158.101.112.6:10000,158.101.112.6:10000,158.101.112.6:10000,158.101.112.6:10000,158.101.112.6:10000,158.101.112.6:10000,158.101.112.6:10000,158.101.112.6:10000,158.101.112.6:10000,158.101.112.6:10000,158.101.112.6:10000,158.101.112.6:10000,158.101.112.6:10000,158.101.112.6:10000,158.101.112.6:10000,158.101.112.6:10000,158.101.112.6:10000,158.101.112.6:10000,158.101.112.6:10000,158.101.112.6:10000,158.101.112.6:10000,158.101.112.6:10000,158.101.112.6:10000,158.101.112.6:10000,158.101.112.6:10000,158.101.112.6:10000,158.101.112.6:10000,158.101.112.6:10000,158.101.112.6:10000,158.101.112.6:10000
audio_googRtt,3000.0,343.0,272.0,213.0,213.0,213.0,167.0,167.0,132.0,132.0,132.0,106.0,106.0,86.0,86.0,86.0,72.0,72.0,63.0,63.0,63.0,55.0,55.0,48.0,48.0,48.0,46.0,46.0,45.0,45.0,45.0,75.0,75.0,98.0,98.0,98.0,113.0,113.0,129.0,129.0,129.0,140.0,140.0,147.0,147.0,147.0,151.0,151.0,154.0,154.0,154.0,156.0,156.0,157.0,157.0,157.0,157.0,157.0,155.0,155.0,155.0,154.0,154.0,127.0,127.0,127.0,108.0,108.0,91.0,91.0,91.0,83.0,83.0,74.0,74.0,74.0,66.0,66.0,61.0,61.0,61.0,62.0,62.0,57.0,57.0,57.0,55.0,55.0,58.0
audio_recv_bitsReceivedPerSecond_967645056,0.0,7504.0,43464.0,43816.0,43424.0,43464.0,37640.0,31448.0,32536.0,31744.0,30264.0,30912.0,28864.0,30968.0,31040.0,30136.0,30936.0,9904.0,11136.0,8168.0,14048.0,10656.0,12920.0,12720.0,12408.0,10120.0,13272.0,15360.0,31200.0,14664.0,10864.0,15336.0,10096.0,9088.0,22648.0,27656.0,17056.0,12240.0,12480.0,14272.0,7000.0,10856.0,10232.0,19560.0,19584.0,19792.0,19960.0,16152.0,14984.0,13032.0,11624.0,14736.0,15216.0,11672.0,13424.0,14368.0,15600.0,17784.0,37528.0,40120.0,16040.0,17984.0,12304.0,8712.0,12976.0,18024.0,16024.0,17304.0,18992.0,18032.0,16304.0,16584.0,17480.0,17744.0,17680.0,19312.0,18288.0,19168.0,13008.0,14104.0,9944.0,13672.0,14688.0,17440.0,11536.0,20448.0,16600.0,18400.0,19064.0
audio_recv_packetsReceivedPerSecond_967645056,0.0,8.0,49.0,50.0,49.0,49.0,43.0,44.0,50.0,49.0,46.0,48.0,44.0,46.0,47.0,47.0,46.0,14.0,16.0,11.0,22.0,15.0,18.0,19.0,18.0,15.0,19.0,23.0,48.0,23.0,15.0,23.0,14.0,12.0,34.0,42.0,27.0,18.0,19.0,22.0,10.0,17.0,12.0,21.0,21.0,22.0,21.0,17.0,16.0,13.0,12.0,16.0,16.0,12.0,14.0,15.0,16.0,20.0,43.0,46.0,16.0,22.0,19.0,13.0,19.0,19.0,18.0,18.0,20.0,20.0,18.0,18.0,19.0,19.0,19.0,21.0,19.0,21.0,14.0,14.0,10.0,18.0,15.0,19.0,11.0,23.0,19.0,21.0,20.0
audio_recv_googCurrentDelayMs_967645056,0.0,49.0,250.0,307.0,358.0,485.0,728.0,990.0,1166.0,1301.0,1375.0,1516.0,1630.0,1779.0,1973.0,2115.0,2153.0,2231.0,2333.0,2289.0,1976.0,1170.0,422.0,190.0,109.0,71.0,71.0,101.0,194.0,226.0,99.0,83.0,67.0,62.0,116.0,222.0,189.0,126.0,106.0,86.0,63.0,67.0,68.0,82.0,81.0,83.0,76.0,71.0,87.0,82.0,65.0,85.0,65.0,66.0,95.0,78.0,78.0,97.0,190.0,260.0,266.0,151.0,64.0,78.0,69.0,95.0,85.0,96.0,101.0,86.0,86.0,71.0,80.0,70.0,73.0,71.0,85.0,72.0,69.0,81.0,55.0,70.0,96.0,69.0,79.0,71.0,95.0,84.0,92.0
audio_recv_googJitterBufferMs_967645056,0.0,140.0,496.0,650.0,773.0,943.0,986.0,1190.0,1440.0,1593.0,1635.0,1787.0,1839.0,1921.0,2143.0,2252.0,2349.0,1847.0,1327.0,741.0,598.0,250.0,2.0,16.0,18.0,11.0,32.0,151.0,442.0,149.0,10.0,40.0,31.0,11.0,217.0,393.0,173.0,87.0,77.0,100.0,30.0,50.0,70.0,81.0,100.0,80.0,119.0,50.0,42.0,40.0,10.0,100.0,30.0,90.0,50.0,20.0,53.0,130.0,359.0,487.0,141.0,127.0,105.0,40.0,110.0,130.0,100.0,70.0,93.0,100.0,100.0,130.0,94.0,90.0,110.0,90.0,120.0,110.0,30.0,60.0,4.0,50.0,90.0,31.0,40.0,116.0,130.0,120.0,106.0
audio_recv_googJitterReceived_967645056,0.0,8.0,16.0,17.0,20.0,18.0,21.0,20.0,18.0,17.0,16.0,17.0,17.0,19.0,18.0,18.0,18.0,25.0,36.0,34.0,24.0,26.0,34.0,36.0,29.0,29.0,26.0,20.0,18.0,25.0,26.0,29.0,32.0,40.0,22.0,19.0,22.0,21.0,21.0,19.0,27.0,27.0,28.0,23.0,20.0,20.0,19.0,33.0,28.0,29.0,29.0,23.0,27.0,30.0,27.0,29.0,27.0,22.0,19.0,18.0,22.0,20.0,19.0,26.0,26.0,22.0,23.0,24.0,24.0,21.0,22.0,22.0,21.0,21.0,20.0,19.0,19.0,20.0,25.0,26.0,30.0,28.0,25.0,23.0,27.0,21.0,20.0,20.0,20.0
audio_recv_googPreferredJitterBufferMs_967645056,0.0,20.0,20.0,20.0,40.0,40.0,20.0,20.0,20.0,20.0,20.0,20.0,20.0,20.0,20.0,20.0,20.0,20.0,20.0,20.0,20.0,20.0,20.0,20.0,20.0,20.0,20.0,20.0,20.0,20.0,20.0,20.0,20.0,20.0,20.0,20.0,20.0,20.0,20.0,20.0,20.0,20.0,20.0,20.0,20.0,20.0,20.0,20.0,20.0,20.0,20.0,20.0,20.0,20.0,20.0,20.0,20.0,20.0,20.0,20.0,20.0,20.0,20.0,20.0,20.0,20.0,20.0,20.0,20.0,20.0,20.0,20.0,20.0,20.0,20.0,20.0,20.0,20.0,20.0,20.0,20.0,20.0,20.0,20.0,20.0,20.0,20.0,20.0,20.0
audio_recv_bitsReceivedPerSecond_2150510841,0.0,17616.0,44864.0,42440.0,28680.0,32616.0,17672.0,10000.0,6240.0,13656.0,9536.0,12872.0,13304.0,10576.0,11376.0,13376.0,12152.0,13928.0,14368.0,14352.0,15520.0,18656.0,18816.0,14688.0,12112.0,12360.0,12576.0,12424.0,12096.0,11504.0,11256.0,12888.0,6744.0,9160.0,8472.0,11280.0,16088.0,17224.0,16872.0,16232.0,11744.0,10912.0,8224.0,14312.0,12496.0,13208.0,11808.0,14672.0,8488.0,12560.0,34920.0,26328.0,9288.0,6920.0,8992.0,8912.0,8112.0,9104.0,7720.0,10640.0,10672.0,12008.0,12392.0,8664.0,10936.0,12288.0,11648.0,11880.0,10704.0,10944.0,11856.0,10128.0,11672.0,12624.0,10104.0,11552.0,10192.0,12768.0,10504.0,6280.0,6648.0,7696.0,9608.0,11832.0,7120.0,7152.0,12600.0,12280.0,11976.0
audio_recv_packetsReceivedPerSecond_2150510841,0.0,19.0,52.0,52.0,39.0,50.0,28.0,14.0,9.0,20.0,14.0,20.0,21.0,16.0,17.0,21.0,18.0,15.0,19.0,19.0,16.0,20.0,21.0,18.0,17.0,18.0,18.0,18.0,17.0,17.0,16.0,17.0,9.0,13.0,12.0,15.0,19.0,17.0,18.0,19.0,11.0,11.0,7.0,16.0,13.0,14.0,12.0,16.0,11.0,13.0,44.0,41.0,14.0,9.0,12.0,14.0,11.0,14.0,11.0,16.0,15.0,17.0,18.0,13.0,16.0,18.0,18.0,17.0,15.0,17.0,18.0,15.0,18.0,19.0,15.0,18.0,14.0,19.0,16.0,8.0,10.0,11.0,13.0,18.0,9.0,9.0,19.0,18.0,17.0
audio_recv_googCurrentDelayMs_2150510841,0.0,67.0,291.0,333.0,451.0,544.0,592.0,566.0,263.0,148.0,72.0,81.0,72.0,63.0,85.0,94.0,91.0,91.0,81.0,82.0,78.0,93.0,92.0,79.0,75.0,78.0,81.0,91.0,80.0,82.0,80.0,77.0,78.0,75.0,73.0,69.0,66.0,89.0,68.0,75.0,62.0,71.0,61.0,67.0,64.0,51.0,69.0,62.0,60.0,71.0,197.0,258.0,181.0,107.0,61.0,72.0,60.0,60.0,64.0,72.0,57.0,63.0,71.0,73.0,68.0,61.0,70.0,71.0,60.0,70.0,61.0,62.0,61.0,52.0,59.0,57.0,60.0,65.0,71.0,72.0,71.0,57.0,60.0,62.0,61.0,61.0,61.0,71.0,69.0
audio_recv_googJitterBufferMs_2150510841,0.0,223.0,565.0,748.0,701.0,889.0,570.0,190.0,20.0,50.0,62.0,81.0,22.0,1.0,50.0,60.0,80.0,40.0,50.0,11.0,70.0,20.0,100.0,70.0,30.0,10.0,70.0,60.0,50.0,10.0,110.0,50.0,22.0,30.0,16.0,101.0,27.0,17.0,12.0,20.0,16.0,80.0,15.0,90.0,12.0,3.0,40.0,50.0,12.0,40.0,341.0,398.0,50.0,70.0,91.0,20.0,50.0,30.0,20.0,60.0,50.0,30.0,60.0,60.0,20.0,30.0,60.0,40.0,50.0,20.0,70.0,50.0,30.0,20.0,50.0,24.0,70.0,30.0,40.0,40.0,50.0,30.0,70.0,50.0,90.0,32.0,30.0,20.0,40.0
audio_recv_googJitterReceived_2150510841,0.0,13.0,20.0,19.0,22.0,19.0,23.0,20.0,21.0,21.0,24.0,28.0,29.0,19.0,25.0,29.0,22.0,22.0,24.0,22.0,24.0,20.0,21.0,23.0,19.0,22.0,24.0,24.0,22.0,23.0,23.0,25.0,22.0,20.0,16.0,19.0,21.0,24.0,23.0,23.0,21.0,17.0,17.0,23.0,22.0,19.0,18.0,16.0,18.0,19.0,19.0,21.0,14.0,15.0,15.0,19.0,19.0,16.0,20.0,17.0,15.0,14.0,17.0,14.0,22.0,17.0,19.0,17.0,17.0,15.0,18.0,17.0,19.0,17.0,18.0,15.0,18.0,16.0,18.0,15.0,13.0,12.0,15.0,10.0,11.0,12.0,16.0,16.0,17.0
audio_recv_googPreferredJitterBufferMs_2150510841,0.0,20.0,40.0,20.0,60.0,40.0,40.0,40.0,40.0,40.0,40.0,40.0,40.0,40.0,40.0,40.0,40.0,40.0,40.0,40.0,40.0,40.0,40.0,40.0,40.0,40.0,40.0,40.0,40.0,40.0,40.0,40.0,40.0,40.0,40.0,40.0,40.0,20.0,20.0,20.0,20.0,20.0,20.0,20.0,20.0,20.0,20.0,20.0,20.0,20.0,20.0,20.0,20.0,20.0,20.0,20.0,20.0,20.0,20.0,20.0,20.0,20.0,20.0,20.0,20.0,20.0,20.0,20.0,20.0,20.0,20.0,20.0,20.0,20.0,20.0,20.0,20.0,20.0,20.0,20.0,20.0,20.0,20.0,20.0,20.0,20.0,20.0,20.0,20.0
video_recv_bitsReceivedPerSecond_2456620168,0.0,119152.0,191616.0,220592.0,212888.0,208488.0,227240.0,210040.0,204000.0,214184.0,216000.0,230728.0,201456.0,212600.0,158944.0,209592.0,241960.0,211856.0,205488.0,213088.0,210608.0,234392.0,192544.0,233592.0,214608.0,202432.0,231576.0,209288.0,202272.0,217552.0,213976.0,229920.0,192040.0,234928.0,156064.0,204808.0,237840.0,218080.0,208880.0,212112.0,216920.0,227672.0,196128.0,211216.0,224536.0,205528.0,231600.0,209728.0,206112.0,212616.0,216400.0,228528.0,194160.0,207448.0,223304.0,207680.0,229752.0,211488.0,206400.0,210544.0,218328.0,228632.0,198928.0,205448.0,226400.0,208096.0,229280.0,211512.0,205312.0,209392.0,221728.0,223656.0,199640.0,208200.0,219488.0,210600.0,228776.0,212584.0,203744.0,211592.0,219904.0,223440.0,203208.0,243392.0,179296.0,215736.0,226704.0,214512.0,203384.0
video_recv_packetsReceivedPerSecond_2456620168,0.0,28.0,59.0,62.0,59.0,60.0,59.0,60.0,59.0,60.0,60.0,61.0,60.0,62.0,60.0,60.0,60.0,59.0,59.0,60.0,59.0,60.0,59.0,62.0,59.0,60.0,59.0,60.0,59.0,60.0,59.0,60.0,59.0,61.0,59.0,60.0,59.0,60.0,59.0,60.0,59.0,60.0,59.0,60.0,60.0,59.0,59.0,59.0,60.0,59.0,60.0,60.0,59.0,58.0,59.0,60.0,59.0,60.0,60.0,60.0,59.0,59.0,60.0,58.0,59.0,59.0,60.0,59.0,60.0,59.0,60.0,60.0,59.0,58.0,60.0,60.0,60.0,59.0,60.0,60.0,59.0,60.0,59.0,62.0,59.0,59.0,60.0,60.0,59.0
video_recv_googCurrentDelayMs_2456620168,0.0,45.0,57.0,68.0,77.0,79.0,81.0,79.0,80.0,81.0,82.0,82.0,83.0,84.0,83.0,84.0,85.0,85.0,87.0,87.0,86.0,86.0,87.0,86.0,86.0,87.0,87.0,88.0,87.0,88.0,87.0,88.0,89.0,88.0,89.0,89.0,88.0,87.0,87.0,88.0,87.0,87.0,88.0,90.0,91.0,91.0,91.0,92.0,92.0,93.0,93.0,94.0,94.0,95.0,94.0,95.0,95.0,96.0,96.0,95.0,94.0,94.0,93.0,94.0,93.0,93.0,94.0,94.0,93.0,93.0,93.0,93.0,93.0,93.0,93.0,94.0,94.0,94.0,93.0,93.0,92.0,90.0,91.0,91.0,91.0,91.0,90.0,90.0,89.0
video_recv_googDecodeMs_2456620168,0.0,1.0,11.0,2.0,1.0,1.0,1.0,1.0,0.0,1.0,1.0,1.0,1.0,0.0,0.0,0.0,0.0,0.0,0.0,1.0,1.0,0.0,0.0,1.0,0.0,0.0,1.0,0.0,0.0,0.0,1.0,0.0,0.0,1.0,1.0,1.0,1.0,1.0,1.0,1.0,1.0,1.0,1.0,1.0,1.0,1.0,1.0,1.0,0.0,1.0,1.0,1.0,1.0,1.0,1.0,1.0,1.0,0.0,0.0,1.0,0.0,1.0,0.0,1.0,1.0,1.0,1.0,1.0,1.0,1.0,1.0,1.0,1.0,1.0,1.0,4.0,1.0,0.0,0.0,1.0,1.0,1.0,0.0,0.0,1.0,1.0,1.0,1.0,0.0
video_recv_googFrameHeightReceived_2456620168,0.0,180.0,180.0,180.0,180.0,180.0,180.0,180.0,180.0,180.0,180.0,180.0,180.0,135.0,135.0,135.0,135.0,135.0,135.0,135.0,135.0,135.0,135.0,135.0,135.0,135.0,135.0,135.0,135.0,135.0,135.0,135.0,135.0,180.0,180.0,180.0,180.0,180.0,180.0,180.0,180.0,180.0,180.0,180.0,180.0,180.0,180.0,180.0,180.0,180.0,180.0,180.0,180.0,180.0,180.0,180.0,180.0,180.0,180.0,180.0,180.0,180.0,180.0,180.0,180.0,180.0,180.0,180.0,180.0,180.0,180.0,180.0,180.0,180.0,180.0,180.0,180.0,180.0,180.0,180.0,180.0,180.0,180.0,180.0,180.0,180.0,180.0,180.0,180.0
video_recv_googFrameRateOutput_2456620168,0.0,45.0,35.0,40.0,33.0,35.0,41.0,40.0,31.0,40.0,31.0,38.0,34.0,39.0,34.0,35.0,33.0,32.0,37.0,35.0,40.0,35.0,35.0,35.0,46.0,33.0,40.0,34.0,35.0,37.0,40.0,34.0,36.0,35.0,37.0,39.0,35.0,27.0,38.0,34.0,34.0,31.0,34.0,32.0,35.0,36.0,39.0,34.0,37.0,29.0,36.0,31.0,36.0,33.0,36.0,35.0,34.0,31.0,35.0,30.0,37.0,33.0,39.0,33.0,37.0,32.0,37.0,38.0,37.0,36.0,37.0,33.0,34.0,33.0,37.0,31.0,38.0,38.0,39.0,36.0,39.0,33.0,35.0,36.0,38.0,33.0,37.0,37.0,39.0
video_recv_googFrameRateReceived_2456620168,0.0,14.0,35.0,36.0,30.0,32.0,40.0,38.0,35.0,36.0,35.0,36.0,37.0,38.0,36.0,36.0,35.0,34.0,32.0,35.0,41.0,36.0,40.0,35.0,42.0,36.0,39.0,35.0,38.0,37.0,37.0,34.0,38.0,35.0,38.0,44.0,35.0,37.0,37.0,35.0,35.0,37.0,34.0,34.0,36.0,35.0,35.0,36.0,36.0,36.0,33.0,34.0,36.0,32.0,35.0,34.0,33.0,35.0,42.0,36.0,36.0,33.0,37.0,33.0,38.0,37.0,36.0,38.0,38.0,35.0,35.0,35.0,35.0,36.0,36.0,35.0,42.0,39.0,35.0,40.0,37.0,37.0,34.0,36.0,36.0,34.0,34.0,36.0,37.0
video_recv_googFrameWidthReceived_2456620168,0.0,320.0,320.0,320.0,320.0,320.0,320.0,320.0,320.0,320.0,320.0,320.0,320.0,240.0,240.0,240.0,240.0,240.0,240.0,240.0,240.0,240.0,240.0,240.0,240.0,240.0,240.0,240.0,240.0,240.0,240.0,240.0,240.0,320.0,320.0,320.0,320.0,320.0,320.0,320.0,320.0,320.0,320.0,320.0,320.0,320.0,320.0,320.0,320.0,320.0,320.0,320.0,320.0,320.0,320.0,320.0,320.0,320.0,320.0,320.0,320.0,320.0,320.0,320.0,320.0,320.0,320.0,320.0,320.0,320.0,320.0,320.0,320.0,320.0,320.0,320.0,320.0,320.0,320.0,320.0,320.0,320.0,320.0,320.0,320.0,320.0,320.0,320.0,320.0
video_recv_googInterframeDelayMax_2456620168,-1.0,155.0,155.0,134.0,151.0,133.0,136.0,132.0,134.0,133.0,134.0,134.0,136.0,134.0,135.0,136.0,139.0,145.0,135.0,140.0,133.0,138.0,135.0,131.0,132.0,133.0,147.0,139.0,130.0,130.0,133.0,134.0,131.0,139.0,163.0,132.0,134.0,134.0,132.0,132.0,137.0,140.0,132.0,131.0,131.0,132.0,138.0,155.0,147.0,143.0,146.0,150.0,140.0,142.0,145.0,148.0,138.0,153.0,146.0,139.0,143.0,152.0,149.0,141.0,142.0,128.0,140.0,143.0,140.0,140.0,142.0,144.0,157.0,140.0,148.0,153.0,142.0,139.0,165.0,139.0,129.0,130.0,131.0,129.0,134.0,133.0,144.0,141.0,131.0
video_recv_googJitterBufferMs_2456620168,0.0,34.0,49.0,56.0,65.0,67.0,69.0,68.0,69.0,69.0,70.0,70.0,71.0,71.0,71.0,71.0,72.0,72.0,74.0,74.0,74.0,74.0,76.0,75.0,75.0,76.0,76.0,77.0,76.0,77.0,76.0,77.0,78.0,77.0,78.0,78.0,77.0,76.0,76.0,77.0,76.0,76.0,77.0,79.0,79.0,79.0,79.0,80.0,80.0,81.0,81.0,82.0,82.0,83.0,82.0,83.0,83.0,84.0,84.0,83.0,82.0,82.0,82.0,82.0,81.0,81.0,82.0,82.0,82.0,82.0,82.0,82.0,82.0,82.0,82.0,83.0,82.0,82.0,81.0,80.0,79.0,78.0,79.0,79.0,79.0,80.0,79.0,79.0,78.0
video_recv_googPlisSent_2456620168,0.0,0.0,0.0,0.0,0.0,0.0,0.0,0.0,0.0,0.0,0.0,0.0,0.0,0.0,0.0,0.0,0.0,0.0,0.0,0.0,0.0,0.0,0.0,0.0,0.0,0.0,0.0,0.0,0.0,0.0,0.0,0.0,0.0,0.0,0.0,0.0,0.0,0.0,0.0,0.0,0.0,0.0,0.0,0.0,0.0,0.0,0.0,0.0,0.0,0.0,0.0,0.0,0.0,0.0,0.0,0.0,0.0,0.0,0.0,0.0,0.0,0.0,0.0,0.0,0.0,0.0,0.0,0.0,0.0,0.0,0.0,0.0,0.0,0.0,0.0,0.0,0.0,0.0,0.0,0.0,0.0,0.0,0.0,0.0,0.0,0.0,0.0,0.0,0.0
video_recv_bitsReceivedPerSecond_3254928767,0.0,0.0,155160.0,148176.0,158504.0,161856.0,156440.0,163544.0,159760.0,139584.0,142752.0,131896.0,135728.0,140992.0,148400.0,129608.0,134816.0,146408.0,147944.0,139384.0,140952.0,119408.0,119080.0,105104.0,107776.0,96960.0,107248.0,95272.0,103592.0,94400.0,99160.0,98536.0,102424.0,92256.0,96360.0,75864.0,79408.0,89432.0,91736.0,109088.0,111024.0,131088.0,148040.0,139320.0,127528.0,97656.0,103424.0,85784.0,91376.0,109008.0,99240.0,122336.0,133008.0,143376.0,149904.0,139888.0,141536.0,116128.0,118272.0,101648.0,106672.0,107504.0,110632.0,125416.0,121176.0,109872.0,108472.0,123176.0,126848.0,91648.0,91960.0,103096.0,115568.0,112840.0,111376.0,125632.0,142448.0,112032.0,113192.0,127328.0,134552.0,135512.0,149128.0,128824.0,124608.0,129976.0,137040.0,108928.0,116208.0
video_recv_packetsReceivedPerSecond_3254928767,0.0,0.0,49.0,60.0,60.0,63.0,59.0,64.0,62.0,53.0,65.0,62.0,65.0,63.0,68.0,60.0,60.0,58.0,59.0,50.0,67.0,55.0,64.0,53.0,65.0,63.0,60.0,55.0,63.0,52.0,64.0,64.0,58.0,45.0,57.0,56.0,65.0,66.0,60.0,60.0,58.0,61.0,57.0,56.0,65.0,51.0,65.0,55.0,60.0,65.0,60.0,54.0,66.0,60.0,57.0,60.0,59.0,57.0,59.0,52.0,62.0,67.0,61.0,61.0,57.0,52.0,63.0,63.0,60.0,43.0,56.0,66.0,73.0,61.0,59.0,61.0,57.0,55.0,56.0,62.0,68.0,59.0,57.0,46.0,67.0,68.0,59.0,56.0,57.0
video_recv_googCurrentDelayMs_3254928767,0.0,0.0,96.0,97.0,103.0,103.0,100.0,100.0,98.0,99.0,99.0,97.0,97.0,95.0,97.0,97.0,99.0,99.0,98.0,96.0,94.0,94.0,94.0,93.0,92.0,91.0,92.0,93.0,92.0,92.0,93.0,95.0,94.0,94.0,95.0,94.0,94.0,94.0,95.0,95.0,94.0,94.0,94.0,93.0,92.0,93.0,92.0,92.0,92.0,91.0,91.0,95.0,96.0,95.0,95.0,94.0,95.0,96.0,95.0,96.0,96.0,95.0,96.0,96.0,96.0,97.0,97.0,96.0,96.0,97.0,99.0,97.0,97.0,97.0,98.0,98.0,98.0,98.0,97.0,97.0,96.0,96.0,94.0,95.0,95.0,94.0,94.0,95.0,95.0
video_recv_googDecodeMs_3254928767,0.0,0.0,1.0,1.0,1.0,1.0,0.0,0.0,0.0,1.0,1.0,2.0,0.0,1.0,1.0,1.0,0.0,0.0,1.0,1.0,1.0,0.0,1.0,0.0,0.0,0.0,1.0,1.0,1.0,0.0,0.0,1.0,1.0,0.0,1.0,1.0,1.0,1.0,1.0,1.0,0.0,1.0,1.0,0.0,3.0,3.0,1.0,0.0,1.0,1.0,1.0,3.0,0.0,1.0,0.0,0.0,1.0,0.0,1.0,1.0,1.0,1.0,3.0,1.0,1.0,0.0,0.0,1.0,1.0,1.0,1.0,0.0,0.0,1.0,1.0,1.0,1.0,0.0,0.0,0.0,1.0,0.0,0.0,0.0,1.0,1.0,1.0,0.0,0.0
video_recv_googFrameHeightReceived_3254928767,0.0,0.0,180.0,180.0,180.0,180.0,180.0,180.0,180.0,180.0,180.0,180.0,180.0,180.0,180.0,180.0,180.0,180.0,180.0,180.0,180.0,180.0,180.0,180.0,180.0,180.0,180.0,180.0,180.0,180.0,180.0,180.0,180.0,180.0,180.0,180.0,180.0,180.0,180.0,180.0,180.0,180.0,180.0,180.0,180.0,180.0,180.0,180.0,180.0,180.0,180.0,180.0,180.0,180.0,180.0,180.0,180.0,180.0,180.0,180.0,180.0,180.0,180.0,180.0,180.0,180.0,180.0,180.0,180.0,180.0,180.0,180.0,180.0,180.0,180.0,180.0,180.0,180.0,180.0,180.0,180.0,180.0,180.0,180.0,180.0,180.0,180.0,180.0,180.0
video_recv_googFrameRateOutput_3254928767,0.0,0.0,20.0,33.0,32.0,39.0,37.0,33.0,29.0,34.0,33.0,37.0,38.0,34.0,32.0,31.0,27.0,29.0,36.0,33.0,49.0,41.0,44.0,34.0,41.0,45.0,32.0,32.0,35.0,33.0,38.0,37.0,33.0,27.0,34.0,43.0,27.0,31.0,32.0,30.0,35.0,30.0,32.0,31.0,36.0,33.0,42.0,37.0,35.0,34.0,38.0,34.0,32.0,40.0,34.0,35.0,31.0,29.0,48.0,29.0,31.0,29.0,28.0,38.0,37.0,30.0,40.0,39.0,35.0,25.0,28.0,42.0,30.0,39.0,30.0,32.0,33.0,32.0,37.0,36.0,34.0,33.0,37.0,30.0,39.0,34.0,36.0,29.0,28.0
video_recv_googFrameRateReceived_3254928767,0.0,0.0,30.0,42.0,33.0,33.0,39.0,40.0,38.0,38.0,40.0,37.0,40.0,41.0,42.0,39.0,39.0,35.0,36.0,29.0,46.0,40.0,43.0,32.0,45.0,37.0,39.0,35.0,38.0,33.0,39.0,38.0,35.0,21.0,33.0,42.0,41.0,38.0,40.0,39.0,36.0,37.0,36.0,29.0,42.0,28.0,38.0,33.0,34.0,39.0,38.0,30.0,40.0,34.0,35.0,35.0,32.0,31.0,43.0,29.0,35.0,37.0,38.0,37.0,38.0,30.0,40.0,41.0,37.0,24.0,26.0,37.0,39.0,43.0,36.0,37.0,37.0,37.0,29.0,39.0,42.0,34.0,33.0,24.0,36.0,37.0,36.0,35.0,31.0
video_recv_googFrameWidthReceived_3254928767,0.0,0.0,320.0,320.0,320.0,320.0,320.0,320.0,320.0,320.0,320.0,320.0,320.0,320.0,320.0,320.0,320.0,320.0,320.0,320.0,320.0,320.0,320.0,320.0,320.0,320.0,320.0,320.0,320.0,320.0,320.0,320.0,320.0,320.0,320.0,320.0,320.0,320.0,320.0,320.0,320.0,320.0,320.0,320.0,320.0,320.0,320.0,320.0,320.0,320.0,320.0,320.0,320.0,320.0,320.0,320.0,320.0,320.0,320.0,320.0,320.0,320.0,320.0,320.0,320.0,320.0,320.0,320.0,320.0,320.0,320.0,320.0,320.0,320.0,320.0,320.0,320.0,320.0,320.0,320.0,320.0,320.0,320.0,320.0,320.0,320.0,320.0,320.0,320.0
video_recv_googInterframeDelayMax_3254928767,-1.0,-1.0,185.0,170.0,208.0,140.0,142.0,149.0,143.0,141.0,140.0,140.0,138.0,136.0,134.0,134.0,139.0,140.0,143.0,149.0,139.0,147.0,144.0,150.0,149.0,134.0,204.0,136.0,141.0,151.0,141.0,153.0,132.0,154.0,160.0,156.0,143.0,158.0,139.0,137.0,154.0,143.0,138.0,146.0,139.0,158.0,152.0,145.0,155.0,146.0,135.0,139.0,138.0,144.0,134.0,141.0,138.0,145.0,153.0,159.0,139.0,139.0,165.0,155.0,137.0,141.0,161.0,137.0,139.0,153.0,155.0,142.0,139.0,140.0,146.0,143.0,134.0,149.0,148.0,148.0,141.0,132.0,137.0,160.0,139.0,133.0,135.0,138.0,140.0
video_recv_googJitterBufferMs_3254928767,0.0,0.0,85.0,85.0,91.0,90.0,89.0,88.0,86.0,87.0,87.0,85.0,85.0,83.0,85.0,85.0,87.0,87.0,86.0,84.0,82.0,82.0,82.0,82.0,81.0,81.0,81.0,82.0,81.0,81.0,82.0,83.0,83.0,82.0,83.0,83.0,83.0,83.0,84.0,83.0,83.0,83.0,83.0,82.0,81.0,81.0,80.0,81.0,81.0,80.0,80.0,84.0,85.0,84.0,84.0,83.0,84.0,85.0,84.0,85.0,85.0,84.0,85.0,85.0,85.0,86.0,86.0,85.0,85.0,86.0,87.0,86.0,86.0,86.0,87.0,88.0,87.0,87.0,86.0,86.0,85.0,84.0,83.0,83.0,84.0,83.0,83.0,83.0,83.0
video_recv_googPlisSent_3254928767,0.0,0.0,0.0,0.0,0.0,0.0,0.0,0.0,0.0,0.0,0.0,0.0,0.0,0.0,0.0,0.0,0.0,0.0,0.0,0.0,0.0,0.0,0.0,0.0,0.0,0.0,0.0,0.0,0.0,0.0,0.0,0.0,0.0,0.0,0.0,0.0,0.0,0.0,0.0,0.0,0.0,0.0,0.0,0.0,0.0,0.0,0.0,0.0,0.0,0.0,0.0,0.0,0.0,0.0,0.0,0.0,0.0,0.0,0.0,0.0,0.0,0.0,0.0,0.0,0.0,0.0,0.0,0.0,0.0,0.0,0.0,0.0,0.0,0.0,0.0,0.0,0.0,0.0,0.0,0.0,0.0,0.0,0.0,0.0,0.0,0.0,0.0,0.0,0.0
audio_send_bitsSentPerSecond_111752914,0.0,4840.0,19776.0,21000.0,19536.0,19768.0,15712.0,18184.0,17448.0,18240.0,17256.0,16896.0,16720.0,17384.0,16368.0,17024.0,16592.0,16264.0,15496.0,15992.0,17072.0,16952.0,16736.0,16600.0,16192.0,15864.0,15816.0,15928.0,18504.0,24152.0,23064.0,23520.0,20568.0,15456.0,15480.0,15272.0,18344.0,18656.0,23624.0,20408.0,20136.0,16688.0,12528.0,19792.0,15976.0,19704.0,21336.0,20088.0,22056.0,20816.0,19328.0,21368.0,21968.0,20416.0,21624.0,21992.0,14944.0,16280.0,15272.0,14168.0,15112.0,16320.0,17160.0,15752.0,14600.0,13872.0,12304.0,15208.0,13760.0,15184.0,15184.0,14128.0,12576.0,13152.0,13904.0,14720.0,18544.0,23120.0,23384.0,23400.0,19160.0,23440.0,23376.0,15760.0,14688.0,15648.0,14504.0,16104.0,22968.0
audio_send_packetsSentPerSecond_111752914,0.0,8.0,26.0,28.0,26.0,27.0,27.0,27.0,27.0,28.0,27.0,27.0,27.0,28.0,27.0,28.0,27.0,27.0,26.0,27.0,28.0,28.0,27.0,28.0,27.0,28.0,27.0,28.0,27.0,28.0,27.0,28.0,27.0,27.0,27.0,28.0,27.0,27.0,28.0,28.0,27.0,28.0,22.0,32.0,26.0,28.0,26.0,25.0,28.0,26.0,27.0,27.0,28.0,26.0,27.0,28.0,26.0,28.0,28.0,27.0,27.0,27.0,28.0,27.0,27.0,28.0,27.0,27.0,28.0,28.0,28.0,27.0,27.0,27.0,28.0,28.0,27.0,28.0,28.0,27.0,28.0,28.0,27.0,28.0,27.0,27.0,28.0,28.0,27.0
video_send_bitsSentPerSecond_687044597,0.0,137184.0,142704.0,86608.0,29960.0,32784.0,48040.0,48744.0,51928.0,53752.0,55560.0,56888.0,60832.0,67960.0,72744.0,68360.0,68936.0,56256.0,56632.0,62952.0,61032.0,67000.0,73320.0,82968.0,89368.0,90936.0,100392.0,102176.0,115104.0,129272.0,129576.0,141888.0,153824.0,149064.0,165832.0,165328.0,167664.0,193456.0,208704.0,208440.0,214152.0,225960.0,230560.0,232184.0,239760.0,239328.0,245976.0,248776.0,244792.0,252176.0,246400.0,249376.0,254824.0,258256.0,262360.0,262408.0,287096.0,220896.0,207120.0,199848.0,203104.0,199872.0,212864.0,214496.0,221896.0,210688.0,209648.0,232176.0,217592.0,212608.0,205216.0,222400.0,240776.0,211512.0,221784.0,200096.0,197848.0,218128.0,207536.0,213048.0,224280.0,217664.0,196096.0,226416.0,200720.0,238056.0,218256.0,193840.0,219912.0
video_send_packetsLost_687044597,0.0,0.0,0.0,0.0,0.0,0.0,0.0,0.0,0.0,0.0,0.0,0.0,0.0,0.0,0.0,0.0,0.0,0.0,0.0,0.0,0.0,0.0,0.0,0.0,0.0,0.0,0.0,0.0,0.0,0.0,0.0,0.0,0.0,0.0,0.0,0.0,0.0,0.0,0.0,0.0,0.0,0.0,0.0,0.0,0.0,0.0,0.0,0.0,0.0,0.0,0.0,0.0,0.0,0.0,0.0,0.0,0.0,0.0,0.0,0.0,0.0,0.0,0.0,0.0,0.0,0.0,0.0,0.0,0.0,0.0,0.0,0.0,0.0,0.0,0.0,0.0,0.0,0.0,0.0,0.0,0.0,0.0,0.0,0.0,0.0,0.0,0.0,0.0,0.0
video_send_packetsSentPerSecond_687044597,0.0,32.0,26.0,17.0,5.0,16.0,32.0,27.0,30.0,26.0,32.0,33.0,31.0,31.0,31.0,26.0,25.0,39.0,31.0,32.0,30.0,30.0,31.0,32.0,29.0,33.0,31.0,32.0,34.0,33.0,29.0,31.0,32.0,33.0,34.0,31.0,38.0,35.0,36.0,37.0,33.0,38.0,38.0,40.0,42.0,44.0,42.0,44.0,42.0,42.0,44.0,41.0,44.0,45.0,44.0,44.0,48.0,38.0,37.0,35.0,35.0,33.0,37.0,37.0,36.0,36.0,35.0,39.0,37.0,38.0,37.0,38.0,38.0,37.0,38.0,36.0,35.0,37.0,38.0,35.0,37.0,36.0,32.0,38.0,34.0,41.0,39.0,36.0,37.0
video_send_googEncodeUsagePercent_687044597,0.0,64.0,57.0,47.0,46.0,39.0,33.0,28.0,24.0,21.0,18.0,16.0,14.0,13.0,12.0,11.0,10.0,12.0,13.0,12.0,11.0,10.0,9.0,9.0,9.0,9.0,9.0,9.0,8.0,8.0,8.0,8.0,7.0,7.0,7.0,12.0,11.0,11.0,10.0,10.0,10.0,12.0,14.0,18.0,16.0,14.0,13.0,12.0,11.0,11.0,13.0,12.0,11.0,11.0,10.0,12.0,12.0,11.0,10.0,10.0,9.0,9.0,8.0,9.0,8.0,10.0,13.0,12.0,11.0,11.0,10.0,10.0,10.0,9.0,14.0,13.0,12.0,11.0,10.0,10.0,9.0,9.0,9.0,8.0,11.0,10.0,10.0,10.0,9.0
video_send_googFrameHeightInput_687044597,720.0,720.0,720.0,720.0,720.0,720.0,720.0,720.0,720.0,720.0,720.0,720.0,720.0,720.0,720.0,720.0,720.0,720.0,720.0,720.0,720.0,720.0,720.0,720.0,720.0,720.0,720.0,720.0,720.0,720.0,720.0,720.0,720.0,720.0,720.0,720.0,720.0,720.0,720.0,720.0,720.0,720.0,720.0,720.0,720.0,720.0,720.0,720.0,720.0,720.0,720.0,720.0,720.0,720.0,720.0,720.0,720.0,720.0,720.0,720.0,720.0,720.0,720.0,720.0,720.0,720.0,720.0,720.0,720.0,720.0,720.0,720.0,720.0,720.0,720.0,720.0,720.0,720.0,720.0,720.0,720.0,720.0,720.0,720.0,720.0,720.0,720.0,720.0,720.0
video_send_googFrameHeightSent_687044597,0.0,180.0,180.0,180.0,180.0,180.0,180.0,180.0,180.0,180.0,180.0,180.0,180.0,180.0,180.0,180.0,180.0,180.0,180.0,180.0,180.0,180.0,180.0,180.0,180.0,180.0,180.0,180.0,180.0,180.0,180.0,180.0,180.0,180.0,180.0,180.0,180.0,180.0,180.0,180.0,180.0,180.0,180.0,180.0,180.0,180.0,180.0,180.0,180.0,180.0,180.0,180.0,180.0,180.0,180.0,180.0,180.0,180.0,180.0,180.0,180.0,180.0,180.0,180.0,180.0,180.0,180.0,180.0,180.0,180.0,180.0,180.0,180.0,180.0,180.0,180.0,180.0,180.0,180.0,180.0,180.0,180.0,180.0,180.0,180.0,180.0,180.0,180.0,180.0
video_send_googFrameRateSent_687044597,0.0,11.0,31.0,33.0,29.0,31.0,29.0,28.0,31.0,31.0,31.0,32.0,30.0,31.0,33.0,33.0,30.0,32.0,31.0,32.0,29.0,32.0,31.0,33.0,31.0,33.0,31.0,33.0,33.0,32.0,32.0,31.0,32.0,31.0,32.0,31.0,33.0,32.0,31.0,32.0,32.0,29.0,31.0,33.0,32.0,32.0,33.0,30.0,31.0,33.0,32.0,31.0,31.0,32.0,32.0,32.0,32.0,33.0,33.0,32.0,33.0,30.0,31.0,33.0,31.0,33.0,30.0,33.0,30.0,33.0,31.0,32.0,33.0,32.0,32.0,33.0,31.0,33.0,32.0,32.0,33.0,33.0,32.0,32.0,33.0,33.0,32.0,32.0,32.0
video_send_googFrameWidthInput_687044597,1280.0,1280.0,1280.0,1280.0,1280.0,1280.0,1280.0,1280.0,1280.0,1280.0,1280.0,1280.0,1280.0,1280.0,1280.0,1280.0,1280.0,1280.0,1280.0,1280.0,1280.0,1280.0,1280.0,1280.0,1280.0,1280.0,1280.0,1280.0,1280.0,1280.0,1280.0,1280.0,1280.0,1280.0,1280.0,1280.0,1280.0,1280.0,1280.0,1280.0,1280.0,1280.0,1280.0,1280.0,1280.0,1280.0,1280.0,1280.0,1280.0,1280.0,1280.0,1280.0,1280.0,1280.0,1280.0,1280.0,1280.0,1280.0,1280.0,1280.0,1280.0,1280.0,1280.0,1280.0,1280.0,1280.0,1280.0,1280.0,1280.0,1280.0,1280.0,1280.0,1280.0,1280.0,1280.0,1280.0,1280.0,1280.0,1280.0,1280.0,1280.0,1280.0,1280.0,1280.0,1280.0,1280.0,1280.0,1280.0,1280.0
video_send_googFrameWidthSent_687044597,0.0,320.0,320.0,320.0,320.0,320.0,320.0,320.0,320.0,320.0,320.0,320.0,320.0,320.0,320.0,320.0,320.0,320.0,320.0,320.0,320.0,320.0,320.0,320.0,320.0,320.0,320.0,320.0,320.0,320.0,320.0,320.0,320.0,320.0,320.0,320.0,320.0,320.0,320.0,320.0,320.0,320.0,320.0,320.0,320.0,320.0,320.0,320.0,320.0,320.0,320.0,320.0,320.0,320.0,320.0,320.0,320.0,320.0,320.0,320.0,320.0,320.0,320.0,320.0,320.0,320.0,320.0,320.0,320.0,320.0,320.0,320.0,320.0,320.0,320.0,320.0,320.0,320.0,320.0,320.0,320.0,320.0,320.0,320.0,320.0,320.0,320.0,320.0,320.0
video_send_googRtt_687044597,0.0,0.0,0.0,148.0,145.0,138.0,138.0,140.0,140.0,135.0,129.0,131.0,137.0,137.0,134.0,129.0,129.0,132.0,132.0,130.0,130.0,137.0,150.0,151.0,147.0,146.0,143.0,140.0,136.0,134.0,136.0,137.0,136.0,131.0,137.0,145.0,144.0,140.0,146.0,158.0,159.0,154.0,168.0,175.0,148.0,140.0,141.0,146.0,160.0,186.0,206.0,213.0,218.0,217.0,226.0,233.0,200.0,172.0,171.0,157.0,157.0,162.0,141.0,135.0,139.0,137.0,128.0,156.0,195.0,201.0,211.0,221.0,199.0,198.0,181.0,153.0,151.0,143.0,158.0,189.0,214.0,228.0,198.0,168.0,155.0,155.0,154.0,151.0,153.0
audio_send_packetsLost_111752914,-1,-1,0.0,0.0,0.0,0.0,0.0,0.0,0.0,0.0,0.0,0.0,0.0,0.0,0.0,0.0,0.0,0.0,0.0,0.0,0.0,0.0,0.0,0.0,0.0,0.0,0.0,0.0,0.0,0.0,0.0,0.0,0.0,0.0,0.0,0.0,0.0,0.0,0.0,0.0,0.0,0.0,0.0,0.0,0.0,0.0,0.0,0.0,0.0,0.0,0.0,0.0,0.0,0.0,0.0,0.0,0.0,0.0,0.0,0.0,0.0,0.0,0.0,0.0,0.0,0.0,0.0,0.0,0.0,0.0,0.0,0.0,0.0,0.0,0.0,0.0,0.0,0.0,0.0,0.0,0.0,0.0,0.0,0.0,0.0,0.0,0.0,0.0,0.0
audio_send_googJitterReceived_111752914,-1,-1,0.0,0.0,0.0,0.0,0.0,0.0,0.0,0.0,0.0,0.0,0.0,0.0,0.0,0.0,0.0,0.0,0.0,0.0,0.0,0.0,0.0,0.0,0.0,0.0,0.0,0.0,0.0,0.0,0.0,0.0,0.0,0.0,0.0,0.0,0.0,0.0,0.0,0.0,0.0,0.0,0.0,0.0,0.0,0.0,0.0,0.0,0.0,0.0,0.0,0.0,0.0,0.0,0.0,0.0,0.0,0.0,0.0,0.0,0.0,0.0,0.0,0.0,0.0,0.0,0.0,0.0,0.0,0.0,0.0,0.0,0.0,0.0,0.0,0.0,0.0,0.0,0.0,0.0,0.0,0.0,0.0,0.0,0.0,0.0,0.0,0.0,0.0
audio_send_googRtt_111752914,-1,-1,-1,142.0,143.0,147.0,142.0,146.0,143.0,133.0,127.0,136.0,129.0,130.0,127.0,127.0,132.0,124.0,143.0,126.0,136.0,135.0,161.0,135.0,136.0,137.0,162.0,134.0,132.0,154.0,134.0,161.0,154.0,137.0,131.0,135.0,126.0,152.0,158.0,151.0,154.0,151.0,157.0,156.0,124.0,129.0,135.0,135.0,254.0,252.0,300.0,257.0,262.0,259.0,264.0,180.0,178.0,175.0,133.0,128.0,130.0,130.0,136.0,126.0,131.0,131.0,124.0,257.0,252.0,248.0,258.0,247.0,251.0,158.0,155.0,128.0,151.0,133.0,276.0,276.0,277.0,167.0,166.0,162.0,163.0,136.0,137.0,142.0,138.0
video_recv_resolutionChangesReceived_2456620168,0,1,1,1,1,1,1,1,1,1,1,1,1,2,2,2,2,2,2,2,2,2,2,2,2,2,2,2,2,2,2,2,2,3,3,3,3,3,3,3,3,3,3,3,3,3,3,3,3,3,3,3,3,3,3,3,3,3,3,3,3,3,3,3,3,3,3,3,3,3,3,3,3,3,3,3,3,3,3,3,3,3,3,3,3,3,3,3,3
video_recv_resolutionChangesReceived_3254928767,0,0,1,1,1,1,1,1,1,1,1,1,1,1,1,1,1,1,1,1,1,1,1,1,1,1,1,1,1,1,1,1,1,1,1,1,1,1,1,1,1,1,1,1,1,1,1,1,1,1,1,1,1,1,1,1,1,1,1,1,1,1,1,1,1,1,1,1,1,1,1,1,1,1,1,1,1,1,1,1,1,1,1,1,1,1,1,1,1
video_send_resolutionChangesInput_687044597,0,0,0,0,0,0,0,0,0,0,0,0,0,0,0,0,0,0,0,0,0,0,0,0,0,0,0,0,0,0,0,0,0,0,0,0,0,0,0,0,0,0,0,0,0,0,0,0,0,0,0,0,0,0,0,0,0,0,0,0,0,0,0,0,0,0,0,0,0,0,0,0,0,0,0,0,0,0,0,0,0,0,0,0,0,0,0,0,0
video_send_resolutionChangesSent_687044597,0,1,1,1,1,1,1,1,1,1,1,1,1,1,1,1,1,1,1,1,1,1,1,1,1,1,1,1,1,1,1,1,1,1,1,1,1,1,1,1,1,1,1,1,1,1,1,1,1,1,1,1,1,1,1,1,1,1,1,1,1,1,1,1,1,1,1,1,1,1,1,1,1,1,1,1,1,1,1,1,1,1,1,1,1,1,1,1,1
audio_recv_kbitsReceivedPerSecond_967645056,0,7,42,42,42,42,36,30,31,31,29,30,28,30,30,29,30,9,10,7,13,10,12,12,12,9,12,15,30,14,10,14,9,8,22,27,16,11,12,13,6,10,9,19,19,19,19,15,14,12,11,14,14,11,13,14,15,17,36,39,15,17,12,8,12,17,15,16,18,17,15,16,17,17,17,18,17,18,12,13,9,13,14,17,11,19,16,17,18
kpi_q_audio_967645056,1,1,5,5,5,5,5,4,4,4,4,4,4,4,4,4,4,2,2,1,2,2,2,2,2,2,2,2,4,2,2,2,2,1,3,4,3,2,2,2,1,2,2,3,3,3,3,2,2,2,2,2,2,2,2,2,2,3,5,5,2,3,2,1,2,3,2,3,3,3,2,3,3,3,3,3,3,3,2,2,2,2,2,3,2,3,3,3,3
audio_recv_kbitsReceivedPerSecond_2150510841,0,17,43,41,28,31,17,9,6,13,9,12,12,10,11,13,11,13,14,14,15,18,18,14,11,12,12,12,11,11,10,12,6,8,8,11,15,16,16,15,11,10,8,13,12,12,11,14,8,12,34,25,9,6,8,8,7,8,7,10,10,11,12,8,10,12,11,11,10,10,11,9,11,12,9,11,9,12,10,6,6,7,9,11,6,6,12,11,11
kpi_q_audio_2150510841,1,3,5,5,4,4,3,2,1,2,1,2,2,2,2,2,2,2,2,2,2,3,3,2,2,2,2,2,2,2,2,2,1,1,1,2,2,3,3,2,2,2,1,2,2,2,2,2,1,2,5,4,1,1,1,1,1,1,1,2,2,2,2,1,2,2,2,2,2,2,2,2,2,2,2,2,2,2,2,1,1,1,1,2,1,1,2,2,2
video_recv_kbitsReceivedPerSecond_2456620168,0,116,187,215,207,203,221,205,199,209,210,225,196,207,155,204,236,206,200,208,205,228,188,228,209,197,226,204,197,212,208,224,187,229,152,200,232,212,203,207,211,222,191,206,219,200,226,204,201,207,211,223,189,202,218,202,224,206,201,205,213,223,194,200,221,203,223,206,200,204,216,218,194,203,214,205,223,207,198,206,214,218,198,237,175,210,221,209,198
kpi_resolution_stability_2456620168,2.896815908860018,2.896815908860018,2.896815908860018,2.896815908860018,2.896815908860018,2.896815908860018,2.896815908860018,2.896815908860018,2.896815908860018,2.896815908860018,2.896815908860018,2.896815908860018,2.896815908860018,2.896815908860018,2.896815908860018,2.896815908860018,2.896815908860018,2.896815908860018,2.896815908860018,2.896815908860018,2.896815908860018,2.896815908860018,2.896815908860018,2.896815908860018,2.896815908860018,2.896815908860018,2.896815908860018,2.896815908860018,2.896815908860018,2.896815908860018,2.896815908860018,2.896815908860018,2.896815908860018,2.896815908860018,2.896815908860018,2.896815908860018,2.896815908860018,2.896815908860018,2.896815908860018,2.896815908860018,2.896815908860018,2.896815908860018,2.896815908860018,2.896815908860018,2.896815908860018,2.896815908860018,2.896815908860018,2.896815908860018,2.896815908860018,2.896815908860018,2.896815908860018,2.896815908860018,2.896815908860018,2.896815908860018,2.896815908860018,2.896815908860018,2.896815908860018,2.896815908860018,2.896815908860018,2.896815908860018,2.896815908860018,2.896815908860018,2.896815908860018,2.896815908860018,2.896815908860018,2.896815908860018,2.896815908860018,2.896815908860018,2.896815908860018,2.896815908860018,2.896815908860018,2.896815908860018,2.896815908860018,2.896815908860018,2.896815908860018,2.896815908860018,2.896815908860018,2.896815908860018,2.896815908860018,2.896815908860018,2.896815908860018,2.896815908860018,2.896815908860018,2.896815908860018,2.896815908860018,2.896815908860018,2.896815908860018,2.896815908860018,2.896815908860018
max_resolution_percentage_2456620168,76.40449438202246,76.40449438202246,76.40449438202246,76.40449438202246,76.40449438202246,76.40449438202246,76.40449438202246,76.40449438202246,76.40449438202246,76.40449438202246,76.40449438202246,76.40449438202246,76.40449438202246,76.40449438202246,76.40449438202246,76.40449438202246,76.40449438202246,76.40449438202246,76.40449438202246,76.40449438202246,76.40449438202246,76.40449438202246,76.40449438202246,76.40449438202246,76.40449438202246,76.40449438202246,76.40449438202246,76.40449438202246,76.40449438202246,76.40449438202246,76.40449438202246,76.40449438202246,76.40449438202246,76.40449438202246,76.40449438202246,76.40449438202246,76.40449438202246,76.40449438202246,76.40449438202246,76.40449438202246,76.40449438202246,76.40449438202246,76.40449438202246,76.40449438202246,76.40449438202246,76.40449438202246,76.40449438202246,76.40449438202246,76.40449438202246,76.40449438202246,76.40449438202246,76.40449438202246,76.40449438202246,76.40449438202246,76.40449438202246,76.40449438202246,76.40449438202246,76.40449438202246,76.40449438202246,76.40449438202246,76.40449438202246,76.40449438202246,76.40449438202246,76.40449438202246,76.40449438202246,76.40449438202246,76.40449438202246,76.40449438202246,76.40449438202246,76.40449438202246,76.40449438202246,76.40449438202246,76.40449438202246,76.40449438202246,76.40449438202246,76.40449438202246,76.40449438202246,76.40449438202246,76.40449438202246,76.40449438202246,76.40449438202246,76.40449438202246,76.40449438202246,76.40449438202246,76.40449438202246,76.40449438202246,76.40449438202246,76.40449438202246,76.40449438202246
kpi_resolution_stability_norm_2456620168,kpi_resolution_stability_2456620168,2.896815908860018,2.896815908860018,2.896815908860018,2.896815908860018,2.896815908860018,2.896815908860018,2.896815908860018,2.896815908860018,2.896815908860018,2.896815908860018,2.896815908860018,2.896815908860018,2.896815908860018,2.896815908860018,2.896815908860018,2.896815908860018,2.896815908860018,2.896815908860018,2.896815908860018,2.896815908860018,2.896815908860018,2.896815908860018,2.896815908860018,2.896815908860018,2.896815908860018,2.896815908860018,2.896815908860018,2.896815908860018,2.896815908860018,2.896815908860018,2.896815908860018,2.896815908860018,2.896815908860018,2.896815908860018,2.896815908860018,2.896815908860018,2.896815908860018,2.896815908860018,2.896815908860018,2.896815908860018,2.896815908860018,2.896815908860018,2.896815908860018,2.896815908860018,2.896815908860018,2.896815908860018,2.896815908860018,2.896815908860018,2.896815908860018,2.896815908860018,2.896815908860018,2.896815908860018,2.896815908860018,2.896815908860018,2.896815908860018,2.896815908860018,2.896815908860018,2.896815908860018,2.896815908860018,2.896815908860018,2.896815908860018,2.896815908860018,2.896815908860018,2.896815908860018,2.896815908860018,2.896815908860018,2.896815908860018,2.896815908860018,2.896815908860018,2.896815908860018,2.896815908860018,2.896815908860018,2.896815908860018,2.896815908860018,2.896815908860018,2.896815908860018,2.896815908860018,2.896815908860018,2.896815908860018,2.896815908860018,2.896815908860018,2.896815908860018,2.896815908860018,2.896815908860018,2.896815908860018,2.896815908860018,2.896815908860018,2.896815908860018,2.896815908860018
max_resolution_percentage_norm_2456620168,max_resolution_percentage_2456620168,76.40449438202246,76.40449438202246,76.40449438202246,76.40449438202246,76.40449438202246,76.40449438202246,76.40449438202246,76.40449438202246,76.40449438202246,76.40449438202246,76.40449438202246,76.40449438202246,76.40449438202246,76.40449438202246,76.40449438202246,76.40449438202246,76.40449438202246,76.40449438202246,76.40449438202246,76.40449438202246,76.40449438202246,76.40449438202246,76.40449438202246,76.40449438202246,76.40449438202246,76.40449438202246,76.40449438202246,76.40449438202246,76.40449438202246,76.40449438202246,76.40449438202246,76.40449438202246,76.40449438202246,76.40449438202246,76.40449438202246,76.40449438202246,76.40449438202246,76.40449438202246,76.40449438202246,76.40449438202246,76.40449438202246,76.40449438202246,76.40449438202246,76.40449438202246,76.40449438202246,76.40449438202246,76.40449438202246,76.40449438202246,76.40449438202246,76.40449438202246,76.40449438202246,76.40449438202246,76.40449438202246,76.40449438202246,76.40449438202246,76.40449438202246,76.40449438202246,76.40449438202246,76.40449438202246,76.40449438202246,76.40449438202246,76.40449438202246,76.40449438202246,76.40449438202246,76.40449438202246,76.40449438202246,76.40449438202246,76.40449438202246,76.40449438202246,76.40449438202246,76.40449438202246,76.40449438202246,76.40449438202246,76.40449438202246,76.40449438202246,76.40449438202246,76.40449438202246,76.40449438202246,76.40449438202246,76.40449438202246,76.40449438202246,76.40449438202246,76.40449438202246,76.40449438202246,76.40449438202246,76.40449438202246,76.40449438202246,76.40449438202246,76.40449438202246
kpi_fps_stability_2456620168,1,5,5,5,5,5,5,5,5,5,5,5,5,5,5,5,5,5,5,5,5,5,5,5,5,5,5,5,5,5,5,5,5,5,5,5,5,4.865606628121216,5,5,5,5,5,5,5,5,5,5,5,4.942427872760581,5,5,5,5,5,5,5,5,5,4.978873396874005,5,5,5,5,5,5,5,5,5,5,5,5,5,5,5,5,5,5,5,5,5,5,5,5,5,5,5,5,5
kpi_q_video_2456620168,1.6857142857142855,1.8499999999999999,1.8,1.8,1.9,1.8,1.7428571428571429,1.8,1.8499999999999999,1.9,1.7428571428571429,1.8,1.5142857142857142,1.8,1.95,1.8,1.8,1.8,1.8,1.9,1.6857142857142855,1.9,1.8,1.7428571428571429,1.9,1.8,1.7428571428571429,1.8499999999999999,1.8,1.9,1.6857142857142855,1.9,1.5142857142857142,1.8,1.95,1.8499999999999999,1.8,1.8,1.8499999999999999,1.9,1.7428571428571429,1.8,1.8499999999999999,1.8,1.9,1.8,1.8,1.8,1.8499999999999999,1.9,1.6857142857142855,1.8,1.8499999999999999,1.8,1.9,1.8,1.8,1.8,1.8499999999999999,1.9,1.7428571428571429,1.8,1.9,1.8,1.9,1.8,1.8,1.8,1.8499999999999999,1.8499999999999999,1.7428571428571429,1.8,1.8499999999999999,1.8,1.9,1.8,1.7428571428571429,1.8,1.8499999999999999,1.8499999999999999,1.7428571428571429,1.95,1.6285714285714286,1.8499999999999999,1.9,1.8,1.7428571428571429
video_recv_kbitsReceivedPerSecond_3254928767,0,0,151,144,154,158,152,159,156,136,139,128,132,137,144,126,131,142,144,136,137,116,116,102,105,94,104,93,101,92,96,96,100,90,94,74,77,87,89,106,108,128,144,136,124,95,101,83,89,106,96,119,129,140,146,136,138,113,115,99,104,104,108,122,118,107,105,120,123,89,89,100,112,110,108,122,139,109,110,124,131,132,145,125,121,126,133,106,113
kpi_resolution_stability_3254928767,4.06167181784452,4.06167181784452,4.06167181784452,4.06167181784452,4.06167181784452,4.06167181784452,4.06167181784452,4.06167181784452,4.06167181784452,4.06167181784452,4.06167181784452,4.06167181784452,4.06167181784452,4.06167181784452,4.06167181784452,4.06167181784452,4.06167181784452,4.06167181784452,4.06167181784452,4.06167181784452,4.06167181784452,4.06167181784452,4.06167181784452,4.06167181784452,4.06167181784452,4.06167181784452,4.06167181784452,4.06167181784452,4.06167181784452,4.06167181784452,4.06167181784452,4.06167181784452,4.06167181784452,4.06167181784452,4.06167181784452,4.06167181784452,4.06167181784452,4.06167181784452,4.06167181784452,4.06167181784452,4.06167181784452,4.06167181784452,4.06167181784452,4.06167181784452,4.06167181784452,4.06167181784452,4.06167181784452,4.06167181784452,4.06167181784452,4.06167181784452,4.06167181784452,4.06167181784452,4.06167181784452,4.06167181784452,4.06167181784452,4.06167181784452,4.06167181784452,4.06167181784452,4.06167181784452,4.06167181784452,4.06167181784452,4.06167181784452,4.06167181784452,4.06167181784452,4.06167181784452,4.06167181784452,4.06167181784452,4.06167181784452,4.06167181784452,4.06167181784452,4.06167181784452,4.06167181784452,4.06167181784452,4.06167181784452,4.06167181784452,4.06167181784452,4.06167181784452,4.06167181784452,4.06167181784452,4.06167181784452,4.06167181784452,4.06167181784452,4.06167181784452,4.06167181784452,4.06167181784452,4.06167181784452,4.06167181784452,4.06167181784452,4.06167181784452
max_resolution_percentage_3254928767,97.75280898876404,97.75280898876404,97.75280898876404,97.75280898876404,97.75280898876404,97.75280898876404,97.75280898876404,97.75280898876404,97.75280898876404,97.75280898876404,97.75280898876404,97.75280898876404,97.75280898876404,97.75280898876404,97.75280898876404,97.75280898876404,97.75280898876404,97.75280898876404,97.75280898876404,97.75280898876404,97.75280898876404,97.75280898876404,97.75280898876404,97.75280898876404,97.75280898876404,97.75280898876404,97.75280898876404,97.75280898876404,97.75280898876404,97.75280898876404,97.75280898876404,97.75280898876404,97.75280898876404,97.75280898876404,97.75280898876404,97.75280898876404,97.75280898876404,97.75280898876404,97.75280898876404,97.75280898876404,97.75280898876404,97.75280898876404,97.75280898876404,97.75280898876404,97.75280898876404,97.75280898876404,97.75280898876404,97.75280898876404,97.75280898876404,97.75280898876404,97.75280898876404,97.75280898876404,97.75280898876404,97.75280898876404,97.75280898876404,97.75280898876404,97.75280898876404,97.75280898876404,97.75280898876404,97.75280898876404,97.75280898876404,97.75280898876404,97.75280898876404,97.75280898876404,97.75280898876404,97.75280898876404,97.75280898876404,97.75280898876404,97.75280898876404,97.75280898876404,97.75280898876404,97.75280898876404,97.75280898876404,97.75280898876404,97.75280898876404,97.75280898876404,97.75280898876404,97.75280898876404,97.75280898876404,97.75280898876404,97.75280898876404,97.75280898876404,97.75280898876404,97.75280898876404,97.75280898876404,97.75280898876404,97.75280898876404,97.75280898876404,97.75280898876404
kpi_resolution_stability_norm_3254928767,kpi_resolution_stability_3254928767,4.06167181784452,4.06167181784452,4.06167181784452,4.06167181784452,4.06167181784452,4.06167181784452,4.06167181784452,4.06167181784452,4.06167181784452,4.06167181784452,4.06167181784452,4.06167181784452,4.06167181784452,4.06167181784452,4.06167181784452,4.06167181784452,4.06167181784452,4.06167181784452,4.06167181784452,4.06167181784452,4.06167181784452,4.06167181784452,4.06167181784452,4.06167181784452,4.06167181784452,4.06167181784452,4.06167181784452,4.06167181784452,4.06167181784452,4.06167181784452,4.06167181784452,4.06167181784452,4.06167181784452,4.06167181784452,4.06167181784452,4.06167181784452,4.06167181784452,4.06167181784452,4.06167181784452,4.06167181784452,4.06167181784452,4.06167181784452,4.06167181784452,4.06167181784452,4.06167181784452,4.06167181784452,4.06167181784452,4.06167181784452,4.06167181784452,4.06167181784452,4.06167181784452,4.06167181784452,4.06167181784452,4.06167181784452,4.06167181784452,4.06167181784452,4.06167181784452,4.06167181784452,4.06167181784452,4.06167181784452,4.06167181784452,4.06167181784452,4.06167181784452,4.06167181784452,4.06167181784452,4.06167181784452,4.06167181784452,4.06167181784452,4.06167181784452,4.06167181784452,4.06167181784452,4.06167181784452,4.06167181784452,4.06167181784452,4.06167181784452,4.06167181784452,4.06167181784452,4.06167181784452,4.06167181784452,4.06167181784452,4.06167181784452,4.06167181784452,4.06167181784452,4.06167181784452,4.06167181784452,4.06167181784452,4.06167181784452,4.06167181784452,4.06167181784452
max_resolution_percentage_norm_3254928767,max_resolution_percentage_3254928767,97.75280898876404,97.75280898876404,97.75280898876404,97.75280898876404,97.75280898876404,97.75280898876404,97.75280898876404,97.75280898876404,97.75280898876404,97.75280898876404,97.75280898876404,97.75280898876404,97.75280898876404,97.75280898876404,97.75280898876404,97.75280898876404,97.75280898876404,97.75280898876404,97.75280898876404,97.75280898876404,97.75280898876404,97.75280898876404,97.75280898876404,97.75280898876404,97.75280898876404,97.75280898876404,97.75280898876404,97.75280898876404,97.75280898876404,97.75280898876404,97.75280898876404,97.75280898876404,97.75280898876404,97.75280898876404,97.75280898876404,97.75280898876404,97.75280898876404,97.75280898876404,97.75280898876404,97.75280898876404,97.75280898876404,97.75280898876404,97.75280898876404,97.75280898876404,97.75280898876404,97.75280898876404,97.75280898876404,97.75280898876404,97.75280898876404,97.75280898876404,97.75280898876404,97.75280898876404,97.75280898876404,97.75280898876404,97.75280898876404,97.75280898876404,97.75280898876404,97.75280898876404,97.75280898876404,97.75280898876404,97.75280898876404,97.75280898876404,97.75280898876404,97.75280898876404,97.75280898876404,97.75280898876404,97.75280898876404,97.75280898876404,97.75280898876404,97.75280898876404,97.75280898876404,97.75280898876404,97.75280898876404,97.75280898876404,97.75280898876404,97.75280898876404,97.75280898876404,97.75280898876404,97.75280898876404,97.75280898876404,97.75280898876404,97.75280898876404,97.75280898876404,97.75280898876404,97.75280898876404,97.75280898876404,97.75280898876404,97.75280898876404,97.75280898876404
kpi_fps_stability_3254928767,1,1,4.542982187053405,5,5,5,5,5,4.942427872760581,5,5,5,5,5,5,5,4.865606628121216,4.942427872760581,5,5,5,5,5,5,5,5,5,5,5,5,5,5,5,4.865606628121216,5,5,4.865606628121216,5,5,4.978873396874005,5,4.978873396874005,5,5,5,5,5,5,5,5,5,5,5,5,5,5,5,4.942427872760581,5,4.942427872760581,5,4.942427872760581,4.904703300310673,5,5,4.978873396874005,5,5,5,4.782870430458232,4.904703300310673,5,4.978873396874005,5,4.978873396874005,5,5,5,5,5,5,5,5,4.978873396874005,5,5,5,4.942427872760581,4.904703300310673
kpi_q_video_3254928767,1.5142857142857142,1.457142857142857,1.5142857142857142,1.5142857142857142,1.5142857142857142,1.5714285714285714,1.5142857142857142,1.4,1.457142857142857,1.4,1.4,1.457142857142857,1.4,1.457142857142857,1.457142857142857,1.4,1.4,1.457142857142857,1.4,1.4,1.457142857142857,1.457142857142857,1.4,1.4,1.457142857142857,1.4,1.4,1.457142857142857,1.4
1_way_delay_audio_send_687044597_0,-0.5,-0.5,-0.5,71.0,71.5,73.5,71.0,73.0,71.5,66.5,63.5,68.0,64.5,65.0,63.5,63.5,66.0,62.0,71.5,63.0,68.0,67.5,80.5,67.5,68.0,68.5,81.0,67.0,66.0,77.0,67.0,80.5,77.0,68.5,65.5,67.5,63.0,76.0,79.0,75.5,77.0,75.5,78.5,78.0,62.0,64.5,67.5,67.5,127.0,126.0,150.0,128.5,131.0,129.5,132.0,90.0,89.0,87.5,66.5,64.0,65.0,65.0,68.0,63.0,65.5,65.5,62.0,128.5,126.0,124.0,129.0,123.5,125.5,79.0,77.5,64.0,75.5,66.5,138.0,138.0,138.5,83.5,83.0,81.0,81.5,68.0,68.5,71.0,69.0
1_way_delay_video_send_687044597_0,0.0,0.0,0.0,74.0,72.5,69.0,69.0,70.0,70.0,67.5,64.5,65.5,68.5,68.5,67.0,64.5,64.5,66.0,66.0,65.0,65.0,68.5,75.0,75.5,73.5,73.0,71.5,70.0,68.0,67.0,68.0,68.5,68.0,65.5,68.5,72.5,72.0,70.0,73.0,79.0,79.5,77.0,84.0,87.5,74.0,70.0,70.5,73.0,80.0,93.0,103.0,106.5,109.0,108.5,113.0,116.5,100.0,86.0,85.5,78.5,78.5,81.0,70.5,67.5,69.5,68.5,64.0,78.0,97.5,100.5,105.5,110.5,99.5,99.0,90.5,76.5,75.5,71.5,79.0,94.5,107.0,114.0,99.0,84.0,77.5,77.5,77.0,75.5,76.5
ear_ear_delay_audio_send_687044597_0,-0.5,11.5,108.5,414.0,380.5,80.5,292.0,699.0,697.5,628.5,558.5,510.0,504.5,567.0,525.5,566.5,554.0,629.0,533.5,584.0,731.0,815.5,749.5,697.5,609.0,537.5,562.0,596.0,737.0,866.0,570.0,272.5,200.0,312.5,490.5,457.5,565.0,702.0,920.0,677.5,197.0,421.5,459.5,421.0,467.0,746.5,807.5,490.5,271.0,348.0,632.0,922.5,640.0,276.5,417.0,420.0,294.0,519.5,428.5,410.0,487.0,467.0,493.0,429.0,413.5,350.5,346.0,473.5,460.0,498.0,469.0,491.5,471.5,431.0,399.5,428.0,724.5,769.5,874.0,468.0,404.5,465.5,88.0,373.0,443.5,469.0,412.5,553.0,892.0
audio_packet_loss_percentage_send_687044597_0,0.0,3.8461538461538463,0.0,0.0,0.0,0.0,0.0,0.0,0.0,0.0,0.0,0.0,0.0,0.0,0.0,0.0,0.0,0.0,0.0,0.0,0.0,0.0,0.0,0.0,0.0,0.0,0.0,0.0,0.0,0.0,0.0,0.0,0.0,0.0,0.0,0.0,0.0,0.0,0.0,0.0,0.0,0.0,0.0,0.0,0.0,0.0,0.0,0.0,0.0,0.0,0.0,0.0,0.0,0.0,0.0,0.0,0.0,0.0,0.0,0.0,0.0,0.0,0.0,0.0,0.0,0.0,0.0,0.0,0.0,0.0,0.0,0.0,0.0,0.0,0.0,0.0,0.0,0.0,0.0,0.0,0.0,0.0,0.0,0.0,0.0,0.0,0.0
e_model_audio_send_687044597_0,93.924,90.46379016051459,58.227000000000004,62.716,92.268,74.575,20.036999999999992,20.237999999999985,29.48400000000001,38.864000000000004,45.363,46.10000000000001,37.72500000000001,43.286,37.792,39.467000000000006,29.417,42.214,35.447,15.748999999999995,4.425999999999988,13.269999999999996,20.237999999999985,32.097,41.678000000000004,38.395,33.839,14.944999999999993,0,37.32300000000001,77.188,86.903,71.828,47.976000000000006,52.398,37.993,19.635000000000005,0,22.918000000000006,87.305,57.22200000000001,52.13,57.289,51.12500000000001,13.671999999999997,5.498000000000005,47.976000000000006,77.38900000000001,67.071,29.015,0,27.942999999999998,76.652,57.825,57.423,74.307,44.09,56.284000000000006,58.763000000000005,48.445,51.12500000000001,47.641000000000005,56.217000000000006,58.294000000000004,66.736,67.339,50.254000000000005,52.063,46.971000000000004,50.857000000000006,47.842000000000006,50.522,55.949000000000005,60.17,56.351000000000006,16.61999999999999,10.58999999999999,0,50.991,59.50000000000001,51.32600000000001,92.08800000000001,63.721000000000004,54.274,50.857000000000006,58.428000000000004,39.601000000000006
kpi_audio_synchronization_687044597_0,4.422858766368832,4.350196532588497,3.0077575202784192,3.239515823176128,4.390523592170177,3.8035714779843754,1.2530887579454288,1.2590367564310958,1.5878206271566726,2.008707600904192,2.333760549749971,2.371729933,1.9540565968281254,2.2277890119764083,1.9572484260003844,2.0379636048560594,1.5850900326970094,2.1737825348455924,1.847368026262639,1.140208039476757,0.9903512919745681,1.0879767785189998,1.2590367564310958,1.6976962808432894,2.146977318495736,1.9861052286408754,1.774376229138967,1.122174311289625,1.0,1.9349678619591315,3.913433935519296,4.255946047225711,3.6815208866911364,2.4690848006087687,2.7012010019984567,1.9668414437804014,1.2413625978898752,1.0,1.3435755850475763,4.2675169877166255,2.9551692505446647,2.6870749378210004,2.9586807389200174,2.634141126953126,1.0957610793968642,0.9942060095180559,2.4690848006087687,3.9216111004159173,3.4568031317276233,1.5688015999513751,1.0,1.5261801377643511,3.8914311983213445,2.986744736265625,2.9657014656582312,3.7919464413928994,2.2686149424970004,2.9059371789198725,3.0357224260733715,2.4935580819521252,2.634141126953126,2.451633934549953,2.9024160194878093,3.011256495386712,3.4404330220462085,3.469852673965467,2.5883394014105523,2.6835439573816715,2.416814273023723,2.6200395054704497,2.4621013355781844,2.602423078223464,2.888326071272557,3.1088019196090007,2.9094577820391434,1.1608953813039997,1.043162333347,1.0,2.627089432974103,3.0740658750000005,2.6447217590021688,4.386735275101696,3.2904487396394733,2.800117180940232,2.6200395054704497,3.0182516271487363,2.0444940209283935
eye_eye_delay_video_send_687044597_0,0.0,36.0,101.0,264.0,308.5,261.0,259.0,259.0,266.0,202.5,205.5,258.5,255.5,241.5,234.0,228.5,224.5,228.0,229.0,225.0,222.0,226.5,232.0,227.5,221.5,222.0,214.5,212.0,208.0,206.0,206.0,203.5,199.0,195.5,197.5,206.5,207.0,208.0,213.0,217.0,217.5,214.0,220.0,223.5,210.0,207.0,203.5,206.0,213.0,227.0,233.0,234.5,238.0,241.5,245.0,245.5,229.0,215.0,214.5,207.5,207.5,209.0,198.5,195.5,197.5,197.5,193.0,208.0,226.5,228.5,234.5,240.5,229.5,231.0,223.5,209.5,208.5,204.5,212.0,227.5,239.0,247.0,232.0,224.0,218.5,219.5,218.0,217.5,216.5
kpi_video_synchronization_687044597_0,5,5,4.986666666666666,2.8133333333333335,2.22,2.8533333333333335,2.88,2.88,2.786666666666667,3.6333333333333337,3.5933333333333337,2.8866666666666667,2.9266666666666667,3.1133333333333333,3.2133333333333334,3.286666666666667,3.34,3.2933333333333334,3.2800000000000002,3.3333333333333335,3.3733333333333335,3.3133333333333335,3.24,3.3000000000000003,3.38,3.3733333333333335,3.4733333333333336,3.506666666666667,3.56,3.586666666666667,3.586666666666667,3.62,3.68,3.7266666666666666,3.7,3.58,3.5733333333333333,3.56,3.4933333333333336,3.4400000000000004,3.4333333333333336,3.4800000000000004,3.4000000000000004,3.3533333333333335,3.533333333333333,3.5733333333333333,3.62,3.586666666666667,3.4933333333333336,3.3066666666666666,3.2266666666666666,3.206666666666667,3.16,3.1133333333333333,3.066666666666667,3.06,3.2800000000000002,3.466666666666667,3.4733333333333336,3.566666666666667,3.566666666666667,3.546666666666667,3.6866666666666665,3.7266666666666666,3.7,3.7,3.76,3.56,3.3133333333333335,3.286666666666667,3.206666666666667,3.126666666666667,3.2733333333333334,3.2533333333333334,3.3533333333333335,3.54,3.5533333333333337,3.606666666666667,3.506666666666667,3.3000000000000003,3.146666666666667,3.04,3.24,3.3466666666666667,3.42,3.4066666666666667,3.4266666666666667,3.4333333333333336,3.4466666666666668
av_delay_send_687044597_0,-0.5,-24.5,7.5,150.0,72.0,-180.5,33.0,440.0,431.5,426.0,353.0,251.5,249.0,325.5,291.5,338.0,329.5,401.0,304.5,359.0,509.0,589.0,517.5,470.0,387.5,315.5,347.5,384.0,529.0,660.0,364.0,69.0,1.0,117.0,293.0,251.0,358.0,494.0,707.0,460.5,-20.5,207.5,239.5,197.5,257.0,539.5,604.0,284.5,58.0,121.0,399.0,688.0,402.0,35.0,172.0,174.5,65.0,304.5,214.0,202.5,279.5,258.0,294.5,233.5,216.0,153.0,153.0,265.5,233.5,269.5,234.5,251.0,242.0,200.0,176.0,218.5,516.0,565.0,662.0,240.5,165.5,218.5,-144.0,149.0,225.0,249.5,194.5,335.5,675.5
kpi_av_synchronization_687044597_0,5,5,5,1,2.84,1.2999999999999998,5,1,1,1,1,1,1,1,1,1,1,1,1,1,1,1,1,1,1,1,1,1,1,1,1,3.08,5,1,1,1,1,1,1,1,5,1,1,1,1,1,1,1,3.96,1,1,1,1,5,1,1,3.4,1,1,1,1,1,1,1,1,1,1,1,1,1,1,1,1,1,1,1,1,1,1,1,1,1,3.7333333333333334,1,1,1,1,1,1
1_way_delay_audio_send_687044597_1,-0.5,-0.5,-0.5,71.0,71.5,73.5,71.0,73.0,71.5,66.5,63.5,68.0,64.5,65.0,63.5,63.5,66.0,62.0,71.5,63.0,68.0,67.5,80.5,67.5,68.0,68.5,81.0,67.0,66.0,77.0,67.0,80.5,77.0,68.5,65.5,67.5,63.0,76.0,79.0,75.5,77.0,75.5,78.5,78.0,62.0,64.5,67.5,67.5,127.0,126.0,150.0,128.5,131.0,129.5,132.0,90.0,89.0,87.5,66.5,64.0,65.0,65.0,68.0,63.0,65.5,65.5,62.0,128.5,126.0,124.0,129.0,123.5,125.5,79.0,77.5,64.0,75.5,66.5,138.0,138.0,138.5,83.5,83.0,81.0,81.5,68.0,68.5,71.0,69.0
1_way_delay_video_send_687044597_1,0.0,0.0,0.0,74.0,72.5,69.0,69.0,70.0,70.0,67.5,64.5,65.5,68.5,68.5,67.0,64.5,64.5,66.0,66.0,65.0,65.0,68.5,75.0,75.5,73.5,73.0,71.5,70.0,68.0,67.0,68.0,68.5,68.0,65.5,68.5,72.5,72.0,70.0,73.0,79.0,79.5,77.0,84.0,87.5,74.0,70.0,70.5,73.0,80.0,93.0,103.0,106.5,109.0,108.5,113.0,116.5,100.0,86.0,85.5,78.5,78.5,81.0,70.5,67.5,69.5,68.5,64.0,78.0,97.5,100.5,105.5,110.5,99.5,99.0,90.5,76.5,75.5,71.5,79.0,94.5,107.0,114.0,99.0,84.0,77.5,77.5,77.0,75.5,76.5
ear_ear_delay_audio_send_687044597_1,-1.5,-0.5,126.5,275.0,382.5,253.5,312.0,586.0,752.5,630.5,606.5,533.0,505.5,513.0,528.5,565.5,553.0,627.0,532.5,488.0,675.0,834.5,764.5,669.5,678.0,574.5,522.0,588.0,680.0,917.0,611.0,339.5,198.0,311.5,495.5,444.5,490.0,578.0,810.0,730.5,389.0,401.5,481.5,420.0,467.0,628.5,888.5,549.5,323.0,252.0,493.0,992.5,680.0,337.5,276.0,573.0,269.0,439.5,461.5,412.0,425.0,469.0,489.0,431.0,414.5,358.5,303.0,474.5,437.0,477.0,469.0,469.5,470.5,427.0,369.5,425.0,598.5,849.5,948.0,551.0,261.5,549.5,142.0,329.0,444.5,456.0,454.5,432.0,757.0
audio_packet_loss_percentage_send_687044597_1,0.0,3.8461538461538463,0.0,0.0,0.0,0.0,0.0,0.0,0.0,0.0,0.0,0.0,0.0,0.0,0.0,0.0,0.0,0.0,0.0,0.0,0.0,0.0,0.0,0.0,0.0,0.0,0.0,0.0,0.0,0.0,0.0,0.0,0.0,0.0,0.0,0.0,0.0,0.0,0.0,0.0,0.0,0.0,0.0,0.0,0.0,0.0,0.0,0.0,0.0,0.0,0.0,0.0,0.0,0.0,0.0,0.0,0.0,0.0,0.0,0.0,0.0,0.0,0.0,0.0,0.0,0.0,0.0,0.0,0.0,0.0,0.0,0.0,0.0,0.0,0.0,0.0,0.0,0.0,0.0,0.0,0.0,0.0,0.0,0.0,0.0,0.0,0.0
e_model_audio_send_687044597_1,90.03179016051459,76.85300000000001,62.44800000000001,79.73400000000001,71.89500000000001,35.179,12.867999999999995,29.216000000000008,32.432,42.281,45.96600000000001,44.961000000000006,42.884,37.926,39.601000000000006,29.685000000000002,42.348000000000006,48.31100000000001,23.253,1.8800000000000097,11.260000000000005,23.99000000000001,22.851,36.72,43.755,34.911,22.583000000000013,0,31.829,68.21000000000001,87.171,71.962,47.306,54.14,48.043000000000006,36.251000000000005,5.162999999999997,15.816000000000003,61.577000000000005,59.902,49.182,57.423,51.12500000000001,29.48400000000001,0,40.07,70.421,79.935,47.641000000000005,0,22.583000000000013,68.47800000000001,76.719,36.921,77.65700000000001,54.81,51.862,58.495000000000005,56.753,50.857000000000006,48.17700000000001,55.949000000000005,58.160000000000004,65.664,73.101,50.120000000000005,55.145,49.785000000000004,50.857000000000006,50.790000000000006,50.656,56.48500000000001,64.19,56.753,33.504000000000005,0,0,39.869,78.662,40.07,90.792,69.617,54.14,52.599000000000004,52.800000000000004,55.815000000000005
kpi_audio_synchronization_687044597_1,4.3397780805347,3.8997155455626618,3.2258647304642567,4.013905708387672,3.6845710063033756,1.8350631206376276,1.080464402227776,1.5769253546721285,1.7122390752010241,2.177142753401713,2.364813642299129,2.3131255415902334,2.207476974878272,1.9636408621085684,2.0444940209283935,1.5960393390411252,2.180505055742657,2.4865609181903836,1.3548046433730612,0.990752015296,1.0531887133680002,1.3800054216070006,1.341346926192643,1.906539364864,2.2515723878428755,1.8228129795197834,1.3324898878749916,1.0,1.6861340389694772,3.5119677123730004,4.263685492611524,3.6876176263361042,2.434209899019688,2.7930530663920003,2.4725780545314517,1.8846032456712434,0.992750962219771,1.141757210710528,3.1813129767307693,3.0949222620283443,2.5321056700840243,2.9657014656582312,2.634141126953126,1.5878206271566726,1.0,2.067431369599,3.6166823433207735,4.021540635922375,2.451633934549953,1.0,1.3324898878749916,3.5248321104205367,3.894197060699287,1.915987795114273,3.93245043229325,2.8283655345130003,2.6729525036285042,3.021747758538375,2.930569010791561,2.6200395054704497,2.47956754203137,2.888326071272557,3.0042576225280007,3.387631931195392,3.738862490774893,2.5813009959040003,2.8460121177846256,2.5637158053186253,2.6200395054704497,2.6165152357270003,2.6094681474170884,2.9164972688111255,3.314069225587,2.930569010791561,1.7594302726635525,1.0,1.0,2.057585820816637,3.9724378307853043,2.067431369599,4.357917529168385,3.5789863521232097,2.7930530663920003,2.7117974459754075,2.7223951360000003,2.8812780877213755
eye_eye_delay_video_send_687044597_1,-1.0,11.0,121.0,230.0,323.5,268.0,258.0,265.0,263.0,226.5,193.5,261.5,258.5,242.5,235.0,230.5,224.5,226.0,230.0,224.0,222.0,223.5,230.0,228.5,221.5,220.0,214.5,209.0,208.0,206.0,207.0,203.5,199.0,195.5,196.5,205.5,206.0,206.0,212.0,220.0,219.5,215.0,221.0,224.5,210.0,207.0,205.5,207.0,213.0,226.0,235.0,235.5,236.0,240.5,245.0,247.5,232.0,215.0,216.5,208.5,209.5,210.0,199.5,197.5,199.5,198.5,193.0,208.0,227.5,229.5,234.5,239.5,229.5,230.0,223.5,209.5,207.5,203.5,212.0,227.5,239.0,247.0,232.0,224.0,218.5,219.5,218.0,216.5,216.5
kpi_video_synchronization_687044597_1,5,5,4.72,3.2666666666666666,2.0200000000000005,2.7600000000000002,2.8933333333333335,2.8000000000000003,2.826666666666667,3.3133333333333335,3.7533333333333334,2.8466666666666667,2.8866666666666667,3.1,3.2,3.2600000000000002,3.34,3.3200000000000003,3.2666666666666666,3.3466666666666667,3.3733333333333335,3.3533333333333335,3.2666666666666666,3.286666666666667,3.38,3.4000000000000004,3.4733333333333336,3.546666666666667,3.56,3.586666666666667,3.5733333333333333,3.62,3.68,3.7266666666666666,3.7133333333333334,3.5933333333333337,3.586666666666667,3.586666666666667,3.506666666666667,3.4000000000000004,3.4066666666666667,3.466666666666667,3.3866666666666667,3.34,3.533333333333333,3.5733333333333333,3.5933333333333337,3.5733333333333333,3.4933333333333336,3.3200000000000003,3.2,3.1933333333333334,3.1866666666666665,3.126666666666667,3.066666666666667,3.033333333333333,3.24,3.466666666666667,3.4466666666666668,3.5533333333333337,3.54,3.533333333333333,3.6733333333333333,3.7,3.6733333333333333,3.6866666666666665,3.76,3.56,3.3000000000000003,3.2733333333333334,3.206666666666667,3.14,3.2733333333333334,3.2666666666666666,3.3533333333333335,3.54,3.566666666666667,3.62,3.506666666666667,3.3000000000000003,3.146666666666667,3.04,3.24,3.3466666666666667,3.42,3.4066666666666667,3.4266666666666667,3.4466666666666668,3.4466666666666668
av_delay_send_687044597_1,-0.5,-11.5,5.5,45.0,59.0,-14.5,54.0,321.0,489.5,404.0,413.0,271.5,247.0,270.5,293.5,335.0,328.5,401.0,302.5,264.0,453.0,611.0,534.5,441.0,456.5,354.5,307.5,379.0,472.0,711.0,404.0,136.0,-1.0,116.0,299.0,239.0,284.0,372.0,598.0,510.5,169.5,186.5,260.5,195.5,257.0,421.5,683.0,342.5,110.0,26.0,258.0,757.0,444.0,97.0,31.0,325.5,37.0,224.5,245.0,203.5,215.5,259.0,289.5,233.5,215.0,160.0,110.0,266.5,209.5,247.5,234.5,230.0,241.0,197.0,146.0,215.5,391.0,646.0,736.0,323.5,22.5,302.5,-90.0,105.0,226.0,236.5,236.5,215.5,540.5
kpi_av_synchronization_687044597_1,5,5,5,5,3.88,5,4.28,1,1,1,1,1,1,1,1,1,1,1,1,1,1,1,1,1,1,1,1,1,1,1,1,1,5,1,1,1,1,1,1,1,1,1,1,1,1,1,1,1,1,5,1,1,1,1,5,1,5,1,1,1,1,1,1,1,1,1,1,1,1,1,1,1,1,1,1,1,1,1,1,1,5,1,5,1,1,1,1,1,1
