bweforvideo-googAvailableReceiveBandwidth,0.0,0.0,0.0,0.0,0.0,0.0,0.0,0.0,0.0,0.0,0.0,0.0,0.0,0.0,0.0,0.0,0.0,0.0,0.0,0.0,0.0,0.0,0.0,0.0,0.0,0.0,0.0,0.0,0.0,0.0,0.0,0.0,0.0,0.0,0.0,0.0,0.0,0.0,0.0,0.0,0.0,0.0,0.0,0.0,0.0,0.0,0.0,0.0,0.0,0.0,0.0,0.0,0.0,0.0,0.0,0.0,0.0,0.0,0.0,0.0,0.0,0.0,0.0,0.0,0.0,0.0,0.0,0.0,0.0,0.0,0.0,0.0,0.0,0.0,0.0,0.0,0.0,0.0,0.0,0.0,0.0,0.0,0.0,0.0,0.0,0.0,0.0,0.0,0.0,0.0,0.0,0.0,0.0,0.0,0.0
bweforvideo-googAvailableSendBandwidth,0.0,249662.0,273439.0,379173.0,210112.0,220748.0,239408.0,258394.0,264718.0,278085.0,278085.0,278085.0,288152.0,309053.0,329658.0,344687.0,344687.0,356877.0,367530.0,367530.0,367530.0,373170.0,378143.0,385687.0,395327.0,395327.0,395327.0,397488.0,397488.0,409347.0,426420.0,426420.0,426420.0,435351.0,437013.0,444223.0,471033.0,483802.0,490203.0,500842.0,514567.0,514567.0,514567.0,514567.0,514567.0,514567.0,514567.0,514567.0,514567.0,514567.0,514567.0,514567.0,514567.0,514567.0,514567.0,514567.0,514567.0,514567.0,514567.0,514567.0,133369.0,130501.0,141941.0,154296.0,166056.0,168373.0,0.0,93774.0,104609.0,141225.0,87503.0,95148.0,104143.0,113061.0,116206.0,121003.0,125000.0,126899.0,132063.0,142510.0,90762.0,99023.0,107945.0,117581.0,126152.0,132803.0,140094.0,150831.0,165009.0,175086.0,176081.0,185808.0,156650.0,169178.0,184797.0
bweforvideo-googBucketDelay,0.0,38.0,36.0,38.0,69.0,347.0,779.0,997.0,1315.0,1502.0,1745.0,1749.0,1966.0,1980.0,1816.0,1977.0,1968.0,1929.0,2012.0,2002.0,2003.0,1947.0,1779.0,1928.0,1800.0,1929.0,1970.0,1978.0,1775.0,1798.0,1768.0,1694.0,1550.0,1261.0,1265.0,1194.0,1032.0,792.0,531.0,269.0,2.0,0.0,1.0,0.0,0.0,6.0,2.0,24.0,4.0,6.0,2.0,1.0,0.0,12.0,4.0,0.0,3.0,0.0,2.0,0.0,316.0,185.0,823.0,977.0,1021.0,1249.0,1542.0,1762.0,2467.0,1927.0,1528.0,1928.0,2286.0,2180.0,2017.0,2028.0,2155.0,1989.0,1966.0,1995.0,1990.0,2180.0,2536.0,2197.0,1984.0,1996.0,2004.0,1978.0,1821.0,1794.0,1963.0,1962.0,1985.0,2029.0,2253.0
timestamp,1620373438,1620373439,1620373440,1620373441,1620373442,1620373443,1620373444,1620373445,1620373446,1620373447,1620373448,1620373449,1620373450,1620373451,1620373452,1620373453,1620373454,1620373455,1620373456,1620373457,1620373458,1620373459,1620373460,1620373461,1620373462,1620373463,1620373464,1620373465,1620373466,1620373467,1620373468,1620373469,1620373470,1620373471,1620373472,1620373473,1620373474,1620373475,1620373476,1620373477,1620373478,1620373479,1620373480,1620373481,1620373482,1620373483,1620373484,1620373485,1620373486,1620373487,1620373488,1620373489,1620373490,1620373491,1620373492,1620373493,1620373494,1620373495,1620373496,1620373497,1620373498,1620373499,1620373500,1620373501,1620373502,1620373503,1620373504,1620373505,1620373506,1620373507,1620373508,1620373509,1620373510,1620373511,1620373512,1620373513,1620373514,1620373515,1620373516,1620373517,1620373518,1620373519,1620373520,1620373521,1620373522,1620373523,1620373524,1620373525,1620373526,1620373527,1620373528,1620373529,1620373530,1620373531,1620373532
audio_bitsReceivedPerSecond,-1,0.0,429832.0,404768.0,403968.0,423496.0,443808.0,422696.0,482592.0,473416.0,468352.0,456576.0,448000.0,451256.0,443776.0,436344.0,460520.0,462256.0,463248.0,472536.0,471440.0,451968.0,456768.0,457600.0,459832.0,479664.0,472448.0,463720.0,476144.0,433000.0,461368.0,436640.0,445992.0,460960.0,469440.0,435776.0,461968.0,462808.0,486816.0,424568.0,452120.0,452112.0,464520.0,500320.0,489000.0,432528.0,439144.0,421968.0,442864.0,416328.0,429088.0,394576.0,426160.0,449032.0,411048.0,404752.0,408272.0,423336.0,463800.0,437736.0,462216.0,443432.0,435496.0,488632.0,467176.0,506368.0,496160.0,449352.0,484160.0,419944.0,436712.0,423912.0,418656.0,454440.0,425848.0,443560.0,442072.0,462200.0,481864.0,412504.0,427312.0,398280.0,399128.0,432872.0,400344.0,410256.0,420080.0,421680.0,463504.0,426784.0,461200.0,436440.0,427816.0,434632.0,425024.0
audio_bitsSentPerSecond,-1,0.0,150328.0,185768.0,261840.0,150448.0,145696.0,164344.0,176272.0,177200.0,194768.0,219360.0,251544.0,240760.0,292416.0,256368.0,267576.0,251688.0,269680.0,246056.0,248280.0,251544.0,254824.0,245632.0,264800.0,261872.0,271696.0,262136.0,275944.0,272216.0,274024.0,277920.0,292984.0,280832.0,297904.0,287680.0,311880.0,312712.0,328984.0,325136.0,314352.0,246864.0,255952.0,243752.0,258400.0,278504.0,253624.0,285000.0,266720.0,258936.0,276240.0,254640.0,256856.0,255552.0,265944.0,278400.0,242752.0,239224.0,229712.0,219376.0,150336.0,164240.0,91936.0,101312.0,112096.0,111208.0,107888.0,120728.0,96560.0,93728.0,75632.0,60800.0,81800.0,78112.0,82952.0,81728.0,84344.0,97360.0,109232.0,103664.0,114936.0,103896.0,100200.0,86248.0,88216.0,89240.0,100952.0,104872.0,124184.0,122488.0,141208.0,141464.0,151320.0,138008.0,145168.0
audio_packetsSentPerSecond,-1,0.0,85.0,78.0,84.0,68.0,65.0,70.0,70.0,72.0,78.0,80.0,82.0,77.0,93.0,82.0,85.0,84.0,88.0,85.0,83.0,82.0,85.0,80.0,82.0,80.0,88.0,83.0,89.0,85.0,87.0,87.0,92.0,88.0,90.0,91.0,94.0,92.0,97.0,100.0,97.0,81.0,85.0,81.0,83.0,86.0,89.0,87.0,90.0,85.0,93.0,82.0,85.0,86.0,83.0,86.0,83.0,82.0,82.0,77.0,69.0,85.0,54.0,72.0,67.0,65.0,62.0,67.0,56.0,53.0,54.0,60.0,62.0,78.0,74.0,72.0,71.0,71.0,81.0,68.0,72.0,70.0,58.0,81.0,84.0,69.0,78.0,73.0,79.0,72.0,79.0,73.0,73.0,71.0,73.0
audio_googLocalAddress,-1,34.70.165.150:48733,34.70.165.150:48733,34.70.165.150:48733,34.70.165.150:48733,34.70.165.150:48733,34.70.165.150:48733,34.70.165.150:48733,34.70.165.150:48733,34.70.165.150:48733,34.70.165.150:48733,34.70.165.150:48733,34.70.165.150:48733,34.70.165.150:48733,34.70.165.150:48733,34.70.165.150:48733,34.70.165.150:48733,34.70.165.150:48733,34.70.165.150:48733,34.70.165.150:48733,34.70.165.150:48733,34.70.165.150:48733,34.70.165.150:48733,34.70.165.150:48733,34.70.165.150:48733,34.70.165.150:48733,34.70.165.150:48733,34.70.165.150:48733,34.70.165.150:48733,34.70.165.150:48733,34.70.165.150:48733,34.70.165.150:48733,34.70.165.150:48733,34.70.165.150:48733,34.70.165.150:48733,34.70.165.150:48733,34.70.165.150:48733,34.70.165.150:48733,34.70.165.150:48733,34.70.165.150:48733,34.70.165.150:48733,34.70.165.150:48733,34.70.165.150:48733,34.70.165.150:48733,34.70.165.150:48733,34.70.165.150:48733,34.70.165.150:48733,34.70.165.150:48733,34.70.165.150:48733,34.70.165.150:48733,34.70.165.150:48733,34.70.165.150:48733,34.70.165.150:48733,34.70.165.150:48733,34.70.165.150:48733,34.70.165.150:48733,34.70.165.150:48733,34.70.165.150:48733,34.70.165.150:48733,34.70.165.150:48733,34.70.165.150:48733,34.70.165.150:48733,34.70.165.150:48733,34.70.165.150:48733,34.70.165.150:48733,34.70.165.150:48733,34.70.165.150:48733,34.70.165.150:48733,34.70.165.150:48733,34.70.165.150:48733,34.70.165.150:48733,34.70.165.150:48733,34.70.165.150:48733,34.70.165.150:48733,34.70.165.150:48733,34.70.165.150:48733,34.70.165.150:48733,34.70.165.150:48733,34.70.165.150:48733,34.70.165.150:48733,34.70.165.150:48733,34.70.165.150:48733,34.70.165.150:48733,34.70.165.150:48733,34.70.165.150:48733,34.70.165.150:48733,34.70.165.150:48733,34.70.165.150:48733,34.70.165.150:48733,34.70.165.150:48733,34.70.165.150:48733,34.70.165.150:48733,34.70.165.150:48733,34.70.165.150:48733,34.70.165.150:48733
audio_googRemoteAddress,-1,158.101.112.6:10000,158.101.112.6:10000,158.101.112.6:10000,158.101.112.6:10000,158.101.112.6:10000,158.101.112.6:10000,158.101.112.6:10000,158.101.112.6:10000,158.101.112.6:10000,158.101.112.6:10000,158.101.112.6:10000,158.101.112.6:10000,158.101.112.6:10000,158.101.112.6:10000,158.101.112.6:10000,158.101.112.6:10000,158.101.112.6:10000,158.101.112.6:10000,158.101.112.6:10000,158.101.112.6:10000,158.101.112.6:10000,158.101.112.6:10000,158.101.112.6:10000,158.101.112.6:10000,158.101.112.6:10000,158.101.112.6:10000,158.101.112.6:10000,158.101.112.6:10000,158.101.112.6:10000,158.101.112.6:10000,158.101.112.6:10000,158.101.112.6:10000,158.101.112.6:10000,158.101.112.6:10000,158.101.112.6:10000,158.101.112.6:10000,158.101.112.6:10000,158.101.112.6:10000,158.101.112.6:10000,158.101.112.6:10000,158.101.112.6:10000,158.101.112.6:10000,158.101.112.6:10000,158.101.112.6:10000,158.101.112.6:10000,158.101.112.6:10000,158.101.112.6:10000,158.101.112.6:10000,158.101.112.6:10000,158.101.112.6:10000,158.101.112.6:10000,158.101.112.6:10000,158.101.112.6:10000,158.101.112.6:10000,158.101.112.6:10000,158.101.112.6:10000,158.101.112.6:10000,158.101.112.6:10000,158.101.112.6:10000,158.101.112.6:10000,158.101.112.6:10000,158.101.112.6:10000,158.101.112.6:10000,158.101.112.6:10000,158.101.112.6:10000,158.101.112.6:10000,158.101.112.6:10000,158.101.112.6:10000,158.101.112.6:10000,158.101.112.6:10000,158.101.112.6:10000,158.101.112.6:10000,158.101.112.6:10000,158.101.112.6:10000,158.101.112.6:10000,158.101.112.6:10000,158.101.112.6:10000,158.101.112.6:10000,158.101.112.6:10000,158.101.112.6:10000,158.101.112.6:10000,158.101.112.6:10000,158.101.112.6:10000,158.101.112.6:10000,158.101.112.6:10000,158.101.112.6:10000,158.101.112.6:10000,158.101.112.6:10000,158.101.112.6:10000,158.101.112.6:10000,158.101.112.6:10000,158.101.112.6:10000,158.101.112.6:10000,158.101.112.6:10000
audio_googRtt,-1,201.0,167.0,167.0,141.0,141.0,117.0,117.0,99.0,99.0,99.0,83.0,83.0,83.0,76.0,76.0,107.0,107.0,107.0,139.0,139.0,119.0,119.0,119.0,142.0,142.0,121.0,121.0,121.0,138.0,138.0,150.0,150.0,150.0,164.0,164.0,168.0,168.0,168.0,177.0,177.0,177.0,177.0,177.0,181.0,181.0,183.0,183.0,183.0,147.0,147.0,150.0,150.0,150.0,157.0,157.0,160.0,160.0,160.0,161.0,161.0,161.0,161.0,161.0,160.0,160.0,159.0,159.0,159.0,153.0,153.0,148.0,148.0,148.0,148.0,148.0,122.0,122.0,122.0,105.0,105.0,89.0,89.0,89.0,77.0,77.0,68.0,68.0,68.0,60.0,60.0,53.0,53.0,53.0,48.0
audio_recv_bitsReceivedPerSecond_2777709292,0.0,3136.0,5840.0,4232.0,5840.0,2832.0,6792.0,6384.0,9560.0,10112.0,20488.0,10280.0,15848.0,16608.0,24008.0,34816.0,36400.0,40480.0,37128.0,36712.0,43256.0,37608.0,26800.0,25000.0,31704.0,25872.0,25800.0,26040.0,26288.0,26736.0,22568.0,26152.0,26040.0,25784.0,24800.0,26224.0,25840.0,25216.0,38848.0,26672.0,23864.0,27560.0,27384.0,24384.0,42960.0,20824.0,7552.0,9168.0,7224.0,8152.0,8352.0,8600.0,7936.0,8536.0,7992.0,8600.0,7936.0,8600.0,7912.0,8608.0,7816.0,8440.0,7920.0,8472.0,7776.0,38104.0,40800.0,8400.0,8936.0,11264.0,9552.0,11328.0,9056.0,15424.0,12384.0,10648.0,8528.0,9672.0,7824.0,7976.0,9744.0,11112.0,11640.0,10456.0,7328.0,15376.0,9944.0,14176.0,10392.0,9064.0,9424.0,10608.0,13696.0,14976.0,17120.0
audio_recv_packetsReceivedPerSecond_2777709292,0.0,3.0,6.0,5.0,5.0,2.0,8.0,7.0,11.0,10.0,24.0,12.0,19.0,19.0,27.0,40.0,45.0,47.0,43.0,42.0,49.0,49.0,50.0,46.0,50.0,49.0,50.0,50.0,50.0,50.0,41.0,50.0,50.0,48.0,47.0,48.0,50.0,45.0,46.0,49.0,43.0,50.0,50.0,44.0,50.0,26.0,10.0,11.0,7.0,7.0,8.0,8.0,7.0,8.0,7.0,8.0,7.0,8.0,7.0,8.0,7.0,8.0,7.0,8.0,7.0,43.0,47.0,12.0,13.0,17.0,14.0,17.0,14.0,25.0,19.0,16.0,12.0,14.0,11.0,12.0,15.0,16.0,18.0,15.0,10.0,19.0,15.0,22.0,16.0,13.0,14.0,16.0,18.0,19.0,18.0
audio_recv_googCurrentDelayMs_2777709292,0.0,35.0,43.0,48.0,44.0,43.0,54.0,50.0,52.0,59.0,89.0,159.0,111.0,85.0,97.0,203.0,377.0,630.0,1037.0,1400.0,1631.0,1918.0,2156.0,2417.0,2808.0,3067.0,3416.0,95.0,307.0,594.0,873.0,1107.0,1349.0,1607.0,1957.0,2247.0,2605.0,2931.0,3176.0,3479.0,3771.0,81.0,212.0,345.0,565.0,767.0,858.0,401.0,161.0,91.0,59.0,54.0,50.0,51.0,48.0,46.0,46.0,49.0,51.0,52.0,50.0,54.0,53.0,52.0,54.0,170.0,344.0,530.0,206.0,107.0,67.0,59.0,60.0,78.0,71.0,57.0,60.0,59.0,50.0,54.0,60.0,60.0,65.0,63.0,48.0,61.0,60.0,55.0,72.0,56.0,64.0,71.0,58.0,66.0,62.0
audio_recv_googJitterBufferMs_2777709292,0.0,4.0,3.0,5.0,1.0,2.0,6.0,4.0,4.0,50.0,187.0,2.0,2.0,42.0,70.0,327.0,602.0,962.0,1237.0,1490.0,1757.0,2085.0,2465.0,2780.0,3112.0,3456.0,3811.0,240.0,598.0,913.0,1035.0,1379.0,1671.0,1970.0,2238.0,2558.0,2880.0,3156.0,3338.0,3670.0,3807.0,176.0,473.0,617.0,873.0,689.0,228.0,7.0,10.0,11.0,5.0,8.0,6.0,8.0,6.0,3.0,4.0,5.0,10.0,8.0,9.0,11.0,11.0,8.0,11.0,367.0,584.0,180.0,1.0,4.0,5.0,22.0,11.0,53.0,16.0,5.0,5.0,2.0,0.0,3.0,5.0,9.0,15.0,28.0,2.0,6.0,3.0,0.0,20.0,1.0,7.0,11.0,2.0,6.0,1.0
audio_recv_googJitterReceived_2777709292,0.0,2.0,9.0,16.0,22.0,22.0,25.0,25.0,27.0,31.0,23.0,43.0,42.0,43.0,31.0,25.0,24.0,20.0,16.0,17.0,17.0,19.0,17.0,19.0,18.0,19.0,16.0,19.0,16.0,15.0,16.0,19.0,17.0,20.0,16.0,20.0,16.0,24.0,16.0,19.0,12.0,19.0,16.0,26.0,16.0,21.0,32.0,32.0,28.0,28.0,28.0,28.0,28.0,28.0,28.0,28.0,28.0,28.0,28.0,28.0,28.0,28.0,28.0,27.0,29.0,20.0,20.0,21.0,26.0,25.0,27.0,23.0,24.0,24.0,19.0,23.0,28.0,23.0,26.0,25.0,23.0,24.0,18.0,19.0,22.0,20.0,24.0,18.0,20.0,21.0,22.0,24.0,20.0,22.0,23.0
audio_recv_googPreferredJitterBufferMs_2777709292,0.0,80.0,20.0,20.0,20.0,20.0,20.0,20.0,20.0,20.0,20.0,20.0,20.0,20.0,20.0,20.0,40.0,20.0,20.0,20.0,20.0,20.0,20.0,20.0,40.0,40.0,40.0,20.0,20.0,20.0,20.0,20.0,20.0,20.0,20.0,20.0,20.0,20.0,20.0,20.0,20.0,20.0,20.0,20.0,20.0,20.0,20.0,20.0,20.0,20.0,20.0,20.0,20.0,20.0,20.0,20.0,20.0,20.0,20.0,20.0,20.0,20.0,20.0,20.0,20.0,20.0,20.0,20.0,20.0,20.0,20.0,20.0,20.0,20.0,20.0,20.0,20.0,20.0,20.0,20.0,20.0,20.0,20.0,20.0,20.0,20.0,20.0,20.0,20.0,20.0,20.0,20.0,20.0,20.0,20.0
video_recv_bitsReceivedPerSecond_2631712493,0.0,51688.0,196776.0,222104.0,207512.0,210832.0,213168.0,216032.0,227048.0,213848.0,211040.0,211928.0,205896.0,226136.0,207760.0,206984.0,215256.0,219064.0,220112.0,219040.0,209576.0,212080.0,211904.0,223936.0,210032.0,203600.0,211456.0,218896.0,223136.0,198320.0,225672.0,209320.0,213696.0,226632.0,215328.0,198368.0,211672.0,219104.0,232968.0,199920.0,226928.0,207480.0,206848.0,226632.0,212400.0,201312.0,217336.0,211528.0,230824.0,197888.0,230184.0,210184.0,224080.0,211976.0,210792.0,204608.0,214944.0,210200.0,230832.0,196288.0,229576.0,208568.0,207824.0,224688.0,212456.0,204640.0,216032.0,213032.0,232288.0,194256.0,229368.0,208928.0,207784.0,225520.0,212112.0,202744.0,212960.0,217256.0,234416.0,193008.0,228496.0,209048.0,209864.0,225464.0,211008.0,204376.0,213824.0,214872.0,231104.0,194384.0,232768.0,206208.0,208376.0,223976.0,212064.0
video_recv_packetsReceivedPerSecond_2631712493,0.0,13.0,60.0,60.0,59.0,60.0,59.0,60.0,60.0,61.0,59.0,60.0,60.0,60.0,59.0,60.0,59.0,60.0,59.0,61.0,58.0,60.0,60.0,59.0,60.0,59.0,59.0,60.0,59.0,57.0,63.0,59.0,61.0,59.0,60.0,59.0,59.0,61.0,62.0,59.0,61.0,59.0,60.0,60.0,60.0,59.0,60.0,59.0,60.0,59.0,64.0,59.0,63.0,59.0,60.0,59.0,60.0,60.0,60.0,59.0,62.0,59.0,59.0,59.0,60.0,59.0,60.0,59.0,60.0,59.0,63.0,59.0,60.0,59.0,60.0,59.0,60.0,59.0,61.0,59.0,63.0,59.0,60.0,59.0,60.0,59.0,60.0,60.0,60.0,60.0,63.0,59.0,60.0,60.0,60.0
video_recv_googCurrentDelayMs_2631712493,0.0,22.0,46.0,56.0,71.0,72.0,74.0,73.0,76.0,81.0,82.0,83.0,82.0,82.0,82.0,82.0,82.0,83.0,82.0,82.0,82.0,84.0,82.0,82.0,83.0,84.0,84.0,83.0,83.0,84.0,83.0,83.0,84.0,83.0,82.0,81.0,81.0,81.0,82.0,82.0,81.0,81.0,80.0,80.0,80.0,79.0,79.0,80.0,79.0,79.0,78.0,78.0,79.0,79.0,80.0,80.0,80.0,80.0,80.0,81.0,82.0,82.0,82.0,81.0,80.0,80.0,79.0,78.0,79.0,79.0,79.0,80.0,81.0,81.0,81.0,81.0,82.0,82.0,82.0,82.0,82.0,82.0,81.0,82.0,83.0,82.0,81.0,81.0,81.0,81.0,80.0,81.0,81.0,81.0,82.0
video_recv_googDecodeMs_2631712493,0.0,1.0,1.0,1.0,0.0,1.0,1.0,1.0,1.0,1.0,1.0,1.0,1.0,1.0,1.0,1.0,1.0,1.0,1.0,1.0,1.0,0.0,1.0,0.0,1.0,1.0,1.0,0.0,0.0,0.0,1.0,1.0,1.0,1.0,0.0,1.0,1.0,1.0,1.0,1.0,1.0,1.0,1.0,1.0,0.0,0.0,1.0,0.0,1.0,1.0,1.0,1.0,1.0,2.0,1.0,1.0,1.0,0.0,1.0,0.0,0.0,1.0,1.0,1.0,1.0,1.0,0.0,1.0,1.0,1.0,1.0,0.0,1.0,1.0,1.0,1.0,1.0,0.0,1.0,0.0,0.0,1.0,1.0,1.0,0.0,1.0,1.0,1.0,1.0,0.0,1.0,1.0,1.0,0.0,1.0
video_recv_googFrameHeightReceived_2631712493,0.0,180.0,180.0,180.0,180.0,180.0,180.0,180.0,180.0,180.0,180.0,180.0,180.0,180.0,180.0,180.0,180.0,180.0,180.0,180.0,180.0,180.0,180.0,180.0,180.0,180.0,180.0,180.0,180.0,180.0,180.0,180.0,180.0,180.0,180.0,180.0,180.0,180.0,180.0,180.0,180.0,180.0,180.0,180.0,180.0,180.0,180.0,180.0,180.0,180.0,180.0,180.0,180.0,180.0,180.0,180.0,180.0,180.0,180.0,180.0,180.0,180.0,180.0,180.0,180.0,180.0,180.0,180.0,180.0,180.0,180.0,180.0,180.0,180.0,180.0,180.0,180.0,180.0,180.0,180.0,180.0,180.0,180.0,180.0,180.0,180.0,180.0,180.0,180.0,180.0,180.0,180.0,180.0,180.0,180.0
video_recv_googFrameRateOutput_2631712493,0.0,176.0,36.0,37.0,25.0,33.0,33.0,34.0,38.0,32.0,32.0,38.0,39.0,34.0,35.0,36.0,38.0,33.0,38.0,37.0,34.0,36.0,40.0,33.0,34.0,37.0,35.0,33.0,33.0,33.0,32.0,33.0,37.0,42.0,36.0,35.0,40.0,39.0,37.0,37.0,34.0,31.0,34.0,36.0,33.0,36.0,34.0,31.0,34.0,37.0,35.0,35.0,35.0,36.0,32.0,37.0,35.0,32.0,38.0,37.0,33.0,34.0,40.0,43.0,35.0,35.0,34.0,40.0,35.0,30.0,32.0,31.0,38.0,34.0,32.0,30.0,36.0,32.0,35.0,36.0,32.0,30.0,34.0,33.0,35.0,34.0,33.0,37.0,35.0,31.0,35.0,34.0,35.0,37.0,32.0
video_recv_googFrameRateReceived_2631712493,0.0,6.0,33.0,30.0,32.0,37.0,37.0,36.0,37.0,40.0,36.0,40.0,40.0,36.0,36.0,34.0,38.0,37.0,36.0,39.0,34.0,37.0,41.0,36.0,33.0,35.0,35.0,37.0,38.0,34.0,35.0,35.0,39.0,37.0,36.0,39.0,36.0,35.0,37.0,36.0,38.0,37.0,35.0,35.0,35.0,37.0,38.0,38.0,37.0,35.0,36.0,35.0,35.0,34.0,38.0,36.0,36.0,36.0,34.0,40.0,32.0,37.0,34.0,39.0,37.0,37.0,35.0,36.0,37.0,39.0,36.0,35.0,36.0,34.0,36.0,38.0,36.0,37.0,35.0,36.0,37.0,36.0,35.0,42.0,37.0,35.0,36.0,37.0,34.0,32.0,33.0,35.0,35.0,41.0,34.0
video_recv_googFrameWidthReceived_2631712493,0.0,320.0,320.0,320.0,320.0,320.0,320.0,320.0,320.0,320.0,320.0,320.0,320.0,320.0,320.0,320.0,320.0,320.0,320.0,320.0,320.0,320.0,320.0,320.0,320.0,320.0,320.0,320.0,320.0,320.0,320.0,320.0,320.0,320.0,320.0,320.0,320.0,320.0,320.0,320.0,320.0,320.0,320.0,320.0,320.0,320.0,320.0,320.0,320.0,320.0,320.0,320.0,320.0,320.0,320.0,320.0,320.0,320.0,320.0,320.0,320.0,320.0,320.0,320.0,320.0,320.0,320.0,320.0,320.0,320.0,320.0,320.0,320.0,320.0,320.0,320.0,320.0,320.0,320.0,320.0,320.0,320.0,320.0,320.0,320.0,320.0,320.0,320.0,320.0,320.0,320.0,320.0,320.0,320.0,320.0
video_recv_googInterframeDelayMax_2631712493,-1.0,18.0,146.0,140.0,206.0,138.0,150.0,137.0,146.0,140.0,142.0,138.0,144.0,138.0,139.0,141.0,138.0,148.0,137.0,140.0,139.0,152.0,163.0,152.0,141.0,143.0,140.0,140.0,167.0,172.0,172.0,133.0,129.0,133.0,131.0,129.0,131.0,136.0,136.0,130.0,131.0,131.0,136.0,132.0,136.0,132.0,132.0,141.0,134.0,134.0,139.0,137.0,137.0,135.0,138.0,137.0,134.0,135.0,135.0,133.0,132.0,135.0,134.0,133.0,132.0,136.0,138.0,134.0,141.0,134.0,144.0,134.0,137.0,135.0,137.0,134.0,137.0,137.0,147.0,131.0,138.0,131.0,132.0,131.0,131.0,134.0,135.0,133.0,133.0,131.0,134.0,134.0,132.0,135.0,135.0
video_recv_googJitterBufferMs_2631712493,0.0,11.0,35.0,45.0,60.0,61.0,63.0,63.0,65.0,70.0,71.0,72.0,71.0,71.0,71.0,71.0,71.0,72.0,71.0,71.0,71.0,72.0,71.0,71.0,71.0,72.0,72.0,71.0,71.0,71.0,71.0,71.0,71.0,70.0,70.0,70.0,70.0,70.0,70.0,70.0,70.0,70.0,69.0,69.0,69.0,68.0,68.0,69.0,68.0,68.0,67.0,67.0,68.0,68.0,68.0,68.0,68.0,68.0,69.0,69.0,70.0,70.0,70.0,69.0,69.0,69.0,68.0,67.0,67.0,68.0,68.0,69.0,69.0,69.0,69.0,69.0,70.0,70.0,70.0,70.0,70.0,70.0,70.0,70.0,71.0,70.0,70.0,70.0,70.0,70.0,70.0,70.0,70.0,70.0,71.0
video_recv_googPlisSent_2631712493,0.0,0.0,0.0,0.0,0.0,0.0,0.0,0.0,0.0,0.0,0.0,0.0,0.0,0.0,0.0,0.0,0.0,0.0,0.0,0.0,0.0,0.0,0.0,0.0,0.0,0.0,0.0,0.0,0.0,0.0,0.0,0.0,0.0,0.0,0.0,0.0,0.0,0.0,0.0,0.0,0.0,0.0,0.0,0.0,0.0,0.0,0.0,0.0,0.0,0.0,0.0,0.0,0.0,0.0,0.0,0.0,0.0,0.0,0.0,0.0,0.0,0.0,0.0,0.0,0.0,0.0,0.0,0.0,0.0,0.0,0.0,0.0,0.0,0.0,0.0,0.0,0.0,0.0,0.0,0.0,0.0,0.0,0.0,0.0,0.0,0.0,0.0,0.0,0.0,0.0,0.0,0.0,0.0,0.0,0.0
audio_send_bitsSentPerSecond_1130642446,0.0,3664.0,18624.0,19136.0,19896.0,20728.0,18952.0,18696.0,20656.0,17920.0,19176.0,21464.0,23416.0,21344.0,24224.0,23624.0,23416.0,17560.0,22376.0,22976.0,22472.0,20184.0,23632.0,17496.0,20896.0,19336.0,20920.0,19808.0,20248.0,19880.0,20896.0,21168.0,22536.0,18864.0,23712.0,22744.0,18344.0,21360.0,23888.0,20416.0,16792.0,20176.0,21240.0,16640.0,23040.0,20160.0,19224.0,22480.0,24424.0,18560.0,18200.0,20568.0,24224.0,21624.0,19296.0,18176.0,24152.0,17704.0,19032.0,16640.0,20032.0,19048.0,19248.0,19016.0,24224.0,23056.0,20872.0,20216.0,20464.0,20872.0,17168.0,19856.0,19552.0,19296.0,16056.0,18200.0,16200.0,15800.0,15912.0,16240.0,21744.0,21312.0,19720.0,20024.0,20104.0,17928.0,18480.0,19568.0,19560.0,18504.0,20128.0,18864.0,20376.0,18576.0,24160.0
audio_send_packetsSentPerSecond_1130642446,0.0,6.0,27.0,26.0,28.0,28.0,26.0,27.0,28.0,26.0,29.0,28.0,27.0,26.0,28.0,28.0,27.0,27.0,27.0,27.0,27.0,27.0,28.0,27.0,28.0,26.0,27.0,26.0,28.0,27.0,27.0,27.0,28.0,27.0,28.0,27.0,27.0,27.0,28.0,26.0,29.0,26.0,28.0,26.0,28.0,26.0,29.0,27.0,28.0,28.0,28.0,26.0,28.0,26.0,27.0,27.0,28.0,27.0,28.0,26.0,27.0,26.0,28.0,28.0,28.0,27.0,28.0,28.0,29.0,28.0,28.0,27.0,29.0,27.0,28.0,26.0,27.0,28.0,29.0,27.0,28.0,28.0,27.0,27.0,28.0,27.0,29.0,27.0,28.0,27.0,28.0,27.0,28.0,28.0,28.0
video_send_bitsSentPerSecond_3426485322,0.0,98944.0,118248.0,144072.0,226312.0,114976.0,113336.0,131128.0,141168.0,144704.0,159848.0,181200.0,212088.0,204816.0,250160.0,216912.0,228000.0,218088.0,229272.0,206336.0,210224.0,215600.0,214328.0,212232.0,228176.0,227408.0,232936.0,226128.0,238336.0,236224.0,236368.0,240200.0,252968.0,245232.0,257392.0,247160.0,275808.0,274112.0,286352.0,285808.0,279024.0,211096.0,218184.0,211480.0,219440.0,242200.0,217288.0,245984.0,224560.0,223424.0,241424.0,217664.0,216224.0,216088.0,231032.0,249336.0,197032.0,205776.0,194968.0,187112.0,116144.0,129528.0,60896.0,68160.0,74880.0,77792.0,72504.0,86680.0,64584.0,61688.0,47328.0,28208.0,49880.0,44144.0,53624.0,48864.0,54344.0,69328.0,77384.0,74824.0,79216.0,68560.0,69376.0,51056.0,51712.0,57872.0,67072.0,71640.0,89424.0,90752.0,104560.0,107960.0,119392.0,103408.0,106448.0
video_send_packetsLost_3426485322,0.0,0.0,0.0,0.0,0.0,0.0,0.0,0.0,0.0,0.0,0.0,0.0,0.0,0.0,0.0,0.0,0.0,0.0,0.0,0.0,0.0,0.0,0.0,0.0,0.0,0.0,0.0,0.0,0.0,0.0,0.0,0.0,0.0,0.0,0.0,0.0,0.0,0.0,0.0,0.0,0.0,0.0,0.0,0.0,0.0,0.0,0.0,0.0,0.0,0.0,0.0,0.0,0.0,0.0,0.0,0.0,0.0,0.0,0.0,0.0,0.0,0.0,0.0,0.0,0.0,0.0,0.0,0.0,0.0,0.0,0.0,0.0,0.0,0.0,0.0,0.0,0.0,0.0,0.0,0.0,0.0,0.0,0.0,0.0,0.0,0.0,0.0,0.0,0.0,0.0,0.0,0.0,0.0,0.0,0.0
video_send_packetsSentPerSecond_3426485322,0.0,24.0,36.0,30.0,39.0,21.0,20.0,24.0,23.0,26.0,29.0,31.0,36.0,35.0,44.0,36.0,40.0,39.0,38.0,38.0,39.0,38.0,37.0,34.0,37.0,37.0,39.0,39.0,41.0,39.0,41.0,42.0,44.0,42.0,43.0,44.0,48.0,48.0,48.0,52.0,49.0,38.0,38.0,37.0,37.0,42.0,40.0,42.0,41.0,37.0,48.0,36.0,39.0,38.0,39.0,42.0,34.0,36.0,36.0,32.0,24.0,43.0,10.0,28.0,25.0,22.0,22.0,23.0,13.0,11.0,13.0,17.0,19.0,37.0,33.0,30.0,30.0,33.0,34.0,29.0,30.0,27.0,19.0,38.0,38.0,29.0,32.0,32.0,35.0,32.0,29.0,31.0,32.0,28.0,26.0
video_send_googEncodeUsagePercent_3426485322,0.0,61.0,58.0,51.0,43.0,36.0,35.0,36.0,39.0,32.0,28.0,24.0,21.0,21.0,18.0,16.0,17.0,15.0,16.0,14.0,13.0,14.0,13.0,12.0,11.0,10.0,9.0,11.0,10.0,9.0,9.0,8.0,8.0,7.0,7.0,7.0,7.0,7.0,10.0,9.0,9.0,11.0,10.0,10.0,9.0,9.0,8.0,8.0,8.0,8.0,8.0,8.0,10.0,9.0,14.0,13.0,11.0,11.0,10.0,9.0,9.0,8.0,8.0,11.0,10.0,9.0,9.0,9.0,7.0,6.0,6.0,6.0,6.0,6.0,6.0,12.0,11.0,10.0,9.0,9.0,9.0,8.0,8.0,7.0,7.0,7.0,7.0,7.0,7.0,7.0,6.0,6.0,6.0,6.0,6.0
video_send_googFrameHeightInput_3426485322,720.0,720.0,720.0,720.0,720.0,720.0,720.0,720.0,720.0,720.0,720.0,720.0,720.0,720.0,720.0,720.0,720.0,720.0,720.0,720.0,720.0,720.0,720.0,720.0,720.0,720.0,720.0,720.0,720.0,720.0,720.0,720.0,720.0,720.0,720.0,720.0,720.0,720.0,720.0,720.0,720.0,720.0,720.0,720.0,720.0,720.0,720.0,720.0,720.0,720.0,720.0,720.0,720.0,720.0,720.0,720.0,720.0,720.0,720.0,720.0,720.0,720.0,720.0,720.0,720.0,720.0,720.0,720.0,720.0,720.0,720.0,720.0,720.0,720.0,720.0,720.0,720.0,720.0,720.0,720.0,720.0,720.0,720.0,720.0,720.0,720.0,720.0,720.0,720.0,720.0,720.0,720.0,720.0,720.0,720.0
video_send_googFrameHeightSent_3426485322,0.0,180.0,180.0,180.0,180.0,180.0,180.0,180.0,180.0,180.0,180.0,180.0,180.0,180.0,180.0,180.0,180.0,180.0,180.0,180.0,180.0,180.0,180.0,180.0,180.0,180.0,180.0,180.0,180.0,180.0,180.0,180.0,180.0,180.0,180.0,180.0,180.0,180.0,180.0,180.0,180.0,180.0,180.0,180.0,180.0,180.0,180.0,180.0,180.0,180.0,180.0,180.0,180.0,180.0,180.0,180.0,180.0,180.0,180.0,180.0,180.0,180.0,180.0,180.0,180.0,180.0,180.0,180.0,180.0,180.0,180.0,180.0,180.0,180.0,180.0,180.0,180.0,180.0,180.0,180.0,180.0,180.0,180.0,180.0,180.0,180.0,180.0,180.0,180.0,180.0,180.0,180.0,180.0,180.0,180.0
video_send_googFrameRateSent_3426485322,0.0,8.0,30.0,29.0,32.0,28.0,31.0,30.0,29.0,30.0,31.0,29.0,32.0,31.0,33.0,31.0,31.0,31.0,33.0,30.0,31.0,28.0,29.0,32.0,33.0,32.0,32.0,31.0,33.0,32.0,33.0,31.0,32.0,29.0,32.0,31.0,33.0,31.0,31.0,32.0,33.0,32.0,33.0,32.0,31.0,32.0,31.0,32.0,33.0,33.0,33.0,32.0,32.0,31.0,33.0,31.0,32.0,32.0,31.0,30.0,32.0,32.0,32.0,26.0,32.0,31.0,24.0,1.0,9.0,17.0,33.0,32.0,31.0,31.0,32.0,29.0,31.0,32.0,30.0,32.0,31.0,27.0,33.0,31.0,33.0,32.0,33.0,32.0,32.0,32.0,33.0,32.0,31.0,30.0,33.0
video_send_googFrameWidthInput_3426485322,1280.0,1280.0,1280.0,1280.0,1280.0,1280.0,1280.0,1280.0,1280.0,1280.0,1280.0,1280.0,1280.0,1280.0,1280.0,1280.0,1280.0,1280.0,1280.0,1280.0,1280.0,1280.0,1280.0,1280.0,1280.0,1280.0,1280.0,1280.0,1280.0,1280.0,1280.0,1280.0,1280.0,1280.0,1280.0,1280.0,1280.0,1280.0,1280.0,1280.0,1280.0,1280.0,1280.0,1280.0,1280.0,1280.0,1280.0,1280.0,1280.0,1280.0,1280.0,1280.0,1280.0,1280.0,1280.0,1280.0,1280.0,1280.0,1280.0,1280.0,1280.0,1280.0,1280.0,1280.0,1280.0,1280.0,1280.0,1280.0,1280.0,1280.0,1280.0,1280.0,1280.0,1280.0,1280.0,1280.0,1280.0,1280.0,1280.0,1280.0,1280.0,1280.0,1280.0,1280.0,1280.0,1280.0,1280.0,1280.0,1280.0,1280.0,1280.0,1280.0,1280.0,1280.0,1280.0
video_send_googFrameWidthSent_3426485322,0.0,320.0,320.0,320.0,320.0,320.0,320.0,320.0,320.0,320.0,320.0,320.0,320.0,320.0,320.0,320.0,320.0,320.0,320.0,320.0,320.0,320.0,320.0,320.0,320.0,320.0,320.0,320.0,320.0,320.0,320.0,320.0,320.0,320.0,320.0,320.0,320.0,320.0,320.0,320.0,320.0,320.0,320.0,320.0,320.0,320.0,320.0,320.0,320.0,320.0,320.0,320.0,320.0,320.0,320.0,320.0,320.0,320.0,320.0,320.0,320.0,320.0,320.0,320.0,320.0,320.0,320.0,320.0,320.0,320.0,320.0,320.0,320.0,320.0,320.0,320.0,320.0,320.0,320.0,320.0,320.0,320.0,320.0,320.0,320.0,320.0,320.0,320.0,320.0,320.0,320.0,320.0,320.0,320.0,320.0
video_send_googRtt_3426485322,0.0,0.0,0.0,0.0,148.0,84.0,78.0,66.0,45.0,42.0,41.0,42.0,55.0,56.0,53.0,55.0,69.0,72.0,74.0,84.0,117.0,136.0,110.0,91.0,55.0,52.0,67.0,79.0,90.0,78.0,89.0,85.0,68.0,62.0,62.0,59.0,52.0,50.0,38.0,41.0,46.0,51.0,39.0,37.0,35.0,35.0,33.0,33.0,58.0,90.0,103.0,109.0,122.0,108.0,91.0,78.0,73.0,64.0,46.0,44.0,40.0,39.0,30.0,29.0,32.0,32.0,34.0,37.0,36.0,35.0,40.0,38.0,35.0,35.0,38.0,37.0,36.0,36.0,43.0,61.0,45.0,42.0,35.0,36.0,40.0,40.0,39.0,39.0,41.0,44.0,34.0,33.0,33.0,32.0,36.0
audio_recv_bitsReceivedPerSecond_2232467144,-1,0.0,34664.0,34912.0,21744.0,33592.0,25816.0,35040.0,32656.0,23824.0,34840.0,34472.0,27744.0,23488.0,30064.0,28040.0,38984.0,32896.0,24824.0,24824.0,33240.0,28904.0,34792.0,26448.0,27800.0,42656.0,40096.0,39984.0,37992.0,30032.0,28856.0,25648.0,27024.0,12872.0,35176.0,29016.0,33232.0,28304.0,30600.0,33080.0,27248.0,30776.0,31520.0,28136.0,36136.0,43912.0,36448.0,13456.0,10592.0,9360.0,10936.0,12088.0,17488.0,29040.0,6248.0,9280.0,7816.0,10368.0,8600.0,9696.0,11592.0,11344.0,11904.0,15056.0,13360.0,8736.0,5216.0,12032.0,22056.0,18304.0,16152.0,18568.0,17592.0,17824.0,14064.0,14696.0,15128.0,14944.0,18608.0,15584.0,18080.0,16600.0,11192.0,11176.0,16200.0,14968.0,19952.0,12088.0,17168.0,12280.0,14800.0,11504.0,14936.0,13160.0,14720.0
audio_recv_packetsReceivedPerSecond_2232467144,-1,0.0,52.0,50.0,30.0,48.0,38.0,50.0,48.0,34.0,42.0,50.0,39.0,33.0,43.0,36.0,50.0,48.0,38.0,38.0,50.0,42.0,50.0,38.0,37.0,48.0,46.0,48.0,50.0,46.0,43.0,30.0,30.0,13.0,43.0,43.0,49.0,43.0,46.0,49.0,41.0,46.0,47.0,41.0,49.0,50.0,50.0,20.0,15.0,12.0,15.0,16.0,25.0,45.0,9.0,14.0,12.0,16.0,13.0,15.0,18.0,17.0,18.0,22.0,20.0,12.0,6.0,12.0,24.0,19.0,18.0,19.0,19.0,19.0,15.0,16.0,15.0,16.0,20.0,16.0,19.0,17.0,11.0,11.0,17.0,15.0,21.0,12.0,18.0,12.0,15.0,12.0,16.0,14.0,15.0
audio_recv_googCurrentDelayMs_2232467144,-1,52.0,254.0,402.0,447.0,503.0,475.0,479.0,542.0,657.0,765.0,828.0,852.0,877.0,1014.0,964.0,902.0,863.0,957.0,1119.0,1196.0,1228.0,1266.0,1388.0,1475.0,1592.0,1679.0,1688.0,1788.0,1822.0,1883.0,1921.0,2055.0,2078.0,2092.0,1863.0,1615.0,1573.0,1568.0,1677.0,1779.0,1867.0,1986.0,1995.0,2100.0,2194.0,2287.0,2310.0,2370.0,2446.0,2392.0,2064.0,1357.0,844.0,409.0,228.0,107.0,83.0,71.0,88.0,94.0,83.0,91.0,95.0,90.0,79.0,61.0,82.0,98.0,79.0,83.0,93.0,96.0,83.0,94.0,92.0,69.0,90.0,93.0,86.0,101.0,87.0,82.0,86.0,96.0,77.0,92.0,79.0,84.0,75.0,88.0,75.0,85.0,84.0,70.0
audio_recv_googJitterBufferMs_2232467144,-1,26.0,541.0,795.0,559.0,737.0,680.0,847.0,940.0,840.0,883.0,1105.0,1089.0,991.0,1064.0,986.0,1160.0,1265.0,1191.0,1170.0,1329.0,1427.0,1588.0,1625.0,1468.0,1688.0,1837.0,2010.0,2134.0,2162.0,2128.0,1891.0,1699.0,1184.0,1339.0,1527.0,1646.0,1748.0,1744.0,1949.0,1973.0,2090.0,2140.0,2188.0,2345.0,2483.0,2669.0,2237.0,1631.0,968.0,683.0,539.0,444.0,628.0,17.0,50.0,13.0,50.0,82.0,120.0,80.0,70.0,60.0,120.0,110.0,30.0,3.0,80.0,140.0,110.0,30.0,80.0,180.0,70.0,60.0,80.0,62.0,60.0,100.0,60.0,103.0,111.0,20.0,90.0,140.0,110.0,110.0,70.0,90.0,82.0,54.0,90.0,114.0,90.0,81.0
audio_recv_googJitterReceived_2232467144,-1,8.0,20.0,20.0,22.0,17.0,22.0,19.0,18.0,25.0,21.0,21.0,19.0,20.0,22.0,20.0,20.0,20.0,21.0,22.0,17.0,19.0,17.0,26.0,18.0,19.0,22.0,19.0,17.0,18.0,18.0,28.0,24.0,30.0,20.0,24.0,19.0,23.0,19.0,18.0,22.0,20.0,17.0,24.0,19.0,19.0,17.0,29.0,29.0,32.0,32.0,31.0,20.0,23.0,26.0,27.0,29.0,26.0,24.0,27.0,26.0,27.0,26.0,23.0,23.0,29.0,29.0,29.0,23.0,23.0,26.0,26.0,23.0,23.0,24.0,27.0,26.0,27.0,28.0,30.0,27.0,25.0,27.0,28.0,24.0,25.0,21.0,28.0,24.0,29.0,30.0,34.0,27.0,29.0,29.0
audio_recv_googPreferredJitterBufferMs_2232467144,-1,20.0,40.0,60.0,60.0,40.0,40.0,40.0,40.0,40.0,40.0,40.0,60.0,40.0,60.0,40.0,40.0,40.0,40.0,40.0,40.0,40.0,40.0,40.0,40.0,40.0,40.0,40.0,40.0,40.0,40.0,40.0,40.0,40.0,40.0,40.0,40.0,40.0,40.0,40.0,40.0,40.0,40.0,40.0,40.0,40.0,40.0,40.0,40.0,40.0,40.0,40.0,40.0,40.0,40.0,40.0,40.0,40.0,40.0,40.0,40.0,40.0,40.0,40.0,40.0,40.0,40.0,40.0,40.0,40.0,40.0,40.0,40.0,40.0,40.0,40.0,40.0,40.0,40.0,40.0,40.0,40.0,40.0,40.0,40.0,40.0,40.0,40.0,40.0,40.0,40.0,40.0,40.0,40.0,40.0
video_recv_bitsReceivedPerSecond_2070642646,-1,0.0,162112.0,115784.0,132208.0,153040.0,168544.0,134568.0,182296.0,193640.0,172576.0,168688.0,166376.0,154280.0,148848.0,133760.0,133592.0,132568.0,146712.0,156136.0,147808.0,137992.0,146336.0,146840.0,155088.0,169808.0,158360.0,141656.0,146512.0,145712.0,148264.0,140144.0,144720.0,163664.0,158400.0,145800.0,153144.0,153872.0,148608.0,127000.0,137912.0,149544.0,160728.0,185624.0,161336.0,132432.0,146760.0,157992.0,165320.0,172616.0,152048.0,135200.0,147504.0,167040.0,158288.0,153464.0,149872.0,167928.0,189256.0,196456.0,186552.0,186840.0,183288.0,211880.0,206280.0,223640.0,203112.0,188288.0,195232.0,170616.0,154648.0,158608.0,157328.0,165200.0,158080.0,186896.0,177920.0,192744.0,193120.0,166888.0,142904.0,133128.0,139432.0,156896.0,138408.0,147376.0,145976.0,152616.0,176848.0,182048.0,176384.0,179880.0,161632.0,153128.0,152928.0
video_recv_packetsReceivedPerSecond_2070642646,-1,0.0,59.0,39.0,59.0,58.0,63.0,59.0,59.0,60.0,59.0,58.0,58.0,55.0,55.0,55.0,56.0,62.0,61.0,68.0,65.0,58.0,60.0,60.0,58.0,63.0,56.0,57.0,58.0,60.0,66.0,59.0,58.0,59.0,53.0,58.0,61.0,64.0,54.0,63.0,64.0,59.0,60.0,59.0,52.0,49.0,59.0,67.0,63.0,67.0,58.0,59.0,61.0,56.0,63.0,64.0,60.0,59.0,61.0,59.0,58.0,60.0,61.0,60.0,58.0,63.0,59.0,60.0,55.0,63.0,62.0,59.0,58.0,61.0,58.0,62.0,60.0,59.0,55.0,64.0,55.0,61.0,63.0,60.0,56.0,59.0,63.0,59.0,60.0,59.0,58.0,60.0,59.0,54.0,65.0
video_recv_googCurrentDelayMs_2070642646,-1,0.0,32.0,54.0,71.0,91.0,94.0,96.0,97.0,96.0,96.0,98.0,97.0,95.0,95.0,93.0,93.0,93.0,92.0,92.0,94.0,95.0,96.0,98.0,98.0,96.0,96.0,96.0,95.0,95.0,95.0,94.0,92.0,91.0,91.0,91.0,91.0,91.0,90.0,93.0,91.0,91.0,92.0,91.0,92.0,92.0,92.0,91.0,89.0,90.0,92.0,94.0,93.0,98.0,99.0,99.0,101.0,100.0,99.0,100.0,100.0,99.0,98.0,98.0,97.0,98.0,97.0,96.0,96.0,96.0,96.0,95.0,95.0,94.0,94.0,95.0,92.0,93.0,94.0,93.0,93.0,93.0,93.0,92.0,92.0,93.0,93.0,92.0,92.0,92.0,91.0,89.0,91.0,90.0,91.0
video_recv_googDecodeMs_2070642646,-1,0.0,1.0,0.0,1.0,3.0,0.0,1.0,0.0,1.0,1.0,1.0,1.0,1.0,1.0,1.0,1.0,0.0,1.0,0.0,1.0,1.0,1.0,0.0,1.0,0.0,0.0,1.0,0.0,1.0,0.0,1.0,1.0,1.0,1.0,0.0,1.0,3.0,1.0,1.0,1.0,1.0,1.0,1.0,1.0,1.0,1.0,1.0,0.0,1.0,0.0,1.0,1.0,0.0,1.0,0.0,1.0,1.0,0.0,0.0,1.0,1.0,0.0,1.0,1.0,1.0,1.0,1.0,0.0,0.0,1.0,1.0,1.0,0.0,1.0,1.0,3.0,1.0,1.0,0.0,0.0,1.0,2.0,1.0,1.0,1.0,1.0,1.0,1.0,1.0,1.0,1.0,0.0,1.0,1.0
video_recv_googFrameHeightReceived_2070642646,-1,0.0,180.0,180.0,180.0,180.0,180.0,180.0,180.0,180.0,180.0,180.0,180.0,180.0,180.0,180.0,180.0,180.0,180.0,180.0,180.0,180.0,180.0,180.0,180.0,180.0,180.0,180.0,180.0,180.0,180.0,180.0,180.0,180.0,180.0,180.0,180.0,180.0,180.0,180.0,180.0,180.0,180.0,180.0,180.0,180.0,180.0,180.0,180.0,180.0,180.0,180.0,180.0,180.0,180.0,180.0,180.0,180.0,180.0,180.0,180.0,180.0,180.0,180.0,180.0,180.0,180.0,180.0,180.0,180.0,180.0,180.0,180.0,180.0,180.0,180.0,180.0,180.0,180.0,180.0,180.0,180.0,180.0,180.0,180.0,180.0,180.0,180.0,180.0,180.0,180.0,180.0,180.0,180.0,180.0
video_recv_googFrameRateOutput_2070642646,-1,0.0,52.0,30.0,25.0,26.0,31.0,37.0,32.0,42.0,40.0,39.0,39.0,25.0,30.0,30.0,32.0,35.0,35.0,37.0,36.0,33.0,26.0,35.0,38.0,31.0,31.0,33.0,36.0,29.0,34.0,39.0,38.0,32.0,36.0,46.0,37.0,35.0,32.0,29.0,35.0,37.0,33.0,36.0,32.0,28.0,38.0,39.0,37.0,31.0,28.0,32.0,31.0,24.0,30.0,31.0,31.0,29.0,35.0,29.0,36.0,33.0,35.0,31.0,41.0,36.0,36.0,37.0,38.0,42.0,32.0,38.0,32.0,35.0,42.0,33.0,33.0,38.0,38.0,39.0,31.0,36.0,35.0,37.0,30.0,34.0,36.0,33.0,35.0,38.0,36.0,36.0,32.0,44.0,38.0
video_recv_googFrameRateReceived_2070642646,-1,0.0,38.0,22.0,33.0,38.0,42.0,37.0,35.0,41.0,33.0,36.0,38.0,27.0,30.0,30.0,36.0,39.0,35.0,42.0,39.0,39.0,37.0,36.0,36.0,33.0,34.0,34.0,31.0,32.0,36.0,35.0,34.0,38.0,32.0,41.0,33.0,38.0,33.0,30.0,41.0,36.0,36.0,33.0,28.0,28.0,37.0,36.0,39.0,39.0,34.0,36.0,34.0,30.0,37.0,35.0,38.0,33.0,33.0,36.0,32.0,35.0,36.0,39.0,34.0,35.0,32.0,34.0,33.0,40.0,39.0,35.0,33.0,35.0,35.0,37.0,35.0,36.0,34.0,40.0,36.0,38.0,36.0,39.0,35.0,35.0,37.0,38.0,37.0,33.0,30.0,34.0,36.0,41.0,35.0
video_recv_googFrameWidthReceived_2070642646,-1,0.0,320.0,320.0,320.0,320.0,320.0,320.0,320.0,320.0,320.0,320.0,320.0,320.0,320.0,320.0,320.0,320.0,320.0,320.0,320.0,320.0,320.0,320.0,320.0,320.0,320.0,320.0,320.0,320.0,320.0,320.0,320.0,320.0,320.0,320.0,320.0,320.0,320.0,320.0,320.0,320.0,320.0,320.0,320.0,320.0,320.0,320.0,320.0,320.0,320.0,320.0,320.0,320.0,320.0,320.0,320.0,320.0,320.0,320.0,320.0,320.0,320.0,320.0,320.0,320.0,320.0,320.0,320.0,320.0,320.0,320.0,320.0,320.0,320.0,320.0,320.0,320.0,320.0,320.0,320.0,320.0,320.0,320.0,320.0,320.0,320.0,320.0,320.0,320.0,320.0,320.0,320.0,320.0,320.0
video_recv_googInterframeDelayMax_2070642646,-1,-1.0,145.0,195.0,226.0,146.0,144.0,141.0,137.0,150.0,140.0,138.0,136.0,145.0,143.0,188.0,137.0,147.0,137.0,141.0,141.0,134.0,139.0,133.0,139.0,138.0,138.0,158.0,153.0,148.0,139.0,137.0,138.0,139.0,137.0,157.0,154.0,137.0,151.0,150.0,135.0,144.0,135.0,141.0,143.0,157.0,166.0,139.0,137.0,137.0,134.0,193.0,136.0,146.0,420.0,137.0,148.0,138.0,147.0,133.0,138.0,148.0,136.0,137.0,138.0,132.0,136.0,133.0,145.0,155.0,136.0,126.0,131.0,136.0,133.0,167.0,137.0,137.0,135.0,132.0,134.0,136.0,132.0,133.0,132.0,140.0,139.0,135.0,132.0,134.0,138.0,138.0,137.0,137.0,152.0
video_recv_googJitterBufferMs_2070642646,-1,0.0,20.0,42.0,64.0,79.0,82.0,84.0,85.0,84.0,84.0,86.0,85.0,84.0,83.0,82.0,82.0,82.0,81.0,81.0,83.0,84.0,85.0,86.0,87.0,85.0,85.0,84.0,83.0,83.0,83.0,82.0,81.0,80.0,80.0,80.0,80.0,80.0,79.0,82.0,80.0,79.0,80.0,79.0,80.0,80.0,81.0,80.0,78.0,79.0,81.0,83.0,82.0,87.0,88.0,88.0,89.0,89.0,87.0,88.0,88.0,87.0,86.0,86.0,84.0,85.0,84.0,83.0,83.0,84.0,84.0,83.0,83.0,82.0,82.0,83.0,81.0,82.0,82.0,82.0,82.0,82.0,82.0,81.0,81.0,82.0,82.0,81.0,81.0,81.0,80.0,78.0,80.0,79.0,80.0
video_recv_googPlisSent_2070642646,-1,0.0,4.0,4.0,4.0,4.0,4.0,4.0,4.0,4.0,4.0,4.0,4.0,4.0,4.0,4.0,4.0,4.0,4.0,4.0,4.0,4.0,4.0,4.0,4.0,4.0,4.0,4.0,4.0,4.0,4.0,4.0,4.0,4.0,4.0,4.0,4.0,4.0,4.0,4.0,4.0,4.0,4.0,4.0,4.0,4.0,4.0,4.0,4.0,4.0,4.0,4.0,4.0,4.0,4.0,4.0,4.0,4.0,4.0,4.0,4.0,4.0,4.0,4.0,4.0,4.0,4.0,4.0,4.0,4.0,4.0,4.0,4.0,4.0,4.0,4.0,4.0,4.0,4.0,4.0,4.0,4.0,4.0,4.0,4.0,4.0,4.0,4.0,4.0,4.0,4.0,4.0,4.0,4.0,4.0
audio_send_packetsLost_1130642446,-1,-1,0.0,0.0,0.0,0.0,0.0,0.0,0.0,0.0,0.0,0.0,0.0,0.0,0.0,0.0,0.0,0.0,0.0,0.0,0.0,0.0,0.0,0.0,0.0,0.0,0.0,0.0,0.0,0.0,0.0,0.0,0.0,0.0,0.0,0.0,0.0,0.0,0.0,0.0,0.0,0.0,0.0,0.0,0.0,0.0,0.0,0.0,0.0,0.0,0.0,0.0,0.0,0.0,0.0,0.0,0.0,0.0,0.0,0.0,0.0,0.0,0.0,0.0,0.0,0.0,0.0,0.0,0.0,0.0,0.0,0.0,0.0,0.0,0.0,0.0,0.0,0.0,0.0,0.0,0.0,0.0,0.0,0.0,0.0,0.0,0.0,0.0,0.0,0.0,0.0,0.0,0.0,0.0,0.0
audio_send_googJitterReceived_1130642446,-1,-1,0.0,0.0,0.0,0.0,0.0,0.0,0.0,0.0,0.0,0.0,0.0,0.0,0.0,0.0,0.0,0.0,0.0,0.0,0.0,0.0,0.0,0.0,0.0,0.0,0.0,0.0,0.0,0.0,0.0,0.0,0.0,0.0,0.0,0.0,0.0,0.0,0.0,0.0,0.0,0.0,0.0,0.0,0.0,0.0,0.0,0.0,0.0,0.0,0.0,0.0,0.0,0.0,0.0,0.0,0.0,0.0,0.0,0.0,0.0,0.0,0.0,0.0,0.0,0.0,0.0,0.0,0.0,0.0,0.0,0.0,0.0,0.0,0.0,0.0,0.0,0.0,0.0,0.0,0.0,0.0,0.0,0.0,0.0,0.0,0.0,0.0,0.0,0.0,0.0,0.0,0.0,0.0,0.0
audio_send_googRtt_1130642446,-1,-1,-1,40.0,37.0,38.0,37.0,42.0,38.0,39.0,39.0,64.0,63.0,62.0,64.0,84.0,84.0,86.0,84.0,161.0,161.0,162.0,59.0,60.0,61.0,62.0,60.0,59.0,59.0,68.0,70.0,69.0,68.0,68.0,69.0,69.0,32.0,33.0,33.0,32.0,32.0,36.0,34.0,34.0,34.0,34.0,34.0,34.0,164.0,164.0,164.0,163.0,163.0,38.0,39.0,38.0,50.0,50.0,50.0,50.0,30.0,29.0,29.0,31.0,31.0,30.0,42.0,41.0,41.0,42.0,41.0,41.0,41.0,32.0,32.0,32.0,32.0,33.0,33.0,32.0,36.0,36.0,37.0,37.0,49.0,48.0,49.0,49.0,49.0,35.0,35.0,34.0,34.0,36.0,36.0
video_recv_resolutionChangesReceived_2631712493,0,1,1,1,1,1,1,1,1,1,1,1,1,1,1,1,1,1,1,1,1,1,1,1,1,1,1,1,1,1,1,1,1,1,1,1,1,1,1,1,1,1,1,1,1,1,1,1,1,1,1,1,1,1,1,1,1,1,1,1,1,1,1,1,1,1,1,1,1,1,1,1,1,1,1,1,1,1,1,1,1,1,1,1,1,1,1,1,1,1,1,1,1,1,1
video_send_resolutionChangesInput_3426485322,0,0,0,0,0,0,0,0,0,0,0,0,0,0,0,0,0,0,0,0,0,0,0,0,0,0,0,0,0,0,0,0,0,0,0,0,0,0,0,0,0,0,0,0,0,0,0,0,0,0,0,0,0,0,0,0,0,0,0,0,0,0,0,0,0,0,0,0,0,0,0,0,0,0,0,0,0,0,0,0,0,0,0,0,0,0,0,0,0,0,0,0,0,0,0
video_send_resolutionChangesSent_3426485322,0,1,1,1,1,1,1,1,1,1,1,1,1,1,1,1,1,1,1,1,1,1,1,1,1,1,1,1,1,1,1,1,1,1,1,1,1,1,1,1,1,1,1,1,1,1,1,1,1,1,1,1,1,1,1,1,1,1,1,1,1,1,1,1,1,1,1,1,1,1,1,1,1,1,1,1,1,1,1,1,1,1,1,1,1,1,1,1,1,1,1,1,1,1,1
video_recv_resolutionChangesReceived_2070642646,0,1,2,2,2,2,2,2,2,2,2,2,2,2,2,2,2,2,2,2,2,2,2,2,2,2,2,2,2,2,2,2,2,2,2,2,2,2,2,2,2,2,2,2,2,2,2,2,2,2,2,2,2,2,2,2,2,2,2,2,2,2,2,2,2,2,2,2,2,2,2,2,2,2,2,2,2,2,2,2,2,2,2,2,2,2,2,2,2,2,2,2,2,2,2
audio_recv_kbitsReceivedPerSecond_2777709292,0,3,5,4,5,2,6,6,9,9,20,10,15,16,23,34,35,39,36,35,42,36,26,24,30,25,25,25,25,26,22,25,25,25,24,25,25,24,37,26,23,26,26,23,41,20,7,8,7,7,8,8,7,8,7,8,7,8,7,8,7,8,7,8,7,37,39,8,8,11,9,11,8,15,12,10,8,9,7,7,9,10,11,10,7,15,9,13,10,8,9,10,13,14,16
kpi_q_audio_2777709292,1,1,1,1,1,1,1,1,1,2,3,2,2,3,3,5,5,5,5,5,5,5,4,4,4,4,4,4,4,4,3,4,4,4,4,4,4,4,5,4,3,4,4,3,5,3,1,1,1,1,1,1,1,1,1,1,1,1,1,1,1,1,1,1,1,5,5,1,1,2,1,2,1,2,2,2,1,1,1,1,1,2,2,2,1,2,2,2,2,1,1,2,2,2,3
video_recv_kbitsReceivedPerSecond_2631712493,0,50,192,216,202,205,208,210,221,208,206,206,201,220,202,202,210,213,214,213,204,207,206,218,205,198,206,213,217,193,220,204,208,221,210,193,206,213,227,195,221,202,202,221,207,196,212,206,225,193,224,205,218,207,205,199,209,205,225,191,224,203,202,219,207,199,210,208,226,189,223,204,202,220,207,197,207,212,228,188,223,204,204,220,206,199,208,209,225,189,227,201,203,218,207
kpi_resolution_stability_2631712493,4.185905799500337,4.185905799500337,4.185905799500337,4.185905799500337,4.185905799500337,4.185905799500337,4.185905799500337,4.185905799500337,4.185905799500337,4.185905799500337,4.185905799500337,4.185905799500337,4.185905799500337,4.185905799500337,4.185905799500337,4.185905799500337,4.185905799500337,4.185905799500337,4.185905799500337,4.185905799500337,4.185905799500337,4.185905799500337,4.185905799500337,4.185905799500337,4.185905799500337,4.185905799500337,4.185905799500337,4.185905799500337,4.185905799500337,4.185905799500337,4.185905799500337,4.185905799500337,4.185905799500337,4.185905799500337,4.185905799500337,4.185905799500337,4.185905799500337,4.185905799500337,4.185905799500337,4.185905799500337,4.185905799500337,4.185905799500337,4.185905799500337,4.185905799500337,4.185905799500337,4.185905799500337,4.185905799500337,4.185905799500337,4.185905799500337,4.185905799500337,4.185905799500337,4.185905799500337,4.185905799500337,4.185905799500337,4.185905799500337,4.185905799500337,4.185905799500337,4.185905799500337,4.185905799500337,4.185905799500337,4.185905799500337,4.185905799500337,4.185905799500337,4.185905799500337,4.185905799500337,4.185905799500337,4.185905799500337,4.185905799500337,4.185905799500337,4.185905799500337,4.185905799500337,4.185905799500337,4.185905799500337,4.185905799500337,4.185905799500337,4.185905799500337,4.185905799500337,4.185905799500337,4.185905799500337,4.185905799500337,4.185905799500337,4.185905799500337,4.185905799500337,4.185905799500337,4.185905799500337,4.185905799500337,4.185905799500337,4.185905799500337,4.185905799500337,4.185905799500337,4.185905799500337,4.185905799500337,4.185905799500337,4.185905799500337,4.185905799500337
max_resolution_percentage_2631712493,98.94736842105263,98.94736842105263,98.94736842105263,98.94736842105263,98.94736842105263,98.94736842105263,98.94736842105263,98.94736842105263,98.94736842105263,98.94736842105263,98.94736842105263,98.94736842105263,98.94736842105263,98.94736842105263,98.94736842105263,98.94736842105263,98.94736842105263,98.94736842105263,98.94736842105263,98.94736842105263,98.94736842105263,98.94736842105263,98.94736842105263,98.94736842105263,98.94736842105263,98.94736842105263,98.94736842105263,98.94736842105263,98.94736842105263,98.94736842105263,98.94736842105263,98.94736842105263,98.94736842105263,98.94736842105263,98.94736842105263,98.94736842105263,98.94736842105263,98.94736842105263,98.94736842105263,98.94736842105263,98.94736842105263,98.94736842105263,98.94736842105263,98.94736842105263,98.94736842105263,98.94736842105263,98.94736842105263,98.94736842105263,98.94736842105263,98.94736842105263,98.94736842105263,98.94736842105263,98.94736842105263,98.94736842105263,98.94736842105263,98.94736842105263,98.94736842105263,98.94736842105263,98.94736842105263,98.94736842105263,98.94736842105263,98.94736842105263,98.94736842105263,98.94736842105263,98.94736842105263,98.94736842105263,98.94736842105263,98.94736842105263,98.94736842105263,98.94736842105263,98.94736842105263,98.94736842105263,98.94736842105263,98.94736842105263,98.94736842105263,98.94736842105263,98.94736842105263,98.94736842105263,98.94736842105263,98.94736842105263,98.94736842105263,98.94736842105263,98.94736842105263,98.94736842105263,98.94736842105263,98.94736842105263,98.94736842105263,98.94736842105263,98.94736842105263,98.94736842105263,98.94736842105263,98.94736842105263,98.94736842105263,98.94736842105263,98.94736842105263
kpi_resolution_stability_norm_2631712493,kpi_resolution_stability_2631712493,4.185905799500337,4.185905799500337,4.185905799500337,4.185905799500337,4.185905799500337,4.185905799500337,4.185905799500337,4.185905799500337,4.185905799500337,4.185905799500337,4.185905799500337,4.185905799500337,4.185905799500337,4.185905799500337,4.185905799500337,4.185905799500337,4.185905799500337,4.185905799500337,4.185905799500337,4.185905799500337,4.185905799500337,4.185905799500337,4.185905799500337,4.185905799500337,4.185905799500337,4.185905799500337,4.185905799500337,4.185905799500337,4.185905799500337,4.185905799500337,4.185905799500337,4.185905799500337,4.185905799500337,4.185905799500337,4.185905799500337,4.185905799500337,4.185905799500337,4.185905799500337,4.185905799500337,4.185905799500337,4.185905799500337,4.185905799500337,4.185905799500337,4.185905799500337,4.185905799500337,4.185905799500337,4.185905799500337,4.185905799500337,4.185905799500337,4.185905799500337,4.185905799500337,4.185905799500337,4.185905799500337,4.185905799500337,4.185905799500337,4.185905799500337,4.185905799500337,4.185905799500337,4.185905799500337,4.185905799500337,4.185905799500337,4.185905799500337,4.185905799500337,4.185905799500337,4.185905799500337,4.185905799500337,4.185905799500337,4.185905799500337,4.185905799500337,4.185905799500337,4.185905799500337,4.185905799500337,4.185905799500337,4.185905799500337,4.185905799500337,4.185905799500337,4.185905799500337,4.185905799500337,4.185905799500337,4.185905799500337,4.185905799500337,4.185905799500337,4.185905799500337,4.185905799500337,4.185905799500337,4.185905799500337,4.185905799500337,4.185905799500337,4.185905799500337,4.185905799500337,4.185905799500337,4.185905799500337,4.185905799500337,4.185905799500337,4.185905799500337
max_resolution_percentage_norm_2631712493,max_resolution_percentage_2631712493,98.94736842105263,98.94736842105263,98.94736842105263,98.94736842105263,98.94736842105263,98.94736842105263,98.94736842105263,98.94736842105263,98.94736842105263,98.94736842105263,98.94736842105263,98.94736842105263,98.94736842105263,98.94736842105263,98.94736842105263,98.94736842105263,98.94736842105263,98.94736842105263,98.94736842105263,98.94736842105263,98.94736842105263,98.94736842105263,98.94736842105263,98.94736842105263,98.94736842105263,98.94736842105263,98.94736842105263,98.94736842105263,98.94736842105263,98.94736842105263,98.94736842105263,98.94736842105263,98.94736842105263,98.94736842105263,98.94736842105263,98.94736842105263,98.94736842105263,98.94736842105263,98.94736842105263,98.94736842105263,98.94736842105263,98.94736842105263,98.94736842105263,98.94736842105263,98.94736842105263,98.94736842105263,98.94736842105263,98.94736842105263,98.94736842105263,98.94736842105263,98.94736842105263,98.94736842105263,98.94736842105263,98.94736842105263,98.94736842105263,98.94736842105263,98.94736842105263,98.94736842105263,98.94736842105263,98.94736842105263,98.94736842105263,98.94736842105263,98.94736842105263,98.94736842105263,98.94736842105263,98.94736842105263,98.94736842105263,98.94736842105263,98.94736842105263,98.94736842105263,98.94736842105263,98.94736842105263,98.94736842105263,98.94736842105263,98.94736842105263,98.94736842105263,98.94736842105263,98.94736842105263,98.94736842105263,98.94736842105263,98.94736842105263,98.94736842105263,98.94736842105263,98.94736842105263,98.94736842105263,98.94736842105263,98.94736842105263,98.94736842105263,98.94736842105263,98.94736842105263,98.94736842105263,98.94736842105263,98.94736842105263,98.94736842105263,98.94736842105263
kpi_fps_stability_2631712493,1,5,5,5,4.782870430458232,5,5,5,5,5,5,5,5,5,5,5,5,5,5,5,5,5,5,5,5,5,5,5,5,5,5,5,5,5,5,5,5,5,5,5,5,5,5,5,5,5,5,5,5,5,5,5,5,5,5,5,5,5,5,5,5,5,5,5,5,5,5,5,5,4.978873396874005,5,5,5,5,5,4.978873396874005,5,5,5,5,5,4.978873396874005,5,5,5,5,5,5,5,5,5,5,5,5,5
kpi_q_video_2631712493,1.7428571428571429,1.8499999999999999,1.8,1.8,1.8,1.8499999999999999,1.9,1.8,1.8,1.8,1.8,1.8499999999999999,1.8,1.8,1.8499999999999999,1.8499999999999999,1.8499999999999999,1.8499999999999999,1.8,1.8,1.8,1.8499999999999999,1.8,1.7428571428571429,1.8,1.8499999999999999,1.8499999999999999,1.7428571428571429,1.8499999999999999,1.8,1.8,1.9,1.8499999999999999,1.7428571428571429,1.8,1.8499999999999999,1.9,1.7428571428571429,1.9,1.8,1.8,1.9,1.8,1.7428571428571429,1.8499999999999999,1.8,1.9,1.7428571428571429,1.9,1.8,1.8499999999999999,1.8,1.8,1.7428571428571429,1.8,1.8,1.9,1.7428571428571429,1.9,1.8,1.8,1.8499999999999999,1.8,1.7428571428571429,1.8499999999999999,1.8,1.9,1.6857142857142855,1.9,1.8,1.8,1.8499999999999999,1.8,1.7428571428571429,1.8,1.8499999999999999,1.9,1.6857142857142855,1.9,1.8,1.8,1.8499999999999999,1.8,1.7428571428571429,1.8,1.8,1.9,1.6857142857142855,1.9,1.8,1.8,1.8499999999999999,1.8
1_way_delay_audio_send_3426485322_0,-0.5,-0.5,-0.5,20.0,18.5,19.0,18.5,21.0,19.0,19.5,19.5,32.0,31.5,31.0,32.0,42.0,42.0,43.0,42.0,80.5,80.5,81.0,29.5,30.0,30.5,31.0,30.0,29.5,29.5,34.0,35.0,34.5,34.0,34.0,34.5,34.5,16.0,16.5,16.5,16.0,16.0,18.0,17.0,17.0,17.0,17.0,17.0,17.0,82.0,82.0,82.0,81.5,81.5,19.0,19.5,19.0,25.0,25.0,25.0,25.0,15.0,14.5,14.5,15.5,15.5,15.0,21.0,20.5,20.5,21.0,20.5,20.5,20.5,16.0,16.0,16.0,16.0,16.5,16.5,16.0,18.0,18.0,18.5,18.5,24.5,24.0,24.5,24.5,24.5,17.5,17.5,17.0,17.0,18.0,18.0
1_way_delay_video_send_3426485322_0,0.0,0.0,0.0,0.0,74.0,42.0,39.0,33.0,22.5,21.0,20.5,21.0,27.5,28.0,26.5,27.5,34.5,36.0,37.0,42.0,58.5,68.0,55.0,45.5,27.5,26.0,33.5,39.5,45.0,39.0,44.5,42.5,34.0,31.0,31.0,29.5,26.0,25.0,19.0,20.5,23.0,25.5,19.5,18.5,17.5,17.5,16.5,16.5,29.0,45.0,51.5,54.5,61.0,54.0,45.5,39.0,36.5,32.0,23.0,22.0,20.0,19.5,15.0,14.5,16.0,16.0,17.0,18.5,18.0,17.5,20.0,19.0,17.5,17.5,19.0,18.5,18.0,18.0,21.5,30.5,22.5,21.0,17.5,18.0,20.0,20.0,19.5,19.5,20.5,22.0,17.0,16.5,16.5,16.0,18.0
ear_ear_delay_audio_send_3426485322_0,-1.5,6.5,174.5,341.0,359.5,894.0,597.5,709.0,665.0,723.5,612.5,722.0,837.5,510.0,843.0,490.0,121.0,486.0,466.0,860.5,960.5,540.0,839.5,742.0,764.5,651.0,748.0,455.5,191.5,631.0,357.0,56.5,421.0,706.0,775.5,652.5,341.0,744.5,621.5,419.0,517.0,639.0,678.0,484.0,718.0,563.0,598.0,857.0,496.0,523.0,604.0,833.5,696.5,307.0,223.5,500.0,671.0,487.0,561.0,614.0,699.0,620.5,662.5,705.5,858.5,559.0,590.0,590.5,606.5,663.0,526.5,605.5,631.5,601.0,550.0,560.0,562.0,518.5,527.5,518.0,804.0,401.0,560.5,648.5,567.5,514.0,534.5,606.5,566.5,540.5,539.5,547.0,567.0,621.0,911.0
audio_packet_loss_percentage_send_3426485322_0,0.0,3.7037037037037033,0.0,0.0,0.0,0.0,0.0,0.0,0.0,0.0,0.0,0.0,0.0,0.0,0.0,0.0,0.0,0.0,0.0,0.0,0.0,0.0,0.0,0.0,0.0,0.0,0.0,0.0,0.0,0.0,0.0,0.0,0.0,0.0,0.0,0.0,0.0,0.0,0.0,0.0,0.0,0.0,0.0,0.0,0.0,0.0,0.0,0.0,0.0,0.0,0.0,0.0,0.0,0.0,0.0,0.0,0.0,0.0,0.0,0.0,0.0,0.0,0.0,0.0,0.0,0.0,0.0,0.0,0.0,0.0,0.0,0.0,0.0,0.0,0.0,0.0,0.0,0.0,0.0,0.0,0.0,0.0,0.0,0.0,0.0,0.0,0.0,0.0,0.0,0.0,0.0,0.0,0.0
e_model_audio_send_3426485322_0,94.044,88.92097067487376,68.009,65.53,0,33.638000000000005,18.697000000000003,24.593000000000004,16.75399999999999,31.628,16.955,1.4779999999999944,45.363,0.7409999999999997,48.043000000000006,91.296,48.579,51.259,0,0,41.343,1.210000000000008,14.274999999999991,11.260000000000005,26.46900000000001,13.47099999999999,52.666000000000004,88.042,29.149,65.86500000000001,92.84400000000001,57.289,19.099000000000004,9.785999999999987,26.268,68.009,13.939999999999998,30.421999999999997,57.557,44.425000000000004,28.076999999999998,22.851,48.847,17.491,38.261,33.571,0,47.239000000000004,43.621,32.767,2.013999999999996,20.372,72.565,83.754,46.703,23.789,48.445,38.529,31.427000000000007,20.036999999999992,30.555999999999997,24.927999999999997,19.165999999999997,0,38.797,34.643,34.57600000000001,32.432,24.861000000000004,43.152,32.566,29.082000000000008,33.169000000000004,40.003,38.663000000000004,38.395,44.224000000000004,43.018,44.291000000000004,5.966999999999999,59.969,38.596000000000004,26.804000000000002,37.658,44.827000000000005,42.08,32.432,37.792,41.276,41.410000000000004,40.405,37.72500000000001,30.489000000000004
kpi_audio_synchronization_3426485322_0,4.425022522059712,4.3116760614646195,3.5022899190468975,3.380988887361,1.0,1.7653975279294964,1.214895752015889,1.401122908089001,1.164182571916552,1.677504884383936,1.1691650507128748,0.9920780214085361,2.333760549749971,0.995425122636853,2.4725780545314517,4.369443458203649,2.500558932260227,2.6411944863511474,1.0,1.0,2.1302950656157513,0.993157391073,1.107941420671875,1.0531887133680002,1.4695871714820374,1.091835108917223,2.7153298877099283,4.288129547289384,1.5742128725553575,3.3975790293726256,4.4022889586869125,2.9586807389200174,1.2260839807289075,1.032195542962408,1.4620568842341761,3.5022899190468975,1.1011003351120001,1.6265153350998642,2.972719108166149,2.285701065140625,1.531441863032269,1.341346926192643,2.514571288290039,1.1827525172076032,1.9796725665049333,1.762412037321123,1.0,2.4307284505295677,2.2447679187155734,1.7268803869483589,0.9903877552687921,1.2630333084480643,3.714877641265125,4.157639067904553,2.4029192881835115,1.3730653866935172,2.4935580819521252,1.9925491565507774,1.6689125603196193,1.2530887579454288,1.6321130734826883,1.413045087092736,1.227971349855928,1.0,2.005470405466989,1.8106184113600512,1.8075785473351682,1.7122390752010241,1.4106498897943334,2.221010620985344,1.7180838662375282,1.5715049501044245,1.7445777807593372,2.064147002519811,1.9990042491782711,1.9861052286408754,2.2754442518200326,2.214239908267176,2.2788614889808034,0.996621510717559,3.098394065668537,1.995775313590848,1.4822387807547521,1.9508677104198162,2.3062596988190194,2.1670683996160003,1.7122390752010241,1.9572484260003844,2.126965346411968,2.1336270454530006,2.0838904619891254,1.9540565968281254,1.6293120507788172
eye_eye_delay_video_send_3426485322_0,-1.0,11.0,163.0,157.0,217.0,189.0,189.0,188.0,177.5,176.0,170.5,170.0,173.5,169.0,166.5,166.5,173.5,175.0,183.0,185.0,200.5,211.0,198.0,188.5,172.5,174.0,182.5,188.5,190.0,187.0,195.5,193.5,182.0,181.0,183.0,181.5,180.0,186.0,179.0,180.5,185.0,186.5,179.5,178.5,178.5,181.5,179.5,180.5,191.0,206.0,214.5,217.5,223.0,216.0,205.5,199.0,196.5,190.0,181.0,183.0,184.0,185.5,183.0,182.5,184.0,185.0,185.0,185.5,191.0,206.5,192.0,223.0,220.5,217.5,217.0,215.5,214.0,213.0,213.5,219.5,210.5,206.0,201.5,200.0,202.0,201.0,197.5,191.5,190.5,190.0,181.0,175.5,171.5,170.0,171.0
kpi_video_synchronization_3426485322_0,5,5,4.16,4.24,3.4400000000000004,3.8133333333333335,3.8133333333333335,3.8266666666666667,3.966666666666667,3.986666666666667,4.0600000000000005,4.066666666666666,4.02,4.08,4.113333333333333,4.113333333333333,4.02,4.0,3.8933333333333335,3.8666666666666667,3.66,3.52,3.6933333333333334,3.8200000000000003,4.033333333333333,4.013333333333334,3.9000000000000004,3.8200000000000003,3.8,3.84,3.7266666666666666,3.7533333333333334,3.9066666666666667,3.92,3.8933333333333335,3.9133333333333336,3.9333333333333336,3.8533333333333335,3.9466666666666668,3.9266666666666667,3.8666666666666667,3.8466666666666667,3.94,3.953333333333333,3.953333333333333,3.9133333333333336,3.94,3.9266666666666667,3.7866666666666666,3.586666666666667,3.4733333333333336,3.4333333333333336,3.3600000000000003,3.4533333333333336,3.5933333333333337,3.68,3.7133333333333334,3.8,3.92,3.8933333333333335,3.88,3.8600000000000003,3.8933333333333335,3.9000000000000004,3.88,3.8666666666666667,3.8666666666666667,3.8600000000000003,3.7866666666666666,3.58,3.7733333333333334,3.3600000000000003,3.3933333333333335,3.4333333333333336,3.4400000000000004,3.46,3.4800000000000004,3.4933333333333336,3.486666666666667,3.4066666666666667,3.526666666666667,3.586666666666667,3.646666666666667,3.666666666666667,3.64,3.6533333333333333,3.7,3.7800000000000002,3.7933333333333334,3.8,3.92,3.993333333333333,4.046666666666667,4.066666666666666,4.053333333333334
av_delay_send_3426485322_0,-0.5,-4.5,11.5,184.0,142.5,705.0,408.5,521.0,487.5,547.5,442.0,552.0,664.0,341.0,676.5,323.5,-52.5,311.0,283.0,675.5,760.0,329.0,641.5,553.5,592.0,477.0,565.5,267.0,1.5,444.0,161.5,-137.0,239.0,525.0,592.5,471.0,161.0,558.5,442.5,238.5,332.0,452.5,498.5,305.5,539.5,381.5,418.5,676.5,305.0,317.0,389.5,616.0,473.5,91.0,18.0,301.0,474.5,297.0,380.0,431.0,515.0,435.0,479.5,523.0,674.5,374.0,405.0,405.0,415.5,456.5,334.5,382.5,411.0,383.5,333.0,344.5,348.0,305.5,314.0,298.5,593.5,195.0,359.0,448.5,365.5,313.0,337.0,415.0,376.0,350.5,358.5,371.5,395.5,451.0,740.0
kpi_av_synchronization_3426485322_0,5,5,5,1,1,1,1,1,1,1,1,1,1,1,1,1,5,1,1,1,1,1,1,1,1,1,1,1,5,1,1,4.2,1,1,1,1,1,1,1,1,1,1,1,1,1,1,1,1,1,1,1,1,1,1,5,1,1,1,1,1,1,1,1,1,1,1,1,1,1,1,1,1,1,1,1,1,1,1,1,1,1,1,1,1,1,1,1,1,1,1,1,1,1,1,1
1_way_delay_audio_send_3426485322_1,-0.5,-0.5,-0.5,20.0,18.5,19.0,18.5,21.0,19.0,19.5,19.5,32.0,31.5,31.0,32.0,42.0,42.0,43.0,42.0,80.5,80.5,81.0,29.5,30.0,30.5,31.0,30.0,29.5,29.5,34.0,35.0,34.5,34.0,34.0,34.5,34.5,16.0,16.5,16.5,16.0,16.0,18.0,17.0,17.0,17.0,17.0,17.0,17.0,82.0,82.0,82.0,81.5,81.5,19.0,19.5,19.0,25.0,25.0,25.0,25.0,15.0,14.5,14.5,15.5,15.5,15.0,21.0,20.5,20.5,21.0,20.5,20.5,20.5,16.0,16.0,16.0,16.0,16.5,16.5,16.0,18.0,18.0,18.5,18.5,24.5,24.0,24.5,24.5,24.5,17.5,17.5,17.0,17.0,18.0,18.0
1_way_delay_video_send_3426485322_1,0.0,0.0,0.0,0.0,74.0,42.0,39.0,33.0,22.5,21.0,20.5,21.0,27.5,28.0,26.5,27.5,34.5,36.0,37.0,42.0,58.5,68.0,55.0,45.5,27.5,26.0,33.5,39.5,45.0,39.0,44.5,42.5,34.0,31.0,31.0,29.5,26.0,25.0,19.0,20.5,23.0,25.5,19.5,18.5,17.5,17.5,16.5,16.5,29.0,45.0,51.5,54.5,61.0,54.0,45.5,39.0,36.5,32.0,23.0,22.0,20.0,19.5,15.0,14.5,16.0,16.0,17.0,18.5,18.0,17.5,20.0,19.0,17.5,17.5,19.0,18.5,18.0,18.0,21.5,30.5,22.5,21.0,17.5,18.0,20.0,20.0,19.5,19.5,20.5,22.0,17.0,16.5,16.5,16.0,18.0
ear_ear_delay_audio_send_3426485322_1,-0.5,119.5,88.5,462.0,580.5,798.0,599.5,641.0,786.0,763.5,773.5,635.0,758.5,675.0,720.0,425.0,148.0,434.0,626.0,775.5,833.5,549.0,766.5,812.0,802.5,857.0,633.0,353.5,391.5,545.0,237.0,220.5,605.0,738.0,891.5,467.5,522.0,845.5,473.5,520.0,517.0,676.0,678.0,598.0,698.0,609.0,640.0,781.0,327.0,564.0,664.0,939.5,585.5,227.0,341.5,705.0,486.0,527.0,532.0,635.0,667.0,656.5,620.5,715.5,894.5,387.0,630.0,550.5,642.5,675.0,502.5,639.5,566.5,539.0,553.0,593.0,582.0,592.5,561.5,596.0,870.0,380.0,560.5,581.5,510.5,475.0,547.5,567.5,554.5,590.5,559.5,545.0,529.0,710.0,762.0
audio_packet_loss_percentage_send_3426485322_1,0.0,3.7037037037037033,0.0,0.0,0.0,0.0,0.0,0.0,0.0,0.0,0.0,0.0,0.0,0.0,0.0,0.0,0.0,0.0,0.0,0.0,0.0,0.0,0.0,0.0,0.0,0.0,0.0,0.0,0.0,0.0,0.0,0.0,0.0,0.0,0.0,0.0,0.0,0.0,0.0,0.0,0.0,0.0,0.0,0.0,0.0,0.0,0.0,0.0,0.0,0.0,0.0,0.0,0.0,0.0,0.0,0.0,0.0,0.0,0.0,0.0,0.0,0.0,0.0,0.0,0.0,0.0,0.0,0.0,0.0,0.0,0.0,0.0,0.0,0.0,0.0,0.0,0.0,0.0,0.0,0.0,0.0,0.0,0.0,0.0,0.0,0.0,0.0,0.0,0.0,0.0,0.0,0.0,0.0
e_model_audio_send_3426485322_1,91.33200000000001,90.98497067487376,51.795,35.916000000000004,6.771000000000001,33.370000000000005,27.80900000000001,8.37899999999999,11.394000000000005,10.053999999999988,28.613,12.064000000000007,23.253,17.223,56.753,90.648,55.547000000000004,29.819000000000003,9.785999999999987,2.013999999999996,40.137,10.99199999999999,4.894999999999996,6.167999999999992,0,28.881,66.334,61.242000000000004,40.67300000000001,81.94500000000001,84.156,32.63300000000001,14.810999999999993,0,51.058,43.755,0.4059999999999917,50.254000000000005,44.02300000000001,44.425000000000004,23.119,22.851,33.571,20.170999999999992,32.097,27.942999999999998,9.048999999999992,69.885,38.127,24.727000000000004,0,35.246,83.285,67.94200000000001,19.23299999999999,48.579,43.08500000000001,42.415000000000006,28.613,24.325000000000003,25.732000000000014,30.555999999999997,17.825999999999993,0,61.845,29.283,39.93600000000001,27.608000000000004,23.253,46.368,28.010000000000005,37.792,41.477000000000004,39.601000000000006,34.24100000000001,35.715,34.30800000000001,38.462,33.839,0,62.783,38.596000000000004,35.78200000000001,45.296,50.053000000000004,40.338,37.658,39.400000000000006,34.57600000000001,38.730000000000004,40.67300000000001,42.81700000000001,18.563000000000002
kpi_audio_synchronization_3426485322_1,4.370251304655425,4.362378063663128,2.669422557005875,1.8690309565329282,1.001778030155923,1.7534779717290003,1.5209375606670974,1.015861669152427,1.0552895826631121,1.035720852457752,1.5526782246832211,1.0662663374929924,1.3548046433730612,1.175904318600031,2.930569010791561,4.3545507692354555,2.8671766070137394,1.6015407943981872,1.032195542962408,0.9903877552687921,2.070718237320529,1.049082264899584,0.9917503234783751,0.997790933464576,1.0,1.563408667067113,3.420705641286072,3.1641062299885845,2.0971016863714813,4.095351000114626,4.170921805041089,1.7210121412190418,1.119269427663883,1.0,2.630615065470216,2.2515723878428755,0.997342147856088,2.5883394014105523,2.265202895598832,2.285701065140625,1.350295917760887,1.341346926192643,1.762412037321123,1.2570478336985227,1.6976962808432894,1.5261801377643511,1.023180725507457,3.5916018818961253,1.973251271199319,1.4058756121799192,1.0,1.8381342444514481,4.141881769781125,3.4990584372537845,1.2298651608236408,2.500558932260227,2.2176242985261254,2.183869429236376,1.5526782246832211,1.3916826247031253,1.4422015697178245,1.6321130734826883,1.191464717668168,1.0,3.1950504735171252,1.5796423838226914,2.0608651487150085,1.5131098189020162,1.3548046433730612,2.3855787784437763,1.5288086131930003,1.9572484260003844,2.136961273291669,2.0444940209283935,1.7924325269033534,1.859726887943875,1.7954545822572165,1.9893257906901043,1.774376229138967,1.0,3.242924205461191,1.995775313590848,1.8628249392576246,2.330317551259648,2.5777826955878616,2.0805937180186964,1.9508677104198162,2.0347023120000003,1.8075785473351682,2.002235950681,2.0971016863714813,2.2040984570124094,1.2112184498231713
eye_eye_delay_video_send_3426485322_1,0.0,11.0,176.0,151.0,217.0,186.0,188.0,185.0,176.5,176.0,170.5,167.0,171.5,169.0,165.5,168.5,176.5,180.0,183.0,185.0,201.5,213.0,198.0,190.5,174.5,175.0,181.5,187.5,191.0,189.0,196.5,190.5,183.0,182.0,183.0,182.5,183.0,187.0,181.0,184.5,186.0,188.5,182.5,180.5,181.5,182.5,180.5,180.5,192.0,209.0,214.5,217.5,224.0,217.0,206.5,200.0,196.5,192.0,182.0,183.0,184.0,186.5,181.0,182.5,184.0,185.0,185.0,185.5,191.0,214.5,222.0,222.0,219.5,217.5,217.0,214.5,213.0,212.0,210.5,219.5,209.5,205.0,201.5,201.0,201.0,200.0,195.5,189.5,189.5,189.0,179.0,173.5,170.5,170.0,171.0
kpi_video_synchronization_3426485322_1,5,5,3.986666666666667,4.32,3.4400000000000004,3.8533333333333335,3.8266666666666667,3.8666666666666667,3.98,3.986666666666667,4.0600000000000005,4.1066666666666665,4.046666666666667,4.08,4.126666666666667,4.086666666666667,3.98,3.9333333333333336,3.8933333333333335,3.8666666666666667,3.646666666666667,3.4933333333333336,3.6933333333333334,3.7933333333333334,4.006666666666667,4.0,3.9133333333333336,3.8333333333333335,3.7866666666666666,3.8133333333333335,3.7133333333333334,3.7933333333333334,3.8933333333333335,3.9066666666666667,3.8933333333333335,3.9000000000000004,3.8933333333333335,3.84,3.92,3.8733333333333335,3.8533333333333335,3.8200000000000003,3.9000000000000004,3.9266666666666667,3.9133333333333336,3.9000000000000004,3.9266666666666667,3.9266666666666667,3.7733333333333334,3.546666666666667,3.4733333333333336,3.4333333333333336,3.3466666666666667,3.4400000000000004,3.58,3.666666666666667,3.7133333333333334,3.7733333333333334,3.9066666666666667,3.8933333333333335,3.88,3.8466666666666667,3.92,3.9000000000000004,3.88,3.8666666666666667,3.8666666666666667,3.8600000000000003,3.7866666666666666,3.4733333333333336,3.3733333333333335,3.3733333333333335,3.4066666666666667,3.4333333333333336,3.4400000000000004,3.4733333333333336,3.4933333333333336,3.506666666666667,3.526666666666667,3.4066666666666667,3.54,3.6,3.646666666666667,3.6533333333333333,3.6533333333333333,3.666666666666667,3.7266666666666666,3.8066666666666666,3.8066666666666666,3.8133333333333335,3.9466666666666668,4.02,4.0600000000000005,4.066666666666666,4.053333333333334
av_delay_send_3426485322_1,-0.5,108.5,-87.5,311.0,363.5,612.0,411.5,456.0,609.5,587.5,603.0,468.0,587.0,506.0,554.5,256.5,-28.5,254.0,443.0,590.5,632.0,336.0,568.5,621.5,628.0,682.0,451.5,166.0,200.5,356.0,40.5,30.0,422.0,556.0,708.5,285.0,339.0,658.5,292.5,335.5,331.0,487.5,495.5,417.5,516.5,426.5,459.5,600.5,135.0,355.0,449.5,722.0,361.5,10.0,135.0,505.0,289.5,335.0,350.0,452.0,483.0,470.0,439.5,533.0,710.5,202.0,445.0,365.0,451.5,460.5,280.5,417.5,347.0,321.5,336.0,378.5,369.0,380.5,351.0,376.5,660.5,175.0,359.0,380.5,309.5,275.0,352.0,378.0,365.0,401.5,380.5,371.5,358.5,540.0,591.0
kpi_av_synchronization_3426485322_1,5,1,5,1,1,1,1,1,1,1,1,1,1,1,1,1,5,1,1,1,1,1,1,1,1,1,1,1,1,1,5,5,1,1,1,1,1,1,1,1,1,1,1,1,1,1,1,1,1,1,1,1,1,5,1,1,1,1,1,1,1,1,1,1,1,1,1,1,1,1,1,1,1,1,1,1,1,1,1,1,1,1,1,1,1,1,1,1,1,1,1,1,1,1,1
audio_recv_kbitsReceivedPerSecond_2232467144,0,0,33,34,21,32,25,34,31,23,34,33,27,22,29,27,38,32,24,24,32,28,33,25,27,41,39,39,37,29,28,25,26,12,34,28,32,27,29,32,26,30,30,27,35,42,35,13,10,9,10,11,17,28,6,9,7,10,8,9,11,11,11,14,13,8,5,11,21,17,15,18,17,17,13,14,14,14,18,15,17,16,10,10,15,14,19,11,16,11,14,11,14,12,14
kpi_q_audio_2232467144,1,1,5,5,3,5,4,5,4,3,5,5,4,3,4,4,5,5,4,4,5,4,5,4,4,5,5,5,5,4,4,4,4,2,5,4,5,4,4,5,4,4,4,4,5,5,5,2,2,1,2,2,3,4,1,1,1,2,1,1,2,2,2,2,2,1,1,2,3,3,2,3,3,3,2,2,2,2,3,2,3,3,2,2,2,2,3,2,3,2,2,2,2,2,2
video_recv_kbitsReceivedPerSecond_2070642646,0,0,158,113,129,149,164,131,178,189,168,164,162,150,145,130,130,129,143,152,144,134,142,143,151,165,154,138,143,142,144,136,141,159,154,142,149,150,145,124,134,146,156,181,157,129,143,154,161,168,148,132,144,163,154,149,146,163,184,191,182,182,178,206,201,218,198,183,190,166,151,154,153,161,154,182,173,188,188,162,139,130,136,153,135,143,142,149,172,177,172,175,157,149,149
kpi_resolution_stability_2070642646,4.0759399506003815,4.0759399506003815,4.0759399506003815,4.0759399506003815,4.0759399506003815,4.0759399506003815,4.0759399506003815,4.0759399506003815,4.0759399506003815,4.0759399506003815,4.0759399506003815,4.0759399506003815,4.0759399506003815,4.0759399506003815,4.0759399506003815,4.0759399506003815,4.0759399506003815,4.0759399506003815,4.0759399506003815,4.0759399506003815,4.0759399506003815,4.0759399506003815,4.0759399506003815,4.0759399506003815,4.0759399506003815,4.0759399506003815,4.0759399506003815,4.0759399506003815,4.0759399506003815,4.0759399506003815,4.0759399506003815,4.0759399506003815,4.0759399506003815,4.0759399506003815,4.0759399506003815,4.0759399506003815,4.0759399506003815,4.0759399506003815,4.0759399506003815,4.0759399506003815,4.0759399506003815,4.0759399506003815,4.0759399506003815,4.0759399506003815,4.0759399506003815,4.0759399506003815,4.0759399506003815,4.0759399506003815,4.0759399506003815,4.0759399506003815,4.0759399506003815,4.0759399506003815,4.0759399506003815,4.0759399506003815,4.0759399506003815,4.0759399506003815,4.0759399506003815,4.0759399506003815,4.0759399506003815,4.0759399506003815,4.0759399506003815,4.0759399506003815,4.0759399506003815,4.0759399506003815,4.0759399506003815,4.0759399506003815,4.0759399506003815,4.0759399506003815,4.0759399506003815,4.0759399506003815,4.0759399506003815,4.0759399506003815,4.0759399506003815,4.0759399506003815,4.0759399506003815,4.0759399506003815,4.0759399506003815,4.0759399506003815,4.0759399506003815,4.0759399506003815,4.0759399506003815,4.0759399506003815,4.0759399506003815,4.0759399506003815,4.0759399506003815,4.0759399506003815,4.0759399506003815,4.0759399506003815,4.0759399506003815,4.0759399506003815,4.0759399506003815,4.0759399506003815,4.0759399506003815,4.0759399506003815,4.0759399506003815
max_resolution_percentage_2070642646,97.89473684210527,97.89473684210527,97.89473684210527,97.89473684210527,97.89473684210527,97.89473684210527,97.89473684210527,97.89473684210527,97.89473684210527,97.89473684210527,97.89473684210527,97.89473684210527,97.89473684210527,97.89473684210527,97.89473684210527,97.89473684210527,97.89473684210527,97.89473684210527,97.89473684210527,97.89473684210527,97.89473684210527,97.89473684210527,97.89473684210527,97.89473684210527,97.89473684210527,97.89473684210527,97.89473684210527,97.89473684210527,97.89473684210527,97.89473684210527,97.89473684210527,97.89473684210527,97.89473684210527,97.89473684210527,97.89473684210527,97.89473684210527,97.89473684210527,97.89473684210527,97.89473684210527,97.89473684210527,97.89473684210527,97.89473684210527,97.89473684210527,97.89473684210527,97.89473684210527,97.89473684210527,97.89473684210527,97.89473684210527,97.89473684210527,97.89473684210527,97.89473684210527,97.89473684210527,97.89473684210527,97.89473684210527,97.89473684210527,97.89473684210527,97.89473684210527,97.89473684210527,97.89473684210527,97.89473684210527,97.89473684210527,97.89473684210527,97.89473684210527,97.89473684210527,97.89473684210527,97.89473684210527,97.89473684210527,97.89473684210527,97.89473684210527,97.89473684210527,97.89473684210527,97.89473684210527,97.89473684210527,97.89473684210527,97.89473684210527,97.89473684210527,97.89473684210527,97.89473684210527,97.89473684210527,97.89473684210527,97.89473684210527,97.89473684210527,97.89473684210527,97.89473684210527,97.89473684210527,97.89473684210527,97.89473684210527,97.89473684210527,97.89473684210527,97.89473684210527,97.89473684210527,97.89473684210527,97.89473684210527,97.89473684210527,97.89473684210527
kpi_resolution_stability_norm_2070642646,kpi_resolution_stability_2070642646,4.0759399506003815,4.0759399506003815,4.0759399506003815,4.0759399506003815,4.0759399506003815,4.0759399506003815,4.0759399506003815,4.0759399506003815,4.0759399506003815,4.0759399506003815,4.0759399506003815,4.0759399506003815,4.0759399506003815,4.0759399506003815,4.0759399506003815,4.0759399506003815,4.0759399506003815,4.0759399506003815,4.0759399506003815,4.0759399506003815,4.0759399506003815,4.0759399506003815,4.0759399506003815,4.0759399506003815,4.0759399506003815,4.0759399506003815,4.0759399506003815,4.0759399506003815,4.0759399506003815,4.0759399506003815,4.0759399506003815,4.0759399506003815,4.0759399506003815,4.0759399506003815,4.0759399506003815,4.0759399506003815,4.0759399506003815,4.0759399506003815,4.0759399506003815,4.0759399506003815,4.0759399506003815,4.0759399506003815,4.0759399506003815,4.0759399506003815,4.0759399506003815,4.0759399506003815,4.0759399506003815,4.0759399506003815,4.0759399506003815,4.0759399506003815,4.0759399506003815,4.0759399506003815,4.0759399506003815,4.0759399506003815,4.0759399506003815,4.0759399506003815,4.0759399506003815,4.0759399506003815,4.0759399506003815,4.0759399506003815,4.0759399506003815,4.0759399506003815,4.0759399506003815,4.0759399506003815,4.0759399506003815,4.0759399506003815,4.0759399506003815,4.0759399506003815,4.0759399506003815,4.0759399506003815,4.0759399506003815,4.0759399506003815,4.0759399506003815,4.0759399506003815,4.0759399506003815,4.0759399506003815,4.0759399506003815,4.0759399506003815,4.0759399506003815,4.0759399506003815,4.0759399506003815,4.0759399506003815,4.0759399506003815,4.0759399506003815,4.0759399506003815,4.0759399506003815,4.0759399506003815,4.0759399506003815,4.0759399506003815,4.0759399506003815,4.0759399506003815,4.0759399506003815,4.0759399506003815,4.0759399506003815,4.0759399506003815
max_resolution_percentage_norm_2070642646,max_resolution_percentage_2070642646,97.89473684210527,97.89473684210527,97.89473684210527,97.89473684210527,97.89473684210527,97.89473684210527,97.89473684210527,97.89473684210527,97.89473684210527,97.89473684210527,97.89473684210527,97.89473684210527,97.89473684210527,97.89473684210527,97.89473684210527,97.89473684210527,97.89473684210527,97.89473684210527,97.89473684210527,97.89473684210527,97.89473684210527,97.89473684210527,97.89473684210527,97.89473684210527,97.89473684210527,97.89473684210527,97.89473684210527,97.89473684210527,97.89473684210527,97.89473684210527,97.89473684210527,97.89473684210527,97.89473684210527,97.89473684210527,97.89473684210527,97.89473684210527,97.89473684210527,97.89473684210527,97.89473684210527,97.89473684210527,97.89473684210527,97.89473684210527,97.89473684210527,97.89473684210527,97.89473684210527,97.89473684210527,97.89473684210527,97.89473684210527,97.89473684210527,97.89473684210527,97.89473684210527,97.89473684210527,97.89473684210527,97.89473684210527,97.89473684210527,97.89473684210527,97.89473684210527,97.89473684210527,97.89473684210527,97.89473684210527,97.89473684210527,97.89473684210527,97.89473684210527,97.89473684210527,97.89473684210527,97.89473684210527,97.89473684210527,97.89473684210527,97.89473684210527,97.89473684210527,97.89473684210527,97.89473684210527,97.89473684210527,97.89473684210527,97.89473684210527,97.89473684210527,97.89473684210527,97.89473684210527,97.89473684210527,97.89473684210527,97.89473684210527,97.89473684210527,97.89473684210527,97.89473684210527,97.89473684210527,97.89473684210527,97.89473684210527,97.89473684210527,97.89473684210527,97.89473684210527,97.89473684210527,97.89473684210527,97.89473684210527,97.89473684210527,97.89473684210527
kpi_fps_stability_2070642646,1,1,5,4.978873396874005,4.782870430458232,4.8250342659265355,5,5,5,5,5,5,5,4.782870430458232,4.978873396874005,4.978873396874005,5,5,5,5,5,5,4.8250342659265355,5,5,5,5,5,5,4.942427872760581,5,5,5,5,5,5,5,5,5,4.942427872760581,5,5,5,5,5,4.904703300310673,5,5,5,5,4.904703300310673,5,5,4.738985153469177,4.978873396874005,5,5,4.942427872760581,5,4.942427872760581,5,5,5,5,5,5,5,5,5,5,5,5,5,5,5,5,5,5,5,5,5,5,5,5,4.978873396874005,5,5,5,5,5,5,5,5,5,5
kpi_q_video_2070642646,1.5142857142857142,1.4,1.5142857142857142,1.5714285714285714,1.4,1.6285714285714286,1.6857142857142855,1.5714285714285714,1.5714285714285714,1.5714285714285714,1.5142857142857142,1.457142857142857,1.4,1.4,1.4,1.457142857142857,1.5142857142857142,1.457142857142857,1.4,1.457142857142857,1.457142857142857,1.5142857142857142,1.5714285714285714,1.5142857142857142,1.4,1.457142857142857,1.457142857142857,1.457142857142857,1.4,1.457142857142857,1.5714285714285714,1.5142857142857142,1.457142857142857,1.5142857142857142,1.5142857142857142,1.457142857142857,1.4,1.457142857142857,1.5142857142857142,1.6857142857142855,1.5142857142857142,1.4,1.457142857142857,1.5142857142857142,1.5714285714285714,1.5714285714285714,1.457142857142857,1.4,1.457142857142857,1.5714285714285714,1.5142857142857142,1.5142857142857142,1.457142857142857,1.5714285714285714,1.6857142857142855,1.7428571428571429,1.6857142857142855,1.6857142857142855,1.6285714285714286,1.8,1.8,1.8499999999999999,1.7428571428571429,1.6857142857142855,1.7428571428571429,1.5714285714285714,1.5142857142857142,1.5142857142857142,1.5142857142857142,1.5714285714285714,1.5142857142857142,1.6857142857142855,1.6285714285714286,1.6857142857142855,1.6857142857142855,1.5714285714285714,1.457142857142857,1.4,1.4,1.5142857142857142,1.4,1.457142857142857,1.457142857142857,1.5142857142857142,1.6285714285714286,1.6285714285714286,1.6285714285714286,1.6285714285714286,1.5142857142857142,1.5142857142857142,1.5142857142857142
