bweforvideo-googAvailableReceiveBandwidth,0.0,0.0,0.0,0.0,0.0,0.0,0.0,0.0,0.0,0.0,0.0,0.0,0.0,0.0,0.0,0.0,0.0,0.0,0.0,0.0,0.0,0.0,0.0,0.0,0.0,0.0,0.0,0.0,0.0,0.0,0.0,0.0,0.0,0.0,0.0,0.0,0.0,0.0,0.0,0.0,0.0,0.0,0.0,0.0,0.0,0.0,0.0,0.0,0.0,0.0,0.0,0.0,0.0,0.0,0.0,0.0,0.0,0.0,0.0,0.0,0.0,0.0,0.0,0.0,0.0,0.0,0.0,0.0,0.0,0.0,0.0,0.0,0.0,0.0,0.0,0.0,0.0,0.0,0.0,0.0,0.0,0.0,0.0,0.0,0.0,0.0,0.0,0.0,0.0,0.0,0.0,0.0,0.0,0.0,0.0,0.0,0.0,0.0,0.0,0.0,0.0,0.0,0.0,0.0,0.0,0.0,0.0,0.0,0.0,0.0,0.0,0.0
bweforvideo-googAvailableSendBandwidth,648655.0,648655.0,648655.0,648655.0,648655.0,648655.0,648655.0,648655.0,648655.0,648655.0,648655.0,648655.0,648655.0,648655.0,648655.0,648655.0,648655.0,648655.0,648655.0,648655.0,648655.0,648655.0,648655.0,648655.0,648655.0,648655.0,648655.0,648655.0,648655.0,648655.0,648655.0,648655.0,648655.0,648655.0,648655.0,648655.0,648655.0,648655.0,648655.0,648655.0,648655.0,648655.0,648655.0,648655.0,648655.0,648655.0,648655.0,648655.0,648655.0,648655.0,648655.0,648655.0,648655.0,648655.0,648655.0,648655.0,648655.0,648655.0,648655.0,648655.0,648655.0,648655.0,648655.0,648655.0,648655.0,648655.0,648655.0,648655.0,648655.0,648655.0,648655.0,648655.0,648655.0,648655.0,648655.0,648655.0,648655.0,648655.0,648655.0,648655.0,648655.0,648655.0,648655.0,648655.0,648655.0,648655.0,648655.0,648655.0,648655.0,648655.0,648655.0,648655.0,648655.0,648655.0,648655.0,648655.0,648655.0,648655.0,648655.0,648655.0,648655.0,648655.0,648655.0,648655.0,648655.0,648655.0,648655.0,648655.0,648655.0,648655.0,648655.0,648655.0
bweforvideo-googBucketDelay,0.0,0.0,0.0,2.0,0.0,2.0,1.0,2.0,1.0,0.0,0.0,0.0,0.0,0.0,1.0,2.0,0.0,1.0,0.0,0.0,0.0,0.0,2.0,0.0,0.0,0.0,0.0,0.0,0.0,0.0,3.0,0.0,1.0,0.0,0.0,0.0,0.0,2.0,1.0,0.0,1.0,2.0,0.0,2.0,0.0,0.0,0.0,0.0,1.0,0.0,0.0,0.0,0.0,0.0,1.0,1.0,0.0,1.0,1.0,1.0,2.0,1.0,1.0,1.0,0.0,0.0,0.0,2.0,0.0,2.0,2.0,0.0,0.0,0.0,2.0,2.0,2.0,0.0,0.0,1.0,0.0,0.0,1.0,2.0,1.0,0.0,1.0,0.0,0.0,0.0,2.0,1.0,2.0,0.0,0.0,1.0,0.0,0.0,0.0,0.0,0.0,4.0,2.0,2.0,0.0,0.0,2.0,0.0,0.0,2.0,0.0,0.0
timestamp,1620378995,1620378996,1620378997,1620378998,1620378999,1620379000,1620379001,1620379002,1620379003,1620379004,1620379005,1620379006,1620379007,1620379008,1620379009,1620379010,1620379011,1620379012,1620379013,1620379014,1620379015,1620379016,1620379017,1620379018,1620379019,1620379020,1620379021,1620379022,1620379023,1620379024,1620379025,1620379026,1620379027,1620379028,1620379029,1620379030,1620379031,1620379032,1620379033,1620379034,1620379035,1620379036,1620379037,1620379038,1620379039,1620379040,1620379041,1620379042,1620379043,1620379044,1620379045,1620379046,1620379047,1620379048,1620379049,1620379050,1620379051,1620379052,1620379053,1620379054,1620379055,1620379056,1620379057,1620379058,1620379059,1620379060,1620379061,1620379062,1620379063,1620379064,1620379065,1620379066,1620379067,1620379068,1620379069,1620379070,1620379071,1620379072,1620379073,1620379074,1620379075,1620379076,1620379077,1620379078,1620379079,1620379080,1620379081,1620379082,1620379083,1620379084,1620379085,1620379086,1620379087,1620379088,1620379089,1620379090,1620379091,1620379092,1620379093,1620379094,1620379095,1620379096,1620379097,1620379098,1620379099,1620379100,1620379101,1620379102,1620379103,1620379104,1620379105,1620379106
audio_bitsReceivedPerSecond,276336.0,337864.0,454928.0,477920.0,543568.0,496896.0,577592.0,516800.0,519824.0,456920.0,482560.0,312968.0,332792.0,324536.0,339656.0,343152.0,346352.0,350120.0,371072.0,377632.0,360856.0,351416.0,355760.0,357048.0,373224.0,381936.0,396152.0,401248.0,406088.0,402088.0,405992.0,403112.0,418600.0,415048.0,378000.0,356688.0,372496.0,335824.0,347568.0,361072.0,332904.0,338288.0,366344.0,355336.0,389672.0,397472.0,364360.0,350952.0,344400.0,334960.0,326184.0,338272.0,361976.0,328048.0,365624.0,353096.0,370144.0,357216.0,366880.0,371352.0,359112.0,354368.0,347336.0,336312.0,329480.0,326312.0,359456.0,344096.0,346360.0,380408.0,367872.0,378656.0,398528.0,384416.0,370336.0,351848.0,361536.0,359208.0,359640.0,368328.0,331864.0,339640.0,351136.0,350136.0,334328.0,311648.0,334120.0,321904.0,310144.0,340600.0,321152.0,315248.0,329432.0,324128.0,337920.0,325256.0,357400.0,342248.0,344376.0,373344.0,368152.0,354568.0,411744.0,386288.0,433536.0,409624.0,432920.0,415904.0,414072.0,473912.0,438984.0,411936.0
audio_bitsSentPerSecond,234144.0,305224.0,276824.0,255440.0,259376.0,281432.0,258568.0,250536.0,268016.0,263584.0,271280.0,255656.0,275008.0,264248.0,252072.0,279528.0,258112.0,249112.0,269328.0,263776.0,279024.0,247512.0,272480.0,262328.0,253736.0,280848.0,257888.0,247360.0,258808.0,258136.0,272528.0,239624.0,278544.0,271288.0,259328.0,273144.0,252808.0,243904.0,256104.0,257496.0,284216.0,246264.0,276112.0,263896.0,248704.0,285600.0,257144.0,252256.0,265720.0,263160.0,279608.0,229800.0,302600.0,245752.0,250760.0,279808.0,256824.0,252512.0,267320.0,257336.0,282488.0,239424.0,273088.0,259616.0,244936.0,280376.0,256248.0,256080.0,261224.0,251256.0,277640.0,239136.0,273568.0,259208.0,250944.0,291520.0,259136.0,257472.0,263288.0,261472.0,280736.0,242624.0,279800.0,264448.0,252096.0,281752.0,259704.0,259720.0,258784.0,265248.0,277800.0,243888.0,277776.0,259624.0,247128.0,275168.0,257152.0,255568.0,261768.0,267352.0,278248.0,240680.0,306912.0,237304.0,245688.0,267672.0,253824.0,252128.0,257704.0,259032.0,270384.0,244752.0
audio_packetsSentPerSecond,137.0,145.0,142.0,135.0,134.0,139.0,136.0,136.0,140.0,138.0,136.0,135.0,138.0,141.0,134.0,136.0,137.0,135.0,137.0,139.0,138.0,135.0,135.0,135.0,138.0,136.0,137.0,136.0,137.0,136.0,136.0,136.0,136.0,137.0,138.0,136.0,139.0,134.0,139.0,135.0,136.0,135.0,140.0,135.0,137.0,136.0,137.0,136.0,137.0,135.0,141.0,133.0,142.0,135.0,136.0,136.0,139.0,134.0,137.0,135.0,139.0,135.0,139.0,134.0,138.0,138.0,136.0,134.0,140.0,134.0,136.0,137.0,140.0,135.0,138.0,135.0,137.0,138.0,137.0,136.0,136.0,135.0,137.0,138.0,136.0,139.0,134.0,139.0,135.0,135.0,137.0,138.0,138.0,136.0,136.0,136.0,136.0,134.0,140.0,137.0,138.0,135.0,145.0,136.0,138.0,138.0,136.0,139.0,137.0,136.0,137.0,138.0
audio_googLocalAddress,35.238.104.72:37777,35.238.104.72:37777,35.238.104.72:37777,35.238.104.72:37777,35.238.104.72:37777,35.238.104.72:37777,35.238.104.72:37777,35.238.104.72:37777,35.238.104.72:37777,35.238.104.72:37777,35.238.104.72:37777,35.238.104.72:37777,35.238.104.72:37777,35.238.104.72:37777,35.238.104.72:37777,35.238.104.72:37777,35.238.104.72:37777,35.238.104.72:37777,35.238.104.72:37777,35.238.104.72:37777,35.238.104.72:37777,35.238.104.72:37777,35.238.104.72:37777,35.238.104.72:37777,35.238.104.72:37777,35.238.104.72:37777,35.238.104.72:37777,35.238.104.72:37777,35.238.104.72:37777,35.238.104.72:37777,35.238.104.72:37777,35.238.104.72:37777,35.238.104.72:37777,35.238.104.72:37777,35.238.104.72:37777,35.238.104.72:37777,35.238.104.72:37777,35.238.104.72:37777,35.238.104.72:37777,35.238.104.72:37777,35.238.104.72:37777,35.238.104.72:37777,35.238.104.72:37777,35.238.104.72:37777,35.238.104.72:37777,35.238.104.72:37777,35.238.104.72:37777,35.238.104.72:37777,35.238.104.72:37777,35.238.104.72:37777,35.238.104.72:37777,35.238.104.72:37777,35.238.104.72:37777,35.238.104.72:37777,35.238.104.72:37777,35.238.104.72:37777,35.238.104.72:37777,35.238.104.72:37777,35.238.104.72:37777,35.238.104.72:37777,35.238.104.72:37777,35.238.104.72:37777,35.238.104.72:37777,35.238.104.72:37777,35.238.104.72:37777,35.238.104.72:37777,35.238.104.72:37777,35.238.104.72:37777,35.238.104.72:37777,35.238.104.72:37777,35.238.104.72:37777,35.238.104.72:37777,35.238.104.72:37777,35.238.104.72:37777,35.238.104.72:37777,35.238.104.72:37777,35.238.104.72:37777,35.238.104.72:37777,35.238.104.72:37777,35.238.104.72:37777,35.238.104.72:37777,35.238.104.72:37777,35.238.104.72:37777,35.238.104.72:37777,35.238.104.72:37777,35.238.104.72:37777,35.238.104.72:37777,35.238.104.72:37777,35.238.104.72:37777,35.238.104.72:37777,35.238.104.72:37777,35.238.104.72:37777,35.238.104.72:37777,35.238.104.72:37777,35.238.104.72:37777,35.238.104.72:37777,35.238.104.72:37777,35.238.104.72:37777,35.238.104.72:37777,35.238.104.72:37777,35.238.104.72:37777,35.238.104.72:37777,35.238.104.72:37777,35.238.104.72:37777,35.238.104.72:37777,35.238.104.72:37777,35.238.104.72:37777,35.238.104.72:37777,35.238.104.72:37777,35.238.104.72:37777,35.238.104.72:37777,35.238.104.72:37777
audio_googRemoteAddress,158.101.112.6:10000,158.101.112.6:10000,158.101.112.6:10000,158.101.112.6:10000,158.101.112.6:10000,158.101.112.6:10000,158.101.112.6:10000,158.101.112.6:10000,158.101.112.6:10000,158.101.112.6:10000,158.101.112.6:10000,158.101.112.6:10000,158.101.112.6:10000,158.101.112.6:10000,158.101.112.6:10000,158.101.112.6:10000,158.101.112.6:10000,158.101.112.6:10000,158.101.112.6:10000,158.101.112.6:10000,158.101.112.6:10000,158.101.112.6:10000,158.101.112.6:10000,158.101.112.6:10000,158.101.112.6:10000,158.101.112.6:10000,158.101.112.6:10000,158.101.112.6:10000,158.101.112.6:10000,158.101.112.6:10000,158.101.112.6:10000,158.101.112.6:10000,158.101.112.6:10000,158.101.112.6:10000,158.101.112.6:10000,158.101.112.6:10000,158.101.112.6:10000,158.101.112.6:10000,158.101.112.6:10000,158.101.112.6:10000,158.101.112.6:10000,158.101.112.6:10000,158.101.112.6:10000,158.101.112.6:10000,158.101.112.6:10000,158.101.112.6:10000,158.101.112.6:10000,158.101.112.6:10000,158.101.112.6:10000,158.101.112.6:10000,158.101.112.6:10000,158.101.112.6:10000,158.101.112.6:10000,158.101.112.6:10000,158.101.112.6:10000,158.101.112.6:10000,158.101.112.6:10000,158.101.112.6:10000,158.101.112.6:10000,158.101.112.6:10000,158.101.112.6:10000,158.101.112.6:10000,158.101.112.6:10000,158.101.112.6:10000,158.101.112.6:10000,158.101.112.6:10000,158.101.112.6:10000,158.101.112.6:10000,158.101.112.6:10000,158.101.112.6:10000,158.101.112.6:10000,158.101.112.6:10000,158.101.112.6:10000,158.101.112.6:10000,158.101.112.6:10000,158.101.112.6:10000,158.101.112.6:10000,158.101.112.6:10000,158.101.112.6:10000,158.101.112.6:10000,158.101.112.6:10000,158.101.112.6:10000,158.101.112.6:10000,158.101.112.6:10000,158.101.112.6:10000,158.101.112.6:10000,158.101.112.6:10000,158.101.112.6:10000,158.101.112.6:10000,158.101.112.6:10000,158.101.112.6:10000,158.101.112.6:10000,158.101.112.6:10000,158.101.112.6:10000,158.101.112.6:10000,158.101.112.6:10000,158.101.112.6:10000,158.101.112.6:10000,158.101.112.6:10000,158.101.112.6:10000,158.101.112.6:10000,158.101.112.6:10000,158.101.112.6:10000,158.101.112.6:10000,158.101.112.6:10000,158.101.112.6:10000,158.101.112.6:10000,158.101.112.6:10000,158.101.112.6:10000,158.101.112.6:10000,158.101.112.6:10000,158.101.112.6:10000
audio_googRtt,27.0,27.0,27.0,27.0,27.0,27.0,27.0,27.0,27.0,27.0,27.0,27.0,27.0,27.0,27.0,27.0,27.0,27.0,27.0,27.0,27.0,27.0,27.0,27.0,27.0,27.0,28.0,28.0,28.0,28.0,28.0,28.0,28.0,28.0,27.0,27.0,27.0,27.0,27.0,27.0,27.0,27.0,27.0,27.0,27.0,27.0,27.0,27.0,27.0,28.0,28.0,28.0,28.0,28.0,28.0,28.0,27.0,27.0,27.0,27.0,27.0,27.0,27.0,27.0,27.0,27.0,27.0,27.0,27.0,27.0,27.0,27.0,27.0,27.0,27.0,27.0,27.0,27.0,27.0,27.0,27.0,27.0,27.0,27.0,27.0,27.0,27.0,27.0,27.0,28.0,28.0,28.0,28.0,28.0,28.0,28.0,27.0,27.0,27.0,27.0,27.0,27.0,27.0,27.0,27.0,27.0,27.0,27.0,27.0,27.0,27.0,27.0
audio_send_bitsSentPerSecond_1452174684,25200.0,24000.0,22824.0,24416.0,24832.0,24296.0,23288.0,24880.0,24208.0,23800.0,23360.0,23912.0,23448.0,25960.0,23872.0,25216.0,24880.0,25600.0,25608.0,25456.0,23528.0,20488.0,23944.0,24240.0,24944.0,26376.0,25464.0,22552.0,17728.0,18544.0,16352.0,15120.0,28264.0,33264.0,32032.0,17280.0,20584.0,16984.0,17432.0,20408.0,23968.0,24776.0,25016.0,24560.0,24408.0,24760.0,24840.0,24528.0,25400.0,24888.0,23072.0,21568.0,21328.0,20968.0,24832.0,25712.0,24544.0,24896.0,25728.0,21208.0,23976.0,21224.0,20816.0,22256.0,18256.0,20984.0,24496.0,24504.0,20840.0,17808.0,19544.0,18544.0,18584.0,23168.0,23880.0,35776.0,25296.0,24760.0,25192.0,24232.0,25312.0,26040.0,25040.0,25696.0,25376.0,25768.0,25400.0,25656.0,24072.0,25160.0,24800.0,24272.0,17984.0,28048.0,17760.0,21072.0,23888.0,24496.0,24472.0,26176.0,23696.0,20200.0,21184.0,21808.0,19784.0,18320.0,18688.0,19848.0,21248.0,18640.0,21144.0,19336.0
audio_send_packetsSentPerSecond_1452174684,49.0,50.0,50.0,49.0,50.0,50.0,50.0,50.0,50.0,50.0,50.0,49.0,50.0,51.0,49.0,49.0,50.0,50.0,50.0,49.0,51.0,50.0,48.0,50.0,49.0,50.0,49.0,50.0,50.0,49.0,49.0,50.0,50.0,50.0,50.0,51.0,50.0,48.0,50.0,49.0,50.0,49.0,50.0,50.0,50.0,50.0,50.0,50.0,50.0,50.0,51.0,49.0,49.0,50.0,49.0,50.0,50.0,50.0,50.0,50.0,50.0,50.0,50.0,50.0,50.0,51.0,49.0,49.0,51.0,49.0,50.0,50.0,50.0,50.0,50.0,50.0,50.0,49.0,51.0,49.0,50.0,51.0,49.0,50.0,50.0,50.0,49.0,51.0,49.0,50.0,50.0,50.0,50.0,50.0,49.0,50.0,51.0,49.0,49.0,51.0,49.0,49.0,50.0,50.0,51.0,50.0,49.0,51.0,50.0,49.0,51.0,50.0
video_send_bitsSentPerSecond_3469145150,183616.0,255240.0,228560.0,206624.0,212600.0,230128.0,210672.0,201560.0,217760.0,214952.0,223440.0,207448.0,226664.0,212368.0,204232.0,229400.0,208440.0,199608.0,218504.0,212600.0,230520.0,203184.0,223832.0,214008.0,203552.0,230008.0,207408.0,200296.0,216264.0,215240.0,231200.0,200456.0,225800.0,213032.0,202216.0,231792.0,206528.0,202648.0,213232.0,212536.0,235752.0,197080.0,225696.0,215400.0,199432.0,236456.0,207344.0,203408.0,215456.0,214496.0,230392.0,183688.0,255984.0,201144.0,200920.0,229712.0,206584.0,204320.0,216792.0,211936.0,233168.0,194328.0,227248.0,213936.0,201432.0,234240.0,207184.0,207816.0,214464.0,209608.0,233840.0,195600.0,229192.0,212328.0,201848.0,231776.0,208752.0,207128.0,213824.0,212792.0,230720.0,193032.0,229960.0,213568.0,202336.0,230680.0,209968.0,208880.0,210232.0,216376.0,228008.0,194944.0,234960.0,207152.0,204656.0,229552.0,209136.0,207208.0,210680.0,216664.0,229336.0,196168.0,259816.0,191080.0,200784.0,224456.0,210432.0,206680.0,211720.0,216136.0,224952.0,199976.0
video_send_packetsLost_3469145150,0.0,0.0,0.0,0.0,0.0,0.0,0.0,0.0,0.0,0.0,0.0,0.0,0.0,0.0,0.0,0.0,0.0,0.0,0.0,0.0,0.0,0.0,0.0,0.0,0.0,0.0,0.0,0.0,0.0,0.0,0.0,0.0,0.0,0.0,0.0,0.0,0.0,0.0,0.0,0.0,0.0,0.0,0.0,0.0,0.0,0.0,0.0,0.0,0.0,0.0,0.0,0.0,0.0,0.0,0.0,0.0,0.0,0.0,0.0,0.0,0.0,0.0,0.0,0.0,0.0,0.0,0.0,0.0,0.0,0.0,0.0,0.0,0.0,0.0,0.0,0.0,0.0,0.0,0.0,0.0,0.0,0.0,0.0,0.0,0.0,0.0,0.0,0.0,0.0,0.0,0.0,0.0,0.0,0.0,0.0,0.0,0.0,0.0,0.0,0.0,0.0,0.0,0.0,0.0,0.0,0.0,0.0,0.0,0.0,0.0,0.0,0.0
video_send_packetsSentPerSecond_3469145150,60.0,67.0,65.0,59.0,60.0,61.0,60.0,60.0,61.0,62.0,60.0,59.0,61.0,60.0,60.0,59.0,60.0,60.0,60.0,59.0,60.0,60.0,60.0,59.0,61.0,59.0,60.0,59.0,60.0,60.0,59.0,60.0,60.0,60.0,60.0,60.0,60.0,59.0,60.0,59.0,60.0,59.0,62.0,60.0,60.0,60.0,60.0,60.0,60.0,60.0,60.0,57.0,66.0,59.0,60.0,60.0,60.0,60.0,60.0,60.0,60.0,60.0,62.0,60.0,60.0,60.0,59.0,60.0,60.0,60.0,60.0,60.0,61.0,60.0,60.0,60.0,60.0,59.0,60.0,60.0,60.0,60.0,61.0,60.0,60.0,59.0,60.0,60.0,60.0,61.0,60.0,60.0,62.0,59.0,60.0,60.0,60.0,59.0,60.0,60.0,61.0,59.0,68.0,60.0,60.0,60.0,60.0,60.0,60.0,61.0,60.0,60.0
video_send_googEncodeUsagePercent_3469145150,53.0,46.0,41.0,36.0,32.0,29.0,26.0,24.0,22.0,20.0,19.0,18.0,17.0,16.0,16.0,15.0,15.0,14.0,14.0,14.0,14.0,13.0,13.0,13.0,13.0,13.0,13.0,13.0,13.0,13.0,13.0,13.0,13.0,13.0,13.0,13.0,13.0,13.0,13.0,13.0,13.0,13.0,13.0,13.0,13.0,13.0,12.0,13.0,13.0,13.0,13.0,13.0,14.0,14.0,14.0,14.0,14.0,14.0,14.0,14.0,14.0,13.0,13.0,13.0,13.0,14.0,14.0,14.0,14.0,14.0,13.0,13.0,14.0,14.0,14.0,14.0,14.0,14.0,14.0,14.0,14.0,14.0,14.0,14.0,13.0,14.0,14.0,14.0,14.0,14.0,14.0,14.0,14.0,14.0,14.0,14.0,14.0,14.0,14.0,14.0,14.0,14.0,14.0,14.0,14.0,15.0,15.0,14.0,14.0,14.0,14.0,14.0
video_send_googFrameHeightInput_3469145150,720.0,720.0,720.0,720.0,720.0,720.0,720.0,720.0,720.0,720.0,720.0,720.0,720.0,720.0,720.0,720.0,720.0,720.0,720.0,720.0,720.0,720.0,720.0,720.0,720.0,720.0,720.0,720.0,720.0,720.0,720.0,720.0,720.0,720.0,720.0,720.0,720.0,720.0,720.0,720.0,720.0,720.0,720.0,720.0,720.0,720.0,720.0,720.0,720.0,720.0,720.0,720.0,720.0,720.0,720.0,720.0,720.0,720.0,720.0,720.0,720.0,720.0,720.0,720.0,720.0,720.0,720.0,720.0,720.0,720.0,720.0,720.0,720.0,720.0,720.0,720.0,720.0,720.0,720.0,720.0,720.0,720.0,720.0,720.0,720.0,720.0,720.0,720.0,720.0,720.0,720.0,720.0,720.0,720.0,720.0,720.0,720.0,720.0,720.0,720.0,720.0,720.0,720.0,720.0,720.0,720.0,720.0,720.0,720.0,720.0,720.0,720.0
video_send_googFrameHeightSent_3469145150,180.0,180.0,180.0,180.0,180.0,180.0,180.0,180.0,180.0,180.0,180.0,180.0,180.0,180.0,180.0,180.0,180.0,180.0,180.0,180.0,180.0,180.0,180.0,180.0,180.0,180.0,180.0,180.0,180.0,180.0,180.0,180.0,180.0,180.0,180.0,180.0,180.0,180.0,180.0,180.0,180.0,180.0,180.0,180.0,180.0,180.0,180.0,180.0,180.0,180.0,180.0,180.0,180.0,180.0,180.0,180.0,180.0,180.0,180.0,180.0,180.0,180.0,180.0,180.0,180.0,180.0,180.0,180.0,180.0,180.0,180.0,180.0,180.0,180.0,180.0,180.0,180.0,180.0,180.0,180.0,180.0,180.0,180.0,180.0,180.0,180.0,180.0,180.0,180.0,180.0,180.0,180.0,180.0,180.0,180.0,180.0,180.0,180.0,180.0,180.0,180.0,180.0,180.0,180.0,180.0,180.0,180.0,180.0,180.0,180.0,180.0,180.0
video_send_googFrameRateSent_3469145150,61.0,60.0,60.0,61.0,61.0,61.0,61.0,60.0,61.0,61.0,61.0,60.0,60.0,61.0,60.0,60.0,60.0,60.0,60.0,61.0,60.0,60.0,60.0,60.0,60.0,60.0,60.0,60.0,60.0,60.0,60.0,60.0,59.0,60.0,60.0,60.0,60.0,60.0,60.0,59.0,60.0,60.0,60.0,60.0,60.0,60.0,60.0,60.0,60.0,60.0,60.0,57.0,60.0,60.0,60.0,60.0,60.0,60.0,60.0,60.0,60.0,60.0,60.0,60.0,60.0,60.0,60.0,60.0,60.0,60.0,60.0,60.0,60.0,60.0,60.0,60.0,60.0,60.0,60.0,60.0,60.0,60.0,60.0,60.0,60.0,60.0,60.0,60.0,60.0,60.0,60.0,60.0,60.0,59.0,60.0,60.0,60.0,60.0,60.0,60.0,60.0,60.0,60.0,60.0,60.0,60.0,60.0,60.0,60.0,60.0,60.0,60.0
video_send_googFrameWidthInput_3469145150,1280.0,1280.0,1280.0,1280.0,1280.0,1280.0,1280.0,1280.0,1280.0,1280.0,1280.0,1280.0,1280.0,1280.0,1280.0,1280.0,1280.0,1280.0,1280.0,1280.0,1280.0,1280.0,1280.0,1280.0,1280.0,1280.0,1280.0,1280.0,1280.0,1280.0,1280.0,1280.0,1280.0,1280.0,1280.0,1280.0,1280.0,1280.0,1280.0,1280.0,1280.0,1280.0,1280.0,1280.0,1280.0,1280.0,1280.0,1280.0,1280.0,1280.0,1280.0,1280.0,1280.0,1280.0,1280.0,1280.0,1280.0,1280.0,1280.0,1280.0,1280.0,1280.0,1280.0,1280.0,1280.0,1280.0,1280.0,1280.0,1280.0,1280.0,1280.0,1280.0,1280.0,1280.0,1280.0,1280.0,1280.0,1280.0,1280.0,1280.0,1280.0,1280.0,1280.0,1280.0,1280.0,1280.0,1280.0,1280.0,1280.0,1280.0,1280.0,1280.0,1280.0,1280.0,1280.0,1280.0,1280.0,1280.0,1280.0,1280.0,1280.0,1280.0,1280.0,1280.0,1280.0,1280.0,1280.0,1280.0,1280.0,1280.0,1280.0,1280.0
video_send_googFrameWidthSent_3469145150,320.0,320.0,320.0,320.0,320.0,320.0,320.0,320.0,320.0,320.0,320.0,320.0,320.0,320.0,320.0,320.0,320.0,320.0,320.0,320.0,320.0,320.0,320.0,320.0,320.0,320.0,320.0,320.0,320.0,320.0,320.0,320.0,320.0,320.0,320.0,320.0,320.0,320.0,320.0,320.0,320.0,320.0,320.0,320.0,320.0,320.0,320.0,320.0,320.0,320.0,320.0,320.0,320.0,320.0,320.0,320.0,320.0,320.0,320.0,320.0,320.0,320.0,320.0,320.0,320.0,320.0,320.0,320.0,320.0,320.0,320.0,320.0,320.0,320.0,320.0,320.0,320.0,320.0,320.0,320.0,320.0,320.0,320.0,320.0,320.0,320.0,320.0,320.0,320.0,320.0,320.0,320.0,320.0,320.0,320.0,320.0,320.0,320.0,320.0,320.0,320.0,320.0,320.0,320.0,320.0,320.0,320.0,320.0,320.0,320.0,320.0,320.0
video_send_googRtt_3469145150,0.0,60.0,49.0,34.0,28.0,28.0,28.0,28.0,27.0,27.0,28.0,28.0,28.0,28.0,28.0,28.0,28.0,28.0,28.0,28.0,28.0,28.0,27.0,27.0,27.0,27.0,27.0,27.0,27.0,27.0,27.0,27.0,27.0,27.0,27.0,27.0,27.0,27.0,27.0,27.0,27.0,27.0,27.0,27.0,27.0,27.0,27.0,27.0,27.0,27.0,27.0,27.0,27.0,27.0,27.0,27.0,27.0,27.0,27.0,27.0,27.0,27.0,27.0,27.0,27.0,27.0,27.0,27.0,27.0,27.0,27.0,27.0,27.0,27.0,27.0,27.0,27.0,27.0,27.0,27.0,27.0,27.0,27.0,27.0,27.0,27.0,27.0,27.0,27.0,27.0,27.0,27.0,27.0,27.0,27.0,27.0,27.0,27.0,27.0,27.0,27.0,27.0,27.0,27.0,27.0,27.0,27.0,27.0,27.0,27.0,27.0,28.0
audio_recv_bitsReceivedPerSecond_2011466052,10208.0,18664.0,41440.0,33016.0,26192.0,24416.0,34680.0,34472.0,15760.0,27512.0,29968.0,17560.0,7320.0,8464.0,7096.0,7064.0,7864.0,7544.0,9320.0,6744.0,10712.0,6480.0,8880.0,6504.0,10888.0,9976.0,11928.0,12824.0,9408.0,7384.0,8160.0,6248.0,9936.0,6056.0,8992.0,9312.0,12720.0,7016.0,15944.0,17392.0,8288.0,12744.0,13656.0,8256.0,12640.0,14160.0,6496.0,9416.0,16376.0,12728.0,6472.0,19184.0,11728.0,8184.0,14512.0,8184.0,11192.0,12088.0,12728.0,7208.0,7832.0,12912.0,8672.0,11112.0,6496.0,8264.0,17656.0,12248.0,7072.0,8040.0,6168.0,12400.0,5992.0,16368.0,14232.0,8000.0,8600.0,11456.0,8392.0,5992.0,12312.0,14816.0,28184.0,43600.0,14592.0,11528.0,9640.0,8768.0,6072.0,6088.0,5968.0,9936.0,9848.0,18944.0,11840.0,12696.0,15456.0,10608.0,8272.0,6384.0,7928.0,10840.0,14888.0,27872.0,35216.0,25648.0,7640.0,7872.0,8184.0,29968.0,28928.0,7184.0
audio_recv_packetsReceivedPerSecond_2011466052,15.0,23.0,47.0,39.0,38.0,35.0,50.0,50.0,23.0,41.0,42.0,25.0,11.0,13.0,11.0,9.0,9.0,9.0,9.0,9.0,11.0,9.0,8.0,5.0,11.0,9.0,13.0,13.0,10.0,7.0,7.0,6.0,10.0,6.0,9.0,10.0,13.0,8.0,18.0,18.0,8.0,12.0,14.0,8.0,13.0,18.0,9.0,12.0,19.0,13.0,9.0,21.0,11.0,11.0,17.0,9.0,13.0,13.0,17.0,8.0,9.0,16.0,13.0,17.0,9.0,12.0,18.0,17.0,10.0,12.0,8.0,16.0,8.0,19.0,15.0,11.0,12.0,16.0,12.0,8.0,15.0,16.0,32.0,50.0,16.0,16.0,14.0,13.0,8.0,8.0,8.0,10.0,10.0,20.0,13.0,13.0,19.0,10.0,8.0,9.0,8.0,11.0,17.0,31.0,41.0,42.0,11.0,11.0,11.0,47.0,45.0,10.0
audio_recv_googCurrentDelayMs_2011466052,62.0,60.0,50.0,62.0,67.0,68.0,67.0,56.0,55.0,67.0,53.0,57.0,45.0,49.0,40.0,47.0,45.0,51.0,53.0,41.0,52.0,51.0,44.0,40.0,48.0,53.0,48.0,58.0,44.0,38.0,37.0,37.0,53.0,45.0,43.0,53.0,43.0,42.0,48.0,48.0,45.0,45.0,55.0,43.0,53.0,54.0,50.0,48.0,55.0,50.0,46.0,70.0,53.0,45.0,49.0,47.0,48.0,59.0,62.0,48.0,44.0,48.0,52.0,55.0,49.0,54.0,56.0,49.0,44.0,45.0,48.0,51.0,49.0,50.0,50.0,40.0,48.0,51.0,48.0,47.0,47.0,55.0,74.0,71.0,52.0,49.0,48.0,47.0,42.0,50.0,41.0,48.0,41.0,59.0,56.0,51.0,45.0,52.0,42.0,51.0,51.0,58.0,45.0,72.0,46.0,52.0,46.0,49.0,49.0,59.0,69.0,42.0
audio_recv_googJitterBufferMs_2011466052,10.0,12.0,22.0,15.0,35.0,34.0,34.0,24.0,50.0,50.0,22.0,9.0,2.0,6.0,2.0,2.0,3.0,7.0,7.0,4.0,3.0,10.0,4.0,1.0,5.0,6.0,6.0,6.0,5.0,0.0,3.0,4.0,3.0,0.0,2.0,11.0,2.0,3.0,23.0,5.0,5.0,3.0,11.0,3.0,13.0,12.0,11.0,7.0,2.0,6.0,6.0,34.0,11.0,3.0,22.0,9.0,3.0,8.0,12.0,7.0,3.0,5.0,26.0,6.0,8.0,7.0,10.0,6.0,2.0,1.0,8.0,9.0,12.0,3.0,4.0,3.0,5.0,9.0,2.0,7.0,5.0,13.0,36.0,36.0,6.0,7.0,2.0,7.0,5.0,13.0,3.0,8.0,5.0,13.0,3.0,10.0,1.0,9.0,2.0,8.0,11.0,14.0,24.0,38.0,3.0,4.0,28.0,6.0,4.0,2.0,20.0,2.0
audio_recv_googJitterReceived_2011466052,1.0,2.0,2.0,2.0,2.0,1.0,2.0,1.0,2.0,4.0,2.0,1.0,1.0,1.0,1.0,1.0,2.0,2.0,2.0,1.0,2.0,1.0,2.0,1.0,1.0,1.0,1.0,1.0,2.0,1.0,3.0,2.0,2.0,2.0,2.0,2.0,2.0,2.0,1.0,1.0,1.0,2.0,2.0,2.0,1.0,2.0,2.0,3.0,1.0,2.0,2.0,2.0,2.0,2.0,2.0,2.0,3.0,2.0,2.0,2.0,2.0,2.0,2.0,2.0,2.0,3.0,2.0,3.0,2.0,2.0,2.0,2.0,2.0,2.0,1.0,1.0,1.0,2.0,1.0,2.0,2.0,2.0,1.0,2.0,2.0,2.0,2.0,2.0,2.0,2.0,2.0,2.0,2.0,2.0,1.0,1.0,2.0,2.0,3.0,2.0,2.0,2.0,2.0,1.0,1.0,1.0,1.0,2.0,2.0,1.0,1.0,1.0
audio_recv_googPreferredJitterBufferMs_2011466052,20.0,20.0,20.0,20.0,20.0,20.0,20.0,20.0,20.0,20.0,20.0,20.0,20.0,20.0,20.0,20.0,20.0,20.0,20.0,20.0,20.0,20.0,20.0,20.0,20.0,20.0,20.0,20.0,20.0,20.0,20.0,20.0,20.0,20.0,20.0,20.0,20.0,20.0,20.0,20.0,20.0,20.0,20.0,20.0,20.0,20.0,20.0,20.0,20.0,20.0,20.0,20.0,20.0,20.0,20.0,20.0,20.0,20.0,20.0,20.0,20.0,20.0,20.0,20.0,20.0,20.0,20.0,20.0,20.0,20.0,20.0,20.0,20.0,20.0,20.0,20.0,20.0,20.0,20.0,20.0,20.0,20.0,20.0,20.0,20.0,20.0,20.0,20.0,20.0,20.0,20.0,20.0,20.0,20.0,20.0,20.0,20.0,20.0,20.0,20.0,20.0,20.0,20.0,20.0,20.0,20.0,20.0,20.0,20.0,20.0,20.0,20.0
video_recv_bitsReceivedPerSecond_217613928,241760.0,278648.0,224352.0,216648.0,234536.0,213112.0,219656.0,204800.0,212184.0,216696.0,210968.0,202040.0,219112.0,209648.0,226032.0,225072.0,213720.0,207984.0,210824.0,215976.0,210576.0,205224.0,218568.0,215616.0,220752.0,219464.0,217352.0,207936.0,213640.0,216040.0,209536.0,201872.0,220856.0,216952.0,221440.0,210000.0,227344.0,207496.0,210352.0,221008.0,207584.0,204808.0,220432.0,209568.0,224904.0,213208.0,225536.0,207896.0,208480.0,222592.0,206744.0,206512.0,245000.0,197760.0,217096.0,213600.0,221912.0,207672.0,207024.0,224248.0,207888.0,202080.0,218672.0,212688.0,225504.0,211120.0,223720.0,207288.0,207200.0,227696.0,207512.0,203600.0,223088.0,208392.0,224416.0,211768.0,224944.0,208568.0,207152.0,226960.0,207320.0,202616.0,217736.0,213944.0,225440.0,204320.0,226744.0,212352.0,205656.0,229616.0,206824.0,202320.0,217032.0,213272.0,228872.0,205368.0,226584.0,210600.0,203168.0,231456.0,209416.0,198704.0,244216.0,196120.0,227184.0,201520.0,222984.0,214256.0,202320.0,231496.0,206936.0,204416.0
video_recv_packetsReceivedPerSecond_217613928,62.0,66.0,63.0,59.0,61.0,61.0,60.0,60.0,60.0,60.0,60.0,59.0,60.0,60.0,60.0,60.0,61.0,60.0,60.0,59.0,60.0,60.0,59.0,59.0,60.0,61.0,60.0,59.0,60.0,60.0,59.0,60.0,60.0,61.0,60.0,60.0,61.0,59.0,60.0,59.0,60.0,59.0,60.0,61.0,60.0,60.0,61.0,60.0,60.0,60.0,60.0,60.0,65.0,59.0,60.0,60.0,61.0,60.0,60.0,60.0,60.0,60.0,60.0,60.0,60.0,60.0,60.0,60.0,60.0,60.0,60.0,60.0,60.0,60.0,60.0,60.0,61.0,59.0,60.0,60.0,60.0,60.0,60.0,60.0,60.0,59.0,61.0,60.0,61.0,59.0,60.0,60.0,60.0,59.0,60.0,60.0,61.0,59.0,60.0,60.0,61.0,58.0,67.0,59.0,60.0,60.0,61.0,61.0,61.0,61.0,60.0,61.0
video_recv_googCurrentDelayMs_217613928,24.0,29.0,29.0,29.0,29.0,29.0,29.0,28.0,28.0,28.0,27.0,27.0,27.0,27.0,27.0,27.0,26.0,26.0,26.0,26.0,26.0,26.0,26.0,25.0,25.0,25.0,25.0,25.0,25.0,25.0,25.0,25.0,25.0,25.0,25.0,25.0,25.0,25.0,25.0,25.0,25.0,25.0,25.0,25.0,25.0,25.0,25.0,25.0,25.0,25.0,25.0,25.0,29.0,29.0,30.0,30.0,30.0,31.0,31.0,31.0,31.0,31.0,31.0,31.0,32.0,32.0,32.0,32.0,32.0,32.0,32.0,32.0,32.0,31.0,31.0,32.0,31.0,31.0,31.0,31.0,31.0,31.0,31.0,31.0,30.0,30.0,30.0,31.0,31.0,31.0,31.0,31.0,31.0,31.0,31.0,31.0,31.0,31.0,31.0,31.0,31.0,31.0,33.0,32.0,31.0,32.0,32.0,32.0,32.0,31.0,31.0,31.0
video_recv_googDecodeMs_217613928,1.0,1.0,1.0,1.0,1.0,1.0,2.0,1.0,1.0,1.0,1.0,1.0,1.0,1.0,2.0,1.0,1.0,1.0,1.0,1.0,1.0,1.0,1.0,1.0,1.0,1.0,1.0,2.0,1.0,1.0,1.0,1.0,1.0,1.0,1.0,1.0,1.0,1.0,1.0,1.0,2.0,2.0,1.0,1.0,1.0,1.0,1.0,1.0,1.0,1.0,2.0,1.0,1.0,1.0,1.0,1.0,2.0,1.0,2.0,1.0,1.0,1.0,1.0,1.0,3.0,1.0,1.0,1.0,1.0,1.0,2.0,3.0,4.0,1.0,1.0,1.0,1.0,1.0,1.0,1.0,1.0,1.0,1.0,1.0,1.0,1.0,3.0,2.0,1.0,1.0,1.0,1.0,1.0,2.0,1.0,1.0,1.0,1.0,4.0,1.0,1.0,1.0,1.0,1.0,4.0,1.0,1.0,1.0,1.0,1.0,1.0,1.0
video_recv_googFrameHeightReceived_217613928,180.0,180.0,180.0,180.0,180.0,180.0,180.0,180.0,180.0,180.0,180.0,180.0,180.0,180.0,180.0,180.0,180.0,180.0,180.0,180.0,180.0,180.0,180.0,180.0,180.0,180.0,180.0,180.0,180.0,180.0,180.0,180.0,180.0,180.0,180.0,180.0,180.0,180.0,180.0,180.0,180.0,180.0,180.0,180.0,180.0,180.0,180.0,180.0,180.0,180.0,180.0,180.0,180.0,180.0,180.0,180.0,180.0,180.0,180.0,180.0,180.0,180.0,180.0,180.0,180.0,180.0,180.0,180.0,180.0,180.0,180.0,180.0,180.0,180.0,180.0,180.0,180.0,180.0,180.0,180.0,180.0,180.0,180.0,180.0,180.0,180.0,180.0,180.0,180.0,180.0,180.0,180.0,180.0,180.0,180.0,180.0,180.0,180.0,180.0,180.0,180.0,180.0,180.0,180.0,180.0,180.0,180.0,180.0,180.0,180.0,180.0,180.0
video_recv_googFrameRateOutput_217613928,60.0,59.0,61.0,60.0,60.0,60.0,60.0,60.0,60.0,60.0,60.0,60.0,60.0,60.0,60.0,60.0,60.0,60.0,60.0,60.0,60.0,60.0,60.0,60.0,60.0,60.0,60.0,60.0,60.0,60.0,60.0,60.0,60.0,60.0,60.0,60.0,60.0,60.0,60.0,59.0,60.0,60.0,60.0,60.0,60.0,60.0,60.0,60.0,60.0,60.0,60.0,59.0,60.0,60.0,60.0,60.0,60.0,60.0,60.0,60.0,60.0,60.0,60.0,60.0,60.0,60.0,60.0,60.0,60.0,60.0,60.0,60.0,60.0,60.0,60.0,60.0,60.0,60.0,60.0,60.0,60.0,60.0,60.0,60.0,60.0,60.0,60.0,60.0,60.0,60.0,60.0,60.0,60.0,60.0,60.0,60.0,60.0,60.0,60.0,60.0,60.0,60.0,60.0,60.0,60.0,60.0,60.0,60.0,60.0,60.0,60.0,60.0
video_recv_googFrameRateReceived_217613928,60.0,59.0,59.0,60.0,59.0,60.0,60.0,60.0,60.0,60.0,60.0,60.0,60.0,60.0,60.0,60.0,60.0,60.0,60.0,59.0,60.0,60.0,60.0,60.0,60.0,60.0,61.0,60.0,60.0,60.0,60.0,60.0,60.0,60.0,60.0,60.0,60.0,60.0,60.0,60.0,60.0,60.0,60.0,60.0,60.0,60.0,60.0,60.0,60.0,60.0,60.0,60.0,59.0,60.0,60.0,60.0,60.0,60.0,60.0,60.0,60.0,60.0,60.0,60.0,60.0,60.0,60.0,60.0,60.0,60.0,60.0,60.0,60.0,60.0,60.0,60.0,60.0,60.0,60.0,60.0,60.0,60.0,60.0,60.0,60.0,60.0,60.0,60.0,61.0,59.0,60.0,60.0,60.0,59.0,60.0,60.0,60.0,60.0,60.0,60.0,61.0,59.0,60.0,59.0,60.0,60.0,60.0,60.0,60.0,60.0,60.0,61.0
video_recv_googFrameWidthReceived_217613928,320.0,320.0,320.0,320.0,320.0,320.0,320.0,320.0,320.0,320.0,320.0,320.0,320.0,320.0,320.0,320.0,320.0,320.0,320.0,320.0,320.0,320.0,320.0,320.0,320.0,320.0,320.0,320.0,320.0,320.0,320.0,320.0,320.0,320.0,320.0,320.0,320.0,320.0,320.0,320.0,320.0,320.0,320.0,320.0,320.0,320.0,320.0,320.0,320.0,320.0,320.0,320.0,320.0,320.0,320.0,320.0,320.0,320.0,320.0,320.0,320.0,320.0,320.0,320.0,320.0,320.0,320.0,320.0,320.0,320.0,320.0,320.0,320.0,320.0,320.0,320.0,320.0,320.0,320.0,320.0,320.0,320.0,320.0,320.0,320.0,320.0,320.0,320.0,320.0,320.0,320.0,320.0,320.0,320.0,320.0,320.0,320.0,320.0,320.0,320.0,320.0,320.0,320.0,320.0,320.0,320.0,320.0,320.0,320.0,320.0,320.0,320.0
video_recv_googInterframeDelayMax_217613928,26.0,41.0,27.0,32.0,20.0,21.0,22.0,21.0,20.0,21.0,19.0,22.0,24.0,19.0,20.0,19.0,19.0,19.0,19.0,20.0,19.0,19.0,19.0,24.0,22.0,20.0,21.0,19.0,19.0,20.0,23.0,19.0,26.0,19.0,18.0,18.0,18.0,18.0,23.0,19.0,18.0,20.0,19.0,19.0,20.0,19.0,19.0,19.0,18.0,20.0,22.0,33.0,48.0,22.0,21.0,20.0,21.0,20.0,20.0,20.0,21.0,21.0,20.0,21.0,22.0,22.0,21.0,23.0,20.0,22.0,20.0,26.0,21.0,22.0,21.0,20.0,21.0,22.0,20.0,24.0,21.0,22.0,22.0,21.0,21.0,21.0,22.0,21.0,23.0,21.0,22.0,22.0,21.0,23.0,22.0,20.0,20.0,25.0,22.0,22.0,21.0,21.0,44.0,20.0,21.0,21.0,21.0,20.0,21.0,20.0,20.0,21.0
video_recv_googJitterBufferMs_217613928,13.0,17.0,17.0,17.0,17.0,17.0,16.0,16.0,16.0,15.0,15.0,15.0,15.0,15.0,15.0,15.0,15.0,15.0,15.0,15.0,15.0,15.0,15.0,14.0,14.0,14.0,14.0,14.0,14.0,14.0,14.0,14.0,14.0,14.0,14.0,14.0,14.0,14.0,14.0,14.0,14.0,14.0,14.0,14.0,14.0,14.0,14.0,14.0,14.0,14.0,14.0,14.0,18.0,18.0,18.0,18.0,18.0,18.0,18.0,18.0,18.0,18.0,18.0,18.0,18.0,18.0,18.0,18.0,18.0,18.0,18.0,18.0,18.0,17.0,17.0,18.0,17.0,17.0,17.0,17.0,17.0,17.0,17.0,17.0,17.0,17.0,17.0,17.0,17.0,17.0,17.0,17.0,17.0,17.0,17.0,17.0,17.0,17.0,17.0,17.0,17.0,17.0,19.0,19.0,18.0,18.0,18.0,18.0,18.0,18.0,18.0,18.0
video_recv_googPlisSent_217613928,4.0,4.0,4.0,4.0,4.0,4.0,4.0,4.0,4.0,4.0,4.0,4.0,4.0,4.0,4.0,4.0,4.0,4.0,4.0,4.0,4.0,4.0,4.0,4.0,4.0,4.0,4.0,4.0,4.0,4.0,4.0,4.0,4.0,4.0,4.0,4.0,4.0,4.0,4.0,4.0,4.0,4.0,4.0,4.0,4.0,4.0,4.0,4.0,4.0,4.0,4.0,4.0,4.0,4.0,4.0,4.0,4.0,4.0,4.0,4.0,4.0,4.0,4.0,4.0,4.0,4.0,4.0,4.0,4.0,4.0,4.0,4.0,4.0,4.0,4.0,4.0,4.0,4.0,4.0,4.0,4.0,4.0,4.0,4.0,4.0,4.0,4.0,4.0,4.0,4.0,4.0,4.0,4.0,4.0,4.0,4.0,4.0,4.0,4.0,4.0,4.0,4.0,4.0,4.0,4.0,4.0,4.0,4.0,4.0,4.0,4.0,4.0
audio_send_packetsLost_1452174684,0.0,0.0,0.0,0.0,0.0,0.0,0.0,0.0,0.0,0.0,0.0,0.0,0.0,0.0,0.0,0.0,0.0,0.0,0.0,0.0,0.0,0.0,0.0,0.0,0.0,0.0,0.0,0.0,0.0,0.0,0.0,0.0,0.0,0.0,0.0,0.0,0.0,0.0,0.0,0.0,0.0,0.0,0.0,0.0,0.0,0.0,0.0,0.0,0.0,0.0,0.0,0.0,0.0,0.0,0.0,0.0,0.0,0.0,0.0,0.0,0.0,0.0,0.0,0.0,0.0,0.0,0.0,0.0,0.0,0.0,0.0,0.0,0.0,0.0,0.0,0.0,0.0,0.0,0.0,0.0,0.0,0.0,0.0,0.0,0.0,0.0,0.0,0.0,0.0,0.0,0.0,0.0,0.0,0.0,0.0,0.0,0.0,0.0,0.0,0.0,0.0,0.0,0.0,0.0,0.0,0.0,0.0,0.0,0.0,0.0,0.0,0.0
audio_send_googJitterReceived_1452174684,0.0,0.0,0.0,0.0,0.0,0.0,0.0,0.0,0.0,0.0,0.0,0.0,0.0,0.0,0.0,0.0,0.0,0.0,0.0,0.0,0.0,0.0,0.0,0.0,0.0,0.0,0.0,0.0,0.0,0.0,0.0,0.0,0.0,0.0,0.0,0.0,0.0,0.0,0.0,0.0,0.0,0.0,0.0,0.0,0.0,0.0,0.0,0.0,0.0,0.0,0.0,0.0,0.0,0.0,0.0,0.0,0.0,0.0,0.0,0.0,0.0,0.0,0.0,0.0,0.0,0.0,0.0,0.0,0.0,0.0,0.0,0.0,0.0,0.0,0.0,0.0,0.0,0.0,0.0,0.0,0.0,0.0,0.0,0.0,0.0,0.0,0.0,0.0,0.0,0.0,0.0,0.0,0.0,0.0,0.0,0.0,0.0,0.0,0.0,0.0,0.0,0.0,0.0,0.0,0.0,0.0,0.0,0.0,0.0,0.0,0.0,0.0
audio_recv_bitsReceivedPerSecond_892852626,-1,0.0,13416.0,15736.0,20576.0,19736.0,21864.0,17048.0,17344.0,18240.0,18128.0,22600.0,24776.0,24480.0,24032.0,23312.0,24008.0,24128.0,23464.0,23168.0,23512.0,25024.0,22240.0,23592.0,24184.0,23872.0,23640.0,22704.0,24040.0,23448.0,24416.0,23528.0,25000.0,24088.0,24160.0,25056.0,22648.0,22832.0,21744.0,22336.0,21872.0,20840.0,22520.0,21336.0,22936.0,22552.0,13000.0,21752.0,15776.0,10648.0,22352.0,18136.0,7032.0,18192.0,22168.0,15000.0,13176.0,23376.0,21600.0,22616.0,21960.0,22464.0,22360.0,15136.0,14496.0,23312.0,22120.0,23488.0,22688.0,22016.0,23256.0,20920.0,23840.0,24368.0,24352.0,23272.0,24120.0,23560.0,14976.0,15680.0,16992.0,23776.0,24184.0,16256.0,21176.0,22208.0,21912.0,22696.0,20848.0,21560.0,22536.0,22400.0,22280.0,17016.0,19152.0,22800.0,23048.0,22888.0,21824.0,21792.0,23536.0,22992.0,22152.0,23144.0,23032.0,22128.0,23264.0,21912.0,22992.0,19488.0,15376.0,24232.0
audio_recv_packetsReceivedPerSecond_892852626,-1,0.0,18.0,22.0,27.0,27.0,27.0,24.0,24.0,24.0,24.0,27.0,28.0,28.0,27.0,26.0,28.0,27.0,27.0,26.0,27.0,28.0,27.0,27.0,28.0,26.0,27.0,25.0,28.0,27.0,27.0,27.0,28.0,28.0,28.0,28.0,26.0,27.0,27.0,27.0,27.0,26.0,28.0,27.0,28.0,28.0,18.0,27.0,20.0,16.0,27.0,20.0,9.0,23.0,27.0,20.0,18.0,28.0,27.0,28.0,27.0,27.0,27.0,21.0,18.0,28.0,26.0,28.0,28.0,27.0,28.0,26.0,27.0,28.0,28.0,27.0,27.0,26.0,16.0,17.0,18.0,28.0,27.0,17.0,24.0,27.0,27.0,28.0,26.0,27.0,28.0,28.0,27.0,21.0,24.0,28.0,28.0,27.0,27.0,26.0,28.0,27.0,26.0,28.0,28.0,27.0,28.0,27.0,28.0,25.0,19.0,29.0
audio_recv_googCurrentDelayMs_892852626,-1,35.0,116.0,226.0,423.0,690.0,730.0,557.0,594.0,825.0,943.0,899.0,950.0,913.0,725.0,459.0,500.0,515.0,365.0,535.0,667.0,609.0,410.0,570.0,618.0,469.0,399.0,551.0,476.0,404.0,668.0,693.0,545.0,397.0,557.0,457.0,394.0,617.0,568.0,379.0,517.0,479.0,353.0,598.0,608.0,412.0,472.0,617.0,708.0,584.0,715.0,790.0,669.0,754.0,807.0,839.0,685.0,797.0,854.0,804.0,584.0,387.0,509.0,419.0,480.0,672.0,778.0,636.0,414.0,477.0,509.0,340.0,524.0,626.0,510.0,343.0,392.0,252.0,385.0,610.0,768.0,830.0,826.0,618.0,723.0,833.0,799.0,606.0,415.0,574.0,588.0,396.0,531.0,438.0,431.0,679.0,648.0,386.0,452.0,486.0,373.0,540.0,610.0,470.0,406.0,527.0,361.0,447.0,425.0,324.0,395.0,587.0
audio_recv_googJitterBufferMs_892852626,-1,22.0,202.0,342.0,563.0,747.0,423.0,242.0,725.0,794.0,820.0,666.0,824.0,531.0,211.0,145.0,469.0,167.0,281.0,748.0,430.0,170.0,302.0,640.0,332.0,3.0,541.0,323.0,31.0,546.0,649.0,342.0,66.0,427.0,358.0,36.0,526.0,494.0,173.0,285.0,420.0,92.0,420.0,559.0,252.0,149.0,392.0,721.0,419.0,422.0,684.0,475.0,323.0,562.0,824.0,399.0,484.0,704.0,644.0,372.0,60.0,402.0,367.0,162.0,447.0,804.0,544.0,208.0,147.0,463.0,157.0,270.0,685.0,369.0,52.0,421.0,165.0,262.0,326.0,480.0,495.0,747.0,556.0,346.0,669.0,708.0,398.0,96.0,382.0,481.0,191.0,288.0,446.0,86.0,481.0,794.0,371.0,149.0,567.0,191.0,309.0,701.0,342.0,15.0,567.0,260.0,146.0,478.0,126.0,382.0,390.0,826.0
audio_recv_googJitterReceived_892852626,-1,1.0,21.0,23.0,19.0,20.0,18.0,21.0,21.0,20.0,20.0,18.0,16.0,16.0,17.0,18.0,17.0,17.0,17.0,17.0,17.0,18.0,17.0,17.0,16.0,17.0,17.0,20.0,18.0,18.0,18.0,18.0,17.0,17.0,16.0,16.0,18.0,17.0,17.0,18.0,18.0,18.0,16.0,18.0,17.0,17.0,22.0,18.0,22.0,26.0,20.0,25.0,34.0,21.0,18.0,24.0,24.0,19.0,19.0,18.0,18.0,19.0,19.0,23.0,23.0,17.0,17.0,20.0,18.0,17.0,18.0,18.0,20.0,17.0,16.0,16.0,18.0,19.0,24.0,24.0,23.0,19.0,18.0,23.0,21.0,18.0,17.0,17.0,18.0,18.0,21.0,18.0,17.0,21.0,19.0,17.0,16.0,17.0,17.0,18.0,17.0,17.0,16.0,17.0,17.0,18.0,19.0,17.0,18.0,22.0,22.0,21.0
audio_recv_googPreferredJitterBufferMs_892852626,-1,80.0,480.0,960.0,1400.0,1800.0,1880.0,1880.0,1880.0,1880.0,1880.0,1880.0,1880.0,1880.0,1880.0,1880.0,1840.0,1800.0,1780.0,1780.0,1780.0,1780.0,1760.0,1760.0,1760.0,1760.0,1760.0,1760.0,1760.0,1760.0,1760.0,1760.0,1760.0,1760.0,1760.0,1760.0,1760.0,1760.0,1760.0,1760.0,1760.0,1760.0,1760.0,1760.0,1760.0,1760.0,1760.0,1760.0,1760.0,1760.0,1760.0,1760.0,1760.0,1760.0,1760.0,1780.0,1780.0,1780.0,1780.0,1780.0,1780.0,1780.0,1760.0,1760.0,1760.0,1760.0,1760.0,1760.0,1760.0,1760.0,1760.0,1760.0,1760.0,1760.0,1760.0,1760.0,1760.0,1760.0,1760.0,1760.0,1760.0,1760.0,1760.0,1760.0,1760.0,1760.0,1760.0,1760.0,1760.0,1760.0,1760.0,1760.0,1760.0,1760.0,1760.0,1760.0,1760.0,1760.0,1760.0,1760.0,1760.0,1760.0,1760.0,1760.0,1760.0,1760.0,1760.0,1760.0,1760.0,1760.0,1760.0,1760.0
video_recv_bitsReceivedPerSecond_1085062219,-1,0.0,139528.0,178424.0,226224.0,205360.0,264912.0,223616.0,241288.0,159816.0,188776.0,38952.0,51432.0,51448.0,51872.0,58824.0,70440.0,80096.0,97576.0,99832.0,87632.0,82368.0,75592.0,79624.0,86544.0,97704.0,111240.0,126448.0,127760.0,124384.0,133488.0,139800.0,132024.0,137808.0,94608.0,83744.0,77464.0,67336.0,68504.0,68800.0,63688.0,68672.0,77568.0,85712.0,96904.0,115904.0,90240.0,81968.0,72888.0,59072.0,60664.0,63720.0,67296.0,73432.0,79192.0,85816.0,92856.0,82464.0,94584.0,87296.0,90488.0,85168.0,67328.0,68352.0,52008.0,51968.0,63248.0,67736.0,78552.0,91104.0,99960.0,109736.0,115368.0,102776.0,76712.0,78920.0,71936.0,84600.0,99032.0,89840.0,66760.0,68096.0,45928.0,42384.0,41344.0,43168.0,43336.0,46504.0,47456.0,52680.0,55040.0,50352.0,47248.0,43112.0,48616.0,51560.0,59576.0,67584.0,78184.0,85728.0,95400.0,90600.0,98544.0,104016.0,112424.0,125608.0,148568.0,139832.0,148256.0,156864.0,154368.0,144712.0
video_recv_packetsReceivedPerSecond_1085062219,-1,0.0,34.0,29.0,37.0,32.0,40.0,38.0,37.0,35.0,37.0,18.0,20.0,21.0,23.0,22.0,25.0,31.0,32.0,29.0,25.0,34.0,35.0,35.0,28.0,32.0,34.0,28.0,32.0,31.0,31.0,34.0,29.0,30.0,21.0,14.0,42.0,32.0,24.0,34.0,34.0,27.0,36.0,31.0,32.0,31.0,23.0,19.0,34.0,31.0,30.0,32.0,31.0,28.0,32.0,31.0,34.0,28.0,30.0,33.0,30.0,29.0,21.0,21.0,42.0,34.0,29.0,34.0,30.0,34.0,33.0,30.0,31.0,28.0,20.0,28.0,36.0,33.0,31.0,27.0,17.0,20.0,39.0,25.0,27.0,25.0,32.0,35.0,33.0,32.0,29.0,25.0,36.0,35.0,30.0,34.0,34.0,32.0,32.0,29.0,36.0,30.0,31.0,36.0,31.0,32.0,33.0,31.0,31.0,36.0,29.0,29.0
video_recv_googCurrentDelayMs_1085062219,-1,21.0,103.0,142.0,148.0,142.0,139.0,139.0,141.0,149.0,145.0,142.0,141.0,141.0,139.0,139.0,139.0,133.0,133.0,128.0,128.0,128.0,127.0,127.0,126.0,128.0,131.0,135.0,132.0,128.0,129.0,128.0,128.0,126.0,130.0,131.0,134.0,134.0,134.0,134.0,134.0,134.0,138.0,137.0,135.0,136.0,137.0,140.0,140.0,140.0,139.0,139.0,137.0,138.0,137.0,137.0,137.0,134.0,134.0,133.0,134.0,135.0,134.0,136.0,133.0,134.0,133.0,135.0,131.0,132.0,132.0,133.0,130.0,131.0,133.0,139.0,138.0,138.0,138.0,139.0,140.0,146.0,144.0,143.0,144.0,145.0,145.0,142.0,142.0,142.0,143.0,143.0,141.0,140.0,139.0,138.0,137.0,135.0,132.0,130.0,130.0,128.0,129.0,128.0,128.0,129.0,131.0,129.0,130.0,130.0,132.0,139.0
video_recv_googDecodeMs_1085062219,-1,1.0,1.0,1.0,1.0,1.0,1.0,1.0,1.0,1.0,1.0,1.0,1.0,1.0,1.0,1.0,1.0,1.0,1.0,1.0,1.0,1.0,1.0,1.0,1.0,1.0,1.0,1.0,1.0,1.0,1.0,1.0,3.0,1.0,1.0,1.0,1.0,4.0,1.0,1.0,2.0,1.0,1.0,1.0,1.0,1.0,1.0,1.0,0.0,1.0,0.0,3.0,1.0,1.0,1.0,1.0,1.0,1.0,1.0,1.0,1.0,1.0,1.0,0.0,2.0,0.0,1.0,0.0,0.0,0.0,1.0,1.0,1.0,1.0,1.0,1.0,1.0,2.0,1.0,1.0,1.0,1.0,1.0,2.0,1.0,1.0,1.0,0.0,1.0,1.0,1.0,1.0,1.0,0.0,1.0,0.0,1.0,0.0,0.0,1.0,1.0,1.0,1.0,1.0,1.0,1.0,1.0,1.0,1.0,1.0,1.0,1.0
video_recv_googFrameHeightReceived_1085062219,-1,180.0,180.0,180.0,180.0,180.0,180.0,180.0,180.0,180.0,180.0,180.0,180.0,180.0,180.0,180.0,180.0,180.0,180.0,180.0,180.0,180.0,180.0,180.0,180.0,180.0,180.0,180.0,180.0,180.0,180.0,180.0,180.0,180.0,180.0,180.0,180.0,180.0,180.0,180.0,180.0,180.0,180.0,180.0,180.0,180.0,180.0,180.0,180.0,180.0,180.0,180.0,180.0,180.0,180.0,180.0,180.0,180.0,180.0,180.0,180.0,180.0,180.0,180.0,180.0,180.0,180.0,180.0,180.0,180.0,180.0,180.0,180.0,180.0,180.0,180.0,180.0,180.0,180.0,180.0,180.0,180.0,180.0,180.0,180.0,180.0,180.0,180.0,180.0,180.0,180.0,180.0,180.0,180.0,180.0,180.0,180.0,180.0,180.0,180.0,180.0,180.0,180.0,180.0,180.0,180.0,180.0,180.0,180.0,180.0,180.0,180.0
video_recv_googFrameRateOutput_1085062219,-1,12.0,22.0,18.0,32.0,26.0,30.0,31.0,32.0,29.0,32.0,20.0,20.0,21.0,23.0,23.0,25.0,28.0,27.0,32.0,27.0,29.0,32.0,32.0,29.0,29.0,32.0,27.0,28.0,32.0,28.0,25.0,29.0,30.0,27.0,10.0,22.0,32.0,31.0,31.0,31.0,29.0,30.0,27.0,28.0,30.0,30.0,20.0,21.0,32.0,31.0,28.0,31.0,27.0,29.0,29.0,32.0,31.0,31.0,29.0,28.0,29.0,29.0,24.0,31.0,29.0,32.0,28.0,32.0,31.0,31.0,31.0,30.0,31.0,23.0,22.0,31.0,30.0,32.0,32.0,26.0,19.0,31.0,29.0,24.0,27.0,26.0,32.0,33.0,33.0,27.0,26.0,29.0,35.0,33.0,31.0,33.0,33.0,32.0,30.0,31.0,31.0,29.0,32.0,31.0,32.0,32.0,34.0,28.0,33.0,29.0,27.0
video_recv_googFrameRateReceived_1085062219,-1,2.0,31.0,26.0,32.0,25.0,31.0,32.0,28.0,28.0,33.0,19.0,20.0,21.0,23.0,23.0,25.0,31.0,32.0,30.0,25.0,34.0,35.0,36.0,28.0,33.0,33.0,26.0,32.0,31.0,31.0,33.0,29.0,30.0,21.0,11.0,41.0,33.0,24.0,35.0,34.0,28.0,36.0,31.0,32.0,31.0,23.0,19.0,30.0,31.0,30.0,32.0,32.0,29.0,32.0,31.0,34.0,28.0,30.0,33.0,30.0,29.0,21.0,21.0,41.0,34.0,30.0,34.0,30.0,34.0,33.0,30.0,30.0,28.0,20.0,28.0,36.0,34.0,31.0,27.0,17.0,19.0,38.0,25.0,27.0,26.0,31.0,35.0,33.0,32.0,29.0,25.0,34.0,36.0,30.0,33.0,33.0,33.0,32.0,29.0,35.0,31.0,29.0,36.0,31.0,32.0,33.0,30.0,30.0,36.0,23.0,28.0
video_recv_googFrameWidthReceived_1085062219,-1,320.0,320.0,320.0,320.0,320.0,320.0,320.0,320.0,320.0,320.0,320.0,320.0,320.0,320.0,320.0,320.0,320.0,320.0,320.0,320.0,320.0,320.0,320.0,320.0,320.0,320.0,320.0,320.0,320.0,320.0,320.0,320.0,320.0,320.0,320.0,320.0,320.0,320.0,320.0,320.0,320.0,320.0,320.0,320.0,320.0,320.0,320.0,320.0,320.0,320.0,320.0,320.0,320.0,320.0,320.0,320.0,320.0,320.0,320.0,320.0,320.0,320.0,320.0,320.0,320.0,320.0,320.0,320.0,320.0,320.0,320.0,320.0,320.0,320.0,320.0,320.0,320.0,320.0,320.0,320.0,320.0,320.0,320.0,320.0,320.0,320.0,320.0,320.0,320.0,320.0,320.0,320.0,320.0,320.0,320.0,320.0,320.0,320.0,320.0,320.0,320.0,320.0,320.0,320.0,320.0,320.0,320.0,320.0,320.0,320.0,320.0
video_recv_googInterframeDelayMax_1085062219,-1,20.0,209.0,195.0,131.0,137.0,134.0,138.0,136.0,135.0,142.0,150.0,160.0,144.0,150.0,174.0,157.0,177.0,155.0,159.0,160.0,160.0,153.0,158.0,154.0,151.0,172.0,160.0,148.0,153.0,152.0,167.0,149.0,149.0,149.0,488.0,187.0,149.0,147.0,155.0,160.0,156.0,145.0,163.0,166.0,145.0,145.0,157.0,206.0,145.0,146.0,145.0,146.0,156.0,172.0,159.0,143.0,146.0,145.0,145.0,143.0,142.0,143.0,225.0,143.0,141.0,145.0,160.0,143.0,139.0,143.0,141.0,142.0,145.0,156.0,169.0,138.0,171.0,143.0,137.0,144.0,215.0,138.0,142.0,208.0,141.0,155.0,143.0,138.0,144.0,172.0,138.0,137.0,137.0,137.0,136.0,140.0,138.0,138.0,138.0,136.0,144.0,144.0,136.0,137.0,139.0,139.0,138.0,140.0,137.0,141.0,137.0
video_recv_googJitterBufferMs_1085062219,-1,11.0,114.0,140.0,136.0,130.0,127.0,127.0,129.0,137.0,133.0,130.0,129.0,129.0,127.0,127.0,127.0,122.0,122.0,117.0,117.0,117.0,116.0,116.0,115.0,117.0,120.0,124.0,121.0,117.0,117.0,116.0,118.0,114.0,118.0,121.0,122.0,122.0,122.0,122.0,122.0,122.0,126.0,125.0,124.0,124.0,125.0,128.0,128.0,128.0,127.0,127.0,125.0,128.0,125.0,126.0,125.0,122.0,122.0,121.0,122.0,123.0,122.0,124.0,121.0,122.0,122.0,124.0,120.0,121.0,121.0,122.0,120.0,120.0,122.0,128.0,127.0,127.0,127.0,128.0,128.0,134.0,132.0,131.0,132.0,133.0,133.0,130.0,130.0,130.0,131.0,131.0,131.0,129.0,128.0,127.0,126.0,124.0,121.0,119.0,119.0,116.0,117.0,116.0,115.0,117.0,118.0,117.0,118.0,118.0,125.0,127.0
video_recv_googPlisSent_1085062219,-1,1.0,1.0,1.0,1.0,1.0,1.0,1.0,1.0,1.0,1.0,1.0,1.0,1.0,1.0,1.0,1.0,1.0,1.0,1.0,1.0,1.0,1.0,1.0,1.0,1.0,1.0,1.0,1.0,1.0,1.0,1.0,1.0,1.0,1.0,1.0,1.0,1.0,1.0,1.0,1.0,1.0,1.0,1.0,1.0,1.0,1.0,1.0,1.0,1.0,1.0,1.0,1.0,1.0,1.0,1.0,1.0,1.0,1.0,1.0,1.0,1.0,1.0,1.0,1.0,1.0,1.0,1.0,1.0,1.0,1.0,1.0,1.0,1.0,1.0,1.0,1.0,1.0,1.0,1.0,1.0,1.0,1.0,1.0,1.0,1.0,1.0,1.0,1.0,1.0,1.0,1.0,1.0,1.0,1.0,1.0,1.0,1.0,1.0,1.0,1.0,1.0,1.0,1.0,1.0,1.0,1.0,1.0,1.0,1.0,1.0,1.0
audio_send_googRtt_1452174684,-1,-1,27.0,28.0,28.0,28.0,28.0,27.0,28.0,28.0,28.0,28.0,28.0,31.0,31.0,31.0,31.0,31.0,28.0,28.0,27.0,27.0,27.0,27.0,27.0,27.0,27.0,27.0,28.0,29.0,30.0,29.0,30.0,28.0,29.0,29.0,27.0,27.0,28.0,28.0,28.0,29.0,29.0,29.0,28.0,28.0,31.0,30.0,29.0,29.0,29.0,29.0,29.0,28.0,28.0,28.0,27.0,28.0,28.0,28.0,28.0,28.0,28.0,28.0,27.0,28.0,28.0,28.0,28.0,28.0,28.0,28.0,29.0,29.0,30.0,30.0,29.0,27.0,27.0,27.0,27.0,28.0,27.0,29.0,27.0,28.0,29.0,28.0,28.0,28.0,27.0,27.0,27.0,27.0,27.0,27.0,27.0,27.0,28.0,27.0,28.0,28.0,28.0,28.0,28.0,27.0,28.0,28.0,28.0,28.0,36.0,31.0
video_send_resolutionChangesInput_3469145150,0,0,0,0,0,0,0,0,0,0,0,0,0,0,0,0,0,0,0,0,0,0,0,0,0,0,0,0,0,0,0,0,0,0,0,0,0,0,0,0,0,0,0,0,0,0,0,0,0,0,0,0,0,0,0,0,0,0,0,0,0,0,0,0,0,0,0,0,0,0,0,0,0,0,0,0,0,0,0,0,0,0,0,0,0,0,0,0,0,0,0,0,0,0,0,0,0,0,0,0,0,0,0,0,0,0,0,0,0,0,0,0
video_send_resolutionChangesSent_3469145150,0,0,0,0,0,0,0,0,0,0,0,0,0,0,0,0,0,0,0,0,0,0,0,0,0,0,0,0,0,0,0,0,0,0,0,0,0,0,0,0,0,0,0,0,0,0,0,0,0,0,0,0,0,0,0,0,0,0,0,0,0,0,0,0,0,0,0,0,0,0,0,0,0,0,0,0,0,0,0,0,0,0,0,0,0,0,0,0,0,0,0,0,0,0,0,0,0,0,0,0,0,0,0,0,0,0,0,0,0,0,0,0
video_recv_resolutionChangesReceived_217613928,0,0,0,0,0,0,0,0,0,0,0,0,0,0,0,0,0,0,0,0,0,0,0,0,0,0,0,0,0,0,0,0,0,0,0,0,0,0,0,0,0,0,0,0,0,0,0,0,0,0,0,0,0,0,0,0,0,0,0,0,0,0,0,0,0,0,0,0,0,0,0,0,0,0,0,0,0,0,0,0,0,0,0,0,0,0,0,0,0,0,0,0,0,0,0,0,0,0,0,0,0,0,0,0,0,0,0,0,0,0,0,0
video_recv_resolutionChangesReceived_1085062219,0,1,1,1,1,1,1,1,1,1,1,1,1,1,1,1,1,1,1,1,1,1,1,1,1,1,1,1,1,1,1,1,1,1,1,1,1,1,1,1,1,1,1,1,1,1,1,1,1,1,1,1,1,1,1,1,1,1,1,1,1,1,1,1,1,1,1,1,1,1,1,1,1,1,1,1,1,1,1,1,1,1,1,1,1,1,1,1,1,1,1,1,1,1,1,1,1,1,1,1,1,1,1,1,1,1,1,1,1,1,1,1
1_way_delay_audio_send_3469145150_0,-0.5,-0.5,13.5,14.0,14.0,14.0,14.0,13.5,14.0,14.0,14.0,14.0,14.0,15.5,15.5,15.5,15.5,15.5,14.0,14.0,13.5,13.5,13.5,13.5,13.5,13.5,13.5,13.5,14.0,14.5,15.0,14.5,15.0,14.0,14.5,14.5,13.5,13.5,14.0,14.0,14.0,14.5,14.5,14.5,14.0,14.0,15.5,15.0,14.5,14.5,14.5,14.5,14.5,14.0,14.0,14.0,13.5,14.0,14.0,14.0,14.0,14.0,14.0,14.0,13.5,14.0,14.0,14.0,14.0,14.0,14.0,14.0,14.5,14.5,15.0,15.0,14.5,13.5,13.5,13.5,13.5,14.0,13.5,14.5,13.5,14.0,14.5,14.0,14.0,14.0,13.5,13.5,13.5,13.5,13.5,13.5,13.5,13.5,14.0,13.5,14.0,14.0,14.0,14.0,14.0,13.5,14.0,14.0,14.0,14.0,18.0,15.5
1_way_delay_video_send_3469145150_0,0.0,30.0,24.5,17.0,14.0,14.0,14.0,14.0,13.5,13.5,14.0,14.0,14.0,14.0,14.0,14.0,14.0,14.0,14.0,14.0,14.0,14.0,13.5,13.5,13.5,13.5,13.5,13.5,13.5,13.5,13.5,13.5,13.5,13.5,13.5,13.5,13.5,13.5,13.5,13.5,13.5,13.5,13.5,13.5,13.5,13.5,13.5,13.5,13.5,13.5,13.5,13.5,13.5,13.5,13.5,13.5,13.5,13.5,13.5,13.5,13.5,13.5,13.5,13.5,13.5,13.5,13.5,13.5,13.5,13.5,13.5,13.5,13.5,13.5,13.5,13.5,13.5,13.5,13.5,13.5,13.5,13.5,13.5,13.5,13.5,13.5,13.5,13.5,13.5,13.5,13.5,13.5,13.5,13.5,13.5,13.5,13.5,13.5,13.5,13.5,13.5,13.5,13.5,13.5,13.5,13.5,13.5,13.5,13.5,13.5,13.5,14.0
ear_ear_delay_audio_send_3469145150_0,-0.5,-0.5,15.5,21.0,36.0,16.0,36.0,15.5,56.0,16.0,35.0,16.0,36.0,105.5,37.5,17.5,77.5,37.5,57.0,18.0,75.5,128.5,15.5,43.5,95.5,63.5,35.5,43.5,56.0,16.5,45.0,26.5,182.0,254.0,84.5,81.5,15.5,35.5,56.0,24.0,36.0,96.5,16.5,241.5,564.0,484.0,123.5,37.0,37.5,26.5,77.5,24.5,16.5,54.0,37.0,16.0,35.5,44.0,57.0,36.0,134.0,36.0,76.0,36.0,15.5,46.0,64.0,17.0,35.0,16.0,56.0,16.0,34.5,17.5,259.0,563.0,135.5,16.5,36.5,56.5,53.5,57.0,16.5,24.5,44.5,24.0,16.5,56.0,17.0,17.0,16.5,37.5,36.5,33.5,73.5,67.5,16.5,16.5,27.0,37.5,37.0,56.0,24.0,54.0,36.0,55.5,27.0,37.0,44.0,36.0,40.0,17.5
audio_packet_loss_percentage_send_3469145150_0,0.0,0.0,0.0,0.0,0.0,0.0,0.0,0.0,0.0,0.0,0.0,0.0,0.0,0.0,0.0,0.0,0.0,0.0,0.0,0.0,0.0,0.0,0.0,0.0,0.0,0.0,0.0,0.0,0.0,0.0,0.0,0.0,0.0,0.0,0.0,0.0,0.0,0.0,0.0,0.0,0.0,0.0,0.0,0.0,0.0,0.0,0.0,0.0,0.0,0.0,0.0,0.0,0.0,0.0,0.0,0.0,0.0,0.0,0.0,0.0,0.0,0.0,0.0,0.0,0.0,0.0,0.0,0.0,0.0,0.0,0.0,0.0,0.0,0.0,0.0,0.0,0.0,0.0,0.0,0.0,0.0,0.0,0.0,0.0,0.0,0.0,0.0,0.0,0.0,0.0,0.0,0.0,0.0,0.0,0.0,0.0,0.0,0.0,0.0,0.0,0.0,0.0,0.0,0.0,0.0,0.0,0.0,0.0,0.0,0.0,0.0
e_model_audio_send_3469145150_0,93.828,93.696,93.336,93.816,93.336,93.828,92.85600000000001,93.816,93.36,93.816,93.336,91.668,93.3,93.78,92.34,93.3,92.83200000000001,93.768,92.388,91.116,93.828,93.156,91.908,92.676,93.348,93.156,92.85600000000001,93.804,93.12,93.56400000000001,89.315,79.667,92.172,92.244,93.828,93.348,92.85600000000001,93.62400000000001,93.336,91.884,93.804,81.342,38.127,48.847,91.236,93.312,93.3,93.56400000000001,92.34,93.61200000000001,93.804,92.904,93.312,93.816,93.348,93.144,92.83200000000001,93.336,90.98400000000001,93.336,92.376,93.336,93.828,93.096,92.664,93.792,93.36,93.816,92.85600000000001,93.816,93.372,93.78,78.997,38.261,90.94800000000001,93.804,93.324,92.84400000000001,92.916,92.83200000000001,93.804,93.61200000000001,93.132,93.62400000000001,93.804,92.85600000000001,93.792,93.792,93.804,93.3,93.324,93.396,92.436,92.58,93.804,93.804,93.552,93.3,93.312,92.85600000000001,93.62400000000001,92.904,93.336,92.86800000000001,93.552,93.312,93.144,93.336,93.24000000000001
kpi_audio_synchronization_3469145150_0,4.4211100828831364,4.418680057397249,4.411902868100608,4.420890394582528,4.411902868100608,4.4211100828831364,4.402528243813888,4.420890394582528,4.412361476608,4.420890394582528,4.411902868100608,4.377691202272576,4.411213141,4.420229860936,4.392024097672,4.411213141,4.402049434599425,4.420009193714176,4.393019717394496,4.365373269377728,4.4211100828831364,4.408432497537088,4.382894220682816,4.398913909077568,4.412132293358656,4.408432497537088,4.402528243813888,4.420670461442753,4.4077319127039996,4.416220494188992,4.321858446683875,4.01135076064226,4.388509734172864,4.390021539080513,4.4211100828831364,4.412132293358656,4.402528243813888,4.417342132997633,4.411902868100608,4.3823781086542715,4.420670461442753,4.073702141904184,1.973251271199319,2.514571288290039,4.3680924564542085,4.4114432918487045,4.411213141,4.416220494188992,4.392024097672,4.417118292301504,4.420670461442753,4.403482993265152,4.4114432918487045,4.420890394582528,4.412132293358656,4.408199210010112,4.402049434599425,4.411902868100608,4.362355773532673,4.411902868100608,4.392771166586368,4.411902868100608,4.4211100828831364,4.407263652878848,4.3986710471633925,4.420450283536384,4.412361476608,4.420890394582528,4.402528243813888,4.420890394582528,4.412590417776064,4.420229860936,3.985530298149189,1.9796725665049333,4.361528034120256,4.420670461442753,4.4116732009064314,4.4022889586869125,4.403721082500928,4.402049434599425,4.420670461442753,4.417118292301504,4.407965681708224,4.417342132997633,4.420670461442753,4.402528243813888,4.420450283536384,4.420450283536384,4.420670461442753,4.411213141,4.4116732009064314,4.413047573578048,4.394011557875008,4.3969643574160004,4.420670461442753,4.420670461442753,4.415995436191745,4.411213141,4.4114432918487045,4.402528243813888,4.417342132997633,4.403482993265152,4.411902868100608,4.402767289907777,4.415995436191745,4.4114432918487045,4.408199210010112,4.411902868100608,4.4100587624320005
eye_eye_delay_video_send_3469145150_0,0.0,78.0,83.5,79.0,79.0,82.0,85.0,85.0,85.5,85.5,87.0,88.0,88.0,88.0,90.0,90.0,91.0,90.0,91.0,90.0,91.0,90.0,90.5,90.5,91.5,90.5,91.5,91.5,92.5,91.5,92.5,92.5,92.5,91.5,91.5,90.5,90.5,89.5,90.5,89.5,89.5,88.5,89.5,88.5,89.5,89.5,89.5,88.5,89.5,89.5,90.5,90.5,93.5,94.5,94.5,93.5,94.5,93.5,93.5,92.5,92.5,92.5,94.5,94.5,94.5,95.5,95.5,95.5,95.5,96.5,95.5,96.5,95.5,96.5,95.5,95.5,95.5,96.5,95.5,95.5,94.5,94.5,93.5,94.5,94.5,94.5,94.5,94.5,94.5,95.5,95.5,95.5,94.5,94.5,94.5,94.5,94.5,94.5,94.5,95.5,94.5,95.5,98.5,99.5,98.5,100.5,100.5,100.5,99.5,100.5,99.5,101.0
kpi_video_synchronization_3469145150_0,5,5,5,5,5,5,5,5,5,5,5,5,5,5,5,5,5,5,5,5,5,5,5,5,5,5,5,5,5,5,5,5,5,5,5,5,5,5,5,5,5,5,5,5,5,5,5,5,5,5,5,5,5,5,5,5,5,5,5,5,5,5,5,5,5,5,5,5,5,5,5,5,5,5,5,5,5,5,5,5,5,5,5,5,5,5,5,5,5,5,5,5,5,5,5,5,5,5,5,5,5,5,5,5,5,4.993333333333333,4.993333333333333,4.993333333333333,5,4.993333333333333,5,4.986666666666666
av_delay_send_3469145150_0,-0.5,-78.5,-68.0,-58.0,-43.0,-66.0,-49.0,-69.5,-29.5,-69.5,-52.0,-72.0,-52.0,17.5,-52.5,-72.5,-13.5,-52.5,-34.0,-72.0,-15.5,38.5,-75.0,-47.0,4.0,-27.0,-56.0,-48.0,-36.5,-75.0,-47.5,-66.0,89.5,162.5,-7.0,-9.0,-75.0,-54.0,-34.5,-65.5,-53.5,8.0,-73.0,153.0,474.5,394.5,34.0,-51.5,-52.0,-63.0,-13.0,-66.0,-77.0,-40.5,-57.5,-77.5,-59.0,-49.5,-36.5,-56.5,41.5,-56.5,-18.5,-58.5,-79.0,-49.5,-31.5,-78.5,-60.5,-80.5,-39.5,-80.5,-61.0,-79.0,163.5,467.5,40.0,-80.0,-59.0,-39.0,-41.0,-37.5,-77.0,-70.0,-50.0,-70.5,-78.0,-38.5,-77.5,-78.5,-79.0,-58.0,-58.0,-61.0,-21.0,-27.0,-78.0,-78.0,-67.5,-58.0,-57.5,-39.5,-74.5,-45.5,-62.5,-45.0,-73.5,-63.5,-55.5,-64.5,-59.5,-83.5
kpi_av_synchronization_3469145150_0,5,5,5,5,5,5,5,5,5,5,5,5,5,5,5,5,5,5,5,5,5,5,5,5,5,5,5,5,5,5,5,5,1.44,1,5,5,5,5,5,5,5,5,5,1,1,1,5,5,5,5,5,5,5,5,5,5,5,5,5,5,5,5,5,5,5,5,5,5,5,5,5,5,5,5,1,1,5,5,5,5,5,5,5,5,5,5,5,5,5,5,5,5,5,5,5,5,5,5,5,5,5,5,5,5,5,5,5,5,5,5,5,5
1_way_delay_audio_send_3469145150_1,-0.5,-0.5,13.5,14.0,14.0,14.0,14.0,13.5,14.0,14.0,14.0,14.0,14.0,15.5,15.5,15.5,15.5,15.5,14.0,14.0,13.5,13.5,13.5,13.5,13.5,13.5,13.5,13.5,14.0,14.5,15.0,14.5,15.0,14.0,14.5,14.5,13.5,13.5,14.0,14.0,14.0,14.5,14.5,14.5,14.0,14.0,15.5,15.0,14.5,14.5,14.5,14.5,14.5,14.0,14.0,14.0,13.5,14.0,14.0,14.0,14.0,14.0,14.0,14.0,13.5,14.0,14.0,14.0,14.0,14.0,14.0,14.0,14.5,14.5,15.0,15.0,14.5,13.5,13.5,13.5,13.5,14.0,13.5,14.5,13.5,14.0,14.5,14.0,14.0,14.0,13.5,13.5,13.5,13.5,13.5,13.5,13.5,13.5,14.0,13.5,14.0,14.0,14.0,14.0,14.0,13.5,14.0,14.0,14.0,14.0,18.0,15.5
1_way_delay_video_send_3469145150_1,0.0,30.0,24.5,17.0,14.0,14.0,14.0,14.0,13.5,13.5,14.0,14.0,14.0,14.0,14.0,14.0,14.0,14.0,14.0,14.0,14.0,14.0,13.5,13.5,13.5,13.5,13.5,13.5,13.5,13.5,13.5,13.5,13.5,13.5,13.5,13.5,13.5,13.5,13.5,13.5,13.5,13.5,13.5,13.5,13.5,13.5,13.5,13.5,13.5,13.5,13.5,13.5,13.5,13.5,13.5,13.5,13.5,13.5,13.5,13.5,13.5,13.5,13.5,13.5,13.5,13.5,13.5,13.5,13.5,13.5,13.5,13.5,13.5,13.5,13.5,13.5,13.5,13.5,13.5,13.5,13.5,13.5,13.5,13.5,13.5,13.5,13.5,13.5,13.5,13.5,13.5,13.5,13.5,13.5,13.5,13.5,13.5,13.5,13.5,13.5,13.5,13.5,13.5,13.5,13.5,13.5,13.5,13.5,13.5,13.5,13.5,14.0
ear_ear_delay_audio_send_3469145150_1,5.5,1.5,14.5,21.0,16.0,16.0,41.0,15.5,15.0,15.0,36.0,36.0,36.0,16.5,17.5,15.5,22.5,27.5,22.0,19.0,15.5,35.5,15.5,17.5,27.5,16.5,17.5,24.5,23.0,26.5,23.0,16.5,37.0,44.0,18.5,28.5,18.5,18.5,16.0,26.0,23.0,16.5,20.5,36.5,44.0,25.0,26.5,18.0,18.5,26.5,27.5,15.5,16.5,25.0,20.0,14.0,16.5,16.0,15.0,39.0,21.0,14.0,16.0,15.0,15.5,39.0,16.0,23.0,19.0,15.0,24.0,21.0,16.5,47.5,61.0,19.0,15.5,17.5,16.5,19.5,15.5,22.0,14.5,18.5,15.5,15.0,23.5,18.0,16.0,20.0,19.5,25.5,13.5,27.5,17.5,15.5,25.5,23.5,23.0,15.5,20.0,17.0,16.0,18.0,19.0,15.5,14.0,17.0,16.0,36.0,18.0,18.5
audio_packet_loss_percentage_send_3469145150_1,0.0,0.0,0.0,0.0,0.0,0.0,0.0,0.0,0.0,0.0,0.0,0.0,0.0,0.0,0.0,0.0,0.0,0.0,0.0,0.0,0.0,0.0,0.0,0.0,0.0,0.0,0.0,0.0,0.0,0.0,0.0,0.0,0.0,0.0,0.0,0.0,0.0,0.0,0.0,0.0,0.0,0.0,0.0,0.0,0.0,0.0,0.0,0.0,0.0,0.0,0.0,0.0,0.0,0.0,0.0,0.0,0.0,0.0,0.0,0.0,0.0,0.0,0.0,0.0,0.0,0.0,0.0,0.0,0.0,0.0,0.0,0.0,0.0,0.0,0.0,0.0,0.0,0.0,0.0,0.0,0.0,0.0,0.0,0.0,0.0,0.0,0.0,0.0,0.0,0.0,0.0,0.0,0.0,0.0,0.0,0.0,0.0,0.0,0.0,0.0,0.0,0.0,0.0,0.0,0.0,0.0,0.0,0.0,0.0,0.0,0.0
e_model_audio_send_3469145150_1,94.068,94.164,93.852,93.696,93.816,93.816,93.21600000000001,93.828,93.84,93.84,93.336,93.336,93.336,93.804,93.78,93.828,93.66,93.54,93.672,93.744,93.828,93.348,93.828,93.78,93.54,93.804,93.78,93.61200000000001,93.648,93.56400000000001,93.648,93.804,93.312,93.144,93.756,93.516,93.756,93.756,93.816,93.57600000000001,93.648,93.804,93.708,93.324,93.144,93.60000000000001,93.56400000000001,93.768,93.756,93.56400000000001,93.54,93.828,93.804,93.60000000000001,93.72,93.864,93.804,93.816,93.84,93.264,93.696,93.864,93.816,93.84,93.828,93.264,93.816,93.648,93.744,93.84,93.62400000000001,93.696,93.804,93.06,92.736,93.744,93.828,93.78,93.804,93.732,93.828,93.672,93.852,93.756,93.828,93.84,93.636,93.768,93.816,93.72,93.732,93.58800000000001,93.876,93.54,93.78,93.828,93.58800000000001,93.636,93.648,93.828,93.72,93.792,93.816,93.768,93.744,93.828,93.864,93.792,93.816,93.336,93.768
kpi_audio_synchronization_3469145150_1,4.425452320902975,4.4271616559393925,4.421548724676544,4.418680057397249,4.420890394582528,4.420890394582528,4.409595321008128,4.4211100828831364,4.421329526272,4.421329526272,4.411902868100608,4.411902868100608,4.411902868100608,4.420670461442753,4.420229860936,4.4211100828831364,4.418012192728001,4.415770134952001,4.418235058276864,4.4195671256965126,4.4211100828831364,4.412132293358656,4.4211100828831364,4.420229860936,4.415770134952001,4.420670461442753,4.420229860936,4.417118292301504,4.4177890832834565,4.416220494188992,4.4177890832834565,4.420670461442753,4.4114432918487045,4.408199210010112,4.419788281943489,4.415318803035329,4.419788281943489,4.419788281943489,4.420890394582528,4.416445308871168,4.4177890832834565,4.420670461442753,4.418902190823617,4.4116732009064314,4.408199210010112,4.416894208,4.416220494188992,4.420009193714176,4.419788281943489,4.416220494188992,4.415770134952001,4.4211100828831364,4.420670461442753,4.416894208,4.419124080064001,4.4217676780241915,4.420670461442753,4.420890394582528,4.421329526272,4.410521238433792,4.418680057397249,4.4217676780241915,4.420890394582528,4.421329526272,4.4211100828831364,4.410521238433792,4.420890394582528,4.4177890832834565,4.4195671256965126,4.421329526272,4.417342132997633,4.418680057397249,4.420670461442753,4.406559459688,4.400124648030209,4.4195671256965126,4.4211100828831364,4.420229860936,4.420670461442753,4.419345725045825,4.4211100828831364,4.418235058276864,4.421548724676544,4.419788281943489,4.4211100828831364,4.421329526272,4.417565730015808,4.420009193714176,4.420890394582528,4.419124080064001,4.419345725045825,4.4166698801656965,4.421986386242368,4.415770134952001,4.420229860936,4.4211100828831364,4.4166698801656965,4.417565730015808,4.4177890832834565,4.4211100828831364,4.419124080064001,4.420450283536384,4.420890394582528,4.420009193714176,4.4195671256965126,4.4211100828831364,4.4217676780241915,4.420450283536384,4.420890394582528,4.411902868100608,4.420009193714176
eye_eye_delay_video_send_3469145150_1,31.0,64.0,56.5,47.0,43.0,41.0,41.0,40.0,38.5,38.5,38.0,38.0,39.0,39.0,39.0,39.0,39.0,39.0,40.0,40.0,40.0,40.0,39.5,39.5,39.5,39.5,39.5,39.5,39.5,39.5,39.5,39.5,39.5,39.5,39.5,39.5,39.5,39.5,39.5,38.5,38.5,38.5,38.5,38.5,38.5,38.5,38.5,38.5,38.5,38.5,37.5,46.5,47.5,47.5,46.5,46.5,46.5,46.5,46.5,46.5,46.5,45.5,45.5,45.5,45.5,45.5,45.5,45.5,45.5,45.5,44.5,44.5,44.5,44.5,44.5,44.5,44.5,44.5,44.5,44.5,44.5,44.5,43.5,43.5,43.5,43.5,43.5,43.5,42.5,42.5,42.5,42.5,42.5,42.5,42.5,41.5,42.5,41.5,41.5,41.5,41.5,52.5,52.5,52.5,52.5,52.5,52.5,52.5,51.5,51.5,51.5,52.0
kpi_video_synchronization_3469145150_1,5,5,5,5,5,5,5,5,5,5,5,5,5,5,5,5,5,5,5,5,5,5,5,5,5,5,5,5,5,5,5,5,5,5,5,5,5,5,5,5,5,5,5,5,5,5,5,5,5,5,5,5,5,5,5,5,5,5,5,5,5,5,5,5,5,5,5,5,5,5,5,5,5,5,5,5,5,5,5,5,5,5,5,5,5,5,5,5,5,5,5,5,5,5,5,5,5,5,5,5,5,5,5,5,5,5,5,5,5,5,5,5
av_delay_send_3469145150_1,-25.5,-62.5,-42.0,-26.0,-27.0,-25.0,0.0,-24.5,-23.5,-23.5,-2.0,-2.0,-3.0,-22.5,-21.5,-23.5,-16.5,-11.5,-18.0,-21.0,-24.5,-4.5,-24.0,-22.0,-12.0,-23.0,-22.0,-15.0,-16.5,-13.0,-16.5,-23.0,-2.5,4.5,-21.0,-11.0,-21.0,-21.0,-23.5,-12.5,-15.5,-22.0,-18.0,-2.0,5.5,-13.5,-12.0,-20.5,-20.0,-12.0,-10.0,-31.0,-31.0,-22.5,-26.5,-32.5,-30.0,-30.5,-31.5,-7.5,-25.5,-31.5,-29.5,-30.5,-30.0,-6.5,-29.5,-22.5,-26.5,-30.5,-20.5,-23.5,-28.0,3.0,16.5,-25.5,-29.0,-27.0,-28.0,-25.0,-29.0,-22.5,-29.0,-25.0,-28.0,-28.5,-20.0,-25.5,-26.5,-22.5,-23.0,-17.0,-29.0,-15.0,-25.0,-26.0,-17.0,-18.0,-18.5,-26.0,-21.5,-35.5,-36.5,-34.5,-33.5,-37.0,-38.5,-35.5,-35.5,-15.5,-33.5,-33.5
kpi_av_synchronization_3469145150_1,5,5,5,5,5,5,5,5,5,5,5,5,5,5,5,5,5,5,5,5,5,5,5,5,5,5,5,5,5,5,5,5,5,5,5,5,5,5,5,5,5,5,5,5,5,5,5,5,5,5,5,5,5,5,5,5,5,5,5,5,5,5,5,5,5,5,5,5,5,5,5,5,5,5,5,5,5,5,5,5,5,5,5,5,5,5,5,5,5,5,5,5,5,5,5,5,5,5,5,5,5,5,5,5,5,5,5,5,5,5,5,5
audio_recv_kbitsReceivedPerSecond_2011466052,9,18,40,32,25,23,33,33,15,26,29,17,7,8,6,6,7,7,9,6,10,6,8,6,10,9,11,12,9,7,7,6,9,5,8,9,12,6,15,16,8,12,13,8,12,13,6,9,15,12,6,18,11,7,14,7,10,11,12,7,7,12,8,10,6,8,17,11,6,7,6,12,5,15,13,7,8,11,8,5,12,14,27,42,14,11,9,8,5,5,5,9,9,18,11,12,15,10,8,6,7,10,14,27,34,25,7,7,7,29,28,7
kpi_q_audio_2011466052,2,3,5,5,4,3,5,5,2,4,4,3,1,1,1,1,1,1,1,1,2,1,1,1,2,2,2,2,1,1,1,1,2,1,1,1,2,1,2,3,1,2,2,1,2,2,1,1,2,2,1,3,2,1,2,1,2,2,2,1,1,2,1,2,1,1,3,2,1,1,1,2,1,2,2,1,1,2,1,1,2,2,4,5,2,2,1,1,1,1,1,2,2,3,2,2,2,2,1,1,1,2,2,4,5,4,1,1,1,4,4,1
video_recv_kbitsReceivedPerSecond_217613928,236,272,219,211,229,208,214,200,207,211,206,197,213,204,220,219,208,203,205,210,205,200,213,210,215,214,212,203,208,210,204,197,215,211,216,205,222,202,205,215,202,200,215,204,219,208,220,203,203,217,201,201,239,193,212,208,216,202,202,218,203,197,213,207,220,206,218,202,202,222,202,198,217,203,219,206,219,203,202,221,202,197,212,208,220,199,221,207,200,224,201,197,211,208,223,200,221,205,198,226,204,194,238,191,221,196,217,209,197,226,202,199
kpi_resolution_stability_217613928,4.303535113616246,4.303535113616246,4.303535113616246,4.303535113616246,4.303535113616246,4.303535113616246,4.303535113616246,4.303535113616246,4.303535113616246,4.303535113616246,4.303535113616246,4.303535113616246,4.303535113616246,4.303535113616246,4.303535113616246,4.303535113616246,4.303535113616246,4.303535113616246,4.303535113616246,4.303535113616246,4.303535113616246,4.303535113616246,4.303535113616246,4.303535113616246,4.303535113616246,4.303535113616246,4.303535113616246,4.303535113616246,4.303535113616246,4.303535113616246,4.303535113616246,4.303535113616246,4.303535113616246,4.303535113616246,4.303535113616246,4.303535113616246,4.303535113616246,4.303535113616246,4.303535113616246,4.303535113616246,4.303535113616246,4.303535113616246,4.303535113616246,4.303535113616246,4.303535113616246,4.303535113616246,4.303535113616246,4.303535113616246,4.303535113616246,4.303535113616246,4.303535113616246,4.303535113616246,4.303535113616246,4.303535113616246,4.303535113616246,4.303535113616246,4.303535113616246,4.303535113616246,4.303535113616246,4.303535113616246,4.303535113616246,4.303535113616246,4.303535113616246,4.303535113616246,4.303535113616246,4.303535113616246,4.303535113616246,4.303535113616246,4.303535113616246,4.303535113616246,4.303535113616246,4.303535113616246,4.303535113616246,4.303535113616246,4.303535113616246,4.303535113616246,4.303535113616246,4.303535113616246,4.303535113616246,4.303535113616246,4.303535113616246,4.303535113616246,4.303535113616246,4.303535113616246,4.303535113616246,4.303535113616246,4.303535113616246,4.303535113616246,4.303535113616246,4.303535113616246,4.303535113616246,4.303535113616246,4.303535113616246,4.303535113616246,4.303535113616246,4.303535113616246,4.303535113616246,4.303535113616246,4.303535113616246,4.303535113616246,4.303535113616246,4.303535113616246,4.303535113616246,4.303535113616246,4.303535113616246,4.303535113616246,4.303535113616246,4.303535113616246,4.303535113616246,4.303535113616246,4.303535113616246,4.303535113616246
max_resolution_percentage_217613928,100.0,100.0,100.0,100.0,100.0,100.0,100.0,100.0,100.0,100.0,100.0,100.0,100.0,100.0,100.0,100.0,100.0,100.0,100.0,100.0,100.0,100.0,100.0,100.0,100.0,100.0,100.0,100.0,100.0,100.0,100.0,100.0,100.0,100.0,100.0,100.0,100.0,100.0,100.0,100.0,100.0,100.0,100.0,100.0,100.0,100.0,100.0,100.0,100.0,100.0,100.0,100.0,100.0,100.0,100.0,100.0,100.0,100.0,100.0,100.0,100.0,100.0,100.0,100.0,100.0,100.0,100.0,100.0,100.0,100.0,100.0,100.0,100.0,100.0,100.0,100.0,100.0,100.0,100.0,100.0,100.0,100.0,100.0,100.0,100.0,100.0,100.0,100.0,100.0,100.0,100.0,100.0,100.0,100.0,100.0,100.0,100.0,100.0,100.0,100.0,100.0,100.0,100.0,100.0,100.0,100.0,100.0,100.0,100.0,100.0,100.0,100.0
kpi_resolution_stability_norm_217613928,kpi_resolution_stability_217613928,4.303535113616246,4.303535113616246,4.303535113616246,4.303535113616246,4.303535113616246,4.303535113616246,4.303535113616246,4.303535113616246,4.303535113616246,4.303535113616246,4.303535113616246,4.303535113616246,4.303535113616246,4.303535113616246,4.303535113616246,4.303535113616246,4.303535113616246,4.303535113616246,4.303535113616246,4.303535113616246,4.303535113616246,4.303535113616246,4.303535113616246,4.303535113616246,4.303535113616246,4.303535113616246,4.303535113616246,4.303535113616246,4.303535113616246,4.303535113616246,4.303535113616246,4.303535113616246,4.303535113616246,4.303535113616246,4.303535113616246,4.303535113616246,4.303535113616246,4.303535113616246,4.303535113616246,4.303535113616246,4.303535113616246,4.303535113616246,4.303535113616246,4.303535113616246,4.303535113616246,4.303535113616246,4.303535113616246,4.303535113616246,4.303535113616246,4.303535113616246,4.303535113616246,4.303535113616246,4.303535113616246,4.303535113616246,4.303535113616246,4.303535113616246,4.303535113616246,4.303535113616246,4.303535113616246,4.303535113616246,4.303535113616246,4.303535113616246,4.303535113616246,4.303535113616246,4.303535113616246,4.303535113616246,4.303535113616246,4.303535113616246,4.303535113616246,4.303535113616246,4.303535113616246,4.303535113616246,4.303535113616246,4.303535113616246,4.303535113616246,4.303535113616246,4.303535113616246,4.303535113616246,4.303535113616246,4.303535113616246,4.303535113616246,4.303535113616246,4.303535113616246,4.303535113616246,4.303535113616246,4.303535113616246,4.303535113616246,4.303535113616246,4.303535113616246,4.303535113616246,4.303535113616246,4.303535113616246,4.303535113616246,4.303535113616246,4.303535113616246,4.303535113616246,4.303535113616246,4.303535113616246,4.303535113616246,4.303535113616246,4.303535113616246,4.303535113616246,4.303535113616246,4.303535113616246,4.303535113616246,4.303535113616246,4.303535113616246,4.303535113616246,4.303535113616246,4.303535113616246,4.303535113616246,4.303535113616246
max_resolution_percentage_norm_217613928,max_resolution_percentage_217613928,100.0,100.0,100.0,100.0,100.0,100.0,100.0,100.0,100.0,100.0,100.0,100.0,100.0,100.0,100.0,100.0,100.0,100.0,100.0,100.0,100.0,100.0,100.0,100.0,100.0,100.0,100.0,100.0,100.0,100.0,100.0,100.0,100.0,100.0,100.0,100.0,100.0,100.0,100.0,100.0,100.0,100.0,100.0,100.0,100.0,100.0,100.0,100.0,100.0,100.0,100.0,100.0,100.0,100.0,100.0,100.0,100.0,100.0,100.0,100.0,100.0,100.0,100.0,100.0,100.0,100.0,100.0,100.0,100.0,100.0,100.0,100.0,100.0,100.0,100.0,100.0,100.0,100.0,100.0,100.0,100.0,100.0,100.0,100.0,100.0,100.0,100.0,100.0,100.0,100.0,100.0,100.0,100.0,100.0,100.0,100.0,100.0,100.0,100.0,100.0,100.0,100.0,100.0,100.0,100.0,100.0,100.0,100.0,100.0,100.0,100.0,100.0
kpi_fps_stability_217613928,5,5,5,5,5,5,5,5,5,5,5,5,5,5,5,5,5,5,5,5,5,5,5,5,5,5,5,5,5,5,5,5,5,5,5,5,5,5,5,5,5,5,5,5,5,5,5,5,5,5,5,5,5,5,5,5,5,5,5,5,5,5,5,5,5,5,5,5,5,5,5,5,5,5,5,5,5,5,5,5,5,5,5,5,5,5,5,5,5,5,5,5,5,5,5,5,5,5,5,5,5,5,5,5,5,5,5,5,5,5,5,5
kpi_q_video_217613928,1.95,2.15,1.8499999999999999,1.8499999999999999,1.9,1.8,1.8499999999999999,1.8,1.8,1.8499999999999999,1.8,1.7428571428571429,1.8499999999999999,1.8,1.8499999999999999,1.8499999999999999,1.8,1.8,1.8,1.8499999999999999,1.8,1.8,1.8499999999999999,1.8499999999999999,1.8499999999999999,1.8499999999999999,1.8499999999999999,1.8,1.8,1.8499999999999999,1.8,1.7428571428571429,1.8499999999999999,1.8499999999999999,1.8499999999999999,1.8,1.9,1.8,1.8,1.8499999999999999,1.8,1.8,1.8499999999999999,1.8,1.8499999999999999,1.8,1.8499999999999999,1.8,1.8,1.8499999999999999,1.8,1.8,1.95,1.7428571428571429,1.8499999999999999,1.8,1.8499999999999999,1.8,1.8,1.8499999999999999,1.8,1.7428571428571429,1.8499999999999999,1.8,1.8499999999999999,1.8,1.8499999999999999,1.8,1.8,1.9,1.8,1.7428571428571429,1.8499999999999999,1.8,1.8499999999999999,1.8,1.8499999999999999,1.8,1.8,1.9,1.8,1.7428571428571429,1.8499999999999999,1.8,1.8499999999999999,1.7428571428571429,1.9,1.8,1.8,1.9,1.8,1.7428571428571429,1.8499999999999999,1.8,1.9,1.8,1.9,1.8,1.7428571428571429,1.9,1.8,1.7428571428571429,1.95,1.7428571428571429,1.9,1.7428571428571429,1.8499999999999999,1.8,1.7428571428571429,1.9,1.8,1.7428571428571429
audio_recv_kbitsReceivedPerSecond_892852626,0,0,13,15,20,19,21,16,16,17,17,22,24,23,23,22,23,23,22,22,22,24,21,23,23,23,23,22,23,22,23,22,24,23,23,24,22,22,21,21,21,20,21,20,22,22,12,21,15,10,21,17,6,17,21,14,12,22,21,22,21,21,21,14,14,22,21,22,22,21,22,20,23,23,23,22,23,23,14,15,16,23,23,15,20,21,21,22,20,21,22,21,21,16,18,22,22,22,21,21,22,22,21,22,22,21,22,21,22,19,15,23
kpi_q_audio_892852626,1,1,2,2,3,3,3,3,3,3,3,3,4,3,3,3,3,3,3,3,3,4,3,3,3,3,3,3,3,3,3,3,4,3,3,4,3,3,3,3,3,3,3,3,3,3,2,3,2,2,3,3,1,3,3,2,2,3,3,3,3,3,3,2,2,3,3,3,3,3,3,3,3,3,3,3,3,3,2,2,3,3,3,2,3,3,3,3,3,3,3,3,3,3,3,3,3,3,3,3,3,3,3,3,3,3,3,3,3,3,2,3
video_recv_kbitsReceivedPerSecond_1085062219,0,0,136,174,220,200,258,218,235,156,184,38,50,50,50,57,68,78,95,97,85,80,73,77,84,95,108,123,124,121,130,136,128,134,92,81,75,65,66,67,62,67,75,83,94,113,88,80,71,57,59,62,65,71,77,83,90,80,92,85,88,83,65,66,50,50,61,66,76,88,97,107,112,100,74,77,70,82,96,87,65,66,44,41,40,42,42,45,46,51,53,49,46,42,47,50,58,66,76,83,93,88,96,101,109,122,145,136,144,153,150,141
kpi_resolution_stability_1085062219,4.203254135219935,4.203254135219935,4.203254135219935,4.203254135219935,4.203254135219935,4.203254135219935,4.203254135219935,4.203254135219935,4.203254135219935,4.203254135219935,4.203254135219935,4.203254135219935,4.203254135219935,4.203254135219935,4.203254135219935,4.203254135219935,4.203254135219935,4.203254135219935,4.203254135219935,4.203254135219935,4.203254135219935,4.203254135219935,4.203254135219935,4.203254135219935,4.203254135219935,4.203254135219935,4.203254135219935,4.203254135219935,4.203254135219935,4.203254135219935,4.203254135219935,4.203254135219935,4.203254135219935,4.203254135219935,4.203254135219935,4.203254135219935,4.203254135219935,4.203254135219935,4.203254135219935,4.203254135219935,4.203254135219935,4.203254135219935,4.203254135219935,4.203254135219935,4.203254135219935,4.203254135219935,4.203254135219935,4.203254135219935,4.203254135219935,4.203254135219935,4.203254135219935,4.203254135219935,4.203254135219935,4.203254135219935,4.203254135219935,4.203254135219935,4.203254135219935,4.203254135219935,4.203254135219935,4.203254135219935,4.203254135219935,4.203254135219935,4.203254135219935,4.203254135219935,4.203254135219935,4.203254135219935,4.203254135219935,4.203254135219935,4.203254135219935,4.203254135219935,4.203254135219935,4.203254135219935,4.203254135219935,4.203254135219935,4.203254135219935,4.203254135219935,4.203254135219935,4.203254135219935,4.203254135219935,4.203254135219935,4.203254135219935,4.203254135219935,4.203254135219935,4.203254135219935,4.203254135219935,4.203254135219935,4.203254135219935,4.203254135219935,4.203254135219935,4.203254135219935,4.203254135219935,4.203254135219935,4.203254135219935,4.203254135219935,4.203254135219935,4.203254135219935,4.203254135219935,4.203254135219935,4.203254135219935,4.203254135219935,4.203254135219935,4.203254135219935,4.203254135219935,4.203254135219935,4.203254135219935,4.203254135219935,4.203254135219935,4.203254135219935,4.203254135219935,4.203254135219935,4.203254135219935,4.203254135219935
max_resolution_percentage_1085062219,99.10714285714286,99.10714285714286,99.10714285714286,99.10714285714286,99.10714285714286,99.10714285714286,99.10714285714286,99.10714285714286,99.10714285714286,99.10714285714286,99.10714285714286,99.10714285714286,99.10714285714286,99.10714285714286,99.10714285714286,99.10714285714286,99.10714285714286,99.10714285714286,99.10714285714286,99.10714285714286,99.10714285714286,99.10714285714286,99.10714285714286,99.10714285714286,99.10714285714286,99.10714285714286,99.10714285714286,99.10714285714286,99.10714285714286,99.10714285714286,99.10714285714286,99.10714285714286,99.10714285714286,99.10714285714286,99.10714285714286,99.10714285714286,99.10714285714286,99.10714285714286,99.10714285714286,99.10714285714286,99.10714285714286,99.10714285714286,99.10714285714286,99.10714285714286,99.10714285714286,99.10714285714286,99.10714285714286,99.10714285714286,99.10714285714286,99.10714285714286,99.10714285714286,99.10714285714286,99.10714285714286,99.10714285714286,99.10714285714286,99.10714285714286,99.10714285714286,99.10714285714286,99.10714285714286,99.10714285714286,99.10714285714286,99.10714285714286,99.10714285714286,99.10714285714286,99.10714285714286,99.10714285714286,99.10714285714286,99.10714285714286,99.10714285714286,99.10714285714286,99.10714285714286,99.10714285714286,99.10714285714286,99.10714285714286,99.10714285714286,99.10714285714286,99.10714285714286,99.10714285714286,99.10714285714286,99.10714285714286,99.10714285714286,99.10714285714286,99.10714285714286,99.10714285714286,99.10714285714286,99.10714285714286,99.10714285714286,99.10714285714286,99.10714285714286,99.10714285714286,99.10714285714286,99.10714285714286,99.10714285714286,99.10714285714286,99.10714285714286,99.10714285714286,99.10714285714286,99.10714285714286,99.10714285714286,99.10714285714286,99.10714285714286,99.10714285714286,99.10714285714286,99.10714285714286,99.10714285714286,99.10714285714286,99.10714285714286,99.10714285714286,99.10714285714286,99.10714285714286,99.10714285714286,99.10714285714286
kpi_resolution_stability_norm_1085062219,kpi_resolution_stability_1085062219,4.203254135219935,4.203254135219935,4.203254135219935,4.203254135219935,4.203254135219935,4.203254135219935,4.203254135219935,4.203254135219935,4.203254135219935,4.203254135219935,4.203254135219935,4.203254135219935,4.203254135219935,4.203254135219935,4.203254135219935,4.203254135219935,4.203254135219935,4.203254135219935,4.203254135219935,4.203254135219935,4.203254135219935,4.203254135219935,4.203254135219935,4.203254135219935,4.203254135219935,4.203254135219935,4.203254135219935,4.203254135219935,4.203254135219935,4.203254135219935,4.203254135219935,4.203254135219935,4.203254135219935,4.203254135219935,4.203254135219935,4.203254135219935,4.203254135219935,4.203254135219935,4.203254135219935,4.203254135219935,4.203254135219935,4.203254135219935,4.203254135219935,4.203254135219935,4.203254135219935,4.203254135219935,4.203254135219935,4.203254135219935,4.203254135219935,4.203254135219935,4.203254135219935,4.203254135219935,4.203254135219935,4.203254135219935,4.203254135219935,4.203254135219935,4.203254135219935,4.203254135219935,4.203254135219935,4.203254135219935,4.203254135219935,4.203254135219935,4.203254135219935,4.203254135219935,4.203254135219935,4.203254135219935,4.203254135219935,4.203254135219935,4.203254135219935,4.203254135219935,4.203254135219935,4.203254135219935,4.203254135219935,4.203254135219935,4.203254135219935,4.203254135219935,4.203254135219935,4.203254135219935,4.203254135219935,4.203254135219935,4.203254135219935,4.203254135219935,4.203254135219935,4.203254135219935,4.203254135219935,4.203254135219935,4.203254135219935,4.203254135219935,4.203254135219935,4.203254135219935,4.203254135219935,4.203254135219935,4.203254135219935,4.203254135219935,4.203254135219935,4.203254135219935,4.203254135219935,4.203254135219935,4.203254135219935,4.203254135219935,4.203254135219935,4.203254135219935,4.203254135219935,4.203254135219935,4.203254135219935,4.203254135219935,4.203254135219935,4.203254135219935,4.203254135219935,4.203254135219935,4.203254135219935,4.203254135219935
max_resolution_percentage_norm_1085062219,max_resolution_percentage_1085062219,99.10714285714286,99.10714285714286,99.10714285714286,99.10714285714286,99.10714285714286,99.10714285714286,99.10714285714286,99.10714285714286,99.10714285714286,99.10714285714286,99.10714285714286,99.10714285714286,99.10714285714286,99.10714285714286,99.10714285714286,99.10714285714286,99.10714285714286,99.10714285714286,99.10714285714286,99.10714285714286,99.10714285714286,99.10714285714286,99.10714285714286,99.10714285714286,99.10714285714286,99.10714285714286,99.10714285714286,99.10714285714286,99.10714285714286,99.10714285714286,99.10714285714286,99.10714285714286,99.10714285714286,99.10714285714286,99.10714285714286,99.10714285714286,99.10714285714286,99.10714285714286,99.10714285714286,99.10714285714286,99.10714285714286,99.10714285714286,99.10714285714286,99.10714285714286,99.10714285714286,99.10714285714286,99.10714285714286,99.10714285714286,99.10714285714286,99.10714285714286,99.10714285714286,99.10714285714286,99.10714285714286,99.10714285714286,99.10714285714286,99.10714285714286,99.10714285714286,99.10714285714286,99.10714285714286,99.10714285714286,99.10714285714286,99.10714285714286,99.10714285714286,99.10714285714286,99.10714285714286,99.10714285714286,99.10714285714286,99.10714285714286,99.10714285714286,99.10714285714286,99.10714285714286,99.10714285714286,99.10714285714286,99.10714285714286,99.10714285714286,99.10714285714286,99.10714285714286,99.10714285714286,99.10714285714286,99.10714285714286,99.10714285714286,99.10714285714286,99.10714285714286,99.10714285714286,99.10714285714286,99.10714285714286,99.10714285714286,99.10714285714286,99.10714285714286,99.10714285714286,99.10714285714286,99.10714285714286,99.10714285714286,99.10714285714286,99.10714285714286,99.10714285714286,99.10714285714286,99.10714285714286,99.10714285714286,99.10714285714286,99.10714285714286,99.10714285714286,99.10714285714286,99.10714285714286,99.10714285714286,99.10714285714286,99.10714285714286,99.10714285714286,99.10714285714286,99.10714285714286,99.10714285714286,99.10714285714286
kpi_fps_stability_1085062219,1,3.9938242084800133,4.645444442750246,4.429715418300614,5,4.8250342659265355,4.978873396874005,5,5,4.942427872760581,5,4.542982187053405,4.542982187053405,4.59543356514211,4.693231865584395,4.693231865584395,4.782870430458232,4.904703300310673,4.865606628121216,5,4.865606628121216,4.942427872760581,5,5,4.942427872760581,4.942427872760581,5,4.865606628121216,4.904703300310673,5,4.904703300310673,4.782870430458232,4.942427872760581,4.978873396874005,4.865606628121216,3.7978212420642405,4.645444442750246,5,5,5,5,4.942427872760581,4.978873396874005,4.865606628121216,4.904703300310673,4.978873396874005,4.978873396874005,4.542982187053405,4.59543356514211,5,5,4.904703300310673,5,4.865606628121216,4.942427872760581,4.942427872760581,5,5,5,4.942427872760581,4.904703300310673,4.942427872760581,4.942427872760581,4.738985153469177,5,4.942427872760581,5,4.904703300310673,5,5,5,5,4.978873396874005,5,4.693231865584395,4.645444442750246,5,4.978873396874005,5,5,4.8250342659265355,4.487839843855012,5,4.942427872760581,4.738985153469177,4.865606628121216,4.8250342659265355,5,5,5,4.865606628121216,4.8250342659265355,4.942427872760581,5,5,5,5,5,5,4.978873396874005,5,5,4.942427872760581,5,5,5,5,5,4.904703300310673,5,4.942427872760581,4.865606628121216
kpi_q_video_1085062219,1.4,1.6285714285714286,1.8499999999999999,1.8,2.05,1.8499999999999999,1.95,1.5142857142857142,1.6857142857142855,1.4,1.4,1.4,1.457142857142857,1.4,1.457142857142857,1.5142857142857142,1.5142857142857142,1.457142857142857
