bweforvideo-googAvailableReceiveBandwidth,0.0,0.0,0.0,0.0,0.0,0.0,0.0,0.0,0.0,0.0,0.0,0.0,0.0,0.0,0.0,0.0,0.0,0.0,0.0,0.0,0.0,0.0,0.0,0.0,0.0,0.0,0.0,0.0,0.0,0.0,0.0,0.0,0.0,0.0,0.0,0.0,0.0,0.0,0.0,0.0,0.0,0.0,0.0,0.0,0.0,0.0,0.0,0.0,0.0,0.0,0.0,0.0,0.0,0.0,0.0,0.0,0.0,0.0,0.0,0.0,0.0,0.0,0.0,0.0,0.0,0.0,0.0,0.0,0.0,0.0,0.0,0.0,0.0,0.0,0.0,0.0,0.0,0.0,0.0,0.0,0.0,0.0,0.0,0.0,0.0,0.0,0.0,0.0,0.0,0.0,0.0,0.0,0.0,0.0,0.0,0.0,0.0,0.0,0.0,0.0,0.0,0.0,0.0,0.0,0.0,0.0,0.0,0.0,0.0,0.0,0.0,0.0,0.0,0.0,0.0,0.0,0.0,0.0,0.0,0.0
bweforvideo-googAvailableSendBandwidth,484751.0,484751.0,484751.0,484751.0,484751.0,484751.0,484751.0,484751.0,484751.0,484751.0,484751.0,484751.0,484751.0,484751.0,484751.0,484751.0,484751.0,484751.0,484751.0,484751.0,484751.0,484751.0,490046.0,490230.0,495025.0,495025.0,495025.0,495025.0,495025.0,495025.0,495025.0,495025.0,495025.0,495025.0,495025.0,495025.0,495025.0,495025.0,495025.0,495025.0,495025.0,495025.0,495025.0,495025.0,500821.0,500821.0,500821.0,500821.0,500821.0,500821.0,500821.0,500821.0,500821.0,500821.0,500821.0,500821.0,500821.0,500821.0,500821.0,500821.0,500821.0,500821.0,500821.0,500821.0,500821.0,500821.0,500821.0,500821.0,500821.0,500821.0,500821.0,500821.0,500821.0,500821.0,500821.0,500821.0,500821.0,500821.0,500821.0,500821.0,500821.0,500821.0,500821.0,500821.0,500821.0,500821.0,500821.0,500821.0,500821.0,500821.0,500821.0,500821.0,500821.0,500821.0,500821.0,500821.0,500821.0,500821.0,500821.0,500821.0,500821.0,500821.0,500821.0,500821.0,500821.0,500821.0,500821.0,500821.0,500821.0,500821.0,500821.0,500821.0,500821.0,500821.0,500821.0,500821.0,500821.0,500821.0,500821.0,500821.0
bweforvideo-googBucketDelay,22.0,0.0,0.0,0.0,1.0,0.0,0.0,0.0,0.0,1.0,0.0,0.0,0.0,0.0,0.0,0.0,0.0,0.0,0.0,0.0,0.0,1.0,0.0,0.0,0.0,0.0,0.0,0.0,0.0,0.0,0.0,0.0,0.0,0.0,0.0,0.0,1.0,1.0,0.0,0.0,0.0,0.0,0.0,0.0,0.0,0.0,0.0,0.0,0.0,0.0,0.0,0.0,0.0,0.0,0.0,0.0,0.0,2.0,0.0,0.0,0.0,0.0,0.0,0.0,0.0,0.0,0.0,0.0,0.0,2.0,2.0,0.0,1.0,0.0,1.0,1.0,0.0,0.0,0.0,0.0,0.0,1.0,0.0,0.0,0.0,0.0,0.0,0.0,0.0,0.0,0.0,0.0,0.0,0.0,1.0,0.0,0.0,0.0,0.0,0.0,0.0,2.0,1.0,3.0,0.0,0.0,0.0,0.0,0.0,0.0,3.0,2.0,0.0,0.0,0.0,0.0,0.0,0.0,0.0,0.0
timestamp,1620382620,1620382621,1620382622,1620382623,1620382624,1620382625,1620382626,1620382627,1620382628,1620382629,1620382630,1620382631,1620382632,1620382633,1620382634,1620382635,1620382636,1620382637,1620382638,1620382639,1620382640,1620382641,1620382642,1620382643,1620382644,1620382645,1620382646,1620382647,1620382648,1620382649,1620382650,1620382651,1620382652,1620382653,1620382654,1620382655,1620382656,1620382657,1620382658,1620382659,1620382660,1620382661,1620382662,1620382663,1620382664,1620382665,1620382666,1620382667,1620382668,1620382669,1620382670,1620382671,1620382672,1620382673,1620382674,1620382675,1620382676,1620382677,1620382678,1620382679,1620382680,1620382681,1620382682,1620382683,1620382684,1620382685,1620382686,1620382687,1620382688,1620382689,1620382690,1620382691,1620382692,1620382693,1620382694,1620382695,1620382696,1620382697,1620382698,1620382699,1620382700,1620382701,1620382702,1620382703,1620382704,1620382705,1620382706,1620382707,1620382708,1620382709,1620382710,1620382711,1620382712,1620382713,1620382714,1620382715,1620382716,1620382717,1620382718,1620382719,1620382720,1620382721,1620382722,1620382723,1620382724,1620382725,1620382726,1620382727,1620382728,1620382729,1620382730,1620382731,1620382732,1620382733,1620382734,1620382735,1620382736,1620382737,1620382738,1620382739
audio_bitsReceivedPerSecond,29296.0,280424.0,400480.0,478712.0,528952.0,581112.0,491360.0,511008.0,491512.0,495360.0,527984.0,484496.0,503696.0,476416.0,486952.0,491472.0,439160.0,513352.0,479624.0,498200.0,524064.0,418320.0,410144.0,331528.0,349136.0,368704.0,341512.0,390920.0,383584.0,388816.0,412704.0,413376.0,406624.0,418408.0,425464.0,444664.0,434880.0,487328.0,477752.0,469400.0,491296.0,435952.0,422784.0,409328.0,401912.0,407856.0,366752.0,397888.0,393392.0,399040.0,437288.0,438824.0,446200.0,374152.0,385568.0,378944.0,371544.0,409864.0,397792.0,410368.0,437104.0,422224.0,441208.0,453744.0,476160.0,490568.0,427000.0,433848.0,400936.0,384528.0,379248.0,352688.0,340024.0,356024.0,368704.0,379280.0,381352.0,423856.0,383112.0,401200.0,403144.0,414832.0,419552.0,440480.0,434512.0,435728.0,441144.0,468584.0,477296.0,503032.0,516704.0,468264.0,461984.0,483824.0,491512.0,456448.0,408728.0,419696.0,395808.0,400696.0,430224.0,434520.0,474584.0,440584.0,482680.0,495872.0,489480.0,496072.0,468504.0,413048.0,411480.0,408568.0,409072.0,404664.0,454432.0,467712.0,429664.0,434488.0,388824.0,396912.0
audio_bitsSentPerSecond,193824.0,271024.0,310424.0,254704.0,275832.0,265976.0,269368.0,281632.0,264480.0,260744.0,273688.0,269944.0,277776.0,263136.0,285960.0,279320.0,273936.0,284144.0,272504.0,258712.0,271584.0,272288.0,293328.0,269632.0,287648.0,270448.0,271768.0,288736.0,267576.0,255264.0,276232.0,283360.0,286496.0,260952.0,283648.0,266280.0,255672.0,278568.0,257224.0,248632.0,276632.0,275704.0,282880.0,257256.0,277080.0,265488.0,258376.0,274592.0,254168.0,246952.0,258728.0,259608.0,304976.0,240648.0,276264.0,267152.0,255280.0,275520.0,260584.0,253864.0,256688.0,255808.0,273016.0,243296.0,270544.0,254832.0,246320.0,269256.0,256232.0,249600.0,260800.0,258592.0,280032.0,250344.0,274344.0,265448.0,256600.0,276664.0,250112.0,249088.0,262432.0,261152.0,289400.0,234992.0,271424.0,260120.0,241320.0,278424.0,248152.0,250408.0,257232.0,263352.0,273456.0,245848.0,267144.0,255336.0,251936.0,275128.0,247808.0,254560.0,256888.0,258792.0,305824.0,225792.0,259528.0,252240.0,255632.0,267136.0,257296.0,251520.0,256952.0,259328.0,274872.0,240016.0,274144.0,250616.0,253224.0,267568.0,255568.0,254312.0
audio_packetsSentPerSecond,107.0,142.0,144.0,136.0,138.0,138.0,137.0,136.0,137.0,136.0,135.0,138.0,135.0,138.0,137.0,140.0,136.0,138.0,136.0,136.0,137.0,139.0,134.0,136.0,140.0,138.0,136.0,136.0,136.0,133.0,139.0,137.0,140.0,138.0,134.0,136.0,138.0,138.0,137.0,138.0,137.0,136.0,138.0,134.0,137.0,138.0,136.0,139.0,133.0,137.0,139.0,137.0,141.0,137.0,138.0,136.0,136.0,134.0,139.0,135.0,139.0,136.0,137.0,136.0,140.0,136.0,135.0,136.0,140.0,135.0,134.0,138.0,135.0,137.0,137.0,139.0,137.0,136.0,134.0,138.0,139.0,135.0,135.0,138.0,140.0,136.0,135.0,139.0,135.0,135.0,136.0,138.0,138.0,137.0,135.0,137.0,140.0,135.0,135.0,138.0,136.0,139.0,141.0,135.0,138.0,134.0,138.0,138.0,134.0,138.0,139.0,136.0,137.0,138.0,138.0,134.0,139.0,135.0,137.0,135.0
audio_googLocalAddress,34.67.229.81:43852,34.67.229.81:43852,34.67.229.81:43852,34.67.229.81:43852,34.67.229.81:43852,34.67.229.81:43852,34.67.229.81:43852,34.67.229.81:43852,34.67.229.81:43852,34.67.229.81:43852,34.67.229.81:43852,34.67.229.81:43852,34.67.229.81:43852,34.67.229.81:43852,34.67.229.81:43852,34.67.229.81:43852,34.67.229.81:43852,34.67.229.81:43852,34.67.229.81:43852,34.67.229.81:43852,34.67.229.81:43852,34.67.229.81:43852,34.67.229.81:43852,34.67.229.81:43852,34.67.229.81:43852,34.67.229.81:43852,34.67.229.81:43852,34.67.229.81:43852,34.67.229.81:43852,34.67.229.81:43852,34.67.229.81:43852,34.67.229.81:43852,34.67.229.81:43852,34.67.229.81:43852,34.67.229.81:43852,34.67.229.81:43852,34.67.229.81:43852,34.67.229.81:43852,34.67.229.81:43852,34.67.229.81:43852,34.67.229.81:43852,34.67.229.81:43852,34.67.229.81:43852,34.67.229.81:43852,34.67.229.81:43852,34.67.229.81:43852,34.67.229.81:43852,34.67.229.81:43852,34.67.229.81:43852,34.67.229.81:43852,34.67.229.81:43852,34.67.229.81:43852,34.67.229.81:43852,34.67.229.81:43852,34.67.229.81:43852,34.67.229.81:43852,34.67.229.81:43852,34.67.229.81:43852,34.67.229.81:43852,34.67.229.81:43852,34.67.229.81:43852,34.67.229.81:43852,34.67.229.81:43852,34.67.229.81:43852,34.67.229.81:43852,34.67.229.81:43852,34.67.229.81:43852,34.67.229.81:43852,34.67.229.81:43852,34.67.229.81:43852,34.67.229.81:43852,34.67.229.81:43852,34.67.229.81:43852,34.67.229.81:43852,34.67.229.81:43852,34.67.229.81:43852,34.67.229.81:43852,34.67.229.81:43852,34.67.229.81:43852,34.67.229.81:43852,34.67.229.81:43852,34.67.229.81:43852,34.67.229.81:43852,34.67.229.81:43852,34.67.229.81:43852,34.67.229.81:43852,34.67.229.81:43852,34.67.229.81:43852,34.67.229.81:43852,34.67.229.81:43852,34.67.229.81:43852,34.67.229.81:43852,34.67.229.81:43852,34.67.229.81:43852,34.67.229.81:43852,34.67.229.81:43852,34.67.229.81:43852,34.67.229.81:43852,34.67.229.81:43852,34.67.229.81:43852,34.67.229.81:43852,34.67.229.81:43852,34.67.229.81:43852,34.67.229.81:43852,34.67.229.81:43852,34.67.229.81:43852,34.67.229.81:43852,34.67.229.81:43852,34.67.229.81:43852,34.67.229.81:43852,34.67.229.81:43852,34.67.229.81:43852,34.67.229.81:43852,34.67.229.81:43852,34.67.229.81:43852,34.67.229.81:43852,34.67.229.81:43852,34.67.229.81:43852,34.67.229.81:43852,34.67.229.81:43852
audio_googRemoteAddress,158.101.112.6:10000,158.101.112.6:10000,158.101.112.6:10000,158.101.112.6:10000,158.101.112.6:10000,158.101.112.6:10000,158.101.112.6:10000,158.101.112.6:10000,158.101.112.6:10000,158.101.112.6:10000,158.101.112.6:10000,158.101.112.6:10000,158.101.112.6:10000,158.101.112.6:10000,158.101.112.6:10000,158.101.112.6:10000,158.101.112.6:10000,158.101.112.6:10000,158.101.112.6:10000,158.101.112.6:10000,158.101.112.6:10000,158.101.112.6:10000,158.101.112.6:10000,158.101.112.6:10000,158.101.112.6:10000,158.101.112.6:10000,158.101.112.6:10000,158.101.112.6:10000,158.101.112.6:10000,158.101.112.6:10000,158.101.112.6:10000,158.101.112.6:10000,158.101.112.6:10000,158.101.112.6:10000,158.101.112.6:10000,158.101.112.6:10000,158.101.112.6:10000,158.101.112.6:10000,158.101.112.6:10000,158.101.112.6:10000,158.101.112.6:10000,158.101.112.6:10000,158.101.112.6:10000,158.101.112.6:10000,158.101.112.6:10000,158.101.112.6:10000,158.101.112.6:10000,158.101.112.6:10000,158.101.112.6:10000,158.101.112.6:10000,158.101.112.6:10000,158.101.112.6:10000,158.101.112.6:10000,158.101.112.6:10000,158.101.112.6:10000,158.101.112.6:10000,158.101.112.6:10000,158.101.112.6:10000,158.101.112.6:10000,158.101.112.6:10000,158.101.112.6:10000,158.101.112.6:10000,158.101.112.6:10000,158.101.112.6:10000,158.101.112.6:10000,158.101.112.6:10000,158.101.112.6:10000,158.101.112.6:10000,158.101.112.6:10000,158.101.112.6:10000,158.101.112.6:10000,158.101.112.6:10000,158.101.112.6:10000,158.101.112.6:10000,158.101.112.6:10000,158.101.112.6:10000,158.101.112.6:10000,158.101.112.6:10000,158.101.112.6:10000,158.101.112.6:10000,158.101.112.6:10000,158.101.112.6:10000,158.101.112.6:10000,158.101.112.6:10000,158.101.112.6:10000,158.101.112.6:10000,158.101.112.6:10000,158.101.112.6:10000,158.101.112.6:10000,158.101.112.6:10000,158.101.112.6:10000,158.101.112.6:10000,158.101.112.6:10000,158.101.112.6:10000,158.101.112.6:10000,158.101.112.6:10000,158.101.112.6:10000,158.101.112.6:10000,158.101.112.6:10000,158.101.112.6:10000,158.101.112.6:10000,158.101.112.6:10000,158.101.112.6:10000,158.101.112.6:10000,158.101.112.6:10000,158.101.112.6:10000,158.101.112.6:10000,158.101.112.6:10000,158.101.112.6:10000,158.101.112.6:10000,158.101.112.6:10000,158.101.112.6:10000,158.101.112.6:10000,158.101.112.6:10000,158.101.112.6:10000,158.101.112.6:10000,158.101.112.6:10000,158.101.112.6:10000,158.101.112.6:10000,158.101.112.6:10000
audio_googRtt,26.0,26.0,26.0,26.0,26.0,26.0,26.0,26.0,26.0,26.0,26.0,26.0,26.0,26.0,26.0,26.0,26.0,26.0,26.0,26.0,26.0,26.0,26.0,26.0,26.0,26.0,26.0,26.0,26.0,26.0,26.0,27.0,27.0,27.0,26.0,26.0,26.0,26.0,26.0,26.0,26.0,26.0,26.0,26.0,26.0,26.0,26.0,26.0,26.0,26.0,26.0,26.0,26.0,26.0,26.0,26.0,26.0,26.0,26.0,26.0,26.0,26.0,26.0,26.0,26.0,26.0,26.0,26.0,26.0,26.0,26.0,26.0,26.0,26.0,26.0,26.0,26.0,26.0,26.0,26.0,26.0,26.0,26.0,26.0,26.0,26.0,26.0,26.0,26.0,26.0,26.0,26.0,26.0,26.0,26.0,26.0,26.0,26.0,26.0,26.0,26.0,26.0,26.0,26.0,26.0,26.0,26.0,26.0,26.0,26.0,26.0,26.0,26.0,26.0,26.0,26.0,26.0,26.0,26.0,26.0
audio_send_bitsSentPerSecond_2821074100,26560.0,37176.0,31528.0,30664.0,30064.0,31808.0,31792.0,31792.0,31560.0,31280.0,30664.0,31184.0,30984.0,29280.0,40232.0,42000.0,42232.0,33832.0,36024.0,30976.0,29056.0,30232.0,41912.0,39272.0,42000.0,37400.0,38880.0,35912.0,34560.0,29144.0,34248.0,42288.0,32704.0,30592.0,35648.0,32160.0,25344.0,25624.0,22856.0,19336.0,38880.0,35064.0,27296.0,29184.0,30368.0,27696.0,25888.0,22584.0,22352.0,18656.0,19328.0,19568.0,20008.0,29328.0,37792.0,31728.0,27112.0,25416.0,24872.0,20040.0,18576.0,18320.0,18264.0,18336.0,19384.0,18264.0,18368.0,18280.0,18336.0,19800.0,22456.0,21608.0,22736.0,26232.0,25632.0,25744.0,25944.0,24880.0,18224.0,18336.0,22920.0,24496.0,25416.0,18392.0,18296.0,18296.0,18352.0,18256.0,18256.0,18648.0,18936.0,24752.0,18832.0,19896.0,20280.0,19016.0,19200.0,18736.0,19432.0,20096.0,19368.0,18904.0,20112.0,19560.0,20144.0,18320.0,19544.0,19544.0,20008.0,19304.0,18848.0,19936.0,20728.0,18856.0,19016.0,18224.0,21608.0,18280.0,18664.0,20464.0
audio_send_packetsSentPerSecond_2821074100,49.0,49.0,50.0,49.0,50.0,50.0,50.0,49.0,50.0,49.0,50.0,50.0,50.0,50.0,50.0,50.0,49.0,50.0,50.0,50.0,49.0,50.0,50.0,50.0,50.0,50.0,50.0,50.0,50.0,50.0,49.0,50.0,49.0,50.0,50.0,49.0,50.0,50.0,50.0,50.0,50.0,50.0,49.0,50.0,50.0,50.0,49.0,50.0,50.0,49.0,50.0,50.0,49.0,50.0,50.0,50.0,50.0,49.0,50.0,50.0,50.0,50.0,49.0,50.0,50.0,49.0,50.0,49.0,50.0,49.0,50.0,50.0,49.0,50.0,49.0,50.0,50.0,50.0,49.0,50.0,50.0,49.0,49.0,50.0,49.0,49.0,50.0,49.0,50.0,50.0,50.0,49.0,49.0,50.0,49.0,50.0,49.0,49.0,50.0,50.0,49.0,49.0,49.0,50.0,50.0,50.0,50.0,50.0,49.0,50.0,49.0,50.0,50.0,49.0,50.0,49.0,50.0,49.0,50.0,50.0
video_send_bitsSentPerSecond_489633335,152472.0,208168.0,253056.0,199456.0,220936.0,208920.0,212264.0,224936.0,208184.0,204560.0,219056.0,213832.0,222824.0,208576.0,221312.0,211016.0,206832.0,225104.0,212032.0,203064.0,217136.0,216520.0,227808.0,205880.0,220400.0,207736.0,208568.0,228504.0,208824.0,202888.0,215200.0,217352.0,227616.0,205176.0,224512.0,209336.0,205344.0,227440.0,209664.0,204048.0,212696.0,216312.0,230008.0,204328.0,222552.0,212736.0,207648.0,226440.0,208840.0,203288.0,213648.0,215432.0,259992.0,186336.0,213224.0,211200.0,204200.0,226400.0,210056.0,209840.0,212680.0,213136.0,229928.0,200360.0,225664.0,211808.0,203936.0,226800.0,211496.0,205504.0,214888.0,211832.0,233032.0,199352.0,224024.0,214072.0,205800.0,227904.0,208032.0,205312.0,213864.0,212392.0,240144.0,191152.0,226936.0,217328.0,198720.0,229424.0,210592.0,207824.0,213824.0,213016.0,229200.0,201048.0,222880.0,211704.0,206136.0,232360.0,204024.0,209080.0,212768.0,213928.0,260584.0,182168.0,214408.0,210560.0,210768.0,222888.0,213024.0,206784.0,212056.0,214824.0,229152.0,195952.0,230448.0,208536.0,205928.0,232032.0,205000.0,209912.0
video_send_packetsLost_489633335,0.0,0.0,0.0,0.0,0.0,0.0,0.0,0.0,0.0,0.0,0.0,0.0,0.0,0.0,0.0,0.0,0.0,0.0,0.0,0.0,0.0,0.0,0.0,0.0,0.0,0.0,0.0,0.0,0.0,0.0,0.0,0.0,0.0,0.0,0.0,0.0,0.0,0.0,0.0,0.0,0.0,0.0,0.0,0.0,0.0,0.0,0.0,0.0,0.0,0.0,0.0,0.0,0.0,0.0,0.0,0.0,0.0,0.0,0.0,0.0,0.0,0.0,0.0,0.0,0.0,0.0,0.0,0.0,0.0,0.0,0.0,0.0,0.0,0.0,0.0,0.0,0.0,0.0,0.0,0.0,0.0,0.0,0.0,0.0,0.0,0.0,0.0,0.0,0.0,0.0,0.0,0.0,0.0,0.0,0.0,0.0,0.0,0.0,0.0,0.0,0.0,0.0,0.0,0.0,0.0,0.0,0.0,0.0,0.0,0.0,0.0,0.0,0.0,0.0,0.0,0.0,0.0,0.0,0.0,0.0
video_send_packetsSentPerSecond_489633335,53.0,64.0,66.0,59.0,62.0,60.0,60.0,59.0,60.0,59.0,60.0,60.0,60.0,61.0,61.0,60.0,59.0,60.0,60.0,60.0,59.0,60.0,60.0,60.0,62.0,60.0,60.0,60.0,60.0,60.0,59.0,61.0,61.0,60.0,61.0,59.0,60.0,60.0,60.0,60.0,60.0,59.0,60.0,60.0,62.0,60.0,59.0,61.0,60.0,59.0,60.0,60.0,65.0,60.0,60.0,60.0,60.0,60.0,60.0,60.0,60.0,60.0,60.0,60.0,62.0,59.0,60.0,60.0,60.0,59.0,60.0,60.0,59.0,60.0,61.0,60.0,60.0,61.0,59.0,60.0,61.0,59.0,61.0,59.0,61.0,60.0,59.0,59.0,60.0,60.0,60.0,59.0,60.0,60.0,60.0,61.0,59.0,60.0,59.0,60.0,59.0,60.0,65.0,60.0,61.0,60.0,60.0,61.0,60.0,59.0,60.0,60.0,60.0,59.0,62.0,59.0,60.0,60.0,59.0,60.0
video_send_googEncodeUsagePercent_489633335,53.0,46.0,42.0,37.0,34.0,31.0,29.0,27.0,26.0,25.0,24.0,23.0,21.0,20.0,20.0,19.0,19.0,19.0,19.0,19.0,18.0,18.0,18.0,18.0,18.0,18.0,18.0,19.0,18.0,18.0,17.0,17.0,17.0,17.0,17.0,17.0,17.0,18.0,18.0,18.0,17.0,17.0,17.0,17.0,17.0,17.0,17.0,18.0,18.0,18.0,17.0,17.0,17.0,17.0,17.0,17.0,17.0,17.0,17.0,17.0,17.0,17.0,17.0,17.0,17.0,17.0,17.0,17.0,17.0,17.0,17.0,16.0,16.0,16.0,17.0,17.0,17.0,18.0,18.0,18.0,17.0,17.0,17.0,17.0,17.0,17.0,17.0,17.0,17.0,18.0,17.0,17.0,17.0,17.0,18.0,18.0,18.0,18.0,18.0,18.0,18.0,17.0,17.0,17.0,17.0,18.0,18.0,18.0,18.0,18.0,18.0,18.0,18.0,18.0,18.0,18.0,17.0,17.0,18.0,18.0
video_send_googFrameHeightInput_489633335,720.0,720.0,720.0,720.0,720.0,720.0,720.0,720.0,720.0,720.0,720.0,720.0,720.0,720.0,720.0,720.0,720.0,720.0,720.0,720.0,720.0,720.0,720.0,720.0,720.0,720.0,720.0,720.0,720.0,720.0,720.0,720.0,720.0,720.0,720.0,720.0,720.0,720.0,720.0,720.0,720.0,720.0,720.0,720.0,720.0,720.0,720.0,720.0,720.0,720.0,720.0,720.0,720.0,720.0,720.0,720.0,720.0,720.0,720.0,720.0,720.0,720.0,720.0,720.0,720.0,720.0,720.0,720.0,720.0,720.0,720.0,720.0,720.0,720.0,720.0,720.0,720.0,720.0,720.0,720.0,720.0,720.0,720.0,720.0,720.0,720.0,720.0,720.0,720.0,720.0,720.0,720.0,720.0,720.0,720.0,720.0,720.0,720.0,720.0,720.0,720.0,720.0,720.0,720.0,720.0,720.0,720.0,720.0,720.0,720.0,720.0,720.0,720.0,720.0,720.0,720.0,720.0,720.0,720.0,720.0
video_send_googFrameHeightSent_489633335,180.0,180.0,180.0,180.0,180.0,180.0,180.0,180.0,180.0,180.0,180.0,180.0,180.0,180.0,180.0,180.0,180.0,180.0,180.0,180.0,180.0,180.0,180.0,180.0,180.0,180.0,180.0,180.0,180.0,180.0,180.0,180.0,180.0,180.0,180.0,180.0,180.0,180.0,180.0,180.0,180.0,180.0,180.0,180.0,180.0,180.0,180.0,180.0,180.0,180.0,180.0,180.0,180.0,180.0,180.0,180.0,180.0,180.0,180.0,180.0,180.0,180.0,180.0,180.0,180.0,180.0,180.0,180.0,180.0,180.0,180.0,180.0,180.0,180.0,180.0,180.0,180.0,180.0,180.0,180.0,180.0,180.0,180.0,180.0,180.0,180.0,180.0,180.0,180.0,180.0,180.0,180.0,180.0,180.0,180.0,180.0,180.0,180.0,180.0,180.0,180.0,180.0,180.0,180.0,180.0,180.0,180.0,180.0,180.0,180.0,180.0,180.0,180.0,180.0,180.0,180.0,180.0,180.0,180.0,180.0
video_send_googFrameRateSent_489633335,53.0,61.0,60.0,60.0,60.0,60.0,60.0,60.0,60.0,60.0,60.0,60.0,60.0,60.0,60.0,60.0,60.0,60.0,60.0,60.0,60.0,60.0,60.0,60.0,60.0,60.0,60.0,60.0,60.0,60.0,60.0,60.0,60.0,60.0,60.0,60.0,59.0,60.0,60.0,60.0,60.0,60.0,60.0,60.0,60.0,60.0,60.0,60.0,60.0,60.0,60.0,60.0,60.0,60.0,60.0,59.0,60.0,60.0,61.0,60.0,60.0,59.0,59.0,59.0,59.0,60.0,60.0,59.0,59.0,61.0,60.0,60.0,61.0,59.0,61.0,61.0,59.0,59.0,60.0,59.0,59.0,60.0,60.0,59.0,59.0,60.0,59.0,60.0,59.0,60.0,59.0,59.0,59.0,60.0,60.0,59.0,59.0,60.0,59.0,60.0,60.0,60.0,60.0,60.0,59.0,60.0,59.0,59.0,60.0,60.0,60.0,60.0,60.0,60.0,59.0,60.0,59.0,60.0,59.0,59.0
video_send_googFrameWidthInput_489633335,1280.0,1280.0,1280.0,1280.0,1280.0,1280.0,1280.0,1280.0,1280.0,1280.0,1280.0,1280.0,1280.0,1280.0,1280.0,1280.0,1280.0,1280.0,1280.0,1280.0,1280.0,1280.0,1280.0,1280.0,1280.0,1280.0,1280.0,1280.0,1280.0,1280.0,1280.0,1280.0,1280.0,1280.0,1280.0,1280.0,1280.0,1280.0,1280.0,1280.0,1280.0,1280.0,1280.0,1280.0,1280.0,1280.0,1280.0,1280.0,1280.0,1280.0,1280.0,1280.0,1280.0,1280.0,1280.0,1280.0,1280.0,1280.0,1280.0,1280.0,1280.0,1280.0,1280.0,1280.0,1280.0,1280.0,1280.0,1280.0,1280.0,1280.0,1280.0,1280.0,1280.0,1280.0,1280.0,1280.0,1280.0,1280.0,1280.0,1280.0,1280.0,1280.0,1280.0,1280.0,1280.0,1280.0,1280.0,1280.0,1280.0,1280.0,1280.0,1280.0,1280.0,1280.0,1280.0,1280.0,1280.0,1280.0,1280.0,1280.0,1280.0,1280.0,1280.0,1280.0,1280.0,1280.0,1280.0,1280.0,1280.0,1280.0,1280.0,1280.0,1280.0,1280.0,1280.0,1280.0,1280.0,1280.0,1280.0,1280.0
video_send_googFrameWidthSent_489633335,320.0,320.0,320.0,320.0,320.0,320.0,320.0,320.0,320.0,320.0,320.0,320.0,320.0,320.0,320.0,320.0,320.0,320.0,320.0,320.0,320.0,320.0,320.0,320.0,320.0,320.0,320.0,320.0,320.0,320.0,320.0,320.0,320.0,320.0,320.0,320.0,320.0,320.0,320.0,320.0,320.0,320.0,320.0,320.0,320.0,320.0,320.0,320.0,320.0,320.0,320.0,320.0,320.0,320.0,320.0,320.0,320.0,320.0,320.0,320.0,320.0,320.0,320.0,320.0,320.0,320.0,320.0,320.0,320.0,320.0,320.0,320.0,320.0,320.0,320.0,320.0,320.0,320.0,320.0,320.0,320.0,320.0,320.0,320.0,320.0,320.0,320.0,320.0,320.0,320.0,320.0,320.0,320.0,320.0,320.0,320.0,320.0,320.0,320.0,320.0,320.0,320.0,320.0,320.0,320.0,320.0,320.0,320.0,320.0,320.0,320.0,320.0,320.0,320.0,320.0,320.0,320.0,320.0,320.0,320.0
video_send_googRtt_489633335,0.0,0.0,27.0,27.0,27.0,27.0,27.0,26.0,26.0,26.0,26.0,26.0,26.0,26.0,26.0,26.0,26.0,26.0,26.0,26.0,26.0,26.0,26.0,26.0,26.0,26.0,26.0,26.0,26.0,26.0,26.0,26.0,26.0,26.0,26.0,26.0,26.0,26.0,26.0,26.0,26.0,26.0,26.0,26.0,26.0,26.0,26.0,26.0,26.0,26.0,26.0,26.0,26.0,26.0,26.0,26.0,26.0,26.0,26.0,26.0,26.0,26.0,26.0,26.0,26.0,25.0,25.0,25.0,25.0,25.0,25.0,25.0,25.0,25.0,25.0,25.0,25.0,25.0,25.0,25.0,25.0,25.0,25.0,25.0,25.0,25.0,25.0,25.0,25.0,25.0,25.0,25.0,25.0,25.0,25.0,25.0,26.0,26.0,26.0,26.0,26.0,26.0,26.0,26.0,26.0,26.0,26.0,26.0,26.0,26.0,26.0,26.0,26.0,26.0,25.0,25.0,25.0,25.0,25.0,25.0
audio_send_packetsLost_2821074100,0.0,0.0,0.0,0.0,0.0,0.0,0.0,0.0,0.0,0.0,0.0,0.0,0.0,0.0,0.0,0.0,0.0,0.0,0.0,0.0,0.0,0.0,0.0,0.0,0.0,0.0,0.0,0.0,0.0,0.0,0.0,0.0,0.0,0.0,0.0,0.0,0.0,0.0,0.0,0.0,0.0,0.0,0.0,0.0,0.0,0.0,0.0,0.0,0.0,0.0,0.0,0.0,0.0,0.0,0.0,0.0,0.0,0.0,0.0,0.0,0.0,0.0,0.0,0.0,0.0,0.0,0.0,0.0,0.0,0.0,0.0,0.0,0.0,0.0,0.0,0.0,0.0,0.0,0.0,0.0,0.0,0.0,0.0,0.0,0.0,0.0,0.0,0.0,0.0,0.0,0.0,0.0,0.0,0.0,0.0,0.0,0.0,0.0,0.0,0.0,0.0,0.0,0.0,0.0,0.0,0.0,0.0,0.0,0.0,0.0,0.0,0.0,0.0,0.0,0.0,0.0,0.0,0.0,0.0,0.0
audio_send_googJitterReceived_2821074100,0.0,0.0,0.0,0.0,0.0,0.0,0.0,0.0,0.0,0.0,0.0,0.0,0.0,0.0,0.0,0.0,0.0,0.0,0.0,0.0,0.0,0.0,0.0,0.0,0.0,0.0,0.0,0.0,0.0,0.0,0.0,0.0,0.0,0.0,0.0,0.0,0.0,0.0,0.0,0.0,0.0,0.0,0.0,0.0,0.0,0.0,0.0,0.0,0.0,0.0,0.0,0.0,0.0,0.0,0.0,0.0,0.0,0.0,0.0,0.0,0.0,0.0,0.0,0.0,0.0,0.0,0.0,0.0,0.0,0.0,0.0,0.0,0.0,0.0,0.0,0.0,0.0,0.0,0.0,0.0,0.0,0.0,0.0,0.0,0.0,0.0,0.0,0.0,0.0,0.0,0.0,0.0,0.0,0.0,0.0,0.0,0.0,0.0,0.0,0.0,0.0,0.0,0.0,0.0,0.0,0.0,0.0,0.0,0.0,0.0,0.0,0.0,0.0,0.0,0.0,0.0,0.0,0.0,0.0,0.0
audio_recv_bitsReceivedPerSecond_3035497888,0.0,24080.0,6440.0,4496.0,1432.0,4632.0,5216.0,8864.0,8872.0,8848.0,9392.0,8256.0,7384.0,8664.0,7360.0,8960.0,7376.0,8232.0,8256.0,7384.0,8240.0,11704.0,11176.0,5680.0,7832.0,8256.0,10616.0,11448.0,10584.0,8504.0,9024.0,11832.0,7384.0,7304.0,8256.0,8240.0,16672.0,12592.0,10000.0,8256.0,10256.0,11696.0,8696.0,8504.0,11544.0,9608.0,7056.0,7296.0,9672.0,9384.0,10248.0,9752.0,11328.0,11368.0,9592.0,7744.0,9592.0,8448.0,10736.0,7400.0,8248.0,6384.0,6352.0,6440.0,8104.0,6288.0,6336.0,6248.0,6480.0,8096.0,12104.0,6696.0,9904.0,13080.0,9032.0,8120.0,8968.0,7344.0,7864.0,9800.0,8064.0,13536.0,13864.0,10584.0,7816.0,7960.0,7888.0,6808.0,24976.0,42728.0,43680.0,9272.0,8024.0,11864.0,7720.0,6320.0,9160.0,8360.0,7480.0,8144.0,6936.0,7008.0,10512.0,11128.0,10768.0,10320.0,10840.0,12952.0,12728.0,13216.0,15128.0,14224.0,16224.0,15496.0,26904.0,43376.0,25416.0,9656.0,10824.0,16944.0
audio_recv_packetsReceivedPerSecond_3035497888,0.0,42.0,10.0,5.0,2.0,5.0,7.0,8.0,9.0,8.0,10.0,8.0,7.0,9.0,7.0,9.0,6.0,8.0,8.0,7.0,7.0,13.0,12.0,8.0,10.0,8.0,11.0,12.0,11.0,9.0,8.0,12.0,7.0,7.0,8.0,7.0,18.0,13.0,10.0,8.0,11.0,11.0,9.0,9.0,12.0,10.0,8.0,9.0,10.0,9.0,11.0,11.0,12.0,13.0,10.0,8.0,11.0,8.0,11.0,7.0,8.0,6.0,5.0,6.0,8.0,5.0,6.0,5.0,7.0,7.0,14.0,7.0,9.0,14.0,8.0,8.0,10.0,7.0,7.0,11.0,8.0,14.0,15.0,11.0,7.0,7.0,8.0,7.0,28.0,49.0,50.0,9.0,9.0,18.0,11.0,10.0,13.0,12.0,11.0,12.0,9.0,10.0,10.0,12.0,12.0,11.0,11.0,14.0,13.0,14.0,16.0,15.0,17.0,15.0,30.0,49.0,29.0,9.0,11.0,18.0
audio_recv_googCurrentDelayMs_3035497888,0.0,71.0,58.0,51.0,47.0,50.0,50.0,53.0,49.0,70.0,61.0,54.0,43.0,45.0,55.0,53.0,59.0,45.0,42.0,39.0,46.0,46.0,50.0,48.0,52.0,49.0,49.0,55.0,57.0,50.0,44.0,62.0,45.0,56.0,46.0,42.0,50.0,53.0,45.0,48.0,59.0,53.0,46.0,54.0,47.0,46.0,54.0,46.0,48.0,45.0,47.0,42.0,43.0,47.0,48.0,47.0,48.0,47.0,50.0,58.0,49.0,43.0,44.0,43.0,49.0,47.0,47.0,41.0,42.0,46.0,45.0,40.0,43.0,44.0,48.0,45.0,40.0,46.0,40.0,45.0,44.0,44.0,57.0,56.0,44.0,37.0,43.0,40.0,65.0,62.0,62.0,46.0,51.0,47.0,49.0,47.0,50.0,51.0,45.0,46.0,43.0,46.0,52.0,44.0,47.0,53.0,56.0,53.0,44.0,53.0,46.0,47.0,53.0,49.0,50.0,61.0,42.0,49.0,51.0,45.0
audio_recv_googJitterBufferMs_3035497888,0.0,27.0,4.0,2.0,1.0,2.0,3.0,2.0,2.0,5.0,2.0,8.0,2.0,2.0,4.0,5.0,14.0,7.0,7.0,2.0,6.0,2.0,2.0,6.0,9.0,2.0,2.0,10.0,13.0,4.0,2.0,14.0,4.0,14.0,3.0,5.0,2.0,2.0,2.0,3.0,14.0,15.0,2.0,13.0,2.0,2.0,14.0,10.0,2.0,1.0,3.0,3.0,1.0,2.0,0.0,2.0,3.0,3.0,5.0,14.0,11.0,1.0,3.0,1.0,3.0,3.0,3.0,1.0,6.0,4.0,2.0,2.0,4.0,2.0,4.0,1.0,3.0,6.0,2.0,3.0,3.0,2.0,10.0,11.0,6.0,2.0,10.0,7.0,17.0,15.0,15.0,5.0,12.0,1.0,4.0,5.0,3.0,5.0,5.0,1.0,3.0,5.0,8.0,2.0,1.0,14.0,14.0,3.0,3.0,6.0,2.0,2.0,8.0,2.0,22.0,12.0,2.0,2.0,8.0,22.0
audio_recv_googJitterReceived_3035497888,0.0,3.0,3.0,3.0,3.0,2.0,2.0,2.0,2.0,1.0,1.0,1.0,1.0,2.0,2.0,1.0,1.0,1.0,1.0,1.0,2.0,2.0,1.0,1.0,1.0,1.0,2.0,2.0,2.0,1.0,2.0,2.0,2.0,2.0,1.0,1.0,1.0,1.0,1.0,1.0,2.0,1.0,1.0,1.0,1.0,1.0,2.0,2.0,1.0,2.0,1.0,2.0,2.0,1.0,2.0,2.0,1.0,1.0,1.0,2.0,1.0,1.0,1.0,1.0,1.0,2.0,2.0,2.0,2.0,2.0,2.0,1.0,2.0,2.0,1.0,1.0,1.0,1.0,2.0,2.0,1.0,1.0,1.0,1.0,1.0,1.0,1.0,1.0,1.0,1.0,2.0,1.0,1.0,2.0,2.0,2.0,1.0,1.0,2.0,1.0,1.0,1.0,2.0,2.0,2.0,2.0,1.0,2.0,2.0,1.0,1.0,1.0,1.0,1.0,1.0,1.0,3.0,2.0,1.0,1.0
audio_recv_googPreferredJitterBufferMs_3035497888,0.0,40.0,40.0,40.0,40.0,40.0,40.0,40.0,40.0,40.0,40.0,40.0,40.0,40.0,40.0,40.0,40.0,40.0,40.0,40.0,40.0,20.0,20.0,20.0,20.0,20.0,20.0,20.0,20.0,20.0,20.0,20.0,20.0,20.0,20.0,20.0,20.0,20.0,20.0,20.0,20.0,20.0,20.0,20.0,20.0,20.0,20.0,20.0,20.0,20.0,20.0,20.0,20.0,20.0,20.0,20.0,20.0,20.0,20.0,20.0,20.0,20.0,20.0,20.0,20.0,20.0,20.0,20.0,20.0,20.0,20.0,20.0,20.0,20.0,20.0,20.0,20.0,20.0,20.0,20.0,20.0,20.0,20.0,20.0,20.0,20.0,20.0,20.0,20.0,20.0,20.0,20.0,20.0,20.0,20.0,20.0,20.0,20.0,20.0,20.0,20.0,20.0,20.0,20.0,20.0,20.0,20.0,20.0,20.0,20.0,20.0,20.0,20.0,20.0,20.0,20.0,20.0,20.0,20.0,20.0
video_recv_bitsReceivedPerSecond_112423455,0.0,228992.0,282672.0,228696.0,240608.0,252192.0,200752.0,229072.0,213504.0,200976.0,230144.0,207288.0,204496.0,215016.0,212760.0,229920.0,192624.0,234488.0,208800.0,201320.0,231872.0,208800.0,206272.0,214008.0,215456.0,230112.0,192936.0,231360.0,209792.0,203552.0,229456.0,208704.0,208368.0,211656.0,215288.0,228768.0,199912.0,233992.0,205312.0,205160.0,227696.0,210016.0,207776.0,210952.0,218696.0,225648.0,197048.0,230720.0,208880.0,204648.0,226656.0,213832.0,238640.0,189808.0,213376.0,221232.0,202104.0,232232.0,202928.0,206080.0,226328.0,212520.0,204920.0,211096.0,218720.0,220888.0,206032.0,230064.0,205296.0,207984.0,224608.0,214224.0,205744.0,209752.0,219432.0,221688.0,205232.0,235880.0,199808.0,209464.0,225040.0,211024.0,208384.0,208112.0,222376.0,217432.0,209488.0,228744.0,205760.0,208160.0,221280.0,213192.0,206872.0,207104.0,223880.0,219048.0,212904.0,232352.0,203520.0,205800.0,218816.0,215072.0,237488.0,192696.0,210712.0,217512.0,214576.0,223456.0,208456.0,205968.0,216800.0,216888.0,212008.0,204016.0,221352.0,215424.0,214872.0,235304.0,203024.0,206448.0
video_recv_packetsReceivedPerSecond_112423455,0.0,61.0,63.0,59.0,61.0,61.0,60.0,60.0,60.0,59.0,60.0,60.0,60.0,61.0,60.0,60.0,59.0,61.0,60.0,60.0,59.0,60.0,60.0,60.0,60.0,60.0,60.0,61.0,60.0,60.0,59.0,60.0,60.0,60.0,60.0,59.0,60.0,62.0,60.0,60.0,60.0,59.0,60.0,60.0,60.0,60.0,59.0,61.0,60.0,59.0,60.0,60.0,63.0,60.0,60.0,60.0,60.0,60.0,60.0,60.0,60.0,60.0,59.0,60.0,60.0,59.0,60.0,60.0,60.0,59.0,60.0,60.0,59.0,60.0,59.0,61.0,60.0,61.0,59.0,60.0,60.0,59.0,60.0,59.0,60.0,59.0,60.0,61.0,60.0,60.0,60.0,59.0,59.0,60.0,59.0,60.0,59.0,61.0,61.0,59.0,59.0,59.0,62.0,60.0,60.0,60.0,60.0,61.0,60.0,59.0,59.0,60.0,60.0,59.0,60.0,59.0,61.0,60.0,60.0,60.0
video_recv_googCurrentDelayMs_112423455,21.0,27.0,25.0,25.0,26.0,26.0,25.0,25.0,25.0,25.0,25.0,25.0,25.0,26.0,26.0,26.0,26.0,26.0,26.0,26.0,26.0,26.0,26.0,26.0,26.0,26.0,26.0,26.0,26.0,26.0,26.0,26.0,26.0,26.0,26.0,26.0,26.0,26.0,26.0,26.0,26.0,26.0,26.0,26.0,26.0,26.0,26.0,27.0,27.0,27.0,27.0,27.0,29.0,29.0,29.0,29.0,29.0,28.0,29.0,29.0,28.0,28.0,28.0,28.0,28.0,28.0,28.0,28.0,28.0,28.0,28.0,28.0,28.0,28.0,28.0,28.0,28.0,28.0,28.0,28.0,28.0,28.0,27.0,28.0,27.0,27.0,27.0,27.0,27.0,27.0,27.0,27.0,27.0,27.0,27.0,27.0,27.0,27.0,27.0,27.0,27.0,27.0,28.0,28.0,28.0,28.0,28.0,28.0,28.0,28.0,28.0,28.0,27.0,28.0,27.0,27.0,27.0,28.0,28.0,28.0
video_recv_googDecodeMs_112423455,1.0,1.0,2.0,1.0,1.0,1.0,1.0,1.0,1.0,1.0,1.0,1.0,1.0,1.0,1.0,1.0,1.0,1.0,1.0,1.0,1.0,1.0,1.0,1.0,1.0,1.0,1.0,1.0,1.0,1.0,1.0,2.0,1.0,1.0,1.0,1.0,1.0,1.0,1.0,1.0,1.0,1.0,1.0,1.0,1.0,1.0,1.0,1.0,1.0,1.0,1.0,1.0,1.0,1.0,1.0,1.0,1.0,1.0,1.0,1.0,1.0,1.0,1.0,1.0,1.0,1.0,1.0,1.0,1.0,1.0,1.0,1.0,1.0,1.0,1.0,1.0,1.0,1.0,1.0,1.0,1.0,1.0,1.0,1.0,1.0,1.0,1.0,1.0,1.0,1.0,1.0,1.0,1.0,1.0,1.0,1.0,1.0,1.0,1.0,1.0,1.0,1.0,1.0,1.0,1.0,1.0,1.0,1.0,1.0,1.0,1.0,1.0,1.0,1.0,1.0,1.0,1.0,1.0,1.0,1.0
video_recv_googFrameHeightReceived_112423455,180.0,180.0,180.0,180.0,180.0,180.0,180.0,180.0,180.0,180.0,180.0,180.0,180.0,180.0,180.0,180.0,180.0,180.0,180.0,180.0,180.0,180.0,180.0,180.0,180.0,180.0,180.0,180.0,180.0,180.0,180.0,180.0,180.0,180.0,180.0,180.0,180.0,180.0,180.0,180.0,180.0,180.0,180.0,180.0,180.0,180.0,180.0,180.0,180.0,180.0,180.0,180.0,180.0,180.0,180.0,180.0,180.0,180.0,180.0,180.0,180.0,180.0,180.0,180.0,180.0,180.0,180.0,180.0,180.0,180.0,180.0,180.0,180.0,180.0,180.0,180.0,180.0,180.0,180.0,180.0,180.0,180.0,180.0,180.0,180.0,180.0,180.0,180.0,180.0,180.0,180.0,180.0,180.0,180.0,180.0,180.0,180.0,180.0,180.0,180.0,180.0,180.0,180.0,180.0,180.0,180.0,180.0,180.0,180.0,180.0,180.0,180.0,180.0,180.0,180.0,180.0,180.0,180.0,180.0,180.0
video_recv_googFrameRateOutput_112423455,91.0,59.0,60.0,60.0,60.0,60.0,60.0,60.0,60.0,60.0,60.0,60.0,60.0,60.0,60.0,60.0,60.0,60.0,60.0,60.0,60.0,60.0,60.0,60.0,60.0,60.0,59.0,61.0,60.0,60.0,60.0,60.0,60.0,60.0,60.0,60.0,60.0,60.0,60.0,60.0,60.0,60.0,60.0,60.0,60.0,60.0,60.0,60.0,60.0,60.0,60.0,60.0,60.0,60.0,60.0,60.0,60.0,60.0,60.0,60.0,60.0,60.0,60.0,60.0,60.0,60.0,60.0,60.0,60.0,60.0,60.0,60.0,60.0,60.0,60.0,60.0,60.0,60.0,60.0,60.0,60.0,60.0,60.0,60.0,60.0,60.0,60.0,60.0,60.0,60.0,60.0,60.0,60.0,60.0,60.0,60.0,60.0,60.0,60.0,60.0,60.0,60.0,60.0,60.0,60.0,60.0,60.0,60.0,60.0,60.0,60.0,60.0,60.0,60.0,60.0,60.0,60.0,60.0,60.0,60.0
video_recv_googFrameRateReceived_112423455,2.0,60.0,60.0,60.0,60.0,60.0,60.0,60.0,60.0,60.0,60.0,60.0,60.0,60.0,60.0,60.0,60.0,60.0,60.0,60.0,60.0,60.0,60.0,60.0,60.0,60.0,60.0,60.0,60.0,60.0,60.0,60.0,60.0,60.0,60.0,60.0,60.0,60.0,60.0,60.0,60.0,60.0,60.0,60.0,60.0,60.0,60.0,60.0,60.0,60.0,60.0,60.0,60.0,60.0,60.0,60.0,60.0,60.0,60.0,60.0,60.0,60.0,60.0,60.0,60.0,60.0,60.0,60.0,60.0,60.0,60.0,60.0,60.0,60.0,60.0,60.0,60.0,60.0,60.0,60.0,60.0,60.0,61.0,60.0,60.0,60.0,60.0,60.0,60.0,60.0,60.0,60.0,60.0,60.0,60.0,60.0,60.0,60.0,61.0,60.0,60.0,60.0,60.0,60.0,60.0,60.0,60.0,60.0,61.0,60.0,60.0,60.0,60.0,60.0,60.0,60.0,60.0,60.0,60.0,60.0
video_recv_googFrameWidthReceived_112423455,320.0,320.0,320.0,320.0,320.0,320.0,320.0,320.0,320.0,320.0,320.0,320.0,320.0,320.0,320.0,320.0,320.0,320.0,320.0,320.0,320.0,320.0,320.0,320.0,320.0,320.0,320.0,320.0,320.0,320.0,320.0,320.0,320.0,320.0,320.0,320.0,320.0,320.0,320.0,320.0,320.0,320.0,320.0,320.0,320.0,320.0,320.0,320.0,320.0,320.0,320.0,320.0,320.0,320.0,320.0,320.0,320.0,320.0,320.0,320.0,320.0,320.0,320.0,320.0,320.0,320.0,320.0,320.0,320.0,320.0,320.0,320.0,320.0,320.0,320.0,320.0,320.0,320.0,320.0,320.0,320.0,320.0,320.0,320.0,320.0,320.0,320.0,320.0,320.0,320.0,320.0,320.0,320.0,320.0,320.0,320.0,320.0,320.0,320.0,320.0,320.0,320.0,320.0,320.0,320.0,320.0,320.0,320.0,320.0,320.0,320.0,320.0,320.0,320.0,320.0,320.0,320.0,320.0,320.0,320.0
video_recv_googInterframeDelayMax_112423455,20.0,78.0,20.0,21.0,19.0,20.0,23.0,21.0,23.0,19.0,20.0,19.0,20.0,20.0,19.0,21.0,21.0,19.0,19.0,19.0,20.0,18.0,19.0,19.0,19.0,19.0,19.0,31.0,19.0,18.0,19.0,23.0,19.0,19.0,20.0,19.0,19.0,19.0,18.0,19.0,19.0,19.0,20.0,19.0,19.0,18.0,19.0,18.0,18.0,19.0,19.0,19.0,19.0,19.0,20.0,20.0,24.0,19.0,19.0,20.0,19.0,18.0,19.0,18.0,19.0,20.0,18.0,19.0,19.0,19.0,19.0,19.0,19.0,18.0,18.0,19.0,20.0,19.0,18.0,20.0,20.0,19.0,20.0,18.0,19.0,19.0,19.0,18.0,19.0,19.0,19.0,18.0,20.0,19.0,19.0,19.0,19.0,19.0,19.0,19.0,19.0,19.0,19.0,19.0,18.0,18.0,19.0,19.0,19.0,19.0,20.0,19.0,24.0,19.0,19.0,19.0,20.0,19.0,18.0,20.0
video_recv_googJitterBufferMs_112423455,11.0,15.0,13.0,13.0,14.0,14.0,14.0,14.0,14.0,14.0,14.0,14.0,14.0,15.0,15.0,15.0,15.0,15.0,15.0,15.0,15.0,15.0,15.0,15.0,15.0,15.0,15.0,15.0,15.0,15.0,15.0,15.0,15.0,15.0,15.0,15.0,15.0,15.0,15.0,15.0,15.0,15.0,15.0,15.0,15.0,15.0,15.0,16.0,16.0,16.0,16.0,16.0,18.0,18.0,18.0,18.0,18.0,17.0,18.0,18.0,17.0,17.0,17.0,17.0,17.0,17.0,17.0,17.0,17.0,17.0,17.0,17.0,17.0,17.0,17.0,17.0,17.0,17.0,17.0,17.0,17.0,17.0,16.0,17.0,16.0,16.0,16.0,16.0,16.0,16.0,16.0,16.0,16.0,16.0,16.0,16.0,16.0,16.0,16.0,16.0,16.0,16.0,17.0,17.0,17.0,17.0,17.0,17.0,17.0,17.0,17.0,17.0,16.0,17.0,16.0,16.0,16.0,17.0,17.0,17.0
video_recv_googPlisSent_112423455,1.0,2.0,2.0,2.0,2.0,2.0,2.0,2.0,2.0,2.0,2.0,2.0,2.0,2.0,2.0,2.0,2.0,2.0,2.0,2.0,2.0,2.0,2.0,2.0,2.0,2.0,2.0,2.0,2.0,2.0,2.0,2.0,2.0,2.0,2.0,2.0,2.0,2.0,2.0,2.0,2.0,2.0,2.0,2.0,2.0,2.0,2.0,2.0,2.0,2.0,2.0,2.0,2.0,2.0,2.0,2.0,2.0,2.0,2.0,2.0,2.0,2.0,2.0,2.0,2.0,2.0,2.0,2.0,2.0,2.0,2.0,2.0,2.0,2.0,2.0,2.0,2.0,2.0,2.0,2.0,2.0,2.0,2.0,2.0,2.0,2.0,2.0,2.0,2.0,2.0,2.0,2.0,2.0,2.0,2.0,2.0,2.0,2.0,2.0,2.0,2.0,2.0,2.0,2.0,2.0,2.0,2.0,2.0,2.0,2.0,2.0,2.0,2.0,2.0,2.0,2.0,2.0,2.0,2.0,2.0
audio_recv_bitsReceivedPerSecond_3908822517,-1,0.0,15144.0,20816.0,19728.0,20408.0,20968.0,21032.0,20248.0,20536.0,21344.0,19688.0,21160.0,20840.0,21776.0,20904.0,20984.0,21504.0,21680.0,21432.0,20576.0,21384.0,22336.0,21088.0,22592.0,21248.0,20896.0,21536.0,21376.0,21264.0,21160.0,20720.0,21752.0,20928.0,21800.0,20624.0,22120.0,21288.0,21448.0,21992.0,20624.0,21368.0,21968.0,22176.0,20200.0,20576.0,21616.0,21320.0,20456.0,21888.0,21432.0,22160.0,22512.0,20928.0,21952.0,20904.0,21096.0,22592.0,21096.0,22040.0,21784.0,21984.0,21744.0,21808.0,21608.0,21544.0,21896.0,21976.0,21560.0,22504.0,14320.0,10816.0,17800.0,23792.0,21200.0,21720.0,21360.0,21664.0,16448.0,8840.0,11184.0,19184.0,24344.0,24320.0,21312.0,21456.0,21080.0,20960.0,22120.0,22032.0,20680.0,22392.0,22776.0,24512.0,24288.0,24512.0,24512.0,23984.0,24416.0,23632.0,25232.0,24384.0,23520.0,24416.0,24464.0,24416.0,24512.0,23544.0,24192.0,24560.0,24288.0,25336.0,23904.0,22472.0,21472.0,21472.0,23408.0,24360.0,25080.0,23544.0
audio_recv_packetsReceivedPerSecond_3908822517,-1,0.0,18.0,26.0,26.0,27.0,28.0,27.0,27.0,26.0,28.0,26.0,28.0,27.0,28.0,27.0,26.0,28.0,28.0,28.0,26.0,28.0,29.0,27.0,29.0,28.0,27.0,28.0,28.0,28.0,27.0,26.0,28.0,27.0,28.0,27.0,28.0,27.0,28.0,28.0,27.0,27.0,28.0,28.0,27.0,27.0,27.0,28.0,27.0,28.0,28.0,28.0,27.0,27.0,28.0,27.0,27.0,28.0,27.0,28.0,28.0,28.0,27.0,28.0,28.0,27.0,28.0,27.0,28.0,28.0,18.0,16.0,21.0,28.0,27.0,28.0,28.0,28.0,21.0,12.0,15.0,24.0,27.0,28.0,27.0,27.0,27.0,26.0,28.0,28.0,27.0,28.0,26.0,28.0,27.0,28.0,27.0,26.0,28.0,27.0,28.0,27.0,26.0,28.0,28.0,28.0,28.0,27.0,27.0,28.0,27.0,29.0,27.0,28.0,27.0,27.0,28.0,27.0,28.0,27.0
audio_recv_googCurrentDelayMs_3908822517,-1,0.0,75.0,146.0,372.0,307.0,413.0,694.0,662.0,472.0,433.0,521.0,352.0,439.0,646.0,581.0,375.0,545.0,568.0,388.0,460.0,506.0,346.0,506.0,484.0,365.0,510.0,477.0,349.0,584.0,633.0,467.0,405.0,535.0,375.0,453.0,734.0,734.0,537.0,436.0,594.0,507.0,398.0,648.0,705.0,579.0,732.0,816.0,660.0,436.0,467.0,648.0,552.0,366.0,489.0,467.0,415.0,697.0,734.0,569.0,404.0,532.0,468.0,368.0,576.0,547.0,398.0,467.0,686.0,684.0,463.0,416.0,585.0,766.0,796.0,696.0,453.0,522.0,616.0,506.0,640.0,763.0,861.0,822.0,673.0,434.0,593.0,562.0,399.0,529.0,520.0,405.0,642.0,605.0,506.0,428.0,675.0,674.0,524.0,432.0,557.0,460.0,407.0,658.0,670.0,532.0,434.0,557.0,436.0,400.0,564.0,464.0,358.0,554.0,489.0,419.0,573.0,474.0,406.0,527.0
audio_recv_googJitterBufferMs_3908822517,-1,0.0,123.0,286.0,248.0,146.0,705.0,582.0,271.0,4.0,534.0,199.0,144.0,689.0,438.0,134.0,265.0,541.0,235.0,146.0,467.0,161.0,306.0,401.0,118.0,443.0,333.0,50.0,425.0,617.0,324.0,5.0,561.0,264.0,140.0,708.0,637.0,327.0,34.0,562.0,402.0,76.0,430.0,738.0,420.0,427.0,810.0,514.0,184.0,152.0,707.0,417.0,124.0,260.0,365.0,67.0,549.0,717.0,395.0,77.0,421.0,347.0,48.0,430.0,531.0,201.0,150.0,712.0,541.0,282.0,62.0,314.0,561.0,801.0,477.0,205.0,171.0,661.0,237.0,343.0,381.0,584.0,710.0,419.0,158.0,301.0,451.0,152.0,286.0,433.0,129.0,452.0,658.0,277.0,17.0,569.0,640.0,324.0,30.0,545.0,297.0,14.0,551.0,586.0,296.0,20.0,565.0,277.0,1.0,563.0,341.0,46.0,420.0,356.0,57.0,564.0,318.0,19.0,562.0,255.0
audio_recv_googJitterReceived_3908822517,-1,0.0,12.0,17.0,20.0,17.0,18.0,17.0,20.0,18.0,16.0,18.0,17.0,17.0,16.0,17.0,19.0,16.0,17.0,16.0,18.0,16.0,17.0,17.0,17.0,16.0,16.0,18.0,16.0,18.0,16.0,17.0,19.0,18.0,17.0,17.0,18.0,17.0,17.0,18.0,19.0,21.0,20.0,19.0,17.0,17.0,16.0,17.0,18.0,15.0,17.0,17.0,17.0,17.0,19.0,18.0,20.0,16.0,17.0,17.0,17.0,18.0,17.0,21.0,18.0,15.0,16.0,17.0,17.0,15.0,24.0,25.0,21.0,18.0,18.0,17.0,19.0,18.0,20.0,29.0,32.0,20.0,18.0,16.0,17.0,21.0,18.0,19.0,18.0,17.0,17.0,18.0,19.0,17.0,18.0,17.0,15.0,16.0,16.0,18.0,19.0,16.0,16.0,16.0,16.0,17.0,17.0,17.0,17.0,17.0,17.0,17.0,18.0,17.0,17.0,18.0,18.0,17.0,16.0,16.0
audio_recv_googPreferredJitterBufferMs_3908822517,-1,0.0,260.0,740.0,1200.0,1680.0,1820.0,1800.0,1780.0,1780.0,1780.0,1780.0,1760.0,1760.0,1760.0,1760.0,1760.0,1760.0,1760.0,1760.0,1760.0,1760.0,1740.0,1740.0,1740.0,1740.0,1740.0,1740.0,1740.0,1740.0,1740.0,1740.0,1740.0,1740.0,1740.0,1740.0,1740.0,1740.0,1740.0,1740.0,1740.0,1740.0,1740.0,1720.0,1720.0,1720.0,1720.0,1720.0,1720.0,1720.0,1720.0,1720.0,1720.0,1720.0,1720.0,1720.0,1720.0,1720.0,1720.0,1720.0,1720.0,1720.0,1720.0,1720.0,1720.0,1720.0,1720.0,1720.0,1720.0,1720.0,1720.0,1720.0,1720.0,1720.0,1720.0,1720.0,1720.0,1720.0,1720.0,1720.0,1720.0,1720.0,1720.0,1720.0,1720.0,1720.0,1720.0,1720.0,1720.0,1720.0,1720.0,1720.0,1720.0,1720.0,1720.0,1720.0,1720.0,1720.0,1720.0,1720.0,1720.0,1720.0,1720.0,1720.0,1720.0,1720.0,1720.0,1720.0,1720.0,1720.0,1720.0,1720.0,1720.0,1720.0,1720.0,1720.0,1720.0,1720.0,1720.0,1720.0
video_recv_bitsReceivedPerSecond_3910526127,-1,0.0,66776.0,191800.0,236624.0,271768.0,232200.0,219448.0,216304.0,233552.0,234552.0,217456.0,237984.0,200248.0,213760.0,199688.0,186928.0,217120.0,209688.0,236064.0,231464.0,145680.0,138856.0,62080.0,71800.0,78912.0,85768.0,95088.0,110728.0,123944.0,122040.0,139912.0,138112.0,147736.0,147704.0,156424.0,164192.0,186848.0,208544.0,202984.0,200368.0,161816.0,153192.0,134544.0,121040.0,119768.0,108352.0,107080.0,123184.0,131808.0,146872.0,161880.0,142096.0,121384.0,110248.0,97416.0,107744.0,115632.0,131632.0,143448.0,149856.0,150584.0,177296.0,183184.0,196296.0,209608.0,161816.0,146744.0,135448.0,114984.0,98136.0,91992.0,75608.0,76960.0,87376.0,96104.0,114552.0,127376.0,128160.0,143872.0,129256.0,139120.0,140912.0,166872.0,150464.0,156680.0,171856.0,180064.0,189512.0,193408.0,194496.0,191464.0,193672.0,206728.0,203264.0,174848.0,132280.0,122664.0,127560.0,131360.0,147200.0,156112.0,171632.0,180568.0,204280.0,211496.0,207640.0,203992.0,191112.0,137904.0,123568.0,119496.0,124312.0,129936.0,151464.0,149440.0,132608.0,134176.0,117824.0,118264.0
video_recv_packetsReceivedPerSecond_3910526127,-1,0.0,17.0,33.0,37.0,41.0,38.0,37.0,37.0,36.0,40.0,37.0,39.0,37.0,36.0,36.0,31.0,37.0,38.0,39.0,38.0,26.0,31.0,11.0,28.0,27.0,25.0,24.0,28.0,31.0,27.0,34.0,33.0,30.0,36.0,32.0,30.0,37.0,37.0,34.0,36.0,26.0,27.0,38.0,26.0,31.0,36.0,29.0,36.0,32.0,32.0,32.0,26.0,23.0,29.0,34.0,31.0,30.0,31.0,31.0,32.0,30.0,34.0,36.0,33.0,36.0,28.0,19.0,40.0,29.0,24.0,28.0,34.0,34.0,29.0,32.0,32.0,28.0,30.0,33.0,28.0,32.0,32.0,30.0,38.0,31.0,32.0,34.0,33.0,34.0,35.0,34.0,34.0,37.0,34.0,30.0,23.0,29.0,38.0,33.0,32.0,31.0,31.0,35.0,37.0,36.0,36.0,36.0,35.0,24.0,24.0,35.0,34.0,32.0,31.0,33.0,26.0,26.0,41.0,32.0
video_recv_googCurrentDelayMs_3910526127,-1,0.0,124.0,155.0,137.0,140.0,132.0,125.0,122.0,119.0,114.0,112.0,110.0,105.0,106.0,108.0,110.0,105.0,102.0,101.0,101.0,106.0,112.0,125.0,127.0,129.0,129.0,129.0,128.0,130.0,132.0,131.0,130.0,131.0,134.0,133.0,132.0,133.0,136.0,138.0,139.0,139.0,139.0,139.0,139.0,137.0,137.0,136.0,133.0,133.0,134.0,134.0,134.0,135.0,137.0,136.0,135.0,135.0,136.0,135.0,135.0,137.0,136.0,137.0,136.0,137.0,137.0,155.0,152.0,150.0,151.0,153.0,153.0,153.0,149.0,146.0,145.0,146.0,144.0,145.0,146.0,145.0,143.0,143.0,143.0,142.0,142.0,141.0,140.0,142.0,144.0,142.0,143.0,143.0,143.0,144.0,147.0,149.0,147.0,147.0,145.0,145.0,145.0,142.0,141.0,141.0,139.0,140.0,142.0,142.0,146.0,148.0,145.0,144.0,143.0,142.0,142.0,149.0,148.0,146.0
video_recv_googDecodeMs_3910526127,-1,0.0,1.0,4.0,1.0,1.0,1.0,1.0,1.0,1.0,1.0,1.0,1.0,1.0,1.0,1.0,1.0,1.0,1.0,1.0,1.0,1.0,1.0,1.0,1.0,1.0,1.0,1.0,1.0,1.0,1.0,1.0,1.0,1.0,1.0,1.0,2.0,1.0,1.0,1.0,1.0,1.0,1.0,1.0,1.0,1.0,1.0,1.0,1.0,1.0,1.0,1.0,1.0,1.0,1.0,1.0,1.0,1.0,1.0,1.0,1.0,1.0,1.0,1.0,1.0,1.0,1.0,1.0,1.0,1.0,1.0,5.0,1.0,1.0,1.0,1.0,1.0,5.0,1.0,1.0,0.0,1.0,1.0,1.0,1.0,1.0,1.0,1.0,1.0,1.0,1.0,1.0,1.0,1.0,5.0,1.0,1.0,1.0,1.0,1.0,1.0,2.0,1.0,1.0,1.0,1.0,1.0,1.0,1.0,1.0,1.0,1.0,1.0,2.0,1.0,1.0,1.0,1.0,1.0,1.0
video_recv_googFrameHeightReceived_3910526127,-1,0.0,180.0,180.0,180.0,180.0,180.0,180.0,180.0,180.0,180.0,180.0,180.0,180.0,180.0,180.0,180.0,180.0,180.0,180.0,180.0,180.0,180.0,180.0,180.0,180.0,180.0,180.0,180.0,180.0,180.0,180.0,180.0,180.0,180.0,180.0,180.0,180.0,180.0,180.0,180.0,180.0,180.0,180.0,180.0,180.0,180.0,180.0,180.0,180.0,180.0,180.0,180.0,180.0,180.0,180.0,180.0,180.0,180.0,180.0,180.0,180.0,180.0,180.0,180.0,180.0,180.0,180.0,180.0,180.0,180.0,180.0,180.0,180.0,180.0,180.0,180.0,180.0,180.0,180.0,180.0,180.0,180.0,180.0,180.0,180.0,180.0,180.0,180.0,180.0,180.0,180.0,180.0,180.0,180.0,180.0,180.0,180.0,180.0,180.0,180.0,180.0,180.0,180.0,180.0,180.0,180.0,180.0,180.0,180.0,180.0,180.0,180.0,180.0,180.0,180.0,180.0,180.0,180.0,180.0
video_recv_googFrameRateOutput_3910526127,-1,0.0,12.0,29.0,31.0,31.0,33.0,32.0,32.0,32.0,31.0,33.0,32.0,32.0,31.0,30.0,27.0,32.0,32.0,32.0,30.0,21.0,27.0,9.0,28.0,27.0,23.0,24.0,24.0,29.0,28.0,29.0,31.0,29.0,29.0,32.0,30.0,30.0,31.0,29.0,30.0,26.0,21.0,31.0,31.0,31.0,31.0,32.0,30.0,32.0,30.0,32.0,29.0,20.0,24.0,30.0,30.0,29.0,31.0,32.0,30.0,27.0,31.0,31.0,30.0,29.0,27.0,13.0,28.0,33.0,30.0,20.0,29.0,30.0,30.0,31.0,31.0,33.0,29.0,32.0,29.0,28.0,31.0,29.0,30.0,31.0,30.0,32.0,30.0,28.0,31.0,29.0,31.0,31.0,31.0,28.0,23.0,26.0,32.0,32.0,32.0,32.0,33.0,34.0,32.0,32.0,30.0,30.0,30.0,25.0,21.0,31.0,31.0,32.0,31.0,32.0,30.0,26.0,31.0,32.0
video_recv_googFrameRateReceived_3910526127,-1,0.0,15.0,30.0,29.0,33.0,31.0,32.0,32.0,31.0,32.0,31.0,33.0,32.0,31.0,30.0,27.0,32.0,32.0,32.0,30.0,21.0,26.0,9.0,28.0,27.0,23.0,23.0,28.0,31.0,27.0,34.0,33.0,24.0,34.0,33.0,27.0,31.0,31.0,28.0,31.0,24.0,24.0,36.0,26.0,31.0,37.0,29.0,35.0,33.0,28.0,32.0,27.0,20.0,25.0,31.0,31.0,29.0,31.0,31.0,32.0,27.0,33.0,33.0,27.0,34.0,23.0,12.0,37.0,29.0,23.0,23.0,33.0,33.0,29.0,30.0,31.0,28.0,31.0,31.0,28.0,32.0,30.0,24.0,37.0,32.0,30.0,33.0,29.0,30.0,33.0,31.0,29.0,34.0,30.0,25.0,21.0,30.0,37.0,31.0,30.0,32.0,29.0,35.0,33.0,29.0,32.0,31.0,30.0,21.0,24.0,33.0,33.0,32.0,30.0,32.0,25.0,20.0,38.0,31.0
video_recv_googFrameWidthReceived_3910526127,-1,0.0,320.0,320.0,320.0,320.0,320.0,320.0,320.0,320.0,320.0,320.0,320.0,320.0,320.0,320.0,320.0,320.0,320.0,320.0,320.0,320.0,320.0,320.0,320.0,320.0,320.0,320.0,320.0,320.0,320.0,320.0,320.0,320.0,320.0,320.0,320.0,320.0,320.0,320.0,320.0,320.0,320.0,320.0,320.0,320.0,320.0,320.0,320.0,320.0,320.0,320.0,320.0,320.0,320.0,320.0,320.0,320.0,320.0,320.0,320.0,320.0,320.0,320.0,320.0,320.0,320.0,320.0,320.0,320.0,320.0,320.0,320.0,320.0,320.0,320.0,320.0,320.0,320.0,320.0,320.0,320.0,320.0,320.0,320.0,320.0,320.0,320.0,320.0,320.0,320.0,320.0,320.0,320.0,320.0,320.0,320.0,320.0,320.0,320.0,320.0,320.0,320.0,320.0,320.0,320.0,320.0,320.0,320.0,320.0,320.0,320.0,320.0,320.0,320.0,320.0,320.0,320.0,320.0,320.0
video_recv_googInterframeDelayMax_3910526127,-1,-1.0,223.0,133.0,131.0,134.0,133.0,141.0,133.0,138.0,134.0,134.0,133.0,132.0,135.0,143.0,134.0,132.0,136.0,143.0,133.0,153.0,204.0,234.0,162.0,140.0,158.0,152.0,159.0,142.0,143.0,142.0,142.0,163.0,146.0,139.0,145.0,142.0,143.0,146.0,142.0,142.0,235.0,142.0,144.0,141.0,140.0,140.0,141.0,139.0,142.0,143.0,144.0,169.0,144.0,140.0,144.0,162.0,137.0,144.0,140.0,153.0,144.0,139.0,139.0,141.0,147.0,224.0,147.0,146.0,140.0,180.0,138.0,139.0,141.0,151.0,142.0,136.0,141.0,138.0,141.0,149.0,144.0,139.0,140.0,142.0,160.0,138.0,138.0,141.0,138.0,153.0,139.0,138.0,143.0,141.0,173.0,143.0,137.0,143.0,141.0,138.0,139.0,143.0,137.0,137.0,138.0,146.0,139.0,140.0,159.0,137.0,142.0,141.0,138.0,138.0,140.0,138.0,136.0,137.0
video_recv_googJitterBufferMs_3910526127,-1,0.0,172.0,151.0,125.0,128.0,120.0,113.0,110.0,107.0,102.0,100.0,98.0,93.0,94.0,96.0,98.0,94.0,90.0,89.0,89.0,94.0,100.0,113.0,115.0,117.0,117.0,117.0,117.0,119.0,121.0,120.0,118.0,119.0,122.0,121.0,120.0,121.0,124.0,126.0,127.0,127.0,127.0,127.0,127.0,125.0,125.0,124.0,121.0,121.0,122.0,122.0,122.0,123.0,125.0,124.0,123.0,123.0,124.0,123.0,123.0,125.0,124.0,125.0,124.0,124.0,124.0,142.0,140.0,139.0,139.0,141.0,141.0,141.0,137.0,134.0,133.0,133.0,131.0,132.0,132.0,131.0,130.0,130.0,129.0,129.0,130.0,129.0,128.0,130.0,132.0,130.0,131.0,131.0,131.0,132.0,135.0,137.0,135.0,135.0,133.0,133.0,133.0,129.0,129.0,129.0,127.0,128.0,129.0,129.0,133.0,134.0,131.0,131.0,130.0,129.0,130.0,136.0,136.0,134.0
video_recv_googPlisSent_3910526127,-1,2.0,2.0,2.0,2.0,2.0,2.0,2.0,2.0,2.0,2.0,2.0,2.0,2.0,2.0,2.0,2.0,2.0,2.0,2.0,2.0,2.0,2.0,2.0,2.0,2.0,2.0,2.0,2.0,2.0,2.0,2.0,2.0,2.0,2.0,2.0,2.0,2.0,2.0,2.0,2.0,2.0,2.0,2.0,2.0,2.0,2.0,2.0,2.0,2.0,2.0,2.0,2.0,2.0,2.0,2.0,2.0,2.0,2.0,2.0,2.0,2.0,2.0,2.0,2.0,2.0,2.0,2.0,2.0,2.0,2.0,2.0,2.0,2.0,2.0,2.0,2.0,2.0,2.0,2.0,2.0,2.0,2.0,2.0,2.0,2.0,2.0,2.0,2.0,2.0,2.0,2.0,2.0,2.0,2.0,2.0,2.0,2.0,2.0,2.0,2.0,2.0,2.0,2.0,2.0,2.0,2.0,2.0,2.0,2.0,2.0,2.0,2.0,2.0,2.0,2.0,2.0,2.0,2.0,2.0
audio_send_googRtt_2821074100,-1,-1,28.0,28.0,30.0,29.0,27.0,27.0,28.0,29.0,28.0,27.0,29.0,31.0,28.0,28.0,28.0,27.0,26.0,28.0,27.0,27.0,28.0,27.0,29.0,27.0,27.0,25.0,26.0,26.0,28.0,27.0,27.0,26.0,27.0,28.0,27.0,28.0,27.0,26.0,26.0,26.0,27.0,27.0,27.0,26.0,26.0,26.0,26.0,26.0,26.0,25.0,26.0,26.0,27.0,27.0,27.0,26.0,26.0,27.0,26.0,26.0,26.0,25.0,26.0,26.0,27.0,27.0,27.0,26.0,26.0,26.0,27.0,27.0,27.0,26.0,26.0,26.0,26.0,27.0,27.0,26.0,27.0,27.0,26.0,26.0,27.0,26.0,27.0,27.0,27.0,29.0,28.0,27.0,26.0,28.0,26.0,26.0,26.0,26.0,27.0,26.0,26.0,27.0,28.0,26.0,26.0,26.0,26.0,28.0,27.0,25.0,25.0,26.0,27.0,26.0,26.0,25.0,28.0,27.0
video_send_resolutionChangesInput_489633335,0,0,0,0,0,0,0,0,0,0,0,0,0,0,0,0,0,0,0,0,0,0,0,0,0,0,0,0,0,0,0,0,0,0,0,0,0,0,0,0,0,0,0,0,0,0,0,0,0,0,0,0,0,0,0,0,0,0,0,0,0,0,0,0,0,0,0,0,0,0,0,0,0,0,0,0,0,0,0,0,0,0,0,0,0,0,0,0,0,0,0,0,0,0,0,0,0,0,0,0,0,0,0,0,0,0,0,0,0,0,0,0,0,0,0,0,0,0,0,0
video_send_resolutionChangesSent_489633335,0,0,0,0,0,0,0,0,0,0,0,0,0,0,0,0,0,0,0,0,0,0,0,0,0,0,0,0,0,0,0,0,0,0,0,0,0,0,0,0,0,0,0,0,0,0,0,0,0,0,0,0,0,0,0,0,0,0,0,0,0,0,0,0,0,0,0,0,0,0,0,0,0,0,0,0,0,0,0,0,0,0,0,0,0,0,0,0,0,0,0,0,0,0,0,0,0,0,0,0,0,0,0,0,0,0,0,0,0,0,0,0,0,0,0,0,0,0,0,0
video_recv_resolutionChangesReceived_112423455,1,1,1,1,1,1,1,1,1,1,1,1,1,1,1,1,1,1,1,1,1,1,1,1,1,1,1,1,1,1,1,1,1,1,1,1,1,1,1,1,1,1,1,1,1,1,1,1,1,1,1,1,1,1,1,1,1,1,1,1,1,1,1,1,1,1,1,1,1,1,1,1,1,1,1,1,1,1,1,1,1,1,1,1,1,1,1,1,1,1,1,1,1,1,1,1,1,1,1,1,1,1,1,1,1,1,1,1,1,1,1,1,1,1,1,1,1,1,1,1
video_recv_resolutionChangesReceived_3910526127,0,1,2,2,2,2,2,2,2,2,2,2,2,2,2,2,2,2,2,2,2,2,2,2,2,2,2,2,2,2,2,2,2,2,2,2,2,2,2,2,2,2,2,2,2,2,2,2,2,2,2,2,2,2,2,2,2,2,2,2,2,2,2,2,2,2,2,2,2,2,2,2,2,2,2,2,2,2,2,2,2,2,2,2,2,2,2,2,2,2,2,2,2,2,2,2,2,2,2,2,2,2,2,2,2,2,2,2,2,2,2,2,2,2,2,2,2,2,2,2
1_way_delay_audio_send_489633335_0,-0.5,-0.5,14.0,14.0,15.0,14.5,13.5,13.5,14.0,14.5,14.0,13.5,14.5,15.5,14.0,14.0,14.0,13.5,13.0,14.0,13.5,13.5,14.0,13.5,14.5,13.5,13.5,12.5,13.0,13.0,14.0,13.5,13.5,13.0,13.5,14.0,13.5,14.0,13.5,13.0,13.0,13.0,13.5,13.5,13.5,13.0,13.0,13.0,13.0,13.0,13.0,12.5,13.0,13.0,13.5,13.5,13.5,13.0,13.0,13.5,13.0,13.0,13.0,12.5,13.0,13.0,13.5,13.5,13.5,13.0,13.0,13.0,13.5,13.5,13.5,13.0,13.0,13.0,13.0,13.5,13.5,13.0,13.5,13.5,13.0,13.0,13.5,13.0,13.5,13.5,13.5,14.5,14.0,13.5,13.0,14.0,13.0,13.0,13.0,13.0,13.5,13.0,13.0,13.5,14.0,13.0,13.0,13.0,13.0,14.0,13.5,12.5,12.5,13.0,13.5,13.0,13.0,12.5,14.0,13.5
1_way_delay_video_send_489633335_0,0.0,0.0,13.5,13.5,13.5,13.5,13.5,13.0,13.0,13.0,13.0,13.0,13.0,13.0,13.0,13.0,13.0,13.0,13.0,13.0,13.0,13.0,13.0,13.0,13.0,13.0,13.0,13.0,13.0,13.0,13.0,13.0,13.0,13.0,13.0,13.0,13.0,13.0,13.0,13.0,13.0,13.0,13.0,13.0,13.0,13.0,13.0,13.0,13.0,13.0,13.0,13.0,13.0,13.0,13.0,13.0,13.0,13.0,13.0,13.0,13.0,13.0,13.0,13.0,13.0,12.5,12.5,12.5,12.5,12.5,12.5,12.5,12.5,12.5,12.5,12.5,12.5,12.5,12.5,12.5,12.5,12.5,12.5,12.5,12.5,12.5,12.5,12.5,12.5,12.5,12.5,12.5,12.5,12.5,12.5,12.5,13.0,13.0,13.0,13.0,13.0,13.0,13.0,13.0,13.0,13.0,13.0,13.0,13.0,13.0,13.0,13.0,13.0,13.0,12.5,12.5,12.5,12.5,12.5,12.5
ear_ear_delay_audio_send_489633335_0,-1.5,-1.5,477.0,664.0,463.0,644.5,673.5,803.5,965.0,1110.5,1119.0,1251.5,1503.5,1594.5,1499.0,1678.0,1838.0,1665.5,1834.0,2051.0,2038.5,2081.5,2277.0,2345.5,2517.5,2515.5,2655.5,2862.5,2913.0,2946.0,3122.0,3291.5,3453.5,3562.0,3682.5,3738.0,3323.5,2820.0,2444.5,1769.0,1746.0,2160.0,2123.5,2226.5,2305.5,2294.0,1828.0,1231.0,680.0,263.0,37.0,56.5,123.0,134.0,443.5,638.5,359.5,43.0,23.0,133.5,53.0,53.0,45.0,96.5,53.0,28.0,35.5,45.5,97.5,83.0,113.0,43.0,43.5,63.5,43.5,53.0,45.0,53.0,35.0,35.5,53.5,83.0,63.5,43.5,45.0,45.0,55.5,55.0,43.5,83.5,45.5,64.5,74.0,103.5,93.0,64.0,73.0,63.0,63.0,83.0,53.5,33.0,103.0,93.5,44.0,53.0,83.0,83.0,103.0,74.0,93.5,102.5,72.5,63.0,73.5,43.0,93.0,42.5,64.0,143.5
audio_packet_loss_percentage_send_489633335_0,0.0,0.0,0.0,0.0,0.0,0.0,0.0,0.0,0.0,0.0,0.0,0.0,0.0,0.0,0.0,0.0,0.0,0.0,0.0,0.0,0.0,0.0,0.0,0.0,0.0,0.0,0.0,0.0,0.0,0.0,0.0,0.0,0.0,0.0,0.0,0.0,0.0,0.0,0.0,0.0,0.0,0.0,0.0,0.0,0.0,0.0,0.0,0.0,0.0,0.0,0.0,0.0,0.0,0.0,0.0,0.0,0.0,0.0,0.0,0.0,0.0,0.0,0.0,0.0,0.0,0.0,0.0,0.0,0.0,0.0,0.0,0.0,0.0,0.0,0.0,0.0,0.0,0.0,0.0,0.0,0.0,0.0,0.0,0.0,0.0,0.0,0.0,0.0,0.0,0.0,0.0,0.0,0.0,0.0,0.0,0.0,0.0,0.0,0.0,0.0,0.0,0.0,0.0,0.0,0.0,0.0,0.0,0.0,0.0,0.0,0.0,0.0,0.0,0.0,0.0,0.0,0.0,0.0,0.0
e_model_audio_send_489633335_0,49.785000000000004,24.727000000000004,51.661,27.340000000000003,23.453999999999994,6.034000000000006,0,0,0,0,0,0,0,0,0,0,0,0,0,0,0,0,0,0,0,0,0,0,0,0,0,0,0,0,0,0,0,0,0,0,0,0,0,0,0,0,22.583000000000013,78.461,93.312,92.84400000000001,91.248,90.98400000000001,54.274,28.144000000000005,65.53,93.168,93.648,90.99600000000001,92.928,92.928,93.12,91.884,92.928,93.528,93.348,93.108,91.86,92.208,91.488,93.168,93.156,92.676,93.156,92.928,93.12,92.928,93.36,93.348,92.916,92.208,92.676,93.156,93.12,93.12,92.86800000000001,92.88000000000001,93.156,92.196,93.108,92.652,92.424,91.71600000000001,91.968,92.664,92.44800000000001,92.688,92.688,92.208,92.916,93.408,91.72800000000001,91.956,93.144,92.928,92.208,92.208,91.72800000000001,92.424,91.956,91.74000000000001,92.46000000000001,92.688,92.436,93.168,91.968,93.18,92.664
kpi_audio_synchronization_489633335_0,2.5637158053186253,1.4058756121799192,2.6623635464955333,1.5027407916720001,1.3616102348553518,0.997002404788872,1.0,1.0,1.0,1.0,1.0,1.0,1.0,1.0,1.0,1.0,1.0,1.0,1.0,1.0,1.0,1.0,1.0,1.0,1.0,1.0,1.0,1.0,1.0,1.0,1.0,1.0,1.0,1.0,1.0,1.0,1.0,1.0,1.0,1.0,1.0,1.0,1.0,1.0,1.0,1.0,1.3324898878749916,3.964524944316733,4.4114432918487045,4.4022889586869125,4.368363115565057,4.362355773532673,2.800117180940232,1.534079874650112,3.380988887361,4.408665544216576,4.4177890832834565,4.362631231344448,4.403958932340736,4.403958932340736,4.4077319127039996,4.3823781086542715,4.403958932340736,4.415544590542337,4.412132293358656,4.407497903070015,4.381861064008,4.389266694639616,4.373728046596097,4.408665544216576,4.408432497537088,4.398913909077568,4.408432497537088,4.403958932340736,4.4077319127039996,4.403958932340736,4.412361476608,4.412132293358656,4.403721082500928,4.389266694639616,4.398913909077568,4.408432497537088,4.4077319127039996,4.4077319127039996,4.402767289907777,4.403006096896001,4.408432497537088,4.389014609501248,4.407497903070015,4.398427947377344,4.393763952312832,4.378739243672128,4.384180416741376,4.3986710471633925,4.394258926944256,4.399156533047297,4.399156533047297,4.389266694639616,4.403721082500928,4.413275788066816,4.379000673857536,4.383923644564288,4.408199210010112,4.403958932340736,4.389266694639616,4.389266694639616,4.379000673857536,4.393763952312832,4.383923644564288,4.379261871832,4.394506059448,4.399156533047297,4.394011557875008,4.408665544216576,4.384180416741376,4.408898349976,4.3986710471633925
eye_eye_delay_video_send_489633335_0,-1.0,-1.0,47.5,57.5,65.5,72.5,74.5,76.0,79.0,80.0,80.0,80.0,79.0,79.0,81.0,80.0,79.0,80.0,80.0,81.0,81.0,82.0,81.0,82.0,83.0,84.0,83.0,83.0,82.0,83.0,83.0,84.0,84.0,85.0,84.0,84.0,86.0,87.0,86.0,87.0,86.0,87.0,86.0,87.0,86.0,86.0,85.0,86.0,85.0,85.0,85.0,85.0,86.0,86.0,85.0,85.0,86.0,86.0,85.0,86.0,86.0,86.0,85.0,85.0,85.0,84.5,83.5,84.5,83.5,84.5,83.5,83.5,82.5,83.5,83.5,83.5,82.5,83.5,82.5,83.5,83.5,84.5,84.5,85.5,84.5,84.5,83.5,84.5,84.5,85.5,84.5,85.5,85.5,86.5,86.5,86.5,86.0,86.0,85.0,86.0,85.0,86.0,85.0,86.0,84.0,85.0,83.0,84.0,84.0,84.0,84.0,85.0,84.0,85.0,83.5,83.5,82.5,83.5,83.5,83.5
kpi_video_synchronization_489633335_0,5,5,5,5,5,5,5,5,5,5,5,5,5,5,5,5,5,5,5,5,5,5,5,5,5,5,5,5,5,5,5,5,5,5,5,5,5,5,5,5,5,5,5,5,5,5,5,5,5,5,5,5,5,5,5,5,5,5,5,5,5,5,5,5,5,5,5,5,5,5,5,5,5,5,5,5,5,5,5,5,5,5,5,5,5,5,5,5,5,5,5,5,5,5,5,5,5,5,5,5,5,5,5,5,5,5,5,5,5,5,5,5,5,5,5,5,5,5,5,5
av_delay_send_489633335_0,-0.5,-0.5,429.5,606.5,397.5,572.0,599.0,727.5,886.0,1030.5,1039.0,1171.5,1424.5,1515.5,1418.0,1598.0,1759.0,1585.5,1754.0,1970.0,1957.5,1999.5,2196.0,2263.5,2434.5,2431.5,2572.5,2779.5,2831.0,2863.0,3039.0,3207.5,3369.5,3477.0,3598.5,3654.0,3237.5,2733.0,2358.5,1682.0,1660.0,2073.0,2037.5,2139.5,2219.5,2208.0,1743.0,1145.0,595.0,178.0,-48.0,-28.5,37.0,48.0,358.5,553.5,273.5,-43.0,-62.0,47.5,-33.0,-33.0,-40.0,11.5,-32.0,-56.5,-48.0,-39.0,14.0,-1.5,29.5,-40.5,-39.0,-20.0,-40.0,-30.5,-37.5,-30.5,-47.5,-48.0,-30.0,-1.5,-21.0,-42.0,-39.5,-39.5,-28.0,-29.5,-41.0,-2.0,-39.0,-21.0,-11.5,17.0,6.5,-22.5,-13.0,-23.0,-22.0,-3.0,-31.5,-53.0,18.0,7.5,-40.0,-32.0,0.0,-1.0,19.0,-10.0,9.5,17.5,-11.5,-22.0,-10.0,-40.5,10.5,-41.0,-19.5,60.0
kpi_av_synchronization_489633335_0,5,5,1,1,1,1,1,1,1,1,1,1,1,1,1,1,1,1,1,1,1,1,1,1,1,1,1,1,1,1,1,1,1,1,1,1,1,1,1,1,1,1,1,1,1,1,1,1,1,1,5,5,5,4.76,1,1,1,5,5,4.8,5,5,5,5,5,5,5,5,5,5,5,5,5,5,5,5,5,5,5,5,5,5,5,5,5,5,5,5,5,5,5,5,5,5,5,5,5,5,5,5,5,5,5,5,5,5,5,5,5,5,5,5,5,5,5,5,5,5,5,3.8
1_way_delay_audio_send_489633335_1,-0.5,-0.5,14.0,14.0,15.0,14.5,13.5,13.5,14.0,14.5,14.0,13.5,14.5,15.5,14.0,14.0,14.0,13.5,13.0,14.0,13.5,13.5,14.0,13.5,14.5,13.5,13.5,12.5,13.0,13.0,14.0,13.5,13.5,13.0,13.5,14.0,13.5,14.0,13.5,13.0,13.0,13.0,13.5,13.5,13.5,13.0,13.0,13.0,13.0,13.0,13.0,12.5,13.0,13.0,13.5,13.5,13.5,13.0,13.0,13.5,13.0,13.0,13.0,12.5,13.0,13.0,13.5,13.5,13.5,13.0,13.0,13.0,13.5,13.5,13.5,13.0,13.0,13.0,13.0,13.5,13.5,13.0,13.5,13.5,13.0,13.0,13.5,13.0,13.5,13.5,13.5,14.5,14.0,13.5,13.0,14.0,13.0,13.0,13.0,13.0,13.5,13.0,13.0,13.5,14.0,13.0,13.0,13.0,13.0,14.0,13.5,12.5,12.5,13.0,13.5,13.0,13.0,12.5,14.0,13.5
1_way_delay_video_send_489633335_1,0.0,0.0,13.5,13.5,13.5,13.5,13.5,13.0,13.0,13.0,13.0,13.0,13.0,13.0,13.0,13.0,13.0,13.0,13.0,13.0,13.0,13.0,13.0,13.0,13.0,13.0,13.0,13.0,13.0,13.0,13.0,13.0,13.0,13.0,13.0,13.0,13.0,13.0,13.0,13.0,13.0,13.0,13.0,13.0,13.0,13.0,13.0,13.0,13.0,13.0,13.0,13.0,13.0,13.0,13.0,13.0,13.0,13.0,13.0,13.0,13.0,13.0,13.0,13.0,13.0,12.5,12.5,12.5,12.5,12.5,12.5,12.5,12.5,12.5,12.5,12.5,12.5,12.5,12.5,12.5,12.5,12.5,12.5,12.5,12.5,12.5,12.5,12.5,12.5,12.5,12.5,12.5,12.5,12.5,12.5,12.5,13.0,13.0,13.0,13.0,13.0,13.0,13.0,13.0,13.0,13.0,13.0,13.0,13.0,13.0,13.0,13.0,13.0,13.0,12.5,12.5,12.5,12.5,12.5,12.5
ear_ear_delay_audio_send_489633335_1,9.5,11.5,44.0,26.0,48.0,57.5,43.5,43.5,44.0,44.5,54.0,53.5,26.5,27.5,36.0,36.0,34.0,25.5,39.0,34.0,43.5,43.5,34.0,41.5,42.5,25.5,47.5,46.5,37.0,54.0,55.0,54.5,25.5,35.0,35.5,39.0,56.5,26.0,25.5,25.0,35.0,43.0,33.5,33.5,44.5,23.0,26.0,36.0,54.0,53.0,54.0,13.5,54.0,43.0,53.5,53.5,16.5,36.0,56.0,35.5,36.0,35.0,17.0,14.5,25.0,35.0,35.5,17.5,25.5,35.0,35.0,35.0,21.5,35.5,33.5,35.0,36.0,15.0,37.0,15.5,55.5,43.0,35.5,15.5,35.0,35.0,15.5,35.0,15.5,56.5,15.5,36.5,34.0,35.5,15.0,44.0,35.0,15.0,15.0,35.0,15.5,35.0,35.0,35.5,36.0,35.0,36.0,34.0,35.0,56.0,15.5,24.5,34.5,35.0,57.5,35.0,35.0,34.5,55.0,35.5
audio_packet_loss_percentage_send_489633335_1,0.0,0.0,0.0,0.0,0.0,0.0,0.0,0.0,0.0,0.0,0.0,0.0,0.0,0.0,0.0,0.0,0.0,0.0,0.0,0.0,0.0,0.0,0.0,0.0,0.0,0.0,0.0,0.0,0.0,0.0,0.0,0.0,0.0,0.0,0.0,0.0,0.0,0.0,0.0,0.0,0.0,0.0,0.0,0.0,0.0,0.0,0.0,0.0,0.0,0.0,0.0,0.0,0.0,0.0,0.0,0.0,0.0,0.0,0.0,0.0,0.0,0.0,0.0,0.0,0.0,0.0,0.0,0.0,0.0,0.0,0.0,0.0,0.0,0.0,0.0,0.0,0.0,0.0,0.0,0.0,0.0,0.0,0.0,0.0,0.0,0.0,0.0,0.0,0.0,0.0,0.0,0.0,0.0,0.0,0.0,0.0,0.0,0.0,0.0,0.0,0.0,0.0,0.0,0.0,0.0,0.0,0.0,0.0,0.0,0.0,0.0,0.0,0.0,0.0,0.0,0.0,0.0,0.0,0.0
e_model_audio_send_489633335_1,93.97200000000001,93.924,93.144,93.57600000000001,93.048,92.82000000000001,93.156,93.156,93.144,93.132,92.904,92.916,93.56400000000001,93.54,93.336,93.336,93.384,93.58800000000001,93.264,93.384,93.156,93.156,93.384,93.20400000000001,93.18,93.58800000000001,93.06,93.084,93.312,92.904,92.88000000000001,92.892,93.58800000000001,93.36,93.348,93.264,92.84400000000001,93.57600000000001,93.58800000000001,93.60000000000001,93.36,93.168,93.396,93.396,93.132,93.648,93.57600000000001,93.336,92.904,92.928,92.904,93.876,92.904,93.168,92.916,92.916,93.804,93.336,92.85600000000001,93.348,93.336,93.36,93.792,93.852,93.60000000000001,93.36,93.348,93.78,93.58800000000001,93.36,93.36,93.36,93.684,93.348,93.396,93.36,93.336,93.84,93.312,93.828,92.86800000000001,93.168,93.348,93.828,93.36,93.36,93.828,93.36,93.828,92.84400000000001,93.828,93.324,93.384,93.348,93.84,93.144,93.36,93.84,93.84,93.36,93.828,93.36,93.36,93.348,93.336,93.36,93.336,93.384,93.36,92.85600000000001,93.828,93.61200000000001,93.372,93.36,92.82000000000001,93.36,93.36,93.372,92.88000000000001
kpi_audio_synchronization_489633335_1,4.423727218617665,4.422858766368832,4.408199210010112,4.416445308871168,4.406324247993856,4.401809671624,4.408432497537088,4.408432497537088,4.408199210010112,4.407965681708224,4.403482993265152,4.403721082500928,4.416220494188992,4.415770134952001,4.411902868100608,4.411902868100608,4.412819116790272,4.4166698801656965,4.410521238433792,4.412819116790272,4.408432497537088,4.408432497537088,4.412819116790272,4.409363238444352,4.408898349976,4.4166698801656965,4.406559459688,4.407029162203073,4.4114432918487045,4.403482993265152,4.403006096896001,4.403244664705984,4.4166698801656965,4.412361476608,4.412132293358656,4.410521238433792,4.4022889586869125,4.416445308871168,4.4166698801656965,4.416894208,4.412361476608,4.408665544216576,4.413047573578048,4.413047573578048,4.407965681708224,4.4177890832834565,4.416445308871168,4.411902868100608,4.403482993265152,4.403958932340736,4.403482993265152,4.421986386242368,4.403482993265152,4.408665544216576,4.403721082500928,4.403721082500928,4.420670461442753,4.411902868100608,4.402528243813888,4.412132293358656,4.411902868100608,4.412361476608,4.420450283536384,4.421548724676544,4.416894208,4.412361476608,4.412132293358656,4.420229860936,4.4166698801656965,4.412361476608,4.412361476608,4.412361476608,4.418457679857473,4.412132293358656,4.413047573578048,4.412361476608,4.411902868100608,4.421329526272,4.4114432918487045,4.4211100828831364,4.402767289907777,4.408665544216576,4.412132293358656,4.4211100828831364,4.412361476608,4.412361476608,4.4211100828831364,4.412361476608,4.4211100828831364,4.4022889586869125,4.4211100828831364,4.4116732009064314,4.412819116790272,4.412132293358656,4.421329526272,4.408199210010112,4.412361476608,4.421329526272,4.421329526272,4.412361476608,4.4211100828831364,4.412361476608,4.412361476608,4.412132293358656,4.411902868100608,4.412361476608,4.411902868100608,4.412819116790272,4.412361476608,4.402528243813888,4.4211100828831364,4.417118292301504,4.412590417776064,4.412361476608,4.401809671624,4.412361476608,4.412361476608,4.412590417776064,4.403006096896001
eye_eye_delay_video_send_489633335_1,11.0,13.0,31.5,30.5,30.5,30.5,29.5,29.0,29.0,28.0,27.0,27.0,27.0,28.0,27.0,27.0,27.0,27.0,27.0,27.0,27.0,27.0,27.0,27.0,27.0,27.0,27.0,27.0,27.0,27.0,27.0,26.0,26.0,26.0,27.0,27.0,27.0,27.0,27.0,26.0,26.0,26.0,27.0,27.0,27.0,27.0,27.0,27.0,27.0,27.0,27.0,27.0,28.0,28.0,28.0,27.0,28.0,27.0,27.0,27.0,27.0,27.0,27.0,27.0,27.0,26.5,26.5,26.5,26.5,26.5,26.5,26.5,26.5,26.5,26.5,26.5,26.5,26.5,26.5,26.5,26.5,26.5,26.5,26.5,26.5,26.5,26.5,26.5,26.5,26.5,26.5,26.5,26.5,26.5,26.5,26.5,27.0,27.0,27.0,27.0,27.0,27.0,29.0,29.0,29.0,29.0,29.0,29.0,29.0,29.0,29.0,29.0,28.0,28.0,28.5,28.5,28.5,27.5,27.5,27.5
kpi_video_synchronization_489633335_1,5,5,5,5,5,5,5,5,5,5,5,5,5,5,5,5,5,5,5,5,5,5,5,5,5,5,5,5,5,5,5,5,5,5,5,5,5,5,5,5,5,5,5,5,5,5,5,5,5,5,5,5,5,5,5,5,5,5,5,5,5,5,5,5,5,5,5,5,5,5,5,5,5,5,5,5,5,5,5,5,5,5,5,5,5,5,5,5,5,5,5,5,5,5,5,5,5,5,5,5,5,5,5,5,5,5,5,5,5,5,5,5,5,5,5,5,5,5,5,5
av_delay_send_489633335_1,-1.5,-1.5,12.5,-4.5,17.5,27.0,14.0,14.5,15.0,16.5,27.0,26.5,-0.5,-0.5,9.0,9.0,7.0,-1.5,12.0,7.0,16.5,16.5,7.0,14.5,15.5,-1.5,20.5,19.5,10.0,27.0,28.0,28.5,-0.5,9.0,8.5,12.0,29.5,-1.0,-1.5,-1.0,9.0,17.0,6.5,6.5,17.5,-4.0,-1.0,9.0,27.0,26.0,27.0,-13.5,26.0,15.0,25.5,26.5,-11.5,9.0,29.0,8.5,9.0,8.0,-10.0,-12.5,-2.0,8.5,9.0,-9.0,-1.0,8.5,8.5,8.5,-5.0,9.0,7.0,8.5,9.5,-11.5,10.5,-11.0,29.0,16.5,9.0,-11.0,8.5,8.5,-11.0,8.5,-11.0,30.0,-11.0,10.0,7.5,9.0,-11.5,17.5,8.0,-12.0,-12.0,8.0,-11.5,8.0,6.0,6.5,7.0,6.0,7.0,5.0,6.0,27.0,-13.5,-4.5,6.5,7.0,29.0,6.5,6.5,7.0,27.5,8.0
kpi_av_synchronization_489633335_1,5,5,5,5,5,5,5,5,5,5,5,5,5,5,5,5,5,5,5,5,5,5,5,5,5,5,5,5,5,5,5,5,5,5,5,5,5,5,5,5,5,5,5,5,5,5,5,5,5,5,5,5,5,5,5,5,5,5,5,5,5,5,5,5,5,5,5,5,5,5,5,5,5,5,5,5,5,5,5,5,5,5,5,5,5,5,5,5,5,5,5,5,5,5,5,5,5,5,5,5,5,5,5,5,5,5,5,5,5,5,5,5,5,5,5,5,5,5,5,5
audio_recv_kbitsReceivedPerSecond_3035497888,0,23,6,4,1,4,5,8,8,8,9,8,7,8,7,8,7,8,8,7,8,11,10,5,7,8,10,11,10,8,8,11,7,7,8,8,16,12,9,8,10,11,8,8,11,9,6,7,9,9,10,9,11,11,9,7,9,8,10,7,8,6,6,6,7,6,6,6,6,7,11,6,9,12,8,7,8,7,7,9,7,13,13,10,7,7,7,6,24,41,42,9,7,11,7,6,8,8,7,7,6,6,10,10,10,10,10,12,12,12,14,13,15,15,26,42,24,9,10,16
kpi_q_audio_3035497888,1,3,1,1,1,1,1,1,1,1,1,1,1,1,1,1,1,1,1,1,1,2,2,1,1,1,2,2,2,1,1,2,1,1,1,1,3,2,2,1,2,2,1,1,2,1,1,1,1,1,2,1,2,2,1,1,1,1,2,1,1,1,1,1,1,1,1,1,1,1,2,1,2,2,1,1,1,1,1,1,1,2,2,2,1,1,1,1,4,5,5,1,1,2,1,1,1,1,1,1,1,1,2,2,2,2,2,2,2,2,2,2,2,2,4,5,4,1,2,3
video_recv_kbitsReceivedPerSecond_112423455,0,223,276,223,234,246,196,223,208,196,224,202,199,209,207,224,188,228,203,196,226,203,201,208,210,224,188,225,204,198,224,203,203,206,210,223,195,228,200,200,222,205,202,206,213,220,192,225,203,199,221,208,233,185,208,216,197,226,198,201,221,207,200,206,213,215,201,224,200,203,219,209,200,204,214,216,200,230,195,204,219,206,203,203,217,212,204,223,200,203,216,208,202,202,218,213,207,226,198,200,213,210,231,188,205,212,209,218,203,201,211,211,207,199,216,210,209,229,198,201
kpi_resolution_stability_112423455,4.303535113616246,4.303535113616246,4.303535113616246,4.303535113616246,4.303535113616246,4.303535113616246,4.303535113616246,4.303535113616246,4.303535113616246,4.303535113616246,4.303535113616246,4.303535113616246,4.303535113616246,4.303535113616246,4.303535113616246,4.303535113616246,4.303535113616246,4.303535113616246,4.303535113616246,4.303535113616246,4.303535113616246,4.303535113616246,4.303535113616246,4.303535113616246,4.303535113616246,4.303535113616246,4.303535113616246,4.303535113616246,4.303535113616246,4.303535113616246,4.303535113616246,4.303535113616246,4.303535113616246,4.303535113616246,4.303535113616246,4.303535113616246,4.303535113616246,4.303535113616246,4.303535113616246,4.303535113616246,4.303535113616246,4.303535113616246,4.303535113616246,4.303535113616246,4.303535113616246,4.303535113616246,4.303535113616246,4.303535113616246,4.303535113616246,4.303535113616246,4.303535113616246,4.303535113616246,4.303535113616246,4.303535113616246,4.303535113616246,4.303535113616246,4.303535113616246,4.303535113616246,4.303535113616246,4.303535113616246,4.303535113616246,4.303535113616246,4.303535113616246,4.303535113616246,4.303535113616246,4.303535113616246,4.303535113616246,4.303535113616246,4.303535113616246,4.303535113616246,4.303535113616246,4.303535113616246,4.303535113616246,4.303535113616246,4.303535113616246,4.303535113616246,4.303535113616246,4.303535113616246,4.303535113616246,4.303535113616246,4.303535113616246,4.303535113616246,4.303535113616246,4.303535113616246,4.303535113616246,4.303535113616246,4.303535113616246,4.303535113616246,4.303535113616246,4.303535113616246,4.303535113616246,4.303535113616246,4.303535113616246,4.303535113616246,4.303535113616246,4.303535113616246,4.303535113616246,4.303535113616246,4.303535113616246,4.303535113616246,4.303535113616246,4.303535113616246,4.303535113616246,4.303535113616246,4.303535113616246,4.303535113616246,4.303535113616246,4.303535113616246,4.303535113616246,4.303535113616246,4.303535113616246,4.303535113616246,4.303535113616246,4.303535113616246,4.303535113616246,4.303535113616246,4.303535113616246,4.303535113616246,4.303535113616246,4.303535113616246
max_resolution_percentage_112423455,100.0,100.0,100.0,100.0,100.0,100.0,100.0,100.0,100.0,100.0,100.0,100.0,100.0,100.0,100.0,100.0,100.0,100.0,100.0,100.0,100.0,100.0,100.0,100.0,100.0,100.0,100.0,100.0,100.0,100.0,100.0,100.0,100.0,100.0,100.0,100.0,100.0,100.0,100.0,100.0,100.0,100.0,100.0,100.0,100.0,100.0,100.0,100.0,100.0,100.0,100.0,100.0,100.0,100.0,100.0,100.0,100.0,100.0,100.0,100.0,100.0,100.0,100.0,100.0,100.0,100.0,100.0,100.0,100.0,100.0,100.0,100.0,100.0,100.0,100.0,100.0,100.0,100.0,100.0,100.0,100.0,100.0,100.0,100.0,100.0,100.0,100.0,100.0,100.0,100.0,100.0,100.0,100.0,100.0,100.0,100.0,100.0,100.0,100.0,100.0,100.0,100.0,100.0,100.0,100.0,100.0,100.0,100.0,100.0,100.0,100.0,100.0,100.0,100.0,100.0,100.0,100.0,100.0,100.0,100.0
kpi_resolution_stability_norm_112423455,kpi_resolution_stability_112423455,4.303535113616246,4.303535113616246,4.303535113616246,4.303535113616246,4.303535113616246,4.303535113616246,4.303535113616246,4.303535113616246,4.303535113616246,4.303535113616246,4.303535113616246,4.303535113616246,4.303535113616246,4.303535113616246,4.303535113616246,4.303535113616246,4.303535113616246,4.303535113616246,4.303535113616246,4.303535113616246,4.303535113616246,4.303535113616246,4.303535113616246,4.303535113616246,4.303535113616246,4.303535113616246,4.303535113616246,4.303535113616246,4.303535113616246,4.303535113616246,4.303535113616246,4.303535113616246,4.303535113616246,4.303535113616246,4.303535113616246,4.303535113616246,4.303535113616246,4.303535113616246,4.303535113616246,4.303535113616246,4.303535113616246,4.303535113616246,4.303535113616246,4.303535113616246,4.303535113616246,4.303535113616246,4.303535113616246,4.303535113616246,4.303535113616246,4.303535113616246,4.303535113616246,4.303535113616246,4.303535113616246,4.303535113616246,4.303535113616246,4.303535113616246,4.303535113616246,4.303535113616246,4.303535113616246,4.303535113616246,4.303535113616246,4.303535113616246,4.303535113616246,4.303535113616246,4.303535113616246,4.303535113616246,4.303535113616246,4.303535113616246,4.303535113616246,4.303535113616246,4.303535113616246,4.303535113616246,4.303535113616246,4.303535113616246,4.303535113616246,4.303535113616246,4.303535113616246,4.303535113616246,4.303535113616246,4.303535113616246,4.303535113616246,4.303535113616246,4.303535113616246,4.303535113616246,4.303535113616246,4.303535113616246,4.303535113616246,4.303535113616246,4.303535113616246,4.303535113616246,4.303535113616246,4.303535113616246,4.303535113616246,4.303535113616246,4.303535113616246,4.303535113616246,4.303535113616246,4.303535113616246,4.303535113616246,4.303535113616246,4.303535113616246,4.303535113616246,4.303535113616246,4.303535113616246,4.303535113616246,4.303535113616246,4.303535113616246,4.303535113616246,4.303535113616246,4.303535113616246,4.303535113616246,4.303535113616246,4.303535113616246,4.303535113616246,4.303535113616246,4.303535113616246,4.303535113616246,4.303535113616246,4.303535113616246,4.303535113616246
max_resolution_percentage_norm_112423455,max_resolution_percentage_112423455,100.0,100.0,100.0,100.0,100.0,100.0,100.0,100.0,100.0,100.0,100.0,100.0,100.0,100.0,100.0,100.0,100.0,100.0,100.0,100.0,100.0,100.0,100.0,100.0,100.0,100.0,100.0,100.0,100.0,100.0,100.0,100.0,100.0,100.0,100.0,100.0,100.0,100.0,100.0,100.0,100.0,100.0,100.0,100.0,100.0,100.0,100.0,100.0,100.0,100.0,100.0,100.0,100.0,100.0,100.0,100.0,100.0,100.0,100.0,100.0,100.0,100.0,100.0,100.0,100.0,100.0,100.0,100.0,100.0,100.0,100.0,100.0,100.0,100.0,100.0,100.0,100.0,100.0,100.0,100.0,100.0,100.0,100.0,100.0,100.0,100.0,100.0,100.0,100.0,100.0,100.0,100.0,100.0,100.0,100.0,100.0,100.0,100.0,100.0,100.0,100.0,100.0,100.0,100.0,100.0,100.0,100.0,100.0,100.0,100.0,100.0,100.0,100.0,100.0,100.0,100.0,100.0,100.0,100.0,100.0
kpi_fps_stability_112423455,5,5,5,5,5,5,5,5,5,5,5,5,5,5,5,5,5,5,5,5,5,5,5,5,5,5,5,5,5,5,5,5,5,5,5,5,5,5,5,5,5,5,5,5,5,5,5,5,5,5,5,5,5,5,5,5,5,5,5,5,5,5,5,5,5,5,5,5,5,5,5,5,5,5,5,5,5,5,5,5,5,5,5,5,5,5,5,5,5,5,5,5,5,5,5,5,5,5,5,5,5,5,5,5,5,5,5,5,5,5,5,5,5,5,5,5,5,5,5,5
kpi_q_video_112423455,1.9,2.15,1.9,1.95,2.0,1.7428571428571429,1.9,1.8,1.7428571428571429,1.9,1.8,1.7428571428571429,1.8,1.8,1.9,1.6857142857142855,1.9,1.8,1.7428571428571429,1.9,1.8,1.8,1.8,1.8499999999999999,1.9,1.6857142857142855,1.9,1.8,1.7428571428571429,1.9,1.8,1.8,1.8,1.8499999999999999,1.9,1.7428571428571429,1.9,1.8,1.8,1.9,1.8,1.8,1.8,1.8499999999999999,1.8499999999999999,1.7428571428571429,1.9,1.8,1.7428571428571429,1.9,1.8,1.95,1.6857142857142855,1.8,1.8499999999999999,1.7428571428571429,1.9,1.7428571428571429,1.8,1.9,1.8,1.8,1.8,1.8499999999999999,1.8499999999999999,1.8,1.9,1.8,1.8,1.8499999999999999,1.8,1.8,1.8,1.8499999999999999,1.8499999999999999,1.8,1.9,1.7428571428571429,1.8,1.8499999999999999,1.8,1.8,1.8,1.8499999999999999,1.8499999999999999,1.8,1.9,1.8,1.8,1.8499999999999999,1.8,1.8,1.8,1.8499999999999999,1.8499999999999999,1.8,1.9,1.7428571428571429,1.8,1.8499999999999999,1.8499999999999999,1.95,1.6857142857142855,1.8,1.8499999999999999,1.8,1.8499999999999999,1.8,1.8,1.8499999999999999,1.8499999999999999,1.8,1.7428571428571429,1.8499999999999999,1.8499999999999999,1.8,1.9,1.7428571428571429,1.8
audio_recv_kbitsReceivedPerSecond_3908822517,0,0,14,20,19,19,20,20,19,20,20,19,20,20,21,20,20,21,21,20,20,20,21,20,22,20,20,21,20,20,20,20,21,20,21,20,21,20,20,21,20,20,21,21,19,20,21,20,19,21,20,21,21,20,21,20,20,22,20,21,21,21,21,21,21,21,21,21,21,21,13,10,17,23,20,21,20,21,16,8,10,18,23,23,20,20,20,20,21,21,20,21,22,23,23,23,23,23,23,23,24,23,22,23,23,23,23,22,23,23,23,24,23,21,20,20,22,23,24,22
kpi_q_audio_3908822517,1,1,2,3,3,3,3,3,3,3,3,3,3,3,3,3,3,3,3,3,3,3,3,3,3,3,3,3,3,3,3,3,3,3,3,3,3,3,3,3,3,3,3,3,3,3,3,3,3,3,3,3,3,3,3,3,3,3,3,3,3,3,3,3,3,3,3,3,3,3,2,2,3,3,3,3,3,3,3,1,2,3,3,3,3,3,3,3,3,3,3,3,3,3,3,3,3,3,3,3,4,3,3,3,3,3,3,3,3,3,3,4,3,3,3,3,3,3,4,3
video_recv_kbitsReceivedPerSecond_3910526127,0,0,65,187,231,265,226,214,211,228,229,212,232,195,208,195,182,212,204,230,226,142,135,60,70,77,83,92,108,121,119,136,134,144,144,152,160,182,203,198,195,158,149,131,118,116,105,104,120,128,143,158,138,118,107,95,105,112,128,140,146,147,173,178,191,204,158,143,132,112,95,89,73,75,85,93,111,124,125,140,126,135,137,162,146,153,167,175,185,188,189,186,189,201,198,170,129,119,124,128,143,152,167,176,199,206,202,199,186,134,120,116,121,126,147,145,129,131,115,115
kpi_resolution_stability_3910526127,4.120860516426239,4.120860516426239,4.120860516426239,4.120860516426239,4.120860516426239,4.120860516426239,4.120860516426239,4.120860516426239,4.120860516426239,4.120860516426239,4.120860516426239,4.120860516426239,4.120860516426239,4.120860516426239,4.120860516426239,4.120860516426239,4.120860516426239,4.120860516426239,4.120860516426239,4.120860516426239,4.120860516426239,4.120860516426239,4.120860516426239,4.120860516426239,4.120860516426239,4.120860516426239,4.120860516426239,4.120860516426239,4.120860516426239,4.120860516426239,4.120860516426239,4.120860516426239,4.120860516426239,4.120860516426239,4.120860516426239,4.120860516426239,4.120860516426239,4.120860516426239,4.120860516426239,4.120860516426239,4.120860516426239,4.120860516426239,4.120860516426239,4.120860516426239,4.120860516426239,4.120860516426239,4.120860516426239,4.120860516426239,4.120860516426239,4.120860516426239,4.120860516426239,4.120860516426239,4.120860516426239,4.120860516426239,4.120860516426239,4.120860516426239,4.120860516426239,4.120860516426239,4.120860516426239,4.120860516426239,4.120860516426239,4.120860516426239,4.120860516426239,4.120860516426239,4.120860516426239,4.120860516426239,4.120860516426239,4.120860516426239,4.120860516426239,4.120860516426239,4.120860516426239,4.120860516426239,4.120860516426239,4.120860516426239,4.120860516426239,4.120860516426239,4.120860516426239,4.120860516426239,4.120860516426239,4.120860516426239,4.120860516426239,4.120860516426239,4.120860516426239,4.120860516426239,4.120860516426239,4.120860516426239,4.120860516426239,4.120860516426239,4.120860516426239,4.120860516426239,4.120860516426239,4.120860516426239,4.120860516426239,4.120860516426239,4.120860516426239,4.120860516426239,4.120860516426239,4.120860516426239,4.120860516426239,4.120860516426239,4.120860516426239,4.120860516426239,4.120860516426239,4.120860516426239,4.120860516426239,4.120860516426239,4.120860516426239,4.120860516426239,4.120860516426239,4.120860516426239,4.120860516426239,4.120860516426239,4.120860516426239,4.120860516426239,4.120860516426239,4.120860516426239,4.120860516426239,4.120860516426239,4.120860516426239,4.120860516426239
max_resolution_percentage_3910526127,98.33333333333333,98.33333333333333,98.33333333333333,98.33333333333333,98.33333333333333,98.33333333333333,98.33333333333333,98.33333333333333,98.33333333333333,98.33333333333333,98.33333333333333,98.33333333333333,98.33333333333333,98.33333333333333,98.33333333333333,98.33333333333333,98.33333333333333,98.33333333333333,98.33333333333333,98.33333333333333,98.33333333333333,98.33333333333333,98.33333333333333,98.33333333333333,98.33333333333333,98.33333333333333,98.33333333333333,98.33333333333333,98.33333333333333,98.33333333333333,98.33333333333333,98.33333333333333,98.33333333333333,98.33333333333333,98.33333333333333,98.33333333333333,98.33333333333333,98.33333333333333,98.33333333333333,98.33333333333333,98.33333333333333,98.33333333333333,98.33333333333333,98.33333333333333,98.33333333333333,98.33333333333333,98.33333333333333,98.33333333333333,98.33333333333333,98.33333333333333,98.33333333333333,98.33333333333333,98.33333333333333,98.33333333333333,98.33333333333333,98.33333333333333,98.33333333333333,98.33333333333333,98.33333333333333,98.33333333333333,98.33333333333333,98.33333333333333,98.33333333333333,98.33333333333333,98.33333333333333,98.33333333333333,98.33333333333333,98.33333333333333,98.33333333333333,98.33333333333333,98.33333333333333,98.33333333333333,98.33333333333333,98.33333333333333,98.33333333333333,98.33333333333333,98.33333333333333,98.33333333333333,98.33333333333333,98.33333333333333,98.33333333333333,98.33333333333333,98.33333333333333,98.33333333333333,98.33333333333333,98.33333333333333,98.33333333333333,98.33333333333333,98.33333333333333,98.33333333333333,98.33333333333333,98.33333333333333,98.33333333333333,98.33333333333333,98.33333333333333,98.33333333333333,98.33333333333333,98.33333333333333,98.33333333333333,98.33333333333333,98.33333333333333,98.33333333333333,98.33333333333333,98.33333333333333,98.33333333333333,98.33333333333333,98.33333333333333,98.33333333333333,98.33333333333333,98.33333333333333,98.33333333333333,98.33333333333333,98.33333333333333,98.33333333333333,98.33333333333333,98.33333333333333,98.33333333333333,98.33333333333333,98.33333333333333,98.33333333333333
kpi_resolution_stability_norm_3910526127,kpi_resolution_stability_3910526127,4.120860516426239,4.120860516426239,4.120860516426239,4.120860516426239,4.120860516426239,4.120860516426239,4.120860516426239,4.120860516426239,4.120860516426239,4.120860516426239,4.120860516426239,4.120860516426239,4.120860516426239,4.120860516426239,4.120860516426239,4.120860516426239,4.120860516426239,4.120860516426239,4.120860516426239,4.120860516426239,4.120860516426239,4.120860516426239,4.120860516426239,4.120860516426239,4.120860516426239,4.120860516426239,4.120860516426239,4.120860516426239,4.120860516426239,4.120860516426239,4.120860516426239,4.120860516426239,4.120860516426239,4.120860516426239,4.120860516426239,4.120860516426239,4.120860516426239,4.120860516426239,4.120860516426239,4.120860516426239,4.120860516426239,4.120860516426239,4.120860516426239,4.120860516426239,4.120860516426239,4.120860516426239,4.120860516426239,4.120860516426239,4.120860516426239,4.120860516426239,4.120860516426239,4.120860516426239,4.120860516426239,4.120860516426239,4.120860516426239,4.120860516426239,4.120860516426239,4.120860516426239,4.120860516426239,4.120860516426239,4.120860516426239,4.120860516426239,4.120860516426239,4.120860516426239,4.120860516426239,4.120860516426239,4.120860516426239,4.120860516426239,4.120860516426239,4.120860516426239,4.120860516426239,4.120860516426239,4.120860516426239,4.120860516426239,4.120860516426239,4.120860516426239,4.120860516426239,4.120860516426239,4.120860516426239,4.120860516426239,4.120860516426239,4.120860516426239,4.120860516426239,4.120860516426239,4.120860516426239,4.120860516426239,4.120860516426239,4.120860516426239,4.120860516426239,4.120860516426239,4.120860516426239,4.120860516426239,4.120860516426239,4.120860516426239,4.120860516426239,4.120860516426239,4.120860516426239,4.120860516426239,4.120860516426239,4.120860516426239,4.120860516426239,4.120860516426239,4.120860516426239,4.120860516426239,4.120860516426239,4.120860516426239,4.120860516426239,4.120860516426239,4.120860516426239,4.120860516426239,4.120860516426239,4.120860516426239,4.120860516426239,4.120860516426239,4.120860516426239,4.120860516426239,4.120860516426239,4.120860516426239,4.120860516426239,4.120860516426239
max_resolution_percentage_norm_3910526127,max_resolution_percentage_3910526127,98.33333333333333,98.33333333333333,98.33333333333333,98.33333333333333,98.33333333333333,98.33333333333333,98.33333333333333,98.33333333333333,98.33333333333333,98.33333333333333,98.33333333333333,98.33333333333333,98.33333333333333,98.33333333333333,98.33333333333333,98.33333333333333,98.33333333333333,98.33333333333333,98.33333333333333,98.33333333333333,98.33333333333333,98.33333333333333,98.33333333333333,98.33333333333333,98.33333333333333,98.33333333333333,98.33333333333333,98.33333333333333,98.33333333333333,98.33333333333333,98.33333333333333,98.33333333333333,98.33333333333333,98.33333333333333,98.33333333333333,98.33333333333333,98.33333333333333,98.33333333333333,98.33333333333333,98.33333333333333,98.33333333333333,98.33333333333333,98.33333333333333,98.33333333333333,98.33333333333333,98.33333333333333,98.33333333333333,98.33333333333333,98.33333333333333,98.33333333333333,98.33333333333333,98.33333333333333,98.33333333333333,98.33333333333333,98.33333333333333,98.33333333333333,98.33333333333333,98.33333333333333,98.33333333333333,98.33333333333333,98.33333333333333,98.33333333333333,98.33333333333333,98.33333333333333,98.33333333333333,98.33333333333333,98.33333333333333,98.33333333333333,98.33333333333333,98.33333333333333,98.33333333333333,98.33333333333333,98.33333333333333,98.33333333333333,98.33333333333333,98.33333333333333,98.33333333333333,98.33333333333333,98.33333333333333,98.33333333333333,98.33333333333333,98.33333333333333,98.33333333333333,98.33333333333333,98.33333333333333,98.33333333333333,98.33333333333333,98.33333333333333,98.33333333333333,98.33333333333333,98.33333333333333,98.33333333333333,98.33333333333333,98.33333333333333,98.33333333333333,98.33333333333333,98.33333333333333,98.33333333333333,98.33333333333333,98.33333333333333,98.33333333333333,98.33333333333333,98.33333333333333,98.33333333333333,98.33333333333333,98.33333333333333,98.33333333333333,98.33333333333333,98.33333333333333,98.33333333333333,98.33333333333333,98.33333333333333,98.33333333333333,98.33333333333333,98.33333333333333,98.33333333333333,98.33333333333333,98.33333333333333,98.33333333333333,98.33333333333333
kpi_fps_stability_3910526127,1,1,3.9938242084800133,4.942427872760581,5,5,5,5,5,5,5,5,5,5,5,4.978873396874005,4.865606628121216,5,5,5,4.978873396874005,4.59543356514211,4.865606628121216,3.6845544733114513,4.904703300310673,4.865606628121216,4.693231865584395,4.738985153469177,4.738985153469177,4.942427872760581,4.904703300310673,4.942427872760581,5,4.942427872760581,4.942427872760581,5,4.978873396874005,4.978873396874005,5,4.942427872760581,4.978873396874005,4.8250342659265355,4.59543356514211,5,5,5,5,5,4.978873396874005,5,4.978873396874005,5,4.942427872760581,4.542982187053405,4.738985153469177,4.978873396874005,4.978873396874005,4.942427872760581,5,5,4.978873396874005,4.865606628121216,5,5,4.978873396874005,4.942427872760581,4.865606628121216,4.079873320937373,4.904703300310673,5,4.978873396874005,4.542982187053405,4.942427872760581,4.978873396874005,4.978873396874005,5,5,5,4.942427872760581,5,4.942427872760581,4.904703300310673,5,4.942427872760581,4.978873396874005,5,4.978873396874005,5,4.978873396874005,4.904703300310673,5,4.942427872760581,5,5,5,4.904703300310673,4.693231865584395,4.8250342659265355,5,5,5,5,5,5,5,5,4.978873396874005,4.978873396874005,4.978873396874005,4.782870430458232,4.59543356514211,5,5,5,5,5,4.978873396874005,4.8250342659265355,5,5
kpi_q_video_3910526127,1.6857142857142855,1.95,2.1,1.9,1.8499999999999999,1.8499999999999999,1.9,1.9,1.8499999999999999,1.95,1.7428571428571429,1.8,1.7428571428571429,1.6857142857142855,1.8499999999999999,1.8,1.9,1.9,1.457142857142857,1.4,1.4,1.4,1.457142857142857,1.457142857142857,1.5142857142857142,1.5714285714285714,1.6857142857142855,1.8,1.7428571428571429,1.7428571428571429,1.5142857142857142,1.5142857142857142,1.4,1.457142857142857,1.5142857142857142,1.4,1.457142857142857,1.457142857142857,1.457142857142857,1.6285714285714286,1.6285714285714286,1.7428571428571429,1.8,1.5142857142857142,1.457142857142857,1.4,1.457142857142857,1.4,1.4,1.5714285714285714,1.457142857142857,1.5142857142857142,1.5714285714285714,1.6285714285714286,1.6857142857142855,1.6857142857142855,1.6857142857142855,1.6857142857142855,1.6857142857142855,1.8,1.7428571428571429,1.6285714285714286,1.4,1.457142857142857,1.5142857142857142,1.5714285714285714,1.6285714285714286,1.7428571428571429,1.8,1.8,1.7428571428571429,1.6857142857142855,1.4,1.457142857142857,1.457142857142857,1.4,1.4
