bweforvideo-googAvailableReceiveBandwidth,0.0,0.0,0.0,0.0,0.0,0.0,0.0,0.0,0.0,0.0,0.0,0.0,0.0,0.0,0.0,0.0,0.0,0.0,0.0,0.0,0.0,0.0,0.0,0.0,0.0,0.0,0.0,0.0,0.0,0.0,0.0,0.0,0.0,0.0,0.0,0.0,0.0,0.0,0.0,0.0,0.0,0.0,0.0,0.0,0.0,0.0,0.0,0.0,0.0,0.0,0.0,0.0,0.0,0.0,0.0,0.0,0.0,0.0,0.0,0.0,0.0,0.0,0.0,0.0,0.0,0.0,0.0,0.0,0.0,0.0,0.0,0.0
bweforvideo-googAvailableSendBandwidth,128101.0,77927.0,47901.0,47901.0,49163.0,53595.0,58857.0,64566.0,70141.0,76752.0,83892.0,91603.0,53343.0,51123.0,52626.0,57836.0,63463.0,69540.0,76103.0,83191.0,90846.0,99114.0,108043.0,117686.0,128101.0,139349.0,151497.0,87227.0,87227.0,92625.0,101035.0,110118.0,119134.0,129665.0,78757.0,78757.0,242626.0,107512.0,108126.0,117776.0,128198.0,139454.0,150775.0,163837.0,177944.0,193180.0,209634.0,110356.0,113046.0,123090.0,133937.0,145652.0,158304.0,171968.0,186725.0,201418.0,218531.0,110720.0,116151.0,126443.0,137558.0,149563.0,161619.0,175549.0,189448.0,148734.0,161633.0,175564.0,190609.0,143599.0,115452.0,125688.0
bweforvideo-googBucketDelay,0.0,0.0,10.0,0.0,0.0,0.0,0.0,11.0,0.0,1.0,0.0,1.0,17.0,11.0,0.0,0.0,0.0,0.0,0.0,0.0,1.0,1.0,1.0,1.0,1.0,1.0,1.0,1.0,0.0,0.0,2.0,0.0,0.0,1.0,1.0,0.0,0.0,0.0,0.0,0.0,0.0,0.0,0.0,0.0,1.0,0.0,1.0,0.0,0.0,2.0,1.0,1.0,1.0,0.0,0.0,2.0,2.0,0.0,2.0,1.0,2.0,2.0,1.0,0.0,0.0,0.0,0.0,2.0,2.0,2.0,2.0,2.0
timestamp,1544722322,1544722323,1544722324,1544722325,1544722326,1544722327,1544722328,1544722329,1544722330,1544722331,1544722332,1544722333,1544722334,1544722335,1544722336,1544722337,1544722338,1544722339,1544722340,1544722341,1544722342,1544722343,1544722344,1544722345,1544722346,1544722347,1544722348,1544722349,1544722350,1544722351,1544722352,1544722353,1544722354,1544722355,1544722356,1544722357,1544722322,1544722323,1544722324,1544722325,1544722326,1544722327,1544722328,1544722329,1544722330,1544722331,1544722332,1544722333,1544722334,1544722335,1544722336,1544722337,1544722338,1544722339,1544722340,1544722341,1544722342,1544722343,1544722344,1544722345,1544722346,1544722347,1544722348,1544722349,1544722350,1544722351,1544722352,1544722353,1544722354,1544722355,1544722356,1544722357
audio_bitsReceivedPerSecond,170072.0,198792.0,138720.0,124016.0,138616.0,172984.0,173688.0,214848.0,192463.53646353647,211235.23523523525,202496.0,164960.0,151528.0,129896.0,155372.62737262738,171459.45945945947,182560.0,217928.0,206937.06293706293,219264.0,198918.9189189189,174649.35064935064,153161.16116116117,135152.0,161726.27372627374,179499.4994994995,189304.0,221776.0,200655.34465534464,158480.0,180688.0,206504.0,191024.0,170848.0,157504.0,165792.0,0.0,170593.32023575637,133680.08255933953,138832.0,101296.0,110120.0,102848.0,112384.0,133928.0,119000.0,122712.0,121248.0,126545.45454545454,166656.0,106648.0,110616.0,104184.0,122320.0,139992.0,134744.0,142152.0,135880.0,148331.66833166833,178978.97897897896,165672.0,187936.0,182368.0,189808.0,144016.78908709338,210727.79369627507,134504.0,130677.32267732268,142878.87887887887,167448.0,140336.0,203064.0
audio_bitsSentPerSecond,155992.0,150336.0,142688.0,88360.0,101848.0,108992.0,93264.0,111056.0,124259.74025974025,116516.51651651652,116288.0,126536.0,153808.0,114200.0,98301.6983016983,97841.84184184184,116000.0,119400.0,130701.2987012987,136024.0,129937.93793793794,142681.3186813187,159583.5835835836,169064.0,180659.34065934067,168600.6006006006,182352.0,202320.0,169054.94505494504,126608.0,119624.0,135520.0,156576.0,159352.0,203312.0,112200.0,0.0,226750.49115913556,137700.72239422085,140504.0,134944.0,158592.0,184632.0,175600.0,224192.0,214528.0,215440.0,229616.0,139068.93106893107,151432.0,139256.0,166264.0,191424.0,186112.0,227456.0,226640.0,224392.0,233872.0,137062.93706293707,153553.55355355356,143680.0,173120.0,192448.0,193648.0,224730.32528856242,200244.50811843362,167432.0,203612.38761238763,210682.68268268267,188104.0,166800.0,169184.0
audio_packetsSentPerSecond,128.0,120.0,121.0,75.0,85.0,72.0,70.0,81.0,81.91808191808192,83.08308308308308,115.0,124.0,125.0,82.0,78.92107892107892,72.07207207207207,82.0,95.0,90.9090909090909,93.0,115.11511511511512,125.87412587412588,125.12512512512512,127.0,126.87312687312688,131.13113113113113,129.0,132.0,107.89210789210789,98.0,116.0,125.0,127.0,127.0,131.0,90.0,0.0,126.71905697445972,110.42311661506707,123.0,130.0,126.0,122.0,129.0,135.0,131.0,130.0,127.0,107.89210789210789,127.0,125.0,126.0,125.0,131.0,135.0,136.0,135.0,129.0,108.89110889110889,129.12912912912913,127.0,131.0,129.0,132.0,136.41133263378805,135.62559694364853,129.0,131.86813186813185,129.12912912912913,127.0,125.0,126.0
audio_googLocalAddress,35.204.92.114:38382,35.204.92.114:38382,35.204.92.114:38382,35.204.92.114:38382,35.204.92.114:38382,35.204.92.114:38382,35.204.92.114:38382,35.204.92.114:38382,35.204.92.114:38382,35.204.92.114:38382,35.204.92.114:38382,35.204.92.114:38382,35.204.92.114:38382,35.204.92.114:38382,35.204.92.114:38382,35.204.92.114:38382,35.204.92.114:38382,35.204.92.114:38382,35.204.92.114:38382,35.204.92.114:38382,35.204.92.114:38382,35.204.92.114:38382,35.204.92.114:38382,35.204.92.114:38382,35.204.92.114:38382,35.204.92.114:38382,35.204.92.114:38382,35.204.92.114:38382,35.204.92.114:38382,35.204.92.114:38382,35.204.92.114:38382,35.204.92.114:38382,35.204.92.114:38382,35.204.92.114:38382,35.204.92.114:38382,35.204.92.114:38382,35.204.47.190:55552,35.204.47.190:55552,35.204.47.190:55552,35.204.47.190:55552,35.204.47.190:55552,35.204.47.190:55552,35.204.47.190:55552,35.204.47.190:55552,35.204.47.190:55552,35.204.47.190:55552,35.204.47.190:55552,35.204.47.190:55552,35.204.47.190:55552,35.204.47.190:55552,35.204.47.190:55552,35.204.47.190:55552,35.204.47.190:55552,35.204.47.190:55552,35.204.47.190:55552,35.204.47.190:55552,35.204.47.190:55552,35.204.47.190:55552,35.204.47.190:55552,35.204.47.190:55552,35.204.47.190:55552,35.204.47.190:55552,35.204.47.190:55552,35.204.47.190:55552,35.204.47.190:55552,35.204.47.190:55552,35.204.47.190:55552,35.204.47.190:55552,35.204.47.190:55552,35.204.47.190:55552,35.204.47.190:55552,35.204.47.190:55552
audio_googRemoteAddress,18.194.44.151:10000,18.194.44.151:10000,18.194.44.151:10000,18.194.44.151:10000,18.194.44.151:10000,18.194.44.151:10000,18.194.44.151:10000,18.194.44.151:10000,18.194.44.151:10000,18.194.44.151:10000,18.194.44.151:10000,18.194.44.151:10000,18.194.44.151:10000,18.194.44.151:10000,18.194.44.151:10000,18.194.44.151:10000,18.194.44.151:10000,18.194.44.151:10000,18.194.44.151:10000,18.194.44.151:10000,18.194.44.151:10000,18.194.44.151:10000,18.194.44.151:10000,18.194.44.151:10000,18.194.44.151:10000,18.194.44.151:10000,18.194.44.151:10000,18.194.44.151:10000,18.194.44.151:10000,18.194.44.151:10000,18.194.44.151:10000,18.194.44.151:10000,18.194.44.151:10000,18.194.44.151:10000,18.194.44.151:10000,18.194.44.151:10000,18.194.44.151:10000,18.194.44.151:10000,18.194.44.151:10000,18.194.44.151:10000,18.194.44.151:10000,18.194.44.151:10000,18.194.44.151:10000,18.194.44.151:10000,18.194.44.151:10000,18.194.44.151:10000,18.194.44.151:10000,18.194.44.151:10000,18.194.44.151:10000,18.194.44.151:10000,18.194.44.151:10000,18.194.44.151:10000,18.194.44.151:10000,18.194.44.151:10000,18.194.44.151:10000,18.194.44.151:10000,18.194.44.151:10000,18.194.44.151:10000,18.194.44.151:10000,18.194.44.151:10000,18.194.44.151:10000,18.194.44.151:10000,18.194.44.151:10000,18.194.44.151:10000,18.194.44.151:10000,18.194.44.151:10000,18.194.44.151:10000,18.194.44.151:10000,18.194.44.151:10000,18.194.44.151:10000,18.194.44.151:10000,18.194.44.151:10000
audio_googRtt,62.0,62.0,62.0,50.0,50.0,41.0,41.0,41.0,34.0,34.0,29.0,29.0,29.0,25.0,25.0,22.0,22.0,22.0,20.0,20.0,18.0,18.0,18.0,17.0,17.0,16.0,16.0,16.0,51.0,51.0,42.0,42.0,42.0,35.0,35.0,30.0,73.0,73.0,58.0,58.0,58.0,47.0,47.0,43.0,43.0,43.0,36.0,36.0,31.0,31.0,31.0,34.0,34.0,29.0,29.0,29.0,25.0,25.0,22.0,22.0,22.0,20.0,20.0,18.0,18.0,18.0,17.0,17.0,16.0,16.0,16.0,15.0
audio_send_bitsSentPerSecond,39792.0,27952.0,35848.0,41208.0,40400.0,40400.0,40400.0,39592.0,41166.83316683317,40440.44044044044,32928.0,28896.0,40064.0,39592.0,41166.83316683317,40440.44044044044,40400.0,40400.0,40359.64035964036,40400.0,39831.831831831834,38505.494505494506,40440.44044044044,40400.0,35924.07592407592,24856.856856856855,24912.0,24728.0,24975.024975024975,25216.0,25112.0,25152.0,25336.0,25008.0,24400.0,24680.0,0.0,15992.141453831042,17065.01547987616,16720.0,16096.0,14672.0,16720.0,15448.0,15312.0,14592.0,14800.0,14928.0,16703.296703296703,16720.0,16712.0,16720.0,16720.0,16712.0,16720.0,16680.0,16672.0,17328.0,16679.32067932068,16616.616616616615,16528.0,16704.0,15472.0,14104.0,14707.240293809024,17894.937917860552,16616.0,16679.32067932068,16592.59259259259,13624.0,15608.0,15984.0
audio_send_packetsLost,0.0,0.0,0.0,0.0,0.0,0.0,0.0,0.0,0.0,0.0,0.0,0.0,0.0,0.0,0.0,0.0,0.0,0.0,0.0,0.0,0.0,0.0,0.0,0.0,0.0,0.0,0.0,0.0,0.0,0.0,0.0,0.0,0.0,0.0,0.0,0.0,0.0,0.0,0.0,0.0,0.0,0.0,0.0,0.0,0.0,0.0,0.0,0.0,0.0,0.0,0.0,0.0,0.0,0.0,0.0,0.0,0.0,0.0,0.0,0.0,0.0,0.0,0.0,0.0,0.0,0.0,0.0,0.0,0.0,0.0,0.0,0.0
audio_send_packetsSentPerSecond,50.0,50.0,49.0,51.0,50.0,50.0,50.0,49.0,50.94905094905095,50.050050050050054,50.0,50.0,50.0,49.0,50.94905094905095,50.050050050050054,50.0,50.0,49.95004995004995,50.0,50.050050050050054,49.95004995004995,50.050050050050054,50.0,49.95004995004995,50.050050050050054,50.0,50.0,49.95004995004995,50.0,50.0,50.0,50.0,50.0,50.0,50.0,0.0,50.09823182711198,50.56759545923632,50.0,50.0,50.0,50.0,50.0,50.0,50.0,50.0,50.0,49.95004995004995,50.0,50.0,50.0,50.0,50.0,50.0,50.0,50.0,50.0,49.95004995004995,50.050050050050054,50.0,50.0,50.0,50.0,49.31794333683106,50.620821394460364,50.0,49.95004995004995,50.050050050050054,50.0,50.0,50.0
audio_send_googJitterReceived,4.0,10.0,10.0,10.0,10.0,10.0,10.0,10.0,10.0,10.0,10.0,10.0,10.0,17.0,17.0,17.0,8.0,8.0,8.0,8.0,5.0,5.0,5.0,5.0,5.0,5.0,2.0,2.0,2.0,5.0,5.0,5.0,5.0,5.0,5.0,10.0,97.0,97.0,119.0,119.0,119.0,119.0,119.0,113.0,113.0,113.0,113.0,113.0,113.0,109.0,109.0,109.0,109.0,99.0,99.0,99.0,97.0,97.0,97.0,97.0,97.0,97.0,96.0,96.0,96.0,107.0,107.0,107.0,107.0,107.0,107.0,107.0
audio_send_googRtt,16.0,16.0,16.0,16.0,16.0,16.0,210.0,210.0,210.0,210.0,210.0,210.0,210.0,15.0,15.0,15.0,15.0,15.0,15.0,15.0,93.0,93.0,93.0,93.0,93.0,93.0,15.0,15.0,15.0,15.0,15.0,15.0,15.0,15.0,15.0,15.0,16.0,16.0,16.0,16.0,16.0,16.0,16.0,17.0,17.0,17.0,17.0,17.0,17.0,15.0,15.0,15.0,15.0,15.0,15.0,15.0,16.0,16.0,16.0,16.0,16.0,16.0,15.0,15.0,15.0,16.0,16.0,16.0,16.0,16.0,16.0,16.0
video_send_bitsSentPerSecond,103920.0,114968.0,95472.0,40728.0,51840.0,60816.0,44280.0,64000.0,69874.12587412588,68572.57257257258,72040.0,88528.0,101944.0,68536.0,48415.58441558442,49697.697697697695,66136.0,70944.0,76451.54845154846,87040.0,79335.33533533533,94881.11888111888,107603.60360360361,118608.0,133042.95704295704,131667.66766766767,144248.0,166560.0,129742.25774225775,92520.0,83928.0,101384.0,118944.0,123984.0,165944.0,80424.0,0.0,197603.14341846757,112066.04747162023,111032.0,109056.0,131936.0,160424.0,147480.0,195840.0,184304.0,190880.0,201952.0,114725.27472527472,121720.0,113920.0,137976.0,166176.0,156488.0,199520.0,190312.0,196184.0,203312.0,111880.11988011988,123643.64364364365,117888.0,142400.0,167040.0,165496.0,-8641989.506820567,166777.4594078319,141920.0,172339.66033966033,184080.08008008008,162160.0,142632.0,141056.0
video_send_packetsLost,0.0,0.0,0.0,0.0,0.0,0.0,0.0,0.0,0.0,0.0,0.0,0.0,0.0,0.0,0.0,0.0,0.0,0.0,0.0,0.0,0.0,0.0,0.0,0.0,0.0,0.0,0.0,0.0,0.0,0.0,0.0,0.0,0.0,0.0,0.0,0.0,0.0,0.0,0.0,0.0,0.0,0.0,0.0,0.0,0.0,0.0,0.0,0.0,0.0,0.0,0.0,0.0,0.0,0.0,0.0,0.0,0.0,0.0,0.0,0.0,0.0,0.0,0.0,0.0,0.0,0.0,0.0,0.0,0.0,0.0,0.0,0.0
video_send_packetsSentPerSecond,60.0,60.0,57.0,14.0,22.0,11.0,9.0,19.0,13.986013986013987,20.02002002002002,49.0,60.0,59.0,25.0,17.982017982017982,10.01001001001001,20.0,31.0,23.976023976023978,26.0,52.052052052052055,59.94005994005994,60.06006006006006,60.0,60.93906093906094,60.06006006006006,60.0,60.0,42.95704295704296,33.0,54.0,61.0,60.0,59.0,62.0,28.0,0.0,56.97445972495088,44.375644994840044,55.0,60.0,60.0,60.0,60.0,63.0,60.0,60.0,58.0,43.956043956043956,58.0,60.0,60.0,60.0,61.0,62.0,59.0,60.0,59.0,42.95704295704296,60.06006006006006,60.0,60.0,60.0,61.0,-3057.712486883526,63.03724928366762,63.0,59.94005994005994,60.06006006006006,60.0,60.0,60.0
video_send_googEncodeUsagePercent,15.0,14.0,13.0,12.0,12.0,12.0,12.0,12.0,12.0,12.0,11.0,11.0,11.0,11.0,11.0,10.0,11.0,11.0,11.0,11.0,11.0,11.0,11.0,10.0,10.0,10.0,10.0,10.0,10.0,10.0,11.0,10.0,10.0,10.0,10.0,10.0,15.0,15.0,14.0,14.0,13.0,12.0,12.0,11.0,11.0,11.0,10.0,10.0,10.0,10.0,10.0,10.0,10.0,10.0,10.0,10.0,10.0,10.0,10.0,10.0,10.0,10.0,10.0,10.0,0.0,64.0,64.0,53.0,48.0,44.0,40.0,36.0
video_send_googFrameHeightSent,180.0,180.0,180.0,180.0,180.0,180.0,180.0,180.0,180.0,180.0,180.0,180.0,180.0,180.0,180.0,180.0,180.0,180.0,180.0,180.0,180.0,180.0,180.0,180.0,180.0,180.0,180.0,180.0,180.0,180.0,180.0,180.0,180.0,180.0,180.0,180.0,180.0,180.0,180.0,180.0,180.0,180.0,180.0,180.0,180.0,180.0,180.0,180.0,180.0,180.0,180.0,180.0,180.0,180.0,180.0,180.0,180.0,180.0,180.0,180.0,180.0,180.0,180.0,180.0,0.0,180.0,180.0,180.0,180.0,180.0,180.0,180.0
video_send_googFrameRateSent,60.0,60.0,56.0,15.0,23.0,12.0,9.0,19.0,14.0,19.0,49.0,61.0,61.0,25.0,18.0,10.0,20.0,31.0,24.0,27.0,53.0,60.0,60.0,60.0,60.0,61.0,60.0,60.0,42.0,34.0,55.0,60.0,60.0,60.0,58.0,27.0,60.0,55.0,43.0,56.0,61.0,61.0,61.0,61.0,61.0,61.0,61.0,59.0,44.0,60.0,61.0,61.0,61.0,61.0,61.0,61.0,61.0,59.0,45.0,61.0,61.0,61.0,61.0,61.0,0.0,60.0,61.0,61.0,61.0,61.0,61.0,61.0
video_send_googFrameWidthSent,320.0,320.0,320.0,320.0,320.0,320.0,320.0,320.0,320.0,320.0,320.0,320.0,320.0,320.0,320.0,320.0,320.0,320.0,320.0,320.0,320.0,320.0,320.0,320.0,320.0,320.0,320.0,320.0,320.0,320.0,320.0,320.0,320.0,320.0,320.0,320.0,320.0,320.0,320.0,320.0,320.0,320.0,320.0,320.0,320.0,320.0,320.0,320.0,320.0,320.0,320.0,320.0,320.0,320.0,320.0,320.0,320.0,320.0,320.0,320.0,320.0,320.0,320.0,320.0,0.0,320.0,320.0,320.0,320.0,320.0,320.0,320.0
video_send_googRtt,25.0,53.0,72.0,55.0,64.0,49.0,38.0,52.0,41.0,54.0,42.0,33.0,27.0,44.0,74.0,56.0,43.0,36.0,29.0,26.0,23.0,28.0,24.0,21.0,19.0,25.0,30.0,25.0,22.0,24.0,24.0,24.0,22.0,19.0,17.0,16.0,26.0,22.0,37.0,46.0,37.0,31.0,27.0,27.0,27.0,24.0,22.0,24.0,44.0,62.0,65.0,61.0,52.0,46.0,47.0,48.0,38.0,32.0,38.0,44.0,35.0,29.0,24.0,22.0,20.0,18.0,19.0,20.0,18.0,17.0,18.0,18.0
audio_recv_bitsReceivedPerSecond,6264.0,8776.0,7936.0,7960.0,6320.0,6824.0,7040.0,7016.0,5986.013986013986,6022.022022022022,6088.0,7928.0,7856.0,7856.0,7840.15984015984,7847.847847847848,7848.0,7816.0,7776.223776223776,7784.0,7767.7677677677675,7768.231768231768,7711.711711711711,7792.0,7680.319680319681,7855.855855855856,5248.0,7160.0,7888.111888111888,7736.0,7736.0,7824.0,6864.0,4528.0,7664.0,6760.0,0.0,37257.3673870334,20606.811145510837,41848.0,42000.0,41976.0,42008.0,40496.0,43568.0,41960.0,40472.0,29200.0,26437.56243756244,40536.0,42760.0,42752.0,41944.0,42040.0,42032.0,41992.0,41976.0,38840.0,39984.01598401598,42026.026026026026,41904.0,33824.0,26520.0,26624.0,12684.155299055614,29470.869149952243,26632.0,26725.274725274725,26666.666666666668,24488.0,7368.0,25952.0
audio_recv_packetsReceivedPerSecond,6.0,9.0,8.0,8.0,6.0,7.0,7.0,7.0,5.994005994005994,6.006006006006006,6.0,8.0,8.0,8.0,7.992007992007992,8.008008008008009,8.0,8.0,7.992007992007992,8.0,8.008008008008009,7.992007992007992,8.008008008008009,8.0,7.992007992007992,8.008008008008009,5.0,7.0,7.992007992007992,8.0,8.0,8.0,7.0,5.0,8.0,7.0,0.0,43.222003929273086,23.735810113519094,50.0,50.0,50.0,50.0,48.0,52.0,50.0,48.0,34.0,30.969030969030968,48.0,51.0,51.0,50.0,50.0,50.0,50.0,50.0,46.0,46.95304695304695,50.050050050050054,50.0,50.0,50.0,50.0,24.134312696747113,53.48615090735434,50.0,49.95004995004995,50.050050050050054,45.0,10.0,50.0
audio_recv_googCurrentDelayMs,32.0,37.0,36.0,37.0,31.0,23.0,30.0,21.0,25.0,19.0,19.0,17.0,24.0,24.0,29.0,32.0,31.0,25.0,34.0,28.0,29.0,26.0,21.0,27.0,26.0,19.0,21.0,25.0,31.0,25.0,30.0,26.0,29.0,39.0,33.0,36.0,383.0,355.0,274.0,234.0,343.0,351.0,356.0,358.0,361.0,357.0,360.0,278.0,229.0,212.0,295.0,308.0,316.0,320.0,322.0,323.0,323.0,300.0,271.0,271.0,280.0,286.0,286.0,286.0,242.0,293.0,306.0,314.0,304.0,285.0,203.0,191.0
audio_recv_googJitterBufferMs,1.0,11.0,8.0,9.0,10.0,3.0,10.0,4.0,10.0,6.0,8.0,4.0,4.0,2.0,2.0,7.0,7.0,2.0,9.0,6.0,7.0,7.0,2.0,7.0,6.0,2.0,4.0,5.0,10.0,5.0,10.0,5.0,10.0,11.0,5.0,8.0,383.0,243.0,26.0,272.0,363.0,363.0,363.0,323.0,363.0,363.0,323.0,42.0,97.0,228.0,293.0,313.0,313.0,313.0,313.0,313.0,313.0,223.0,202.0,242.0,253.0,272.0,272.0,272.0,6.0,294.0,294.0,294.0,304.0,204.0,19.0,301.0
audio_recv_googJitterReceived,119.0,119.0,119.0,97.0,97.0,97.0,97.0,97.0,125.0,125.0,125.0,125.0,113.0,113.0,113.0,113.0,113.0,113.0,113.0,97.0,97.0,97.0,97.0,97.0,97.0,96.0,96.0,96.0,96.0,96.0,96.0,96.0,108.0,108.0,108.0,108.0,5.0,2.0,2.0,2.0,9.0,9.0,9.0,9.0,9.0,12.0,12.0,12.0,12.0,12.0,4.0,4.0,4.0,4.0,4.0,4.0,4.0,4.0,4.0,4.0,4.0,2.0,2.0,2.0,2.0,2.0,2.0,2.0,2.0,2.0,2.0,2.0
audio_recv_googPreferredJitterBufferMs,540.0,540.0,540.0,540.0,540.0,540.0,540.0,540.0,540.0,540.0,540.0,540.0,540.0,540.0,540.0,540.0,540.0,540.0,540.0,540.0,540.0,540.0,540.0,540.0,540.0,540.0,540.0,540.0,540.0,540.0,540.0,540.0,540.0,540.0,540.0,540.0,420.0,420.0,420.0,420.0,420.0,420.0,420.0,420.0,420.0,420.0,420.0,420.0,420.0,340.0,340.0,340.0,340.0,340.0,340.0,340.0,340.0,340.0,340.0,340.0,340.0,340.0,340.0,340.0,340.0,340.0,340.0,340.0,340.0,280.0,340.0,200.0
video_recv_bitsReceivedPerSecond,152648.0,174808.0,119576.0,104656.0,124784.0,156240.0,159168.0,197440.0,174361.63836163835,195275.2752752753,186416.0,144000.0,133488.0,109360.0,139228.77122877122,153521.52152152153,166384.0,197704.0,186181.81818181818,200096.0,178826.82682682681,153222.77722277722,133077.0770770771,113240.0,142177.82217782218,156108.1081081081,171552.0,201032.0,175440.55944055945,137568.0,161696.0,184704.0,172632.0,151944.0,140568.0,145872.0,0.0,118774.06679764243,100152.73477812177,81392.0,48752.0,53056.0,49600.0,57048.0,76112.0,60176.0,70872.0,78360.0,89166.83316683317,109504.0,51496.0,53280.0,50424.0,64400.0,83936.0,75752.0,87272.0,82376.0,97150.84915084916,121473.47347347347,109744.0,138680.0,141264.0,145344.0,120856.24344176285,160794.65138490926,95128.0,88919.08091908092,104624.62462462463,127272.0,121072.0,161920.0
video_recv_packetsReceivedPerSecond,44.0,57.0,54.0,60.0,57.0,63.0,60.0,63.0,59.94005994005994,60.06006006006006,55.0,46.0,59.0,60.0,59.94005994005994,60.06006006006006,60.0,62.0,59.94005994005994,60.0,53.053053053053056,48.95104895104895,60.06006006006006,60.0,59.94005994005994,60.06006006006006,60.0,62.0,60.93906093906094,60.0,60.0,60.0,60.0,60.0,60.0,60.0,0.0,59.921414538310415,59.85552115583075,44.0,22.0,15.0,9.0,13.0,19.0,12.0,26.0,55.0,59.94005994005994,55.0,20.0,15.0,11.0,23.0,29.0,26.0,30.0,56.0,59.94005994005994,60.06006006006006,60.0,61.0,60.0,60.0,41.97271773347324,51.57593123209169,38.0,57.94205794205794,60.06006006006006,60.0,60.0,56.0
video_recv_googCurrentDelayMs,50.0,47.0,45.0,43.0,42.0,40.0,38.0,37.0,36.0,34.0,35.0,35.0,33.0,32.0,32.0,31.0,29.0,28.0,28.0,28.0,29.0,28.0,27.0,26.0,26.0,26.0,26.0,25.0,33.0,33.0,33.0,32.0,32.0,32.0,32.0,32.0,33.0,33.0,32.0,35.0,34.0,35.0,35.0,36.0,36.0,40.0,43.0,41.0,40.0,40.0,40.0,41.0,40.0,39.0,37.0,35.0,35.0,33.0,32.0,31.0,30.0,30.0,29.0,29.0,32.0,31.0,29.0,28.0,28.0,28.0,28.0,34.0
video_recv_googDecodeMs,0.0,0.0,1.0,0.0,0.0,0.0,1.0,0.0,1.0,0.0,1.0,0.0,0.0,0.0,0.0,1.0,1.0,1.0,0.0,0.0,1.0,1.0,0.0,1.0,1.0,0.0,1.0,1.0,0.0,1.0,1.0,1.0,0.0,1.0,0.0,1.0,1.0,1.0,0.0,1.0,1.0,1.0,1.0,1.0,1.0,1.0,1.0,1.0,1.0,0.0,0.0,0.0,0.0,1.0,1.0,0.0,1.0,0.0,0.0,1.0,0.0,0.0,1.0,1.0,1.0,1.0,0.0,0.0,0.0,0.0,0.0,0.0
video_recv_googFrameHeightReceived,180.0,180.0,180.0,180.0,180.0,180.0,180.0,180.0,180.0,180.0,180.0,180.0,180.0,180.0,180.0,180.0,180.0,180.0,180.0,180.0,180.0,180.0,180.0,180.0,180.0,180.0,180.0,180.0,180.0,180.0,180.0,180.0,180.0,180.0,180.0,180.0,180.0,180.0,180.0,180.0,180.0,180.0,180.0,180.0,180.0,180.0,180.0,180.0,180.0,180.0,180.0,180.0,180.0,180.0,180.0,180.0,180.0,180.0,180.0,180.0,180.0,180.0,180.0,180.0,180.0,180.0,180.0,180.0,180.0,180.0,180.0,180.0
video_recv_googFrameRateOutput,50.0,44.0,55.0,61.0,60.0,60.0,60.0,59.0,60.0,60.0,58.0,40.0,60.0,61.0,60.0,60.0,61.0,60.0,61.0,60.0,56.0,45.0,60.0,60.0,61.0,60.0,60.0,60.0,59.0,60.0,60.0,58.0,59.0,60.0,61.0,60.0,54.0,60.0,60.0,44.0,21.0,15.0,9.0,12.0,18.0,11.0,18.0,55.0,58.0,56.0,20.0,12.0,12.0,22.0,30.0,26.0,30.0,56.0,60.0,60.0,60.0,56.0,60.0,60.0,43.0,50.0,38.0,58.0,59.0,60.0,60.0,49.0
video_recv_googFrameRateReceived,44.0,52.0,54.0,60.0,57.0,60.0,59.0,59.0,60.0,58.0,55.0,44.0,59.0,60.0,56.0,60.0,59.0,59.0,60.0,57.0,53.0,49.0,60.0,60.0,60.0,58.0,60.0,59.0,59.0,60.0,60.0,57.0,60.0,60.0,60.0,60.0,55.0,59.0,59.0,44.0,22.0,16.0,9.0,12.0,18.0,11.0,24.0,55.0,57.0,55.0,20.0,14.0,11.0,23.0,29.0,26.0,30.0,56.0,60.0,60.0,60.0,55.0,60.0,60.0,43.0,50.0,38.0,58.0,58.0,60.0,60.0,49.0
video_recv_googFrameWidthReceived,320.0,320.0,320.0,320.0,320.0,320.0,320.0,320.0,320.0,320.0,320.0,320.0,320.0,320.0,320.0,320.0,320.0,320.0,320.0,320.0,320.0,320.0,320.0,320.0,320.0,320.0,320.0,320.0,320.0,320.0,320.0,320.0,320.0,320.0,320.0,320.0,320.0,320.0,320.0,320.0,320.0,320.0,320.0,320.0,320.0,320.0,320.0,320.0,320.0,320.0,320.0,320.0,320.0,320.0,320.0,320.0,320.0,320.0,320.0,320.0,320.0,320.0,320.0,320.0,320.0,320.0,320.0,320.0,320.0,320.0,320.0,320.0
video_recv_googInterframeDelayMax,93.0,122.0,52.0,18.0,19.0,48.0,19.0,19.0,19.0,22.0,83.0,84.0,32.0,18.0,22.0,19.0,18.0,18.0,18.0,57.0,97.0,84.0,18.0,18.0,18.0,43.0,18.0,30.0,75.0,18.0,18.0,76.0,67.0,54.0,18.0,18.0,82.0,121.0,48.0,148.0,158.0,195.0,249.0,184.0,120.0,262.0,251.0,55.0,49.0,124.0,246.0,393.0,230.0,213.0,51.0,200.0,124.0,36.0,22.0,21.0,21.0,107.0,21.0,22.0,151.0,53.0,101.0,36.0,111.0,26.0,28.0,207.0
video_recv_googJitterBufferMs,39.0,36.0,34.0,32.0,31.0,29.0,27.0,26.0,25.0,23.0,24.0,24.0,22.0,21.0,21.0,20.0,18.0,18.0,17.0,17.0,18.0,17.0,16.0,15.0,15.0,15.0,15.0,15.0,22.0,22.0,22.0,21.0,21.0,22.0,21.0,21.0,22.0,22.0,21.0,24.0,23.0,24.0,24.0,25.0,25.0,29.0,32.0,30.0,29.0,29.0,29.0,31.0,29.0,28.0,26.0,24.0,24.0,22.0,21.0,20.0,19.0,19.0,18.0,18.0,21.0,20.0,18.0,17.0,17.0,17.0,17.0,23.0
video_recv_googPlisSent,3.0,3.0,3.0,3.0,3.0,3.0,3.0,3.0,3.0,3.0,3.0,3.0,3.0,3.0,3.0,3.0,3.0,3.0,3.0,3.0,3.0,3.0,3.0,3.0,3.0,3.0,3.0,3.0,3.0,3.0,3.0,3.0,3.0,3.0,3.0,3.0,0.0,0.0,0.0,0.0,0.0,0.0,0.0,0.0,0.0,0.0,0.0,0.0,0.0,0.0,0.0,0.0,0.0,0.0,0.0,0.0,0.0,0.0,0.0,0.0,0.0,0.0,0.0,0.0,0.0,0.0,0.0,0.0,0.0,0.0,0.0,0.0
video_send_resolutionChangesSent,0,0,0,0,0,0,0,0,0,0,0,0,0,0,0,0,0,0,0,0,0,0,0,0,0,0,0,0,0,0,0,0,0,0,0,0,0,0,0,0,0,0,0,0,0,0,0,0,0,0,0,0,0,0,0,0,0,0,0,0,0,0,0,0,1,2,2,2,2,2,2,2
video_recv_resolutionChangesReceived,0,0,0,0,0,0,0,0,0,0,0,0,0,0,0,0,0,0,0,0,0,0,0,0,0,0,0,0,0,0,0,0,0,0,0,0,0,0,0,0,0,0,0,0,0,0,0,0,0,0,0,0,0,0,0,0,0,0,0,0,0,0,0,0,0,0,0,0,0,0,0,0
1_way_delay_audio_send,8.0,8.0,8.0,8.0,8.0,8.0,105.0,105.0,105.0,105.0,105.0,105.0,105.0,7.5,7.5,7.5,7.5,7.5,7.5,7.5,46.5,46.5,46.5,46.5,46.5,46.5,7.5,7.5,7.5,7.5,7.5,7.5,7.5,7.5,7.5,7.5,8.0,8.0,8.0,8.0,8.0,8.0,8.0,8.5,8.5,8.5,8.5,8.5,8.5,7.5,7.5,7.5,7.5,7.5,7.5,7.5,8.0,8.0,8.0,8.0,8.0,8.0,7.5,7.5,7.5,8.0,8.0,8.0,8.0,8.0,8.0,8.0
1_way_delay_video_send,12.5,26.5,36.0,27.5,32.0,24.5,19.0,26.0,20.5,27.0,21.0,16.5,13.5,22.0,37.0,28.0,21.5,18.0,14.5,13.0,11.5,14.0,12.0,10.5,9.5,12.5,15.0,12.5,11.0,12.0,12.0,12.0,11.0,9.5,8.5,8.0,13.0,11.0,18.5,23.0,18.5,15.5,13.5,13.5,13.5,12.0,11.0,12.0,22.0,31.0,32.5,30.5,26.0,23.0,23.5,24.0,19.0,16.0,19.0,22.0,17.5,14.5,12.0,11.0,10.0,9.0,9.5,10.0,9.0,8.5,9.0,9.0
ear_ear_delay_audio_send,391.0,251.0,34.0,280.0,371.0,371.0,468.0,428.0,468.0,468.0,428.0,147.0,202.0,235.5,300.5,320.5,320.5,320.5,320.5,320.5,359.5,269.5,248.5,288.5,299.5,318.5,279.5,279.5,13.5,301.5,301.5,301.5,311.5,211.5,26.5,308.5,9.0,19.0,16.0,17.0,18.0,11.0,18.0,12.5,18.5,14.5,16.5,12.5,12.5,9.5,9.5,14.5,14.5,9.5,16.5,13.5,15.0,15.0,10.0,15.0,14.0,10.0,11.5,12.5,17.5,13.0,18.0,13.0,18.0,19.0,13.0,16.0
audio_recv_kbitsReceivedPerSecond,6,8,7,7,6,6,6,6,5,5,5,7,7,7,7,7,7,7,7,7,7,7,7,7,7,7,5,6,7,7,7,7,6,4,7,6,0,36,20,40,41,40,41,39,42,40,39,28,25,39,41,41,40,41,41,41,40,37,39,41,40,33,25,26,12,28,26,26,26,23,7,25
video_recv_kbitsReceivedPerSecond,149,170,116,102,121,152,155,192,170,190,182,140,130,106,135,149,162,193,181,195,174,149,129,110,138,152,167,196,171,134,157,180,168,148,137,142,0,115,97,79,47,51,48,55,74,58,69,76,87,106,50,52,49,62,81,73,85,80,94,118,107,135,137,141,118,157,92,86,102,124,118,158
audio_packet_loss_percentage_send,0.0,0.0,0.0,0.0,0.0,0.0,0.0,0.0,0.0,0.0,0.0,0.0,0.0,0.0,0.0,0.0,0.0,0.0,0.0,0.0,0.0,0.0,0.0,0.0,0.0,0.0,0.0,0.0,0.0,0.0,0.0,0.0,0.0,0.0,0.0,0.0,0.0,0.0,0.0,0.0,0.0,0.0,0.0,0.0,0.0,0.0,0.0,0.0,0.0,0.0,0.0,0.0,0.0,0.0,0.0,0.0,0.0,0.0,0.0,0.0,0.0,0.0,0.0,0.0,0.0,0.0,0.0,0.0,0.0
e_model_audio_send,61.309000000000005,80.069,93.384,76.183,63.989000000000004,63.989000000000004,50.991,56.351000000000006,50.991,50.991,56.351000000000006,90.672,86.635,82.146,73.436,70.756,70.756,70.756,70.756,70.756,65.53,77.59,80.404,75.04400000000001,73.57000000000001,71.024,76.25,76.25,93.876,73.302,73.302,73.302,71.962,85.36200000000001,93.56400000000001,93.98400000000001,93.744,93.816,93.792,93.768,93.936,93.768,93.9,93.756,93.852,93.804,93.9,93.9,93.97200000000001,93.97200000000001,93.852,93.852,93.97200000000001,93.804,93.876,93.84,93.84,93.96000000000001,93.84,93.864,93.96000000000001,93.924,93.9,93.78,93.888,93.768,93.888,93.768,93.744,93.888
kpi_audio_synchronization,3.1675506120335974,4.026605531540437,4.412819116790272,3.8719477683365917,3.303958188905318,3.303958188905318,2.627089432974103,2.9094577820391434,2.627089432974103,2.627089432974103,2.9094577820391434,4.355114156068864,4.248105335314875,4.102470641983048,3.7537323061790087,3.6322533378314885,3.6322533378314885,3.6322533378314885,3.6322533378314885,3.6322533378314885,3.380988887361,3.9297474466470006,4.039179337465152,3.8237606185237127,3.7596537899490006,3.644651082207232,3.8747441406250003,3.8747441406250003,4.421986386242368,3.7477956619427446,3.7477956619427446,3.7477956619427446,3.6876176263361042,4.209503873674504,4.416220494188992,4.423943717404673,4.4195671256965126,4.420890394582528,4.420450283536384,4.420009193714176,4.423076247851008,4.420009193714176,4.422423067,4.419788281943489,4.421548724676544,4.420670461442753,4.422423067,4.422423067,4.423727218617665,4.423727218617665,4.421548724676544,4.421548724676544,4.423727218617665,4.420670461442753,4.421986386242368,4.421329526272,4.421329526272,4.423510474048,4.421329526272,4.4217676780241915,4.423510474048,4.422858766368832,4.422423067,4.420229860936,4.422204849258496,4.420009193714176,4.422204849258496,4.420009193714176,4.4195671256965126,4.422204849258496
eye_eye_delay_video_send,34.5,48.5,57.0,51.5,55.0,48.5,43.0,51.0,45.5,56.0,53.0,46.5,42.5,51.0,66.0,59.0,50.5,46.0,40.5,37.0,35.5,36.0,33.0,30.5,28.5,31.5,33.0,30.5,32.0,32.0,30.0,29.0,28.0,26.5,25.5,31.0,52.0,47.0,52.5,55.0,49.5,44.5,40.5,39.5,38.5,35.0,35.0,36.0,44.0,52.0,53.5,50.5,44.0,41.0,40.5,41.0,37.0,33.0,35.0,37.0,32.5,29.5,27.0,26.0,32.0,31.0,31.5,31.0,30.0,30.5,30.0,30.0
kpi_video_synchronization,5,5,5,5,5,5,5,5,5,5,5,5,5,5,5,5,5,5,5,5,5,5,5,5,5,5,5,5,5,5,5,5,5,5,5,5,5,5,5,5,5,5,5,5,5,5,5,5,5,5,5,5,5,5,5,5,5,5,5,5,5,5,5,5,5,5,5,5,5,5,5,5
av_delay_send,356.5,202.5,-23.0,228.5,316.0,322.5,425.0,377.0,422.5,412.0,375.0,100.5,159.5,184.5,234.5,261.5,270.0,274.5,280.0,283.5,324.0,233.5,215.5,258.0,271.0,287.0,246.5,249.0,-18.5,269.5,271.5,272.5,283.5,185.0,1.0,277.5,-43.0,-28.0,-36.5,-38.0,-31.5,-33.5,-22.5,-27.0,-20.0,-20.5,-18.5,-23.5,-31.5,-42.5,-44.0,-36.0,-29.5,-31.5,-24.0,-27.5,-22.0,-18.0,-25.0,-22.0,-18.5,-19.5,-15.5,-13.5,-14.5,-18.0,-13.5,-18.0,-12.0,-11.5,-17.0,-14.0
kpi_av_synchronization,1,1,5,1,1,1,1,1,1,1,1,1,1,1,1,1,1,1,1,1,1,1,1,1,1,1,1,1,5,1,1,1,1,1,5,1,5,5,5,5,5,5,5,5,5,5,5,5,5,5,5,5,5,5,5,5,5,5,5,5,5,5,5,5,5,5,5,5,5,5,5,5
kpi_resolution_stability,4.303535113616246,4.303535113616246,4.303535113616246,4.303535113616246,4.303535113616246,4.303535113616246,4.303535113616246,4.303535113616246,4.303535113616246,4.303535113616246,4.303535113616246,4.303535113616246,4.303535113616246,4.303535113616246,4.303535113616246,4.303535113616246,4.303535113616246,4.303535113616246,4.303535113616246,4.303535113616246,4.303535113616246,4.303535113616246,4.303535113616246,4.303535113616246,4.303535113616246,4.303535113616246,4.303535113616246,4.303535113616246,4.303535113616246,4.303535113616246,4.303535113616246,4.303535113616246,4.303535113616246,4.303535113616246,4.303535113616246,4.303535113616246,4.303535113616246,4.303535113616246,4.303535113616246,4.303535113616246,4.303535113616246,4.303535113616246,4.303535113616246,4.303535113616246,4.303535113616246,4.303535113616246,4.303535113616246,4.303535113616246,4.303535113616246,4.303535113616246,4.303535113616246,4.303535113616246,4.303535113616246,4.303535113616246,4.303535113616246,4.303535113616246,4.303535113616246,4.303535113616246,4.303535113616246,4.303535113616246,4.303535113616246,4.303535113616246,4.303535113616246,4.303535113616246,4.303535113616246,4.303535113616246,4.303535113616246,4.303535113616246,4.303535113616246,4.303535113616246,4.303535113616246,4.303535113616246
max_resolution_percentage,100.0,100.0,100.0,100.0,100.0,100.0,100.0,100.0,100.0,100.0,100.0,100.0,100.0,100.0,100.0,100.0,100.0,100.0,100.0,100.0,100.0,100.0,100.0,100.0,100.0,100.0,100.0,100.0,100.0,100.0,100.0,100.0,100.0,100.0,100.0,100.0,100.0,100.0,100.0,100.0,100.0,100.0,100.0,100.0,100.0,100.0,100.0,100.0,100.0,100.0,100.0,100.0,100.0,100.0,100.0,100.0,100.0,100.0,100.0,100.0,100.0,100.0,100.0,100.0,100.0,100.0,100.0,100.0,100.0,100.0,100.0,100.0
kpi_resolution_stability_norm,4.303535113616246,4.303535113616246,4.303535113616246,4.303535113616246,4.303535113616246,4.303535113616246,4.303535113616246,4.303535113616246,4.303535113616246,4.303535113616246,4.303535113616246,4.303535113616246,4.303535113616246,4.303535113616246,4.303535113616246,4.303535113616246,4.303535113616246,4.303535113616246,4.303535113616246,4.303535113616246,4.303535113616246,4.303535113616246,4.303535113616246,4.303535113616246,4.303535113616246,4.303535113616246,4.303535113616246,4.303535113616246,4.303535113616246,4.303535113616246,4.303535113616246,4.303535113616246,4.303535113616246,4.303535113616246,4.303535113616246,4.303535113616246,4.303535113616246,4.303535113616246,4.303535113616246,4.303535113616246,4.303535113616246,4.303535113616246,4.303535113616246,4.303535113616246,4.303535113616246,4.303535113616246,4.303535113616246,4.303535113616246,4.303535113616246,4.303535113616246,4.303535113616246,4.303535113616246,4.303535113616246,4.303535113616246,4.303535113616246,4.303535113616246,4.303535113616246,4.303535113616246,4.303535113616246,4.303535113616246,4.303535113616246,4.303535113616246,4.303535113616246,4.303535113616246,4.303535113616246,4.303535113616246,4.303535113616246,4.303535113616246,4.303535113616246,4.303535113616246,4.303535113616246,4.303535113616246
max_resolution_percentage_norm,100.0,100.0,100.0,100.0,100.0,100.0,100.0,100.0,100.0,100.0,100.0,100.0,100.0,100.0,100.0,100.0,100.0,100.0,100.0,100.0,100.0,100.0,100.0,100.0,100.0,100.0,100.0,100.0,100.0,100.0,100.0,100.0,100.0,100.0,100.0,100.0,100.0,100.0,100.0,100.0,100.0,100.0,100.0,100.0,100.0,100.0,100.0,100.0,100.0,100.0,100.0,100.0,100.0,100.0,100.0,100.0,100.0,100.0,100.0,100.0,100.0,100.0,100.0,100.0,100.0,100.0,100.0,100.0,100.0,100.0,100.0,100.0
kpi_fps_stability,5,5,5,5,5,5,5,5,5,5,5,5,5,5,5,5,5,5,5,5,5,5,5,5,5,5,5,5,5,5,5,5,5,5,5,5,5,5,5,5,4.59543356514211,4.233712451884842,3.6845544733114513,3.9938242084800133,4.429715418300614,3.900283497761082,4.429715418300614,5,5,5,4.542982187053405,3.9938242084800133,3.9938242084800133,4.645444442750246,4.978873396874005,4.8250342659265355,4.978873396874005,5,5,5,5,5,5,5,5,5,5,5,5,5,5,5
kpi_q_audio,1,1,1,1,1,1,1,1,1,1,1,1,1,1,1,1,1,1,1,1,1,1,1,1,1,1,1,1,1,1,1,1,1,1,1,1,1,5,3,5,5,5,5,5,5,5,5,4,4,5,5,5,5,5,5,5,5,5,5,5,5,5,4,4,2,4,4,4,4,3,1,4
kpi_q_video,1.5142857142857142,1.6285714285714286,1.5142857142857142,1.5142857142857142,1.7428571428571429,1.6285714285714286,1.7428571428571429,1.6857142857142855,1.457142857142857,1.4,1.4,1.5142857142857142,1.5714285714285714,1.7428571428571429,1.6857142857142855,1.7428571428571429,1.6285714285714286,1.5142857142857142,1.4,1.4,1.5142857142857142,1.5714285714285714,1.7428571428571429,1.6285714285714286,1.4,1.5142857142857142,1.6857142857142855,1.5714285714285714,1.457142857142857,1.4,1.457142857142857,1.4,1.4,1.457142857142857,1.5142857142857142,1.5142857142857142
qoe_simple_normal,3.1043310203846857,3.2188291860441756,3.687138632024316,3.1825973710850177,3.1575826559101148,3.138535036862496,3.0823750163622017,3.1042254678456196,3.0347559687431542,3.0252321592193443,3.0566064202265717,3.236282525277493,3.2339164658286372,3.2463062618076406,3.1980337483056043,3.1940598946796896,3.1750122756320707,3.1559646565844517,3.1369170375368323,3.1369170375368323,3.1280463843099526,3.198543367087762,3.2392738946389854,3.1962908623756507,3.1510726433276663,3.157342183737312,3.2114795076884923,3.1924318886408733,3.6786334079951835,3.1497550735491937,3.1592788830730036,3.6693270797116297,3.6688407917440564,3.67851163114409,3.68798653944055,3.687937529460305
qoe_simple_smooth,3.023378639432304,3.1569244241394134,3.6061862510719354,3.101644990132637,3.114725513052972,3.0766302749577332,3.0395178735050585,3.051844515464667,2.9442797782669636,2.9252321592193447,2.956606420226572,3.1553301443251116,3.1624878944000656,3.203449118950497,3.145652795924651,3.1512027518225465,3.1131075137273085,3.0750122756320706,3.0369170375368326,3.0369170375368326,3.0470940033575715,3.1271147956591907,3.196416751781842,3.134386100470888,3.0510726433276667,3.076389802784931,3.1590985553075392,3.1210033172123013,3.5881572175189933,3.049755073549194,3.068802692596813,3.56932707971163,3.5688407917440568,3.5880354406679,3.6070341584881693,3.6069851485079245
