bweforvideo-googAvailableReceiveBandwidth,0.0,0.0,0.0,0.0,0.0,0.0,0.0,0.0,0.0,0.0,0.0,0.0,0.0,0.0,0.0,0.0,0.0,0.0,0.0,0.0,0.0,0.0,0.0,0.0,0.0,0.0,0.0,0.0,0.0,0.0,0.0,0.0,0.0,0.0,0.0,0.0,0.0,0.0,0.0,0.0,0.0,0.0,0.0,0.0,0.0,0.0,0.0,0.0,0.0,0.0,0.0,0.0,0.0,0.0,0.0,0.0,0.0,0.0,0.0,0.0,0.0,0.0,0.0,0.0,0.0,0.0,0.0,0.0,0.0,0.0,0.0,0.0,0.0,0.0,0.0,0.0,0.0,0.0,0.0,0.0,0.0,0.0,0.0,0.0,0.0,0.0,0.0,0.0,0.0,0.0,0.0,0.0,0.0,0.0,0.0,0.0,0.0,0.0,0.0,0.0,0.0,0.0,0.0,0.0,0.0,0.0,0.0,0.0,0.0,0.0,0.0,0.0,0.0,0.0,0.0,0.0,0.0,0.0,0.0,0.0,0.0,0.0,0.0,0.0,0.0,0.0,0.0,0.0,0.0,0.0,0.0,0.0,0.0,0.0,0.0,0.0,0.0,0.0,0.0,0.0,0.0,0.0,0.0,0.0,0.0,0.0,0.0,0.0,0.0,0.0,0.0,0.0,0.0,0.0,0.0,0.0,0.0,0.0,0.0,0.0,0.0,0.0,0.0
bweforvideo-googAvailableSendBandwidth,300000.0,300000.0,300000.0,300000.0,301000.0,237611.0,240611.0,241265.0,241369.0,196279.0,197279.0,206279.0,223781.0,242683.0,250558.0,262773.0,278079.0,292428.0,206345.0,148576.0,160345.0,174173.0,189107.0,137923.0,140924.0,152428.0,165622.0,178120.0,141553.0,151087.0,96255.0,96255.0,68190.0,68190.0,74129.0,80998.0,49268.0,49472.0,52585.0,57172.0,62746.0,68766.0,75267.0,82288.0,89871.0,98061.0,106906.0,116458.0,126775.0,137917.0,148860.0,85825.0,93691.0,102186.0,111361.0,121270.0,131972.0,143530.0,156012.0,167857.0,182286.0,197869.0,214699.0,232875.0,250167.0,129683.0,129683.0,119460.0,130017.0,141418.0,153731.0,167029.0,181391.0,196902.0,213654.0,231746.0,251286.0,272389.0,295180.0,319794.0,208426.0,170748.0,185408.0,300000.0,300000.0,301000.0,239699.0,222686.0,225418.0,227363.0,227224.0,227224.0,227852.0,231789.0,179087.0,191087.0,207374.0,224964.0,243961.0,264478.0,286636.0,195355.0,211311.0,136296.0,136296.0,147174.0,104009.0,108448.0,117558.0,127963.0,139200.0,151336.0,164443.0,178598.0,192905.0,145551.0,101365.0,102130.0,110879.0,120098.0,130514.0,141955.0,154311.0,167656.0,179570.0,194936.0,210941.0,228816.0,248121.0,268971.0,291489.0,175568.0,179160.0,194493.0,211052.0,228936.0,248251.0,269111.0,291640.0,309815.0,335600.0,197861.0,197861.0,214690.0,232865.0,252494.0,273694.0,296590.0,203181.0,220435.0,239070.0,259196.0,280932.0,304407.0,329760.0,357141.0,189723.0,189723.0,205901.0,223373.0,242243.0,262622.0,284632.0
bweforvideo-googBucketDelay,0.0,0.0,0.0,0.0,106.0,6.0,6.0,0.0,0.0,0.0,0.0,0.0,0.0,0.0,1.0,0.0,1.0,1.0,1.0,2.0,1.0,0.0,1.0,1.0,2.0,0.0,0.0,2.0,0.0,0.0,1.0,0.0,1.0,2.0,0.0,2.0,0.0,1.0,1.0,3.0,3.0,3.0,1.0,3.0,3.0,1.0,1.0,1.0,0.0,3.0,3.0,1.0,3.0,3.0,1.0,3.0,1.0,3.0,1.0,1.0,4.0,1.0,1.0,0.0,3.0,1.0,1.0,4.0,1.0,1.0,1.0,0.0,4.0,0.0,1.0,1.0,4.0,1.0,1.0,4.0,0.0,1.0,21.0,0.0,0.0,0.0,5.0,0.0,0.0,0.0,0.0,0.0,0.0,0.0,3.0,0.0,0.0,0.0,0.0,4.0,0.0,0.0,3.0,0.0,0.0,0.0,0.0,0.0,0.0,0.0,4.0,0.0,4.0,0.0,0.0,0.0,0.0,0.0,0.0,4.0,0.0,0.0,0.0,0.0,0.0,0.0,0.0,0.0,0.0,0.0,0.0,0.0,0.0,0.0,4.0,0.0,5.0,0.0,0.0,0.0,0.0,0.0,5.0,0.0,0.0,0.0,0.0,0.0,0.0,0.0,0.0,0.0,0.0,0.0,0.0,0.0,0.0,0.0,0.0,0.0,0.0,0.0,0.0
timestamp,1544722354,1544722355,1544722356,1544722357,1544722358,1544722359,1544722360,1544722361,1544722362,1544722363,1544722364,1544722365,1544722366,1544722367,1544722368,1544722369,1544722370,1544722371,1544722372,1544722373,1544722374,1544722375,1544722376,1544722377,1544722378,1544722379,1544722380,1544722381,1544722382,1544722383,1544722384,1544722385,1544722386,1544722387,1544722388,1544722389,1544722390,1544722391,1544722392,1544722393,1544722394,1544722395,1544722396,1544722397,1544722398,1544722399,1544722400,1544722401,1544722402,1544722403,1544722404,1544722405,1544722406,1544722407,1544722408,1544722409,1544722410,1544722411,1544722412,1544722413,1544722414,1544722415,1544722416,1544722417,1544722418,1544722419,1544722420,1544722421,1544722422,1544722423,1544722424,1544722425,1544722426,1544722427,1544722428,1544722429,1544722430,1544722431,1544722432,1544722433,1544722434,1544722435,1544722436,1544722357,1544722358,1544722359,1544722360,1544722361,1544722362,1544722363,1544722364,1544722365,1544722366,1544722367,1544722368,1544722369,1544722370,1544722371,1544722372,1544722373,1544722374,1544722375,1544722376,1544722377,1544722378,1544722379,1544722380,1544722381,1544722382,1544722383,1544722384,1544722385,1544722386,1544722387,1544722388,1544722389,1544722390,1544722391,1544722392,1544722393,1544722394,1544722395,1544722396,1544722397,1544722398,1544722399,1544722400,1544722401,1544722402,1544722403,1544722404,1544722405,1544722406,1544722407,1544722408,1544722409,1544722410,1544722411,1544722412,1544722413,1544722414,1544722415,1544722416,1544722417,1544722418,1544722419,1544722420,1544722421,1544722422,1544722423,1544722424,1544722425,1544722426,1544722427,1544722428,1544722429,1544722430,1544722431,1544722432,1544722433,1544722434,1544722435,1544722436
audio_bitsReceivedPerSecond,-1,-1,-1,-1,0.0,294408.0,266480.0,307864.0,300416.0,366817.1828171828,372172.17217217217,283352.0,257734.26573426573,268596.5965965966,272087.9120879121,223951.95195195195,245410.5894105894,275347.34734734736,289712.0,262088.0,265808.0,246568.0,176912.0,263784.0,176199.8001998002,170738.73873873873,133904.0,139592.0,150305.6943056943,162418.4184184184,171216.0,178560.0,196472.0,204120.0,220635.36463536465,197045.04504504506,126128.0,136952.0,143472.0,153742.25774225773,164072.0,169049.04904904906,188048.0,190624.0,218648.0,225696.0,249064.0,261848.0,261040.0,312568.0,236952.0,280103.8961038961,233881.88188188188,224752.0,260024.0,256576.0,293088.0,298008.0,298400.0,354408.0,242509.4905094905,346816.0,250658.65865865865,242720.0,270640.0,269728.0,326424.0,294216.0,258040.0,281848.0,261592.0,267832.0,301128.0,318800.0,369928.0,238008.0,355344.0,225608.0,238720.0,253368.0,270896.0,270592.0,313368.0,-1,-1,0.0,366245.55461473326,333053.63528009533,345027.5229357798,316272.0,366502.5025025025,273568.0,227464.0,255440.0,365040.0,295384.0,293792.0,320456.0,307424.0,269448.0,223952.0,237618.38161838162,244673.34669338676,247648.35164835164,231312.0,172424.0,189552.0,191920.0,212048.0,206056.0,204448.0,164776.0,126416.0,123448.0,102808.0,101536.0,120872.0,108896.0,77008.0,100816.0,89568.0,92556.55655655656,103928.07192807193,117957.95795795796,107200.0,114813.18681318681,127896.0,135056.0,154192.0,153648.0,175824.0,171648.0,149696.0,159512.0,156424.0,163872.0,155307.30730730732,163316.6833166833,170280.0,165848.0,196968.0,208184.0,223456.0,257560.0,248200.0,268016.0,205872.0,245416.0,185856.0,181458.54145854147,200088.0880880881,201416.0,222608.0,236216.0,244752.0,253984.0,264831.16883116885,302849.15084915084,287799.5991983968,271384.0,341016.0,230088.0,302486.4864864865
audio_bitsSentPerSecond,-1,-1,-1,-1,0.0,357880.0,275864.0,296176.0,412304.0,266637.3626373626,216792.79279279278,238936.0,251516.4835164835,345401.4014014014,301786.2137862138,283811.8118118118,319984.015984016,314082.0820820821,283704.0,234072.0,215544.0,259192.0,245504.0,241584.0,178789.2107892108,182582.58258258257,190264.0,205928.0,216031.96803196802,197485.4854854855,195192.0,119584.0,141792.0,88744.0,100691.30869130869,113761.76176176177,119280.0,81848.0,105312.0,81342.65734265734,90752.0,107291.29129129129,109488.0,111320.0,111912.0,124448.0,132728.0,151520.0,147936.0,171040.0,179368.0,155500.4995004995,155267.26726726728,157120.0,166568.0,148272.0,165416.0,166992.0,166456.0,189648.0,196995.004995005,234656.0,241457.45745745747,258168.0,264392.0,262176.0,204304.0,184784.0,185976.0,193776.0,195232.0,226040.0,223984.0,253040.0,257584.0,250256.0,289352.0,296648.0,265664.0,320032.0,321504.0,249088.0,257672.0,-1,-1,0.0,304806.0965283658,257144.21930870082,269104.99490316,377808.0,254278.27827827827,253888.0,260392.0,257640.0,315680.0,215416.0,241040.0,247576.0,267560.0,278920.0,284136.0,247056.94305694307,252192.3847695391,234453.54645354644,200384.0,157312.0,160256.0,136248.0,140704.0,157600.0,161520.0,174368.0,177584.0,205232.0,209104.0,210832.0,187080.0,119016.0,138256.0,148616.0,158496.0,166046.04604604605,170421.57842157842,192368.36836836836,192792.0,220699.3006993007,237664.0,244312.0,259520.0,283656.0,315568.0,269528.0,222504.0,237016.0,225888.0,260832.0,268452.45245245245,286681.31868131866,295520.0,320592.0,361712.0,315088.0,235056.0,260216.0,242080.0,273832.0,292216.0,313552.0,277560.0,260827.17282717282,276548.54854854854,274736.0,268768.0,313064.0,326024.0,372184.0,296063.93606393604,257694.3056943057,225258.51703406815,245528.0,258856.0,279208.0,271055.05505505507
audio_packetsSentPerSecond,-1,-1,-1,-1,0.0,114.0,102.0,107.0,128.0,101.8981018981019,96.09609609609609,102.0,102.8971028971029,114.11411411411412,131.86813186813185,133.13313313313313,131.86813186813185,132.13213213213214,136.0,130.0,127.0,127.0,127.0,131.0,125.87412587412588,123.12312312312312,125.0,128.0,130.86913086913086,124.12412412412412,120.0,97.0,115.0,89.0,99.9000999000999,118.11811811811812,107.0,78.0,88.0,94.9050949050949,118.0,120.12012012012012,119.0,119.0,120.0,122.0,119.0,125.0,122.0,124.0,124.0,120.87912087912088,119.11911911911912,121.0,125.0,121.0,127.0,123.0,127.0,125.0,126.87312687312688,133.0,132.13213213213214,131.0,132.0,134.0,125.0,122.0,125.0,125.0,125.0,129.0,129.0,130.0,131.0,128.0,132.0,133.0,132.0,131.0,132.0,130.0,127.0,-1,-1,0.0,109.22946655376799,101.31108462455303,102.95616717635066,123.0,106.10610610610611,104.0,104.0,104.0,112.0,110.0,118.0,121.0,126.0,135.0,132.0,129.87012987012986,130.26052104208418,129.87012987012986,125.0,110.0,111.0,121.0,123.0,124.0,124.0,125.0,125.0,126.0,129.0,126.0,120.0,110.0,123.0,122.0,125.0,126.12612612612612,123.87612387612387,126.12612612612612,129.0,130.86913086913086,132.0,131.0,133.0,132.0,132.0,126.0,129.0,129.0,130.0,133.0,135.13513513513513,132.86713286713288,132.0,132.0,134.0,131.0,129.0,134.0,131.0,132.0,130.0,133.0,132.0,130.86913086913086,134.13413413413414,135.0,132.0,132.0,133.0,132.0,131.86813186813185,130.86913086913086,130.26052104208418,132.0,131.0,131.0,132.13213213213214
audio_googLocalAddress,-1,-1,-1,-1,10.164.0.11:40194,10.164.0.11:40194,10.164.0.11:40194,10.164.0.11:40194,10.164.0.11:40194,10.164.0.11:40194,10.164.0.11:40194,10.164.0.11:40194,10.164.0.11:40194,10.164.0.11:40194,10.164.0.11:40194,10.164.0.11:40194,10.164.0.11:40194,10.164.0.11:40194,10.164.0.11:40194,10.164.0.11:40194,10.164.0.11:40194,10.164.0.11:40194,10.164.0.11:40194,10.164.0.11:40194,10.164.0.11:40194,10.164.0.11:40194,10.164.0.11:40194,10.164.0.11:40194,10.164.0.11:40194,10.164.0.11:40194,10.164.0.11:40194,10.164.0.11:40194,10.164.0.11:40194,10.164.0.11:40194,10.164.0.11:40194,10.164.0.11:40194,10.164.0.11:40194,10.164.0.11:40194,10.164.0.11:40194,10.164.0.11:40194,10.164.0.11:40194,10.164.0.11:40194,10.164.0.11:40194,10.164.0.11:40194,10.164.0.11:40194,10.164.0.11:40194,10.164.0.11:40194,10.164.0.11:40194,10.164.0.11:40194,10.164.0.11:40194,10.164.0.11:40194,10.164.0.11:40194,10.164.0.11:40194,10.164.0.11:40194,10.164.0.11:40194,10.164.0.11:40194,10.164.0.11:40194,10.164.0.11:40194,10.164.0.11:40194,10.164.0.11:40194,10.164.0.11:40194,10.164.0.11:40194,10.164.0.11:40194,10.164.0.11:40194,10.164.0.11:40194,10.164.0.11:40194,10.164.0.11:40194,10.164.0.11:40194,10.164.0.11:40194,10.164.0.11:40194,10.164.0.11:40194,10.164.0.11:40194,10.164.0.11:40194,10.164.0.11:40194,10.164.0.11:40194,10.164.0.11:40194,10.164.0.11:40194,10.164.0.11:40194,10.164.0.11:40194,10.164.0.11:40194,10.164.0.11:40194,10.164.0.11:40194,10.164.0.11:40194,-1,-1,10.164.0.12:35235,10.164.0.12:35235,10.164.0.12:35235,10.164.0.12:35235,10.164.0.12:35235,10.164.0.12:35235,10.164.0.12:35235,10.164.0.12:35235,10.164.0.12:35235,10.164.0.12:35235,10.164.0.12:35235,10.164.0.12:35235,10.164.0.12:35235,10.164.0.12:35235,10.164.0.12:35235,10.164.0.12:35235,10.164.0.12:35235,10.164.0.12:35235,10.164.0.12:35235,10.164.0.12:35235,10.164.0.12:35235,10.164.0.12:35235,10.164.0.12:35235,10.164.0.12:35235,10.164.0.12:35235,10.164.0.12:35235,10.164.0.12:35235,10.164.0.12:35235,10.164.0.12:35235,10.164.0.12:35235,10.164.0.12:35235,10.164.0.12:35235,10.164.0.12:35235,10.164.0.12:35235,10.164.0.12:35235,10.164.0.12:35235,10.164.0.12:35235,10.164.0.12:35235,10.164.0.12:35235,10.164.0.12:35235,10.164.0.12:35235,10.164.0.12:35235,10.164.0.12:35235,10.164.0.12:35235,10.164.0.12:35235,10.164.0.12:35235,10.164.0.12:35235,10.164.0.12:35235,10.164.0.12:35235,10.164.0.12:35235,10.164.0.12:35235,10.164.0.12:35235,10.164.0.12:35235,10.164.0.12:35235,10.164.0.12:35235,10.164.0.12:35235,10.164.0.12:35235,10.164.0.12:35235,10.164.0.12:35235,10.164.0.12:35235,10.164.0.12:35235,10.164.0.12:35235,10.164.0.12:35235,10.164.0.12:35235,10.164.0.12:35235,10.164.0.12:35235,10.164.0.12:35235,10.164.0.12:35235,10.164.0.12:35235,10.164.0.12:35235,10.164.0.12:35235,10.164.0.12:35235,10.164.0.12:35235,10.164.0.12:35235,10.164.0.12:35235,10.164.0.12:35235,10.164.0.12:35235,10.164.0.12:35235
audio_googRemoteAddress,-1,-1,-1,-1,10.164.0.12:35235,10.164.0.12:35235,10.164.0.12:35235,10.164.0.12:35235,10.164.0.12:35235,10.164.0.12:35235,10.164.0.12:35235,10.164.0.12:35235,10.164.0.12:35235,10.164.0.12:35235,10.164.0.12:35235,10.164.0.12:35235,10.164.0.12:35235,10.164.0.12:35235,10.164.0.12:35235,10.164.0.12:35235,10.164.0.12:35235,10.164.0.12:35235,10.164.0.12:35235,10.164.0.12:35235,10.164.0.12:35235,10.164.0.12:35235,10.164.0.12:35235,10.164.0.12:35235,10.164.0.12:35235,10.164.0.12:35235,10.164.0.12:35235,10.164.0.12:35235,10.164.0.12:35235,10.164.0.12:35235,10.164.0.12:35235,10.164.0.12:35235,10.164.0.12:35235,10.164.0.12:35235,10.164.0.12:35235,10.164.0.12:35235,10.164.0.12:35235,10.164.0.12:35235,10.164.0.12:35235,10.164.0.12:35235,10.164.0.12:35235,10.164.0.12:35235,10.164.0.12:35235,10.164.0.12:35235,10.164.0.12:35235,10.164.0.12:35235,10.164.0.12:35235,10.164.0.12:35235,10.164.0.12:35235,10.164.0.12:35235,10.164.0.12:35235,10.164.0.12:35235,10.164.0.12:35235,10.164.0.12:35235,10.164.0.12:35235,10.164.0.12:35235,10.164.0.12:35235,10.164.0.12:35235,10.164.0.12:35235,10.164.0.12:35235,10.164.0.12:35235,10.164.0.12:35235,10.164.0.12:35235,10.164.0.12:35235,10.164.0.12:35235,10.164.0.12:35235,10.164.0.12:35235,10.164.0.12:35235,10.164.0.12:35235,10.164.0.12:35235,10.164.0.12:35235,10.164.0.12:35235,10.164.0.12:35235,10.164.0.12:35235,10.164.0.12:35235,10.164.0.12:35235,10.164.0.12:35235,10.164.0.12:35235,10.164.0.12:35235,-1,-1,10.164.0.11:40194,10.164.0.11:40194,10.164.0.11:40194,10.164.0.11:40194,10.164.0.11:40194,10.164.0.11:40194,10.164.0.11:40194,10.164.0.11:40194,10.164.0.11:40194,10.164.0.11:40194,10.164.0.11:40194,10.164.0.11:40194,10.164.0.11:40194,10.164.0.11:40194,10.164.0.11:40194,10.164.0.11:40194,10.164.0.11:40194,10.164.0.11:40194,10.164.0.11:40194,10.164.0.11:40194,10.164.0.11:40194,10.164.0.11:40194,10.164.0.11:40194,10.164.0.11:40194,10.164.0.11:40194,10.164.0.11:40194,10.164.0.11:40194,10.164.0.11:40194,10.164.0.11:40194,10.164.0.11:40194,10.164.0.11:40194,10.164.0.11:40194,10.164.0.11:40194,10.164.0.11:40194,10.164.0.11:40194,10.164.0.11:40194,10.164.0.11:40194,10.164.0.11:40194,10.164.0.11:40194,10.164.0.11:40194,10.164.0.11:40194,10.164.0.11:40194,10.164.0.11:40194,10.164.0.11:40194,10.164.0.11:40194,10.164.0.11:40194,10.164.0.11:40194,10.164.0.11:40194,10.164.0.11:40194,10.164.0.11:40194,10.164.0.11:40194,10.164.0.11:40194,10.164.0.11:40194,10.164.0.11:40194,10.164.0.11:40194,10.164.0.11:40194,10.164.0.11:40194,10.164.0.11:40194,10.164.0.11:40194,10.164.0.11:40194,10.164.0.11:40194,10.164.0.11:40194,10.164.0.11:40194,10.164.0.11:40194,10.164.0.11:40194,10.164.0.11:40194,10.164.0.11:40194,10.164.0.11:40194,10.164.0.11:40194,10.164.0.11:40194,10.164.0.11:40194,10.164.0.11:40194,10.164.0.11:40194,10.164.0.11:40194,10.164.0.11:40194,10.164.0.11:40194,10.164.0.11:40194,10.164.0.11:40194
audio_googRtt,-1,-1,-1,-1,55.0,156.0,156.0,644.0,700.0,700.0,621.0,621.0,465.0,465.0,465.0,349.0,349.0,262.0,262.0,262.0,225.0,225.0,225.0,242.0,242.0,232.0,232.0,174.0,174.0,174.0,130.0,130.0,148.0,148.0,148.0,163.0,163.0,122.0,122.0,122.0,91.0,91.0,68.0,68.0,68.0,51.0,51.0,38.0,38.0,38.0,93.0,93.0,70.0,70.0,70.0,52.0,52.0,39.0,39.0,39.0,92.0,92.0,69.0,69.0,69.0,52.0,52.0,39.0,39.0,39.0,29.0,29.0,22.0,22.0,22.0,86.0,86.0,64.0,64.0,64.0,48.0,48.0,36.0,-1,-1,99.0,99.0,378.0,688.0,688.0,688.0,655.0,655.0,491.0,491.0,368.0,368.0,368.0,276.0,276.0,218.0,218.0,218.0,223.0,223.0,167.0,167.0,167.0,125.0,125.0,94.0,94.0,94.0,70.0,70.0,53.0,53.0,53.0,40.0,40.0,30.0,30.0,30.0,22.0,22.0,16.0,16.0,16.0,12.0,12.0,9.0,9.0,9.0,7.0,7.0,5.0,5.0,5.0,4.0,4.0,3.0,3.0,3.0,2.0,2.0,1.0,1.0,1.0,16.0,16.0,12.0,12.0,12.0,9.0,9.0,7.0,7.0,7.0,5.0,5.0,4.0,4.0,4.0
audio_send_bitsSentPerSecond,0.0,0.0,0.0,0.0,7712.0,25040.0,25208.0,25184.0,25144.0,25030.96903096903,25337.337337337336,24368.0,24703.296703296703,24480.48048048048,24863.136863136864,24792.792792792792,24799.2007992008,21117.117117117115,17968.0,25272.0,40400.0,41208.0,37616.0,20832.0,17062.937062937064,19755.755755755756,18336.0,20792.0,27220.77922077922,23335.335335335334,30616.0,18504.0,19576.0,20168.0,20339.66033966034,19739.73973973974,19584.0,27176.0,19072.0,20235.764235764236,20336.0,20108.108108108107,26784.0,21072.0,16720.0,16720.0,16720.0,24760.0,29280.0,27840.0,28504.0,26053.946053946052,36836.83683683684,39184.0,40400.0,21088.0,16720.0,16720.0,16720.0,16720.0,16703.296703296703,16720.0,16736.736736736737,16904.0,16536.0,16720.0,17968.0,25928.0,39288.0,40400.0,40400.0,41208.0,39592.0,41208.0,39592.0,31120.0,30632.0,20280.0,16720.0,16720.0,16904.0,24416.0,39992.0,0.0,0.0,15960.0,24311.600338696022,25907.03218116806,25141.692150866464,26288.0,16736.736736736737,16720.0,16720.0,16720.0,16720.0,16720.0,16720.0,16720.0,16720.0,16720.0,16720.0,16703.296703296703,17306.613226452904,13178.82117882118,14952.0,16720.0,16720.0,16720.0,15192.0,16520.0,16496.0,15856.0,16720.0,16720.0,16720.0,16720.0,16720.0,16720.0,16720.0,16720.0,16720.0,16736.736736736737,15912.087912087913,16392.392392392394,13936.0,13290.70929070929,14040.0,15584.0,14688.0,15144.0,15208.0,14456.0,15624.0,15640.0,16312.0,15608.0,14430.43043043043,13306.693306693307,13256.0,12696.0,13376.0,12696.0,10720.0,9200.0,9200.0,9200.0,12416.0,15648.0,15648.0,15624.375624375625,15735.735735735736,15352.0,15360.0,15472.0,15408.0,15864.0,14457.542457542457,10541.458541458542,10629.258517034068,9200.0,9200.0,12368.0,15495.495495495496
audio_send_packetsSentPerSecond,0.0,0.0,0.0,0.0,16.0,50.0,50.0,50.0,50.0,49.95004995004995,50.050050050050054,50.0,50.94905094905095,49.049049049049046,49.95004995004995,50.050050050050054,49.95004995004995,50.050050050050054,50.0,50.0,50.0,51.0,49.0,50.0,49.95004995004995,51.051051051051054,50.0,49.0,50.94905094905095,50.050050050050054,49.0,51.0,49.0,50.0,50.94905094905095,49.049049049049046,51.0,49.0,50.0,49.95004995004995,50.0,51.051051051051054,49.0,50.0,50.0,50.0,50.0,50.0,51.0,49.0,50.0,49.95004995004995,50.050050050050054,50.0,50.0,50.0,50.0,50.0,50.0,50.0,49.95004995004995,50.0,50.050050050050054,51.0,49.0,50.0,50.0,51.0,49.0,50.0,50.0,51.0,49.0,51.0,49.0,50.0,51.0,49.0,50.0,50.0,51.0,49.0,50.0,0.0,0.0,30.0,49.11092294665538,51.25148986889154,49.94903160040775,50.0,50.050050050050054,50.0,50.0,50.0,50.0,50.0,50.0,50.0,50.0,50.0,50.0,49.95004995004995,50.100200400801604,49.95004995004995,50.0,50.0,50.0,50.0,50.0,50.0,50.0,50.0,50.0,50.0,50.0,50.0,50.0,50.0,50.0,50.0,50.0,50.050050050050054,49.95004995004995,50.050050050050054,50.0,49.95004995004995,50.0,50.0,50.0,50.0,50.0,50.0,50.0,50.0,50.0,50.0,50.050050050050054,49.95004995004995,50.0,50.0,50.0,50.0,50.0,50.0,50.0,50.0,50.0,50.0,50.0,49.95004995004995,50.050050050050054,50.0,50.0,50.0,50.0,50.0,49.95004995004995,49.95004995004995,50.100200400801604,50.0,50.0,50.0,50.050050050050054
video_send_bitsSentPerSecond,0.0,0.0,0.0,0.0,216024.0,322856.0,241360.0,260976.0,375976.0,231472.52747252746,182598.5985985986,204232.0,216887.1128871129,316388.3883883884,261546.45354645356,247567.56756756757,284443.55644355644,281913.9139139139,254296.0,198304.0,165432.0,211592.0,195864.0,209952.0,152455.54445554444,157413.41341341342,164320.0,171352.0,178373.62637362638,168560.56056056055,152352.0,93624.0,114744.0,63376.0,74245.75424575424,86558.55855855856,92448.0,49136.0,80560.0,55896.103896103894,63376.0,80968.96896896897,74832.0,82888.0,87800.0,99744.0,109304.0,117688.0,112720.0,132544.0,142576.0,121966.03396603397,111063.06306306306,110240.0,117368.0,119632.0,139224.0,141824.0,140552.0,164368.0,170189.8101898102,206672.0,213845.84584584585,233688.0,233096.0,233664.0,177456.0,153632.0,135288.0,144304.0,146240.0,174944.0,174200.0,201976.0,206824.0,209472.0,252120.0,260296.0,237552.0,292176.0,297568.0,210344.0,207888.0,0.0,0.0,312408.0,269439.45808636746,222064.36233611443,234226.2996941896,340544.0,227419.41941941943,227248.0,234280.0,230760.0,289232.0,192744.0,210944.0,219736.0,240168.0,250600.0,256872.0,219708.2917082917,224064.12825651304,210869.13086913087,176520.0,134752.0,132992.0,111656.0,117336.0,132568.0,138912.0,147424.0,151808.0,182536.0,182616.0,182592.0,160856.0,98208.0,113000.0,122808.0,133328.0,139699.6996996997,146261.73826173827,169865.86586586587,168376.0,193606.3936063936,212760.0,217896.0,233232.0,257504.0,289192.0,246208.0,196688.0,211248.0,198776.0,233992.0,246262.26226226226,257814.18581418582,271096.0,296984.0,336272.0,291368.0,213872.0,239224.0,222272.0,253496.0,270072.0,286016.0,250776.0,234413.58641358642,252892.89289289288,244032.0,242608.0,286424.0,299672.0,345488.0,270529.47052947053,236299.7002997003,204112.2244488978,225160.0,238824.0,256264.0,244444.44444444444
video_send_packetsLost,0.0,0.0,0.0,0.0,0.0,0.0,0.0,0.0,0.0,0.0,0.0,0.0,0.0,0.0,0.0,0.0,0.0,0.0,0.0,0.0,0.0,0.0,0.0,0.0,0.0,0.0,0.0,0.0,0.0,0.0,0.0,0.0,0.0,0.0,0.0,0.0,0.0,0.0,0.0,0.0,0.0,0.0,0.0,0.0,0.0,0.0,0.0,0.0,0.0,0.0,0.0,0.0,0.0,0.0,0.0,0.0,0.0,0.0,0.0,0.0,0.0,0.0,0.0,0.0,0.0,0.0,0.0,0.0,0.0,0.0,0.0,0.0,0.0,0.0,0.0,0.0,0.0,0.0,0.0,0.0,0.0,0.0,0.0,0.0,0.0,0.0,0.0,0.0,0.0,0.0,0.0,0.0,0.0,0.0,0.0,0.0,0.0,0.0,0.0,0.0,0.0,0.0,0.0,0.0,0.0,0.0,0.0,0.0,0.0,0.0,0.0,0.0,0.0,0.0,0.0,0.0,0.0,0.0,0.0,0.0,0.0,0.0,0.0,0.0,0.0,0.0,0.0,0.0,0.0,0.0,0.0,0.0,0.0,0.0,0.0,0.0,0.0,0.0,0.0,0.0,0.0,0.0,0.0,0.0,0.0,0.0,0.0,0.0,0.0,0.0,0.0,0.0,0.0,0.0,0.0,0.0,0.0,0.0,0.0,0.0,0.0,0.0,0.0
video_send_packetsSentPerSecond,0.0,0.0,0.0,0.0,28.0,44.0,33.0,35.0,55.0,29.97002997002997,27.027027027027028,30.0,29.97002997002997,48.048048048048045,58.94105894105894,60.06006006006006,59.94005994005994,60.06006006006006,63.0,60.0,60.0,61.0,60.0,60.0,59.94005994005994,60.06006006006006,60.0,59.0,60.93906093906094,60.06006006006006,54.0,34.0,55.0,32.0,40.95904095904096,59.05905905905906,45.0,21.0,31.0,38.96103896103896,60.0,61.06106106106106,60.0,59.0,60.0,61.0,60.0,60.0,60.0,59.0,60.0,60.93906093906094,59.05905905905906,60.0,61.0,59.0,61.0,59.0,61.0,60.0,58.94105894105894,61.0,61.06106106106106,60.0,59.0,61.0,60.0,60.0,60.0,60.0,60.0,60.0,61.0,61.0,60.0,60.0,60.0,60.0,60.0,59.0,61.0,60.0,59.0,0.0,0.0,41.0,36.40982218458933,29.797377830750893,31.600407747196737,51.0,34.034034034034036,32.0,33.0,31.0,42.0,41.0,49.0,48.0,55.0,62.0,61.0,59.94005994005994,59.11823647294589,60.93906093906094,60.0,46.0,47.0,59.0,60.0,60.0,60.0,60.0,59.0,61.0,60.0,60.0,54.0,53.0,60.0,59.0,61.0,60.06006006006006,59.94005994005994,60.06006006006006,60.0,59.94005994005994,61.0,60.0,60.0,60.0,60.0,60.0,60.0,60.0,59.0,61.0,62.06206206206206,59.94005994005994,60.0,60.0,60.0,60.0,59.0,61.0,60.0,60.0,62.0,60.0,60.0,59.94005994005994,63.06306306306306,60.0,61.0,60.0,61.0,61.0,60.93906093906094,59.94005994005994,60.120240480961925,60.0,60.0,60.0,60.06006006006006
video_send_googEncodeUsagePercent,0.0,0.0,0.0,0.0,0.0,64.0,64.0,64.0,64.0,64.0,64.0,64.0,64.0,64.0,64.0,64.0,53.0,49.0,47.0,64.0,64.0,52.0,47.0,43.0,39.0,36.0,33.0,30.0,28.0,26.0,24.0,22.0,21.0,19.0,18.0,17.0,16.0,15.0,15.0,64.0,64.0,64.0,46.0,42.0,38.0,35.0,32.0,29.0,26.0,24.0,22.0,21.0,19.0,18.0,17.0,16.0,15.0,14.0,13.0,13.0,12.0,12.0,11.0,11.0,11.0,11.0,11.0,10.0,10.0,10.0,10.0,10.0,10.0,10.0,10.0,10.0,10.0,10.0,10.0,10.0,10.0,10.0,10.0,0.0,0.0,0.0,64.0,64.0,64.0,64.0,64.0,64.0,64.0,64.0,64.0,64.0,64.0,64.0,48.0,46.0,64.0,64.0,52.0,47.0,43.0,39.0,36.0,32.0,30.0,27.0,25.0,23.0,22.0,20.0,19.0,18.0,17.0,16.0,15.0,14.0,14.0,13.0,13.0,12.0,12.0,12.0,12.0,12.0,11.0,11.0,11.0,11.0,11.0,11.0,11.0,11.0,11.0,11.0,11.0,11.0,11.0,12.0,12.0,12.0,12.0,12.0,12.0,12.0,12.0,12.0,12.0,12.0,12.0,12.0,12.0,12.0,12.0,12.0,13.0,13.0,13.0,13.0,13.0
video_send_googFrameHeightSent,0.0,0.0,0.0,0.0,720.0,720.0,720.0,720.0,540.0,540.0,540.0,540.0,540.0,360.0,360.0,360.0,360.0,360.0,270.0,270.0,270.0,270.0,270.0,270.0,270.0,270.0,270.0,270.0,270.0,270.0,270.0,270.0,270.0,270.0,270.0,270.0,270.0,270.0,180.0,180.0,180.0,180.0,180.0,180.0,180.0,180.0,180.0,180.0,180.0,180.0,180.0,180.0,180.0,180.0,180.0,180.0,180.0,180.0,180.0,180.0,180.0,180.0,180.0,180.0,180.0,180.0,180.0,180.0,180.0,180.0,180.0,180.0,180.0,180.0,180.0,180.0,180.0,180.0,180.0,180.0,180.0,180.0,180.0,0.0,0.0,720.0,720.0,720.0,720.0,540.0,540.0,540.0,540.0,540.0,360.0,360.0,360.0,360.0,360.0,270.0,270.0,270.0,270.0,270.0,270.0,270.0,270.0,270.0,270.0,270.0,270.0,270.0,270.0,270.0,270.0,270.0,270.0,270.0,270.0,270.0,270.0,270.0,270.0,270.0,270.0,270.0,270.0,270.0,270.0,270.0,270.0,270.0,270.0,270.0,270.0,270.0,270.0,270.0,270.0,270.0,270.0,270.0,270.0,270.0,270.0,270.0,270.0,270.0,270.0,270.0,270.0,270.0,270.0,270.0,270.0,270.0,270.0,270.0,270.0,270.0,270.0,270.0,270.0
video_send_googFrameRateSent,0.0,0.0,0.0,0.0,23.0,21.0,15.0,17.0,27.0,29.0,23.0,22.0,26.0,40.0,61.0,60.0,61.0,61.0,61.0,61.0,61.0,61.0,61.0,61.0,60.0,61.0,61.0,61.0,61.0,61.0,55.0,34.0,55.0,33.0,41.0,61.0,45.0,22.0,30.0,40.0,61.0,61.0,60.0,60.0,60.0,60.0,61.0,61.0,61.0,60.0,60.0,60.0,60.0,60.0,60.0,61.0,60.0,60.0,60.0,60.0,60.0,60.0,60.0,60.0,60.0,60.0,60.0,60.0,60.0,60.0,60.0,60.0,60.0,60.0,60.0,60.0,60.0,60.0,60.0,60.0,60.0,60.0,60.0,0.0,0.0,14.0,18.0,14.0,15.0,24.0,24.0,25.0,30.0,30.0,40.0,41.0,49.0,49.0,56.0,61.0,61.0,61.0,61.0,61.0,61.0,47.0,47.0,60.0,61.0,61.0,61.0,61.0,61.0,61.0,61.0,61.0,54.0,54.0,61.0,61.0,61.0,61.0,61.0,61.0,61.0,61.0,61.0,61.0,61.0,61.0,61.0,61.0,61.0,61.0,61.0,61.0,61.0,61.0,61.0,61.0,61.0,61.0,61.0,61.0,61.0,61.0,61.0,61.0,61.0,61.0,61.0,61.0,61.0,61.0,61.0,61.0,61.0,61.0,61.0,61.0,61.0,61.0,60.0
video_send_googFrameWidthSent,0.0,0.0,0.0,0.0,1280.0,1280.0,1280.0,1280.0,960.0,960.0,960.0,960.0,960.0,640.0,640.0,640.0,640.0,640.0,480.0,480.0,480.0,480.0,480.0,480.0,480.0,480.0,480.0,480.0,480.0,480.0,480.0,480.0,480.0,480.0,480.0,480.0,480.0,480.0,320.0,320.0,320.0,320.0,320.0,320.0,320.0,320.0,320.0,320.0,320.0,320.0,320.0,320.0,320.0,320.0,320.0,320.0,320.0,320.0,320.0,320.0,320.0,320.0,320.0,320.0,320.0,320.0,320.0,320.0,320.0,320.0,320.0,320.0,320.0,320.0,320.0,320.0,320.0,320.0,320.0,320.0,320.0,320.0,320.0,0.0,0.0,1280.0,1280.0,1280.0,1280.0,960.0,960.0,960.0,960.0,960.0,640.0,640.0,640.0,640.0,640.0,480.0,480.0,480.0,480.0,480.0,480.0,480.0,480.0,480.0,480.0,480.0,480.0,480.0,480.0,480.0,480.0,480.0,480.0,480.0,480.0,480.0,480.0,480.0,480.0,480.0,480.0,480.0,480.0,480.0,480.0,480.0,480.0,480.0,480.0,480.0,480.0,480.0,480.0,480.0,480.0,480.0,480.0,480.0,480.0,480.0,480.0,480.0,480.0,480.0,480.0,480.0,480.0,480.0,480.0,480.0,480.0,480.0,480.0,480.0,480.0,480.0,480.0,480.0,480.0
video_send_googRtt,0.0,0.0,0.0,0.0,0.0,0.0,0.0,0.0,1223.0,1202.0,0.0,677.0,590.0,413.0,289.0,224.0,157.0,0.0,1.0,1.0,1.0,34.0,24.0,0.0,133.0,93.0,125.0,87.0,61.0,43.0,30.0,21.0,15.0,54.0,92.0,0.0,221.0,155.0,115.0,80.0,56.0,39.0,27.0,0.0,1.0,0.0,6.0,4.0,3.0,2.0,1.0,1.0,17.0,75.0,52.0,0.0,1.0,1.0,1.0,1.0,1.0,1.0,49.0,34.0,25.0,17.0,12.0,8.0,6.0,4.0,0.0,1.0,1.0,1.0,1.0,1.0,80.0,109.0,76.0,53.0,37.0,26.0,0.0,0.0,0.0,0.0,0.0,0.0,0.0,1097.0,1092.0,1071.0,1014.0,730.0,590.0,0.0,222.0,155.0,109.0,0.0,93.0,95.0,66.0,46.0,0.0,240.0,183.0,128.0,89.0,62.0,43.0,30.0,0.0,129.0,90.0,63.0,80.0,92.0,126.0,117.0,82.0,57.0,0.0,1.0,1.0,1.0,1.0,1.0,0.0,1.0,1.0,0.0,1.0,76.0,53.0,37.0,26.0,18.0,12.0,8.0,5.0,0.0,1.0,45.0,31.0,0.0,23.0,16.0,68.0,62.0,43.0,30.0,21.0,15.0,10.0,0.0,1.0,1.0,51.0,41.0,29.0,20.0,14.0
audio_recv_bitsReceivedPerSecond,-1,-1,-1,-1,0.0,15384.0,19520.0,29152.0,28192.0,24135.864135864136,24184.184184184185,18008.0,16703.296703296703,16000.0,17438.56143856144,16736.736736736737,16703.296703296703,16736.736736736737,16720.0,16720.0,16720.0,16720.0,11296.0,17400.0,16703.296703296703,16736.736736736737,16720.0,15976.0,15768.231768231768,16688.68868868869,15448.0,16904.0,16720.0,16720.0,16703.296703296703,16552.55255255255,16904.0,16720.0,16720.0,16703.296703296703,16720.0,16024.024024024024,16520.0,15408.0,13272.0,13272.0,14848.0,15296.0,14688.0,15504.0,11984.0,18077.922077922078,15575.575575575576,15936.0,16376.0,14632.0,14472.0,12712.0,12664.0,13328.0,8159.84015984016,17344.0,9209.20920920921,9200.0,9200.0,9200.0,15584.0,15688.0,15664.0,15680.0,15592.0,15240.0,15472.0,15472.0,15368.0,12616.0,15296.0,10592.0,9896.0,9200.0,9200.0,15496.0,15488.0,0.0,0.0,4496.0,21317.52751905165,30417.163289630513,29896.024464831804,20168.0,30062.06206206206,30968.0,24024.0,25080.0,24912.0,24888.0,24328.0,25840.0,19800.0,17624.0,29480.0,40511.48851148851,40400.80160320641,38065.93406593407,16648.0,17336.0,19280.0,18160.0,25352.0,22688.0,27056.0,24584.0,20784.0,20560.0,19368.0,20360.0,19712.0,19392.0,27368.0,19240.0,20080.0,20516.516516516516,19884.115884115883,30726.726726726727,17344.0,16703.296703296703,16720.0,16904.0,28560.0,28560.0,28376.0,28376.0,26448.0,37128.0,39976.0,39792.0,16552.55255255255,16703.296703296703,16904.0,16720.0,16536.0,16720.0,16720.0,16720.0,16904.0,16536.0,11304.0,24008.0,29680.0,39328.67132867133,40432.43243243243,40424.0,41088.0,40400.0,39744.0,39272.0,27716.283716283717,34341.65834165834,16753.507014028055,16720.0,16720.0,10752.0,35451.45145145145
audio_recv_packetsReceivedPerSecond,-1,-1,-1,-1,0.0,31.0,40.0,57.0,57.0,50.94905094905095,70.07007007007007,57.0,49.95004995004995,46.046046046046044,53.946053946053944,50.050050050050054,49.95004995004995,50.050050050050054,50.0,50.0,50.0,50.0,34.0,66.0,49.95004995004995,50.050050050050054,50.0,50.0,49.95004995004995,50.050050050050054,49.0,51.0,50.0,50.0,49.95004995004995,49.049049049049046,51.0,50.0,50.0,49.95004995004995,50.0,50.050050050050054,50.0,50.0,50.0,50.0,50.0,50.0,50.0,50.0,37.0,62.93706293706294,50.050050050050054,50.0,50.0,50.0,50.0,50.0,50.0,50.0,32.967032967032964,67.0,50.050050050050054,50.0,50.0,50.0,50.0,50.0,50.0,50.0,50.0,50.0,50.0,50.0,50.0,37.0,63.0,50.0,50.0,50.0,50.0,50.0,50.0,0.0,0.0,9.0,42.337002540220155,60.786650774731825,60.142711518858306,39.0,61.06106106106106,60.0,50.0,51.0,50.0,50.0,49.0,50.0,50.0,50.0,50.0,49.95004995004995,50.100200400801604,49.95004995004995,51.0,49.0,51.0,49.0,50.0,50.0,50.0,46.0,54.0,51.0,49.0,51.0,49.0,50.0,50.0,51.0,49.0,50.050050050050054,49.95004995004995,50.050050050050054,50.0,49.95004995004995,50.0,51.0,50.0,50.0,49.0,49.0,52.0,49.0,51.0,50.0,49.049049049049046,49.95004995004995,51.0,50.0,49.0,50.0,50.0,50.0,51.0,49.0,41.0,59.0,51.0,48.95104895104895,50.050050050050054,50.0,51.0,50.0,49.0,51.0,48.95104895104895,50.94905094905095,50.100200400801604,50.0,50.0,38.0,62.06206206206206
audio_recv_googCurrentDelayMs,-1,-1,-1,-1,12.0,38.0,65.0,123.0,173.0,183.0,289.0,365.0,234.0,136.0,181.0,197.0,149.0,127.0,81.0,74.0,79.0,110.0,69.0,262.0,318.0,224.0,280.0,255.0,238.0,174.0,172.0,173.0,172.0,173.0,167.0,140.0,237.0,195.0,182.0,174.0,174.0,174.0,174.0,174.0,174.0,174.0,174.0,174.0,174.0,174.0,87.0,275.0,318.0,307.0,242.0,222.0,198.0,175.0,174.0,174.0,98.0,246.0,345.0,345.0,329.0,288.0,249.0,211.0,181.0,174.0,174.0,174.0,174.0,174.0,174.0,97.0,233.0,307.0,283.0,262.0,238.0,198.0,177.0,0.0,0.0,25.0,103.0,156.0,262.0,274.0,175.0,332.0,319.0,237.0,136.0,122.0,124.0,125.0,123.0,125.0,107.0,110.0,117.0,120.0,140.0,148.0,125.0,129.0,122.0,120.0,127.0,100.0,221.0,158.0,205.0,179.0,138.0,108.0,202.0,207.0,171.0,172.0,127.0,71.0,70.0,70.0,62.0,60.0,66.0,65.0,64.0,86.0,164.0,144.0,66.0,71.0,69.0,68.0,68.0,68.0,68.0,68.0,68.0,68.0,68.0,68.0,46.0,235.0,207.0,159.0,71.0,69.0,70.0,70.0,69.0,70.0,69.0,69.0,70.0,69.0,69.0,52.0,197.0
audio_recv_googJitterBufferMs,-1,-1,-1,-1,2.0,82.0,11.0,147.0,250.0,193.0,463.0,411.0,227.0,159.0,209.0,171.0,136.0,104.0,71.0,59.0,121.0,88.0,13.0,362.0,332.0,302.0,270.0,240.0,210.0,167.0,147.0,167.0,167.0,167.0,175.0,247.0,232.0,202.0,172.0,169.0,169.0,169.0,169.0,169.0,169.0,169.0,169.0,169.0,169.0,169.0,82.0,337.0,307.0,274.0,241.0,211.0,179.0,169.0,169.0,169.0,39.0,391.0,359.0,326.0,294.0,264.0,234.0,201.0,171.0,169.0,169.0,169.0,169.0,169.0,169.0,88.0,353.0,317.0,285.0,252.0,220.0,190.0,170.0,0.0,0.0,6.0,93.0,237.0,375.0,107.0,281.0,423.0,329.0,238.0,160.0,118.0,98.0,98.0,95.0,95.0,120.0,101.0,91.0,91.0,189.0,139.0,129.0,99.0,94.0,111.0,99.0,191.0,244.0,231.0,174.0,164.0,112.0,247.0,212.0,202.0,149.0,119.0,87.0,50.0,50.0,50.0,45.0,62.0,54.0,54.0,34.0,216.0,193.0,109.0,66.0,58.0,38.0,38.0,58.0,58.0,38.0,38.0,38.0,38.0,58.0,38.0,120.0,265.0,215.0,113.0,39.0,39.0,59.0,59.0,39.0,59.0,39.0,59.0,59.0,59.0,59.0,88.0,284.0
audio_recv_googJitterReceived,-1,-1,-1,-1,0.0,0.0,0.0,20.0,20.0,20.0,20.0,20.0,3.0,3.0,3.0,3.0,3.0,3.0,1.0,1.0,1.0,1.0,1.0,6.0,6.0,6.0,6.0,6.0,6.0,6.0,1.0,1.0,1.0,1.0,1.0,1.0,1.0,5.0,5.0,5.0,5.0,1.0,1.0,1.0,1.0,1.0,1.0,1.0,1.0,1.0,1.0,1.0,1.0,1.0,1.0,1.0,1.0,1.0,1.0,1.0,1.0,7.0,7.0,7.0,7.0,7.0,1.0,1.0,1.0,1.0,1.0,1.0,1.0,1.0,1.0,1.0,6.0,6.0,6.0,6.0,6.0,1.0,1.0,0.0,0.0,0.0,15.0,15.0,15.0,12.0,12.0,12.0,3.0,3.0,3.0,3.0,3.0,3.0,3.0,3.0,3.0,3.0,3.0,3.0,3.0,3.0,3.0,3.0,1.0,1.0,1.0,1.0,8.0,8.0,8.0,8.0,8.0,8.0,9.0,9.0,9.0,1.0,1.0,1.0,1.0,1.0,1.0,1.0,1.0,1.0,1.0,1.0,2.0,2.0,2.0,2.0,2.0,2.0,2.0,1.0,1.0,1.0,1.0,1.0,1.0,1.0,1.0,1.0,4.0,4.0,4.0,4.0,4.0,4.0,1.0,1.0,1.0,1.0,1.0,1.0,1.0,9.0,9.0
audio_recv_googPreferredJitterBufferMs,-1,-1,-1,-1,80.0,40.0,60.0,60.0,60.0,40.0,40.0,40.0,40.0,40.0,40.0,40.0,40.0,40.0,40.0,40.0,40.0,40.0,160.0,160.0,160.0,160.0,160.0,160.0,160.0,160.0,160.0,160.0,160.0,160.0,160.0,160.0,160.0,160.0,160.0,160.0,160.0,160.0,160.0,160.0,160.0,160.0,160.0,160.0,160.0,160.0,160.0,160.0,160.0,160.0,160.0,160.0,160.0,160.0,160.0,160.0,160.0,160.0,160.0,160.0,160.0,160.0,160.0,160.0,160.0,160.0,160.0,160.0,160.0,160.0,160.0,160.0,160.0,160.0,160.0,160.0,160.0,160.0,160.0,0.0,0.0,140.0,100.0,100.0,100.0,100.0,100.0,100.0,100.0,100.0,100.0,100.0,100.0,100.0,100.0,100.0,100.0,100.0,100.0,100.0,100.0,100.0,100.0,100.0,100.0,100.0,100.0,100.0,100.0,80.0,60.0,60.0,60.0,60.0,60.0,60.0,60.0,60.0,60.0,60.0,60.0,60.0,40.0,40.0,40.0,40.0,40.0,40.0,40.0,40.0,40.0,40.0,40.0,40.0,40.0,40.0,40.0,40.0,40.0,40.0,40.0,40.0,40.0,40.0,40.0,40.0,40.0,40.0,40.0,40.0,40.0,40.0,40.0,40.0,40.0,40.0,40.0,40.0,40.0
video_recv_bitsReceivedPerSecond,-1,-1,-1,-1,0.0,280224.0,230352.0,268040.0,259888.0,332435.56443556445,334054.0540540541,263320.0,229602.3976023976,235915.91591591592,244883.1168831169,202178.17817817818,213290.7092907093,247223.22322322323,261920.0,234600.0,237792.0,219352.0,157920.0,234512.0,151072.92707292706,146394.3943943944,108472.0,115752.0,126369.63036963037,137017.01701701703,147048.0,152568.0,170952.0,178136.0,194773.22677322678,171443.44344344345,102352.0,112272.0,118976.0,129254.74525474526,137752.0,144416.4164164164,162376.0,164616.0,195552.0,201776.0,223728.0,233992.0,235936.0,286264.0,217112.0,249942.05794205793,208136.13613613613,197984.0,232384.0,238128.0,259168.0,274128.0,274792.0,329384.0,232887.1128871129,309080.0,230606.6066066066,222320.0,250336.0,250800.0,299112.0,266864.0,231576.0,254904.0,234368.0,241456.0,275016.0,292160.0,343728.0,216800.0,326352.0,205080.0,217992.0,233216.0,250280.0,244392.0,286712.0,0.0,0.0,106552.0,336230.3132938188,291060.7866507747,310099.8980632008,281136.0,323947.94794794795,230872.0,193424.0,220776.0,329520.0,260672.0,258424.0,283736.0,276584.0,239824.0,185240.0,186509.4905094905,195695.39078156312,199624.37562437562,204840.0,146176.0,160784.0,165200.0,177240.0,173320.0,167680.0,132256.0,97920.0,96472.0,77088.0,74376.0,93832.0,83280.0,44632.0,75560.0,63392.0,65617.61761761762,76099.9000999001,80760.76076076076,82832.0,90165.83416583417,103784.0,110216.0,118040.0,116392.0,139032.0,135288.0,115696.0,114656.0,108680.0,115448.0,130602.60260260261,137774.22577422578,144744.0,139760.0,171008.0,181512.0,195872.0,229448.0,220408.0,239600.0,185720.0,211248.0,147600.0,134057.94205794207,150238.23823823823,152032.0,171072.0,186488.0,193984.0,204776.0,227124.87512487514,256455.54445554444,260384.76953907814,242936.0,313128.0,212784.0,252356.35635635635
video_recv_packetsReceivedPerSecond,-1,-1,-1,-1,0.0,37.0,31.0,36.0,35.0,50.94905094905095,50.050050050050054,36.0,30.969030969030968,32.032032032032035,44.955044955044954,49.049049049049046,44.955044955044954,55.05505505505506,63.0,60.0,60.0,60.0,41.0,79.0,45.95404595404595,49.049049049049046,57.0,60.0,59.94005994005994,60.06006006006006,60.0,60.0,60.0,60.0,59.94005994005994,60.06006006006006,47.0,60.0,60.0,59.94005994005994,60.0,60.06006006006006,60.0,60.0,60.0,61.0,60.0,60.0,60.0,60.0,45.0,74.92507492507492,60.06006006006006,60.0,60.0,61.0,61.0,60.0,60.0,60.0,39.96003996003996,80.0,60.06006006006006,60.0,60.0,60.0,62.0,60.0,60.0,63.0,60.0,60.0,61.0,61.0,61.0,45.0,76.0,60.0,60.0,60.0,60.0,60.0,61.0,0.0,0.0,13.0,44.87722269263336,40.524433849821214,41.7940876656473,40.0,45.04504504504504,33.0,29.0,30.0,56.0,60.0,60.0,60.0,60.0,63.0,60.0,59.94005994005994,60.120240480961925,60.93906093906094,59.0,60.0,60.0,60.0,60.0,60.0,60.0,44.0,44.0,43.0,41.0,44.0,60.0,38.0,20.0,28.0,50.0,60.06006006006006,59.94005994005994,60.06006006006006,60.0,59.94005994005994,60.0,60.0,60.0,60.0,60.0,59.0,61.0,60.0,60.0,60.0,60.06006006006006,59.94005994005994,60.0,60.0,60.0,60.0,60.0,61.0,60.0,60.0,48.0,72.0,60.0,59.94005994005994,60.06006006006006,60.0,60.0,62.0,60.0,60.0,59.94005994005994,59.94005994005994,60.120240480961925,60.0,60.0,47.0,73.07307307307308
video_recv_googCurrentDelayMs,-1,-1,-1,-1,0.0,24.0,37.0,65.0,70.0,71.0,75.0,77.0,81.0,95.0,93.0,91.0,88.0,86.0,83.0,87.0,85.0,83.0,84.0,83.0,81.0,77.0,76.0,74.0,72.0,70.0,69.0,67.0,65.0,63.0,63.0,64.0,63.0,62.0,61.0,61.0,60.0,60.0,59.0,59.0,58.0,58.0,59.0,58.0,57.0,56.0,58.0,58.0,58.0,58.0,57.0,60.0,58.0,57.0,56.0,56.0,54.0,55.0,54.0,54.0,53.0,52.0,53.0,53.0,53.0,57.0,57.0,56.0,55.0,54.0,53.0,52.0,53.0,53.0,53.0,52.0,52.0,52.0,51.0,0.0,0.0,21.0,61.0,49.0,42.0,112.0,107.0,104.0,100.0,97.0,102.0,101.0,97.0,95.0,92.0,100.0,99.0,97.0,95.0,91.0,91.0,90.0,88.0,87.0,86.0,85.0,84.0,85.0,83.0,83.0,82.0,81.0,79.0,83.0,82.0,82.0,82.0,80.0,79.0,77.0,76.0,76.0,75.0,74.0,74.0,74.0,73.0,73.0,73.0,71.0,71.0,70.0,69.0,69.0,68.0,68.0,67.0,65.0,65.0,64.0,63.0,62.0,61.0,60.0,61.0,60.0,60.0,59.0,59.0,59.0,58.0,57.0,57.0,56.0,55.0,55.0,53.0,53.0,54.0
video_recv_googDecodeMs,-1,-1,-1,-1,0.0,4.0,4.0,5.0,4.0,2.0,3.0,2.0,2.0,2.0,1.0,2.0,3.0,2.0,2.0,1.0,1.0,1.0,1.0,1.0,1.0,1.0,1.0,1.0,1.0,1.0,1.0,1.0,1.0,1.0,1.0,1.0,1.0,1.0,1.0,1.0,1.0,1.0,1.0,2.0,1.0,2.0,1.0,2.0,1.0,1.0,1.0,1.0,1.0,1.0,1.0,1.0,2.0,1.0,1.0,1.0,1.0,2.0,1.0,2.0,1.0,1.0,2.0,2.0,1.0,1.0,1.0,1.0,1.0,1.0,1.0,2.0,1.0,1.0,2.0,2.0,1.0,1.0,1.0,0.0,0.0,5.0,4.0,4.0,4.0,2.0,2.0,2.0,2.0,2.0,2.0,2.0,2.0,1.0,2.0,1.0,1.0,1.0,1.0,1.0,1.0,1.0,1.0,1.0,1.0,1.0,1.0,2.0,2.0,1.0,1.0,1.0,1.0,2.0,1.0,0.0,0.0,0.0,0.0,0.0,0.0,0.0,0.0,1.0,0.0,0.0,0.0,1.0,1.0,1.0,1.0,1.0,0.0,1.0,0.0,1.0,0.0,1.0,0.0,1.0,0.0,0.0,1.0,1.0,1.0,1.0,0.0,1.0,0.0,1.0,1.0,0.0,1.0,1.0,0.0,0.0,0.0,1.0,1.0
video_recv_googFrameHeightReceived,-1,-1,-1,-1,0.0,720.0,720.0,720.0,720.0,540.0,540.0,540.0,540.0,360.0,360.0,360.0,360.0,360.0,270.0,270.0,270.0,270.0,270.0,270.0,270.0,270.0,270.0,270.0,270.0,270.0,270.0,270.0,270.0,270.0,270.0,270.0,270.0,270.0,270.0,270.0,270.0,270.0,270.0,270.0,270.0,270.0,270.0,270.0,270.0,270.0,270.0,270.0,270.0,270.0,270.0,270.0,270.0,270.0,270.0,270.0,270.0,270.0,270.0,270.0,270.0,270.0,270.0,270.0,270.0,270.0,270.0,270.0,270.0,270.0,270.0,270.0,270.0,270.0,270.0,270.0,270.0,270.0,270.0,0.0,0.0,720.0,720.0,720.0,720.0,540.0,540.0,540.0,540.0,540.0,360.0,360.0,360.0,360.0,360.0,270.0,270.0,270.0,270.0,270.0,270.0,270.0,270.0,270.0,270.0,270.0,270.0,270.0,270.0,270.0,270.0,270.0,270.0,270.0,270.0,180.0,180.0,180.0,180.0,180.0,180.0,180.0,180.0,180.0,180.0,180.0,180.0,180.0,180.0,180.0,180.0,180.0,180.0,180.0,180.0,180.0,180.0,180.0,180.0,180.0,180.0,180.0,180.0,180.0,180.0,180.0,180.0,180.0,180.0,180.0,180.0,180.0,180.0,180.0,180.0,180.0,180.0,180.0,180.0
video_recv_googFrameRateOutput,-1,-1,-1,-1,0.0,15.0,16.0,15.0,16.0,25.0,29.0,35.0,34.0,32.0,45.0,47.0,46.0,55.0,57.0,62.0,61.0,60.0,41.0,72.0,50.0,49.0,57.0,62.0,60.0,60.0,57.0,61.0,62.0,60.0,60.0,59.0,47.0,57.0,61.0,61.0,61.0,60.0,60.0,60.0,57.0,61.0,61.0,60.0,61.0,60.0,45.0,74.0,61.0,60.0,60.0,58.0,62.0,60.0,60.0,60.0,39.0,77.0,61.0,60.0,60.0,60.0,60.0,60.0,60.0,60.0,60.0,60.0,60.0,60.0,60.0,47.0,71.0,61.0,60.0,60.0,60.0,60.0,60.0,0.0,0.0,15.0,21.0,19.0,21.0,20.0,33.0,29.0,24.0,29.0,49.0,61.0,60.0,56.0,62.0,61.0,61.0,60.0,56.0,62.0,59.0,61.0,61.0,60.0,56.0,60.0,61.0,47.0,42.0,44.0,41.0,44.0,60.0,38.0,20.0,24.0,49.0,61.0,61.0,61.0,60.0,61.0,60.0,60.0,60.0,60.0,60.0,59.0,60.0,61.0,59.0,60.0,60.0,60.0,60.0,60.0,60.0,60.0,60.0,60.0,60.0,60.0,49.0,69.0,60.0,60.0,60.0,61.0,60.0,60.0,60.0,60.0,60.0,60.0,60.0,60.0,60.0,48.0,71.0
video_recv_googFrameRateReceived,-1,-1,-1,-1,0.0,15.0,15.0,18.0,17.0,24.0,35.0,33.0,30.0,30.0,45.0,48.0,45.0,55.0,60.0,60.0,60.0,60.0,41.0,79.0,46.0,48.0,57.0,60.0,60.0,60.0,60.0,60.0,60.0,60.0,60.0,59.0,47.0,60.0,60.0,60.0,60.0,60.0,60.0,60.0,60.0,59.0,60.0,60.0,60.0,60.0,45.0,75.0,60.0,60.0,60.0,59.0,61.0,60.0,60.0,60.0,40.0,80.0,60.0,60.0,60.0,60.0,60.0,60.0,60.0,60.0,60.0,60.0,60.0,60.0,60.0,45.0,75.0,60.0,60.0,60.0,60.0,60.0,60.0,0.0,0.0,3.0,22.0,19.0,21.0,19.0,38.0,28.0,23.0,26.0,50.0,60.0,60.0,60.0,60.0,60.0,60.0,60.0,60.0,60.0,59.0,60.0,60.0,60.0,60.0,60.0,60.0,43.0,44.0,42.0,41.0,44.0,60.0,38.0,20.0,27.0,50.0,60.0,60.0,60.0,60.0,60.0,60.0,60.0,60.0,60.0,60.0,59.0,61.0,59.0,60.0,60.0,60.0,60.0,60.0,60.0,59.0,60.0,60.0,60.0,60.0,60.0,48.0,72.0,60.0,60.0,60.0,60.0,60.0,59.0,60.0,60.0,60.0,60.0,60.0,60.0,60.0,47.0,74.0
video_recv_googFrameWidthReceived,-1,-1,-1,-1,0.0,1280.0,1280.0,1280.0,1280.0,960.0,960.0,960.0,960.0,640.0,640.0,640.0,640.0,640.0,480.0,480.0,480.0,480.0,480.0,480.0,480.0,480.0,480.0,480.0,480.0,480.0,480.0,480.0,480.0,480.0,480.0,480.0,480.0,480.0,480.0,480.0,480.0,480.0,480.0,480.0,480.0,480.0,480.0,480.0,480.0,480.0,480.0,480.0,480.0,480.0,480.0,480.0,480.0,480.0,480.0,480.0,480.0,480.0,480.0,480.0,480.0,480.0,480.0,480.0,480.0,480.0,480.0,480.0,480.0,480.0,480.0,480.0,480.0,480.0,480.0,480.0,480.0,480.0,480.0,0.0,0.0,1280.0,1280.0,1280.0,1280.0,960.0,960.0,960.0,960.0,960.0,640.0,640.0,640.0,640.0,640.0,480.0,480.0,480.0,480.0,480.0,480.0,480.0,480.0,480.0,480.0,480.0,480.0,480.0,480.0,480.0,480.0,480.0,480.0,480.0,480.0,320.0,320.0,320.0,320.0,320.0,320.0,320.0,320.0,320.0,320.0,320.0,320.0,320.0,320.0,320.0,320.0,320.0,320.0,320.0,320.0,320.0,320.0,320.0,320.0,320.0,320.0,320.0,320.0,320.0,320.0,320.0,320.0,320.0,320.0,320.0,320.0,320.0,320.0,320.0,320.0,320.0,320.0,320.0,320.0
video_recv_googInterframeDelayMax,-1,-1,-1,-1,-1.0,96.0,117.0,112.0,74.0,77.0,63.0,48.0,31.0,120.0,33.0,36.0,41.0,36.0,87.0,18.0,83.0,37.0,151.0,83.0,48.0,113.0,32.0,23.0,22.0,22.0,74.0,18.0,18.0,39.0,97.0,151.0,53.0,66.0,18.0,18.0,22.0,21.0,27.0,34.0,72.0,18.0,18.0,18.0,21.0,22.0,149.0,19.0,19.0,23.0,22.0,22.0,42.0,30.0,21.0,22.0,149.0,22.0,18.0,18.0,18.0,18.0,18.0,48.0,18.0,26.0,18.0,21.0,18.0,18.0,18.0,135.0,48.0,18.0,18.0,18.0,19.0,18.0,21.0,-1.0,-1.0,140.0,136.0,64.0,58.0,182.0,48.0,68.0,60.0,48.0,79.0,19.0,22.0,104.0,18.0,49.0,94.0,32.0,99.0,18.0,119.0,31.0,21.0,27.0,90.0,48.0,18.0,107.0,81.0,118.0,65.0,49.0,36.0,186.0,121.0,102.0,63.0,18.0,18.0,18.0,18.0,20.0,19.0,21.0,21.0,22.0,21.0,141.0,18.0,18.0,18.0,18.0,18.0,18.0,19.0,18.0,18.0,18.0,18.0,18.0,18.0,18.0,132.0,26.0,36.0,18.0,18.0,18.0,18.0,18.0,18.0,18.0,18.0,18.0,18.0,18.0,18.0,110.0,20.0
video_recv_googJitterBufferMs,-1,-1,-1,-1,0.0,79.0,56.0,77.0,61.0,83.0,78.0,74.0,70.0,81.0,79.0,77.0,74.0,72.0,76.0,74.0,72.0,70.0,72.0,71.0,69.0,65.0,64.0,62.0,60.0,58.0,57.0,55.0,53.0,51.0,51.0,52.0,51.0,50.0,49.0,49.0,48.0,48.0,47.0,47.0,46.0,48.0,47.0,46.0,45.0,44.0,46.0,46.0,46.0,46.0,45.0,48.0,46.0,45.0,44.0,44.0,42.0,43.0,42.0,42.0,41.0,40.0,41.0,41.0,41.0,45.0,45.0,44.0,43.0,42.0,41.0,40.0,41.0,41.0,41.0,40.0,40.0,40.0,39.0,0.0,0.0,74.0,46.0,36.0,29.0,97.0,92.0,89.0,85.0,82.0,87.0,86.0,83.0,81.0,79.0,88.0,87.0,85.0,83.0,79.0,79.0,78.0,76.0,75.0,74.0,73.0,72.0,73.0,71.0,71.0,70.0,69.0,67.0,71.0,70.0,71.0,70.0,68.0,67.0,66.0,65.0,65.0,64.0,63.0,63.0,63.0,62.0,62.0,62.0,60.0,60.0,59.0,58.0,58.0,57.0,57.0,56.0,54.0,54.0,53.0,52.0,51.0,50.0,50.0,50.0,49.0,49.0,48.0,48.0,48.0,47.0,46.0,46.0,45.0,44.0,44.0,42.0,42.0,43.0
video_recv_googPlisSent,-1,-1,-1,-1,0.0,0.0,0.0,0.0,0.0,0.0,0.0,0.0,0.0,0.0,0.0,0.0,0.0,0.0,0.0,0.0,0.0,0.0,0.0,0.0,0.0,0.0,0.0,0.0,0.0,0.0,0.0,0.0,0.0,0.0,0.0,0.0,0.0,0.0,0.0,0.0,0.0,0.0,0.0,0.0,0.0,0.0,0.0,0.0,0.0,0.0,0.0,0.0,0.0,0.0,0.0,0.0,0.0,0.0,0.0,0.0,0.0,0.0,0.0,0.0,0.0,0.0,0.0,0.0,0.0,0.0,0.0,0.0,0.0,0.0,0.0,0.0,0.0,0.0,0.0,0.0,0.0,0.0,0.0,0.0,0.0,0.0,0.0,0.0,0.0,0.0,0.0,0.0,0.0,0.0,0.0,0.0,0.0,0.0,0.0,0.0,0.0,0.0,0.0,0.0,0.0,0.0,0.0,0.0,0.0,0.0,0.0,0.0,0.0,0.0,0.0,0.0,0.0,0.0,0.0,0.0,0.0,0.0,0.0,0.0,0.0,0.0,0.0,0.0,0.0,0.0,0.0,0.0,0.0,0.0,0.0,0.0,0.0,0.0,0.0,0.0,0.0,0.0,0.0,0.0,0.0,0.0,0.0,0.0,0.0,0.0,0.0,0.0,0.0,0.0,0.0,0.0,0.0,0.0,0.0,0.0,0.0,0.0,0.0
audio_send_packetsLost,-1,-1,-1,-1,-1,-1,0.0,0.0,0.0,0.0,0.0,0.0,0.0,0.0,0.0,0.0,0.0,0.0,0.0,0.0,0.0,0.0,0.0,0.0,0.0,0.0,0.0,0.0,0.0,0.0,0.0,0.0,0.0,0.0,0.0,0.0,0.0,0.0,0.0,0.0,0.0,0.0,0.0,0.0,0.0,0.0,0.0,0.0,0.0,0.0,0.0,0.0,0.0,0.0,0.0,0.0,0.0,0.0,0.0,0.0,0.0,0.0,0.0,0.0,0.0,0.0,0.0,0.0,0.0,0.0,0.0,0.0,0.0,0.0,0.0,0.0,0.0,0.0,0.0,0.0,0.0,0.0,0.0,-1,-1,-1,-1,-1,0.0,0.0,0.0,0.0,0.0,0.0,0.0,0.0,0.0,0.0,0.0,0.0,0.0,0.0,0.0,0.0,0.0,0.0,0.0,0.0,0.0,0.0,0.0,0.0,0.0,0.0,0.0,0.0,0.0,0.0,0.0,0.0,0.0,0.0,0.0,0.0,0.0,0.0,0.0,0.0,0.0,0.0,0.0,0.0,0.0,0.0,0.0,0.0,0.0,0.0,0.0,0.0,0.0,0.0,0.0,0.0,0.0,0.0,0.0,0.0,0.0,0.0,0.0,0.0,0.0,0.0,0.0,0.0,0.0,0.0,0.0,0.0,0.0,0.0,0.0
audio_send_googJitterReceived,-1,-1,-1,-1,-1,-1,15.0,15.0,15.0,12.0,12.0,3.0,3.0,3.0,3.0,3.0,3.0,3.0,3.0,3.0,3.0,3.0,3.0,3.0,3.0,3.0,3.0,1.0,1.0,1.0,1.0,8.0,8.0,8.0,8.0,8.0,8.0,9.0,9.0,9.0,1.0,1.0,1.0,1.0,1.0,1.0,1.0,1.0,1.0,1.0,1.0,1.0,2.0,2.0,2.0,2.0,2.0,2.0,1.0,1.0,1.0,1.0,1.0,1.0,1.0,1.0,1.0,4.0,4.0,4.0,4.0,4.0,4.0,1.0,1.0,1.0,1.0,1.0,1.0,1.0,9.0,9.0,9.0,-1,-1,-1,-1,-1,20.0,20.0,20.0,20.0,20.0,3.0,3.0,3.0,3.0,3.0,3.0,1.0,1.0,1.0,1.0,1.0,6.0,6.0,6.0,6.0,6.0,6.0,6.0,1.0,1.0,1.0,1.0,1.0,1.0,1.0,5.0,5.0,5.0,5.0,1.0,1.0,1.0,1.0,1.0,1.0,1.0,1.0,1.0,1.0,1.0,1.0,1.0,1.0,1.0,1.0,1.0,1.0,1.0,1.0,7.0,7.0,7.0,7.0,7.0,1.0,1.0,1.0,1.0,1.0,1.0,1.0,1.0,1.0,1.0,6.0,6.0,6.0,6.0,6.0,1.0
audio_send_googRtt,-1,-1,-1,-1,-1,-1,-1,-1,-1,-1,-1,466.0,466.0,466.0,466.0,466.0,466.0,466.0,1.0,1.0,1.0,1.0,1.0,1.0,1.0,1.0,1.0,1.0,1.0,1.0,1.0,1.0,1.0,1.0,1.0,1.0,1.0,1.0,1.0,1.0,1.0,1.0,1.0,1.0,1.0,1.0,1.0,1.0,1.0,1.0,1.0,1.0,211.0,211.0,211.0,211.0,211.0,211.0,1.0,1.0,1.0,1.0,1.0,1.0,1.0,1.0,1.0,1.0,1.0,1.0,1.0,1.0,1.0,1.0,1.0,1.0,1.0,1.0,1.0,1.0,2.0,2.0,2.0,-1,-1,-1,-1,-1,1031.0,1031.0,1031.0,1031.0,1031.0,530.0,530.0,530.0,530.0,530.0,530.0,185.0,185.0,185.0,185.0,185.0,105.0,105.0,105.0,105.0,105.0,105.0,105.0,257.0,257.0,257.0,257.0,257.0,257.0,257.0,71.0,71.0,71.0,71.0,2.0,2.0,2.0,2.0,2.0,2.0,1.0,1.0,1.0,1.0,1.0,1.0,1.0,1.0,1.0,2.0,2.0,2.0,2.0,2.0,297.0,297.0,297.0,297.0,297.0,382.0,382.0,382.0,382.0,382.0,1.0,1.0,1.0,1.0,1.0,170.0,170.0,170.0,170.0,170.0,181.0
video_send_resolutionChangesSent,0,0,0,0,1,1,1,1,2,2,2,2,2,3,3,3,3,3,4,4,4,4,4,4,4,4,4,4,4,4,4,4,4,4,4,4,4,4,5,5,5,5,5,5,5,5,5,5,5,5,5,5,5,5,5,5,5,5,5,5,5,5,5,5,5,5,5,5,5,5,5,5,5,5,5,5,5,5,5,5,5,5,5,0,0,1,1,1,1,2,2,2,2,2,3,3,3,3,3,4,4,4,4,4,4,4,4,4,4,4,4,4,4,4,4,4,4,4,4,4,4,4,4,4,4,4,4,4,4,4,4,4,4,4,4,4,4,4,4,4,4,4,4,4,4,4,4,4,4,4,4,4,4,4,4,4,4,4,4,4,4,4,4
video_recv_resolutionChangesReceived,0,0,0,0,1,2,2,2,2,3,3,3,3,4,4,4,4,4,5,5,5,5,5,5,5,5,5,5,5,5,5,5,5,5,5,5,5,5,5,5,5,5,5,5,5,5,5,5,5,5,5,5,5,5,5,5,5,5,5,5,5,5,5,5,5,5,5,5,5,5,5,5,5,5,5,5,5,5,5,5,5,5,5,0,0,1,1,1,1,2,2,2,2,2,3,3,3,3,3,4,4,4,4,4,4,4,4,4,4,4,4,4,4,4,4,4,4,4,4,5,5,5,5,5,5,5,5,5,5,5,5,5,5,5,5,5,5,5,5,5,5,5,5,5,5,5,5,5,5,5,5,5,5,5,5,5,5,5,5,5,5,5,5
1_way_delay_audio_send,-0.5,-0.5,-0.5,-0.5,-0.5,-0.5,-0.5,-0.5,-0.5,-0.5,-0.5,233.0,233.0,233.0,233.0,233.0,233.0,233.0,0.5,0.5,0.5,0.5,0.5,0.5,0.5,0.5,0.5,0.5,0.5,0.5,0.5,0.5,0.5,0.5,0.5,0.5,0.5,0.5,0.5,0.5,0.5,0.5,0.5,0.5,0.5,0.5,0.5,0.5,0.5,0.5,0.5,0.5,105.5,105.5,105.5,105.5,105.5,105.5,0.5,0.5,0.5,0.5,0.5,0.5,0.5,0.5,0.5,0.5,0.5,0.5,0.5,0.5,0.5,0.5,0.5,0.5,0.5,0.5,0.5,0.5,1.0,1.0,1.0,-0.5,-0.5,-0.5,-0.5,-0.5,515.5,515.5,515.5,515.5,515.5,265.0,265.0,265.0,265.0,265.0,265.0,92.5,92.5,92.5,92.5,92.5,52.5,52.5,52.5,52.5,52.5,52.5,52.5,128.5,128.5,128.5,128.5,128.5,128.5,128.5,35.5,35.5,35.5,35.5,1.0,1.0,1.0,1.0,1.0,1.0,0.5,0.5,0.5,0.5,0.5,0.5,0.5,0.5,0.5,1.0,1.0,1.0,1.0,1.0,148.5,148.5,148.5,148.5,148.5,191.0,191.0,191.0,191.0,191.0,0.5,0.5,0.5,0.5,0.5,85.0,85.0,85.0,85.0,85.0,90.5
1_way_delay_video_send,0.0,0.0,0.0,0.0,0.0,0.0,0.0,0.0,611.5,601.0,0.0,338.5,295.0,206.5,144.5,112.0,78.5,0.0,0.5,0.5,0.5,17.0,12.0,0.0,66.5,46.5,62.5,43.5,30.5,21.5,15.0,10.5,7.5,27.0,46.0,0.0,110.5,77.5,57.5,40.0,28.0,19.5,13.5,0.0,0.5,0.0,3.0,2.0,1.5,1.0,0.5,0.5,8.5,37.5,26.0,0.0,0.5,0.5,0.5,0.5,0.5,0.5,24.5,17.0,12.5,8.5,6.0,4.0,3.0,2.0,0.0,0.5,0.5,0.5,0.5,0.5,40.0,54.5,38.0,26.5,18.5,13.0,0.0,0.0,0.0,0.0,0.0,0.0,0.0,548.5,546.0,535.5,507.0,365.0,295.0,0.0,111.0,77.5,54.5,0.0,46.5,47.5,33.0,23.0,0.0,120.0,91.5,64.0,44.5,31.0,21.5,15.0,0.0,64.5,45.0,31.5,40.0,46.0,63.0,58.5,41.0,28.5,0.0,0.5,0.5,0.5,0.5,0.5,0.0,0.5,0.5,0.0,0.5,38.0,26.5,18.5,13.0,9.0,6.0,4.0,2.5,0.0,0.5,22.5,15.5,0.0,11.5,8.0,34.0,31.0,21.5,15.0,10.5,7.5,5.0,0.0,0.5,0.5,25.5,20.5,14.5,10.0,7.0
ear_ear_delay_audio_send,-0.5,-0.5,5.5,92.5,236.5,374.5,106.5,280.5,422.5,328.5,237.5,393.0,351.0,331.0,331.0,328.0,328.0,353.0,101.5,91.5,91.5,189.5,139.5,129.5,99.5,94.5,111.5,99.5,191.5,244.5,231.5,174.5,164.5,112.5,247.5,212.5,202.5,149.5,119.5,87.5,50.5,50.5,50.5,45.5,62.5,54.5,54.5,34.5,216.5,193.5,109.5,66.5,163.5,143.5,143.5,163.5,163.5,143.5,38.5,38.5,38.5,58.5,38.5,120.5,265.5,215.5,113.5,39.5,39.5,59.5,59.5,39.5,59.5,39.5,59.5,59.5,59.5,59.5,88.5,284.5,-1.5,-1.5,-1.5,-1.5,1.5,597.5,526.5,662.5,765.5,708.5,728.0,676.0,492.0,424.0,474.0,436.0,228.5,196.5,163.5,151.5,213.5,140.5,65.5,414.5,384.5,354.5,322.5,292.5,338.5,295.5,275.5,295.5,295.5,295.5,303.5,282.5,267.5,237.5,207.5,170.0,170.0,170.0,170.0,170.0,170.0,169.5,169.5,169.5,169.5,169.5,82.5,337.5,307.5,274.5,242.0,212.0,180.0,170.0,170.0,317.5,187.5,539.5,507.5,474.5,485.0,455.0,425.0,392.0,362.0,169.5,169.5,169.5,169.5,169.5,254.0,173.0,438.0,402.0,370.0,342.5
audio_recv_kbitsReceivedPerSecond,0,0,0,0,0,15,19,28,27,23,23,17,16,15,17,16,16,16,16,16,16,16,11,16,16,16,16,15,15,16,15,16,16,16,16,16,16,16,16,16,16,15,16,15,12,12,14,14,14,15,11,17,15,15,15,14,14,12,12,13,7,16,8,8,8,8,15,15,15,15,15,14,15,15,15,12,14,10,9,8,8,15,15,0,0,4,20,29,29,19,29,30,23,24,24,24,23,25,19,17,28,39,39,37,16,16,18,17,24,22,26,24,20,20,18,19,19,18,26,18,19,20,19,30,16,16,16,16,27,27,27,27,25,36,39,38,16,16,16,16,16,16,16,16,16,16,11,23,28,38,39,39,40,39,38,38,27,33,16,16,16,10,34
video_recv_kbitsReceivedPerSecond,0,0,0,0,0,273,224,261,253,324,326,257,224,230,239,197,208,241,255,229,232,214,154,229,147,142,105,113,123,133,143,148,166,173,190,167,99,109,116,126,134,141,158,160,190,197,218,228,230,279,212,244,203,193,226,232,253,267,268,321,227,301,225,217,244,244,292,260,226,248,228,235,268,285,335,211,318,200,212,227,244,238,279,0,0,104,328,284,302,274,316,225,188,215,321,254,252,277,270,234,180,182,191,194,200,142,157,161,173,169,163,129,95,94,75,72,91,81,43,73,61,64,74,78,80,88,101,107,115,113,135,132,112,111,106,112,127,134,141,136,167,177,191,224,215,233,181,206,144,130,146,148,167,182,189,199,221,250,254,237,305,207,246
audio_packet_loss_percentage_send,0.0,0.0,2.0,0.0,0.0,0.0,0.0,0.0,0.0,0.0,0.0,0.0,0.0,0.0,0.0,0.0,0.0,0.0,0.0,0.0,0.0,0.0,0.0,0.0,0.0,0.0,0.0,0.0,0.0,0.0,0.0,0.0,0.0,0.0,0.0,0.0,0.0,0.0,0.0,0.0,0.0,0.0,0.0,0.0,0.0,0.0,0.0,0.0,0.0,0.0,0.0,0.0,0.0,0.0,0.0,0.0,0.0,0.0,0.0,0.0,0.0,0.0,0.0,0.0,0.0,0.0,0.0,0.0,0.0,0.0,0.0,0.0,0.0,0.0,0.0,0.0,0.0,0.0,0.0,0.0,0.0,2.0020408163265304,0.0,0.0,0.0,0.0,0.0,0.0,0.0,0.0,0.0,0.0,0.0,0.0,0.0,0.0,0.0,0.0,0.0,0.0,0.0,0.0,0.0,0.0,0.0,0.0,0.0,0.0,0.0,0.0,0.0,0.0,0.0,0.0,0.0,0.0,0.0,0.0,0.0,0.0,0.0,0.0,0.0,0.0,0.0,0.0,0.0,0.0,0.0,0.0,0.0,0.0,0.0,0.0,0.0,0.0,0.0,0.0,0.0,0.0,0.0,0.0,0.0,0.0,0.0,0.0,0.0,0.0,0.0,0.0,0.0,0.0,0.0,0.0,0.0
e_model_audio_send,73.27358458320164,71.18558458320165,82.012,63.52,91.04992118111461,76.116,57.08800000000001,69.684,81.878,61.041000000000004,66.66900000000001,69.349,69.349,69.751,69.751,66.40100000000001,91.76400000000001,92.004,92.004,88.31,90.852,91.092,91.812,91.932,91.524,91.812,88.042,80.94,82.682,90.012,90.25200000000001,91.5,80.53800000000001,85.22800000000001,86.568,90.61200000000001,91.33200000000001,92.10000000000001,92.988,92.988,92.988,93.108,92.7,92.892,92.892,93.372,84.69200000000001,87.774,91.572,92.604,90.276,90.756,90.756,90.276,90.276,90.756,93.276,93.276,93.276,92.796,93.276,91.308,78.126,84.82600000000001,91.476,93.25200000000001,93.25200000000001,92.772,92.772,93.25200000000001,92.772,93.25200000000001,92.772,92.772,92.772,92.772,92.07600000000001,75.58000000000001,94.164,33.0433209470233,43.152,24.927999999999997,11.12599999999999,18.763999999999996,16.150999999999996,23.119,47.775000000000006,56.887,50.187000000000005,55.279,83.084,87.372,90.276,90.56400000000001,85.09400000000001,90.828,92.628,58.160000000000004,62.18000000000001,66.2,70.488,74.50800000000001,68.344,74.106,76.786,74.106,74.106,74.106,73.034,75.848,77.858,81.878,85.898,90.12,90.12,90.12,90.12,90.12,90.12,90.132,90.132,90.132,90.132,90.132,92.22,68.47800000000001,72.498,76.92,81.275,85.295,89.583,90.12,90.12,71.158,88.578,41.410000000000004,45.69800000000001,50.120000000000005,48.713,52.733000000000004,56.753,61.175000000000004,65.195,90.132,90.132,90.132,90.132,90.132,79.667,90.048,55.011,59.83500000000001,64.123
kpi_audio_synchronization,3.746534826058912,3.65210028787729,4.0977296252999045,3.2802960445440004,4.363866169832379,3.869147088017728,2.948144086941697,3.5821448712814723,4.092966980542936,3.1537641878765537,3.4371513688458375,3.5663217009111574,3.5663217009111574,3.5853003077177434,3.5853003077177434,3.423999739565594,4.379783570857793,4.384949331007553,4.384949331007553,4.295429590663001,4.3593107246285445,4.364826687525184,4.380824179184704,4.383409399513024,4.374524839239233,4.380824179184704,4.288129547289384,4.059031369912,4.121216406850024,4.339293889107904,4.345124989898944,4.373993875000001,4.044173221313897,4.205312247673536,4.246129429182976,4.353703996573505,4.370251304655425,4.386989473000001,4.405144588060097,4.405144588060097,4.405144588060097,4.407497903070015,4.399398919,4.403244664705984,4.403244664705984,4.412590417776064,4.188306219966784,4.280724801474232,4.375583995411264,4.397453170965951,4.3457031973079685,4.357078892711488,4.357078892711488,4.3457031973079685,4.3457031973079685,4.357078892711488,4.410752114219968,4.410752114219968,4.410752114219968,4.401329429299649,4.410752114219968,4.369712970049217,3.9512422182293685,4.192593453336168,4.373461987432768,4.410290121146945,4.410290121146945,4.400848232294464,4.400848232294464,4.410290121146945,4.400848232294464,4.410290121146945,4.400848232294464,4.400848232294464,4.400848232294464,4.400848232294464,4.386480842815169,3.846588072216001,4.4271616559393925,1.7390301318210195,2.221010620985344,1.413045087092736,1.051119573761368,1.216744204825792,1.149608915883343,1.350295917760887,2.4586111497343754,2.9376010638872794,2.584819902055579,2.8530684485415274,4.135043683963072,4.269423134160065,4.3457031973079685,4.352571810236993,4.201096568245913,4.358754126675137,4.397941034479936,3.0042576225280007,3.2121861423760003,3.414110104,3.6198030361000963,3.8006711945484164,3.518405571558912,3.783186099238888,3.8969585139904086,3.783186099238888,3.783186099238888,3.783186099238888,3.7358772962968723,3.8579015390786564,3.9405318230910162,4.092966980542936,4.226027822284456,4.341928899904,4.341928899904,4.341928899904,4.341928899904,4.341928899904,4.341928899904,4.342220567420225,4.342220567420225,4.342220567420225,4.342220567420225,4.342220567420225,4.389518544664001,3.5248321104205367,3.7118630858900565,3.902468142784,4.071270141296876,4.207411073668376,4.328650113051991,4.341928899904,4.341928899904,3.650829992745816,4.302624123144136,2.1336270454530006,2.3509978302212566,2.5813009959040003,2.507563368058321,2.7188624552621414,2.930569010791561,3.1606603568593754,3.364341256970875,4.342220567420225,4.342220567420225,4.342220567420225,4.342220567420225,4.342220567420225,4.01135076064226,4.340174225145857,2.8389544207556834,3.091449219944876,3.3107009100779314
eye_eye_delay_video_send,0.0,0.0,74.0,46.0,36.0,29.0,97.0,92.0,700.5,686.0,82.0,425.5,381.0,289.5,225.5,191.0,166.5,87.0,85.5,83.5,79.5,96.0,90.0,76.0,141.5,120.5,135.5,115.5,103.5,92.5,86.0,80.5,76.5,94.0,117.0,70.0,181.5,147.5,125.5,107.0,94.0,84.5,78.5,64.0,63.5,63.0,66.0,64.0,63.5,63.0,60.5,60.5,67.5,95.5,84.0,57.0,57.5,56.5,54.5,54.5,53.5,52.5,75.5,67.0,62.5,58.5,55.0,53.0,51.0,50.0,48.0,47.5,46.5,46.5,45.5,44.5,84.0,96.5,80.0,69.5,-1.0,-1.0,-1.0,-1.0,0.0,79.0,604.5,623.0,596.5,590.0,443.0,369.0,70.0,192.0,156.5,131.5,74.0,118.5,123.5,107.0,95.0,70.0,192.0,162.5,133.0,109.5,95.0,83.5,75.0,58.0,121.5,100.0,84.5,91.0,97.0,115.0,109.5,91.0,77.5,49.0,48.5,48.5,47.5,47.5,46.5,48.0,47.5,46.5,45.0,44.5,84.0,72.5,64.5,59.0,54.0,54.0,50.0,47.5,44.0,44.5,64.5,58.5,42.0,53.5,49.0,74.0,72.0,62.5,56.0,55.5,52.5,49.0,43.0,42.5,41.5,65.5,61.5,55.5,51.0,47.0
kpi_video_synchronization,5,5,5,5,5,5,5,5,1,1,5,1,1.2533333333333334,2.4733333333333336,3.326666666666667,3.7866666666666666,4.113333333333333,5,5,5,5,5,5,5,4.446666666666667,4.726666666666667,4.526666666666666,4.793333333333333,4.953333333333333,5,5,5,5,5,4.773333333333333,5,3.9133333333333336,4.366666666666667,4.66,4.906666666666666,5,5,5,5,5,5,5,5,5,5,5,5,5,5,5,5,5,5,5,5,5,5,5,5,5,5,5,5,5,5,5,5,5,5,5,5,5,5,5,5,5,5,5,5,5,5,1,1,1,1,1,1.4133333333333336,5,3.7733333333333334,4.246666666666667,4.58,5,4.753333333333333,4.6866666666666665,4.906666666666666,5,5,3.7733333333333334,4.166666666666667,4.56,4.873333333333333,5,5,5,5,4.713333333333333,1,5,5,5,4.8,4.873333333333333,5,5,5,5,5,5,5,5,5,5,5,5,5,5,5,5,5,5,5,5,5,5,5,5,5,5,5,5,5,5,5,5,5,5,5,5,5,5,5,5,5,5,5
av_delay_send,-0.5,-0.5,-68.5,46.5,200.5,345.5,9.5,188.5,-278.0,-357.5,155.5,-32.5,-30.0,41.5,105.5,137.0,161.5,266.0,16.0,8.0,12.0,93.5,49.5,53.5,-42.0,-26.0,-24.0,-16.0,88.0,152.0,145.5,94.0,88.0,18.5,130.5,142.5,21.0,2.0,-6.0,-19.5,-43.5,-34.0,-28.0,-18.5,-1.0,-8.5,-11.5,-29.5,153.0,130.5,49.0,6.0,96.0,48.0,59.5,106.5,106.0,87.0,-16.0,-16.0,-15.0,6.0,-37.0,53.5,203.0,157.0,58.5,-13.5,-11.5,9.5,11.5,-8.0,13.0,-7.0,14.0,15.0,-24.5,-37.0,8.5,215.0,-0.5,-0.5,-0.5,-0.5,1.5,518.5,-78.0,39.5,169.0,118.5,285.0,307.0,422.0,232.0,317.5,304.5,154.5,78.0,40.0,44.5,118.5,70.5,-126.5,252.0,251.5,245.0,227.5,209.0,263.5,237.5,154.0,195.5,211.0,204.5,206.5,167.5,158.0,146.5,130.0,121.0,121.5,121.5,122.5,122.5,123.5,121.5,122.0,123.0,124.5,125.0,-1.5,265.0,243.0,215.5,188.0,158.0,130.0,122.5,126.0,273.0,123.0,481.0,465.5,421.0,436.0,381.0,353.0,329.5,306.0,114.0,117.0,120.5,126.5,127.0,212.5,107.5,376.5,346.5,319.0,295.5
kpi_av_synchronization,5,5,5,4.88,1,1,5,1,1,1,1,5,5,5,1,1,1,1,5,5,5,1,4.64,4.32,5,5,5,5,1.56,1,1,1,1.56,5,1,1,5,5,5,5,5,5,5,5,5,5,5,5,1,1,4.68,5,1,4.76,3.84,1,1,1.6400000000000001,5,5,5,5,5,4.32,1,1,3.92,5,5,5,5,5,5,5,5,5,5,5,5,1,5,5,5,5,5,1,5,5,1,1,1,1,1,1,1,1,1,2.36,5,5,1,2.96,4.9,1,1,1,1,1,1,1,1,1,1,1,1,1,1,1,1,1,1,1,1,1,1,1,1,1,1,1,5,1,1,1,1,1,1,1,1,1,1,1,1,1,1,1,1,1,1,1,1,1,1,1,1,1,1,1,1,1
kpi_resolution_stability,2.5020838739015265,2.5020838739015265,2.5020838739015265,2.5020838739015265,2.5020838739015265,2.5020838739015265,2.5020838739015265,2.5020838739015265,2.5020838739015265,2.5020838739015265,2.5020838739015265,2.5020838739015265,2.5020838739015265,2.5020838739015265,2.5020838739015265,2.5020838739015265,2.5020838739015265,2.5020838739015265,2.5020838739015265,2.5020838739015265,2.5020838739015265,2.5020838739015265,2.5020838739015265,2.5020838739015265,2.5020838739015265,2.5020838739015265,2.5020838739015265,2.5020838739015265,2.5020838739015265,2.5020838739015265,2.5020838739015265,2.5020838739015265,2.5020838739015265,2.5020838739015265,2.5020838739015265,2.5020838739015265,2.5020838739015265,2.5020838739015265,2.5020838739015265,2.5020838739015265,2.5020838739015265,2.5020838739015265,2.5020838739015265,2.5020838739015265,2.5020838739015265,2.5020838739015265,2.5020838739015265,2.5020838739015265,2.5020838739015265,2.5020838739015265,2.5020838739015265,2.5020838739015265,2.5020838739015265,2.5020838739015265,2.5020838739015265,2.5020838739015265,2.5020838739015265,2.5020838739015265,2.5020838739015265,2.5020838739015265,2.5020838739015265,2.5020838739015265,2.5020838739015265,2.5020838739015265,2.5020838739015265,2.5020838739015265,2.5020838739015265,2.5020838739015265,2.5020838739015265,2.5020838739015265,2.5020838739015265,2.5020838739015265,2.5020838739015265,2.5020838739015265,2.5020838739015265,2.5020838739015265,2.5020838739015265,2.5020838739015265,2.5020838739015265,2.5020838739015265,2.5020838739015265,2.5020838739015265,2.5020838739015265,2.502131383293008,2.502131383293008,2.502131383293008,2.502131383293008,2.502131383293008,2.502131383293008,2.502131383293008,2.502131383293008,2.502131383293008,2.502131383293008,2.502131383293008,2.502131383293008,2.502131383293008,2.502131383293008,2.502131383293008,2.502131383293008,2.502131383293008,2.502131383293008,2.502131383293008,2.502131383293008,2.502131383293008,2.502131383293008,2.502131383293008,2.502131383293008,2.502131383293008,2.502131383293008,2.502131383293008,2.502131383293008,2.502131383293008,2.502131383293008,2.502131383293008,2.502131383293008,2.502131383293008,2.502131383293008,2.502131383293008,2.502131383293008,2.502131383293008,2.502131383293008,2.502131383293008,2.502131383293008,2.502131383293008,2.502131383293008,2.502131383293008,2.502131383293008,2.502131383293008,2.502131383293008,2.502131383293008,2.502131383293008,2.502131383293008,2.502131383293008,2.502131383293008,2.502131383293008,2.502131383293008,2.502131383293008,2.502131383293008,2.502131383293008,2.502131383293008,2.502131383293008,2.502131383293008,2.502131383293008,2.502131383293008,2.502131383293008,2.502131383293008,2.502131383293008,2.502131383293008,2.502131383293008,2.502131383293008,2.502131383293008,2.502131383293008,2.502131383293008,2.502131383293008,2.502131383293008,2.502131383293008,2.502131383293008,2.502131383293008,2.502131383293008,2.502131383293008,2.502131383293008,2.502131383293008,2.502131383293008
max_resolution_percentage,4.819277108433735,4.819277108433735,4.819277108433735,4.819277108433735,4.819277108433735,4.819277108433735,4.819277108433735,4.819277108433735,4.819277108433735,4.819277108433735,4.819277108433735,4.819277108433735,4.819277108433735,4.819277108433735,4.819277108433735,4.819277108433735,4.819277108433735,4.819277108433735,4.819277108433735,4.819277108433735,4.819277108433735,4.819277108433735,4.819277108433735,4.819277108433735,4.819277108433735,4.819277108433735,4.819277108433735,4.819277108433735,4.819277108433735,4.819277108433735,4.819277108433735,4.819277108433735,4.819277108433735,4.819277108433735,4.819277108433735,4.819277108433735,4.819277108433735,4.819277108433735,4.819277108433735,4.819277108433735,4.819277108433735,4.819277108433735,4.819277108433735,4.819277108433735,4.819277108433735,4.819277108433735,4.819277108433735,4.819277108433735,4.819277108433735,4.819277108433735,4.819277108433735,4.819277108433735,4.819277108433735,4.819277108433735,4.819277108433735,4.819277108433735,4.819277108433735,4.819277108433735,4.819277108433735,4.819277108433735,4.819277108433735,4.819277108433735,4.819277108433735,4.819277108433735,4.819277108433735,4.819277108433735,4.819277108433735,4.819277108433735,4.819277108433735,4.819277108433735,4.819277108433735,4.819277108433735,4.819277108433735,4.819277108433735,4.819277108433735,4.819277108433735,4.819277108433735,4.819277108433735,4.819277108433735,4.819277108433735,4.819277108433735,4.819277108433735,4.819277108433735,5.0,5.0,5.0,5.0,5.0,5.0,5.0,5.0,5.0,5.0,5.0,5.0,5.0,5.0,5.0,5.0,5.0,5.0,5.0,5.0,5.0,5.0,5.0,5.0,5.0,5.0,5.0,5.0,5.0,5.0,5.0,5.0,5.0,5.0,5.0,5.0,5.0,5.0,5.0,5.0,5.0,5.0,5.0,5.0,5.0,5.0,5.0,5.0,5.0,5.0,5.0,5.0,5.0,5.0,5.0,5.0,5.0,5.0,5.0,5.0,5.0,5.0,5.0,5.0,5.0,5.0,5.0,5.0,5.0,5.0,5.0,5.0,5.0,5.0,5.0,5.0,5.0,5.0,5.0,5.0
kpi_resolution_stability_norm,2.5035593420145226,2.5035593420145226,2.5035593420145226,2.5035593420145226,2.5035593420145226,2.5035593420145226,2.5035593420145226,2.5035593420145226,2.5035593420145226,2.5035593420145226,2.5035593420145226,2.5035593420145226,2.5035593420145226,2.5035593420145226,2.5035593420145226,2.5035593420145226,2.5035593420145226,2.5035593420145226,2.5035593420145226,2.5035593420145226,2.5035593420145226,2.5035593420145226,2.5035593420145226,2.5035593420145226,2.5035593420145226,2.5035593420145226,2.5035593420145226,2.5035593420145226,2.5035593420145226,2.5035593420145226,2.5035593420145226,2.5035593420145226,2.5035593420145226,2.5035593420145226,2.5035593420145226,2.5035593420145226,2.5035593420145226,2.5035593420145226,2.5035593420145226,2.5035593420145226,2.5035593420145226,2.5035593420145226,2.5035593420145226,2.5035593420145226,2.5035593420145226,2.5035593420145226,2.5035593420145226,2.5035593420145226,2.5035593420145226,2.5035593420145226,2.5035593420145226,2.5035593420145226,2.5035593420145226,2.5035593420145226,2.5035593420145226,2.5035593420145226,2.5035593420145226,2.5035593420145226,2.5035593420145226,2.5035593420145226,2.5035593420145226,2.5035593420145226,2.5035593420145226,2.5035593420145226,2.5035593420145226,2.5035593420145226,2.5035593420145226,2.5035593420145226,2.5035593420145226,2.5035593420145226,2.5035593420145226,2.5035593420145226,2.5035593420145226,2.5035593420145226,2.5035593420145226,2.5035593420145226,2.5035593420145226,2.5035593420145226,2.5035593420145226,2.5035593420145226,2.5035593420145226,2.5035593420145226,2.5035593420145226,2.504163299631932,2.504163299631932,2.504163299631932,2.504163299631932,2.504163299631932,2.504163299631932,2.504163299631932,2.504163299631932,2.504163299631932,2.504163299631932,2.504163299631932,2.504163299631932,2.504163299631932,2.504163299631932,2.504163299631932,2.504163299631932,2.504163299631932,2.504163299631932,2.504163299631932,2.504163299631932,2.504163299631932,2.504163299631932,2.504163299631932,2.504163299631932,2.504163299631932,2.504163299631932,2.504163299631932,2.504163299631932,2.504163299631932,2.504163299631932,2.504163299631932,2.504163299631932,2.504163299631932,2.504163299631932,2.504163299631932,2.504163299631932,2.504163299631932,2.504163299631932,2.504163299631932,2.504163299631932,2.504163299631932,2.504163299631932,2.504163299631932,2.504163299631932,2.504163299631932,2.504163299631932,2.504163299631932,2.504163299631932,2.504163299631932,2.504163299631932,2.504163299631932,2.504163299631932,2.504163299631932,2.504163299631932,2.504163299631932,2.504163299631932,2.504163299631932,2.504163299631932,2.504163299631932,2.504163299631932,2.504163299631932,2.504163299631932,2.504163299631932,2.504163299631932,2.504163299631932,2.504163299631932,2.504163299631932,2.504163299631932,2.504163299631932,2.504163299631932,2.504163299631932,2.504163299631932,2.504163299631932,2.504163299631932,2.504163299631932,2.504163299631932,2.504163299631932,2.504163299631932,2.504163299631932,2.504163299631932
max_resolution_percentage_norm,9.63855421686747,9.63855421686747,9.63855421686747,9.63855421686747,9.63855421686747,9.63855421686747,9.63855421686747,9.63855421686747,9.63855421686747,9.63855421686747,9.63855421686747,9.63855421686747,9.63855421686747,9.63855421686747,9.63855421686747,9.63855421686747,9.63855421686747,9.63855421686747,9.63855421686747,9.63855421686747,9.63855421686747,9.63855421686747,9.63855421686747,9.63855421686747,9.63855421686747,9.63855421686747,9.63855421686747,9.63855421686747,9.63855421686747,9.63855421686747,9.63855421686747,9.63855421686747,9.63855421686747,9.63855421686747,9.63855421686747,9.63855421686747,9.63855421686747,9.63855421686747,9.63855421686747,9.63855421686747,9.63855421686747,9.63855421686747,9.63855421686747,9.63855421686747,9.63855421686747,9.63855421686747,9.63855421686747,9.63855421686747,9.63855421686747,9.63855421686747,9.63855421686747,9.63855421686747,9.63855421686747,9.63855421686747,9.63855421686747,9.63855421686747,9.63855421686747,9.63855421686747,9.63855421686747,9.63855421686747,9.63855421686747,9.63855421686747,9.63855421686747,9.63855421686747,9.63855421686747,9.63855421686747,9.63855421686747,9.63855421686747,9.63855421686747,9.63855421686747,9.63855421686747,9.63855421686747,9.63855421686747,9.63855421686747,9.63855421686747,9.63855421686747,9.63855421686747,9.63855421686747,9.63855421686747,9.63855421686747,9.63855421686747,9.63855421686747,9.63855421686747,11.25,11.25,11.25,11.25,11.25,11.25,11.25,11.25,11.25,11.25,11.25,11.25,11.25,11.25,11.25,11.25,11.25,11.25,11.25,11.25,11.25,11.25,11.25,11.25,11.25,11.25,11.25,11.25,11.25,11.25,11.25,11.25,11.25,11.25,11.25,11.25,11.25,11.25,11.25,11.25,11.25,11.25,11.25,11.25,11.25,11.25,11.25,11.25,11.25,11.25,11.25,11.25,11.25,11.25,11.25,11.25,11.25,11.25,11.25,11.25,11.25,11.25,11.25,11.25,11.25,11.25,11.25,11.25,11.25,11.25,11.25,11.25,11.25,11.25,11.25,11.25,11.25,11.25,11.25,11.25
kpi_fps_stability,1,1,1,1,1,4.233712451884842,4.303093943648576,4.233712451884842,4.303093943648576,4.782870430458232,4.942427872760581,5,5,5,5,5,5,5,5,5,5,5,5,5,5,5,5,5,5,5,5,5,5,5,5,5,5,5,5,5,5,5,5,5,5,5,5,5,5,5,5,5,5,5,5,5,5,5,5,5,5,5,5,5,5,5,5,5,5,5,5,5,5,5,5,5,5,5,5,5,5,5,5,1,1,4.233712451884842,4.59543356514211,4.487839843855012,4.59543356514211,4.542982187053405,5,4.942427872760581,4.738985153469177,4.942427872760581,5,5,5,5,5,5,5,5,5,5,5,5,5,5,5,5,5,5,5,5,5,5,5,5,4.542982187053405,4.738985153469177,5,5,5,5,5,5,5,5,5,5,5,5,5,5,5,5,5,5,5,5,5,5,5,5,5,5,5,5,5,5,5,5,5,5,5,5,5,5,5,5,5,5,5
kpi_q_audio,1,1,1,1,1,2,3,4,4,3,3,3,3,2,3,3,3,3,3,3,3,3,2,3,3,3,3,2,2,3,2,3,3,3,3,3,3,3,3,3,3,2,3,2,2,2,2,2,2,2,2,3,2,2,2,2,2,2,2,2,1,3,1,1,1,1,2,2,2,2,2,2,2,2,2,2,2,2,2,1,1,2,2,1,1,1,3,4,4,3,4,4,3,4,4,4,3,4,3,3,4,5,5,5,3,3,3,3,4,3,4,4,3,3,3,3,3,3,4,3,3,3,3,4,3,3,3,3,4,4,4,4,4,5,5,5,3,3,3,3,3,3,3,3,3,3,2,3,4,5,5,5,5,5,5,5,4,5,3,3,3,2,5
kpi_q_video,1.9,1.95,1.7428571428571429,1.8,2.0,2.05,1.9,1.95,1.8499999999999999,1.5142857142857142,1.9,1.457142857142857,1.457142857142857,1.4,1.457142857142857,1.457142857142857,1.5714285714285714,1.6285714285714286,1.7428571428571429,1.5714285714285714,1.4,1.457142857142857,1.5142857142857142,1.5714285714285714,1.7428571428571429,1.7428571428571429,1.8499999999999999,1.9,1.9,2.15,1.8499999999999999,2.0,1.8,1.7428571428571429,1.9,1.95,2.05,2.1,2.1,2.3499999999999996,1.9,2.25,1.9,1.8499999999999999,2.0,2.0,2.25,2.05,1.9,2.0,1.9,1.95,2.1,2.2,2.45,1.8499999999999999,2.3499999999999996,1.8,1.8499999999999999,1.9,2.0,1.95,2.15,2.3499999999999996,2.05,2.05,2.15,2.1,1.95,1.6857142857142855,1.6857142857142855,1.7428571428571429,1.7428571428571429,1.8,1.457142857142857,1.5142857142857142,1.5714285714285714,1.6285714285714286,1.6285714285714286,1.5714285714285714,1.4,1.4,1.4,1.4,1.457142857142857,1.4,1.5714285714285714,1.6285714285714286,1.7428571428571429,1.9,1.8499999999999999,1.95,1.6857142857142855,1.8,1.457142857142857,1.4,1.457142857142857,1.457142857142857,1.5714285714285714,1.6857142857142855,1.6857142857142855,1.7428571428571429,1.9,2.0,2.05,1.95,2.3,1.8,2.0
qoe_simple_normal,2.8440594251176567,2.841900031986366,2.8568905932872912,2.7622551160604445,2.4848740188702645,2.9771906406494435,3.3058650002682852,2.9286348387898595,2.5358453217795334,2.4554998227769413,3.0223103531096345,2.9724484429583824,3.000596591106531,3.1287370712278975,2.788631251122078,2.821820076882949,2.9833621957037764,3.091978497096077,3.555470560588141,3.5169524942006505,3.4954789694031714,3.0611712192488305,3.4769169722903635,3.451172472961764,3.4928308022435135,3.524641840015232,3.509977357106228,3.522484967027259,3.1649499711314846,3.1738104321231,3.124458332210994,3.1526659861111113,3.1449081357015447,3.5355108846621395,3.0966069736129236,3.1420782218415,3.484287181998751,3.544850682185185,3.579460509784455,3.6485345838585297,3.583904954228899,3.6424997670077794,3.583266546555555,3.575360518300665,3.600360518300665,3.6013989353084512,3.6181451355518646,3.5950805334971374,3.1361759994901406,3.155272574551772,3.541744799700885,3.586897654745721,3.1674532103012765,3.6006336885897743,3.540078133034218,3.1257865436346095,3.2150835682466634,3.1945280126911073,3.576194679357774,3.583481047699961,3.6011946793577736,3.5883014411165792,3.575138024247707,2.99468462843771,2.646003347980113,3.238508810979179,3.2256883816451007,3.159208815504876,2.726099394726551,2.665850402781653,2.7643185940369235,2.442948741462329,2.4622627231529735,2.466495745688494,2.494679563065461,3.0451635839324047,2.9333221471818063,3.003914111870197,3.04171432812157,3.062026602820975,3.1746763844453856,3.4649564112385107,3.3345471432438516,2.9235762380417776,3.1733138210793648,3.265904041048159,2.9249423020397707,2.946806968268451,3.030089460761993,3.0829953904433793,3.06202067769321,3.078687344359876,3.034639725312257,3.0165789588478007,2.5604017583103267,3.0045035358990013,3.030964585139691,3.0457491231109715,2.9792827819585512,3.039145710223614,3.096722258719492,3.1062460682433017,3.132436544433778,3.1491032111004444,3.1574689519355807,3.1408022852689137,3.1991356186022473,3.1158022852689142,3.1491356186022474
qoe_simple_smooth,2.7440594251176567,2.750233365319699,2.730700117096815,2.645588449393778,2.401540685536931,2.9021906406494438,3.2058650002682847,2.8369681721231927,2.4275119884462,2.291214108491227,2.922310353109634,2.7986389191488588,2.826787067297007,2.9454037378945643,2.614821727312554,2.648010553073426,2.8286002909418713,2.9467404018579817,3.4292800843976643,3.3621905894387463,3.3121456360698383,2.8873616954393064,3.3126312580046497,3.29641056819986,3.3666403260530373,3.398451363824756,3.401644023772894,3.4224849670272595,3.0649499711314845,3.1154770987897673,3.0161249988776606,3.069332652777778,3.028241469034878,3.4093204084716633,2.9966069736129235,3.050411555174833,3.4092871819987507,3.478184015518518,3.512793843117788,3.6235345838585293,3.4839049542288993,3.600833100341113,3.4832665465555555,3.4670271849673315,3.5170271849673314,3.518065601975118,3.5764784688851976,3.5200805334971377,3.0361759994901405,3.071939241218439,3.4417447997008854,3.4952309880790544,3.10078654363461,3.5506336885897745,3.531744799700885,3.0174532103012766,3.190083568246663,3.077861346024441,3.4678613460244403,3.483481047699961,3.5178613460244406,3.4966347744499124,3.5168046909143738,2.9696846284377103,2.571003347980113,3.1635088109791787,3.167355048311767,3.0925421488382097,2.6344327280598843,2.5301361170673675,2.628604308322638,2.316758265271853,2.3360722469624973,2.3498290790218275,2.320870039255937,2.8808778696466906,2.778560242419901,2.8586760166321024,2.8964762328834754,2.9072646980590697,2.9913430511120525,3.2816230779051776,3.151213809910519,2.740242904708445,2.999504297269841,3.0825707077148254,2.770180397277866,2.801568873030355,2.903898984571517,2.9829953904433792,2.953687344359876,2.9870206776932093,2.898925439597971,2.8999122921811344,2.386592234500803,2.821170202565668,2.8571550613301677,2.8719395993014474,2.824520877196647,2.9034314245093285,2.961007973005206,2.980055592052826,3.032436544433778,3.0657698777671114,3.08246895193558,3.049135618602247,3.1658022852689136,2.9991356186022475,3.065802285268914
