bweforvideo-googAvailableReceiveBandwidth,0.0,0.0,0.0,0.0,0.0,0.0,0.0,0.0,0.0,0.0,0.0,0.0,0.0,0.0,0.0,0.0,0.0,0.0,0.0,0.0,0.0,0.0,0.0,0.0,0.0,0.0,0.0,0.0,0.0,0.0,0.0,0.0,0.0,0.0,0.0,0.0,0.0,0.0,0.0,0.0,0.0,0.0,0.0,0.0,0.0,0.0,0.0,0.0,0.0,0.0,0.0,0.0,0.0,0.0,0.0,0.0,0.0,0.0,0.0,0.0,0.0,0.0,0.0,0.0,0.0,0.0,0.0,0.0,0.0,0.0,0.0,0.0,0.0,0.0,0.0,0.0,0.0,0.0,0.0,0.0,0.0,0.0,0.0,0.0,0.0,0.0,0.0,0.0,0.0,0.0,0.0,0.0,0.0,0.0,0.0,0.0,0.0,0.0,0.0,0.0,0.0,0.0,0.0,0.0,0.0,0.0,0.0,0.0,0.0,0.0,0.0,0.0,0.0,0.0,0.0,0.0,0.0,0.0,0.0,0.0
bweforvideo-googAvailableSendBandwidth,511507.0,511507.0,511507.0,511507.0,511507.0,511507.0,511507.0,511507.0,511507.0,511507.0,511507.0,511507.0,511507.0,511507.0,511507.0,511507.0,511507.0,511507.0,511507.0,511507.0,511507.0,511507.0,511507.0,511507.0,511507.0,511507.0,511507.0,511507.0,511507.0,511507.0,511507.0,511507.0,511507.0,511507.0,511507.0,511507.0,511507.0,511507.0,511507.0,511507.0,511507.0,511507.0,511507.0,511507.0,511507.0,511507.0,511507.0,511507.0,511507.0,511507.0,511507.0,511507.0,511507.0,511507.0,511507.0,511507.0,511507.0,511507.0,511507.0,511507.0,511507.0,511507.0,511507.0,511507.0,511507.0,511507.0,511507.0,511507.0,511507.0,511507.0,511507.0,511507.0,511507.0,511507.0,517188.0,517188.0,517188.0,517188.0,517188.0,517188.0,517188.0,517188.0,517188.0,517188.0,517188.0,517188.0,517188.0,517188.0,517188.0,517188.0,517188.0,517188.0,517188.0,517188.0,517188.0,517188.0,517188.0,517188.0,517188.0,517188.0,517188.0,517188.0,517188.0,517188.0,517188.0,517188.0,517188.0,517188.0,517188.0,517188.0,517188.0,517188.0,517188.0,517188.0,517188.0,517188.0,517188.0,517188.0,517188.0,517188.0
bweforvideo-googBucketDelay,0.0,0.0,2.0,0.0,0.0,0.0,0.0,0.0,0.0,0.0,0.0,0.0,1.0,0.0,0.0,0.0,0.0,0.0,0.0,0.0,5.0,1.0,0.0,0.0,0.0,1.0,0.0,1.0,0.0,0.0,0.0,0.0,0.0,0.0,0.0,0.0,0.0,0.0,0.0,0.0,0.0,0.0,1.0,4.0,0.0,0.0,0.0,0.0,0.0,0.0,0.0,0.0,0.0,0.0,0.0,0.0,0.0,0.0,0.0,3.0,0.0,0.0,0.0,0.0,4.0,0.0,0.0,0.0,0.0,0.0,0.0,1.0,0.0,1.0,0.0,0.0,0.0,0.0,1.0,0.0,2.0,1.0,0.0,1.0,2.0,0.0,0.0,0.0,0.0,2.0,0.0,0.0,0.0,0.0,3.0,4.0,1.0,0.0,0.0,0.0,2.0,0.0,2.0,1.0,1.0,1.0,0.0,0.0,0.0,0.0,0.0,0.0,0.0,0.0,1.0,1.0,0.0,0.0,0.0,2.0
timestamp,1620390372,1620390373,1620390374,1620390375,1620390376,1620390377,1620390378,1620390379,1620390380,1620390381,1620390382,1620390383,1620390384,1620390385,1620390386,1620390387,1620390388,1620390389,1620390390,1620390391,1620390392,1620390393,1620390394,1620390395,1620390396,1620390397,1620390398,1620390399,1620390400,1620390401,1620390402,1620390403,1620390404,1620390405,1620390406,1620390407,1620390408,1620390409,1620390410,1620390411,1620390412,1620390413,1620390414,1620390415,1620390416,1620390417,1620390418,1620390419,1620390420,1620390421,1620390422,1620390423,1620390424,1620390425,1620390426,1620390427,1620390428,1620390429,1620390430,1620390431,1620390432,1620390433,1620390434,1620390435,1620390436,1620390437,1620390438,1620390439,1620390440,1620390441,1620390442,1620390443,1620390444,1620390445,1620390446,1620390447,1620390448,1620390449,1620390450,1620390451,1620390452,1620390453,1620390454,1620390455,1620390456,1620390457,1620390458,1620390459,1620390460,1620390461,1620390462,1620390463,1620390464,1620390465,1620390466,1620390467,1620390468,1620390469,1620390470,1620390471,1620390472,1620390473,1620390474,1620390475,1620390476,1620390477,1620390478,1620390479,1620390480,1620390481,1620390482,1620390483,1620390484,1620390485,1620390486,1620390487,1620390488,1620390489,1620390490,1620390491
audio_bitsReceivedPerSecond,464856.0,542624.0,556328.0,544928.0,544672.0,526848.0,513496.0,517504.0,391456.0,416536.0,419888.0,410696.0,426264.0,441904.0,479488.0,494832.0,480104.0,475128.0,467192.0,501616.0,485744.0,484016.0,501888.0,500928.0,488656.0,506328.0,479536.0,495520.0,488296.0,501360.0,487960.0,487288.0,503896.0,506416.0,524504.0,506680.0,504080.0,493912.0,509080.0,524072.0,448376.0,413696.0,425720.0,459200.0,473016.0,487384.0,470016.0,470744.0,490528.0,491888.0,506712.0,461760.0,484784.0,472320.0,476088.0,478128.0,472416.0,472792.0,474336.0,484648.0,484552.0,481056.0,496896.0,486984.0,500608.0,502840.0,465760.0,458288.0,454712.0,480176.0,473944.0,473768.0,479296.0,492112.0,518944.0,502288.0,491792.0,494872.0,496368.0,465200.0,443088.0,457336.0,488480.0,488656.0,501200.0,484400.0,493448.0,481512.0,481360.0,492496.0,479696.0,469680.0,466536.0,508800.0,496512.0,488976.0,511016.0,499984.0,463064.0,475224.0,464400.0,432368.0,457816.0,470112.0,494000.0,480728.0,499264.0,478056.0,476712.0,478568.0,478360.0,490456.0,489896.0,491704.0,494880.0,489216.0,497808.0,502744.0,489664.0,501936.0
audio_bitsSentPerSecond,291856.0,270456.0,288752.0,259592.0,280960.0,257808.0,262960.0,267768.0,253608.0,249152.0,273984.0,260080.0,273488.0,264904.0,276568.0,255920.0,249408.0,274480.0,256672.0,253560.0,272792.0,260592.0,264032.0,271888.0,289304.0,270352.0,259896.0,277248.0,262376.0,256120.0,270712.0,260512.0,276528.0,258432.0,278432.0,259016.0,260600.0,280736.0,259312.0,249648.0,263576.0,266928.0,274536.0,262912.0,281464.0,258416.0,255392.0,281608.0,256664.0,251536.0,294496.0,241696.0,273712.0,251352.0,279184.0,267896.0,251872.0,281184.0,255824.0,250208.0,268488.0,262832.0,281288.0,253064.0,275648.0,265136.0,252696.0,270904.0,256736.0,247480.0,263120.0,251896.0,278696.0,246688.0,280176.0,262120.0,251656.0,278616.0,253352.0,249064.0,256928.0,258032.0,278544.0,239768.0,271440.0,265240.0,238456.0,285400.0,257008.0,250048.0,264192.0,251552.0,284296.0,246120.0,279544.0,261840.0,252224.0,285888.0,250464.0,255496.0,287720.0,245216.0,279536.0,241888.0,271784.0,260072.0,242832.0,278648.0,252864.0,253456.0,263544.0,266704.0,296448.0,242112.0,283712.0,262000.0,256128.0,284368.0,254896.0,253816.0
audio_packetsSentPerSecond,140.0,136.0,136.0,137.0,136.0,137.0,138.0,136.0,134.0,137.0,135.0,136.0,138.0,136.0,139.0,136.0,136.0,136.0,135.0,137.0,136.0,138.0,136.0,137.0,139.0,135.0,137.0,135.0,138.0,137.0,138.0,136.0,135.0,135.0,139.0,137.0,136.0,138.0,135.0,138.0,134.0,136.0,136.0,136.0,137.0,137.0,137.0,138.0,136.0,136.0,142.0,137.0,137.0,136.0,135.0,139.0,136.0,135.0,134.0,135.0,138.0,135.0,135.0,137.0,136.0,138.0,137.0,134.0,139.0,136.0,138.0,133.0,138.0,135.0,142.0,134.0,135.0,135.0,138.0,138.0,135.0,136.0,136.0,137.0,139.0,137.0,135.0,136.0,138.0,137.0,139.0,133.0,136.0,136.0,139.0,136.0,138.0,138.0,137.0,137.0,140.0,134.0,139.0,136.0,137.0,137.0,135.0,137.0,135.0,139.0,134.0,137.0,134.0,138.0,137.0,138.0,138.0,137.0,135.0,135.0
audio_googLocalAddress,34.67.229.81:47927,34.67.229.81:47927,34.67.229.81:47927,34.67.229.81:47927,34.67.229.81:47927,34.67.229.81:47927,34.67.229.81:47927,34.67.229.81:47927,34.67.229.81:47927,34.67.229.81:47927,34.67.229.81:47927,34.67.229.81:47927,34.67.229.81:47927,34.67.229.81:47927,34.67.229.81:47927,34.67.229.81:47927,34.67.229.81:47927,34.67.229.81:47927,34.67.229.81:47927,34.67.229.81:47927,34.67.229.81:47927,34.67.229.81:47927,34.67.229.81:47927,34.67.229.81:47927,34.67.229.81:47927,34.67.229.81:47927,34.67.229.81:47927,34.67.229.81:47927,34.67.229.81:47927,34.67.229.81:47927,34.67.229.81:47927,34.67.229.81:47927,34.67.229.81:47927,34.67.229.81:47927,34.67.229.81:47927,34.67.229.81:47927,34.67.229.81:47927,34.67.229.81:47927,34.67.229.81:47927,34.67.229.81:47927,34.67.229.81:47927,34.67.229.81:47927,34.67.229.81:47927,34.67.229.81:47927,34.67.229.81:47927,34.67.229.81:47927,34.67.229.81:47927,34.67.229.81:47927,34.67.229.81:47927,34.67.229.81:47927,34.67.229.81:47927,34.67.229.81:47927,34.67.229.81:47927,34.67.229.81:47927,34.67.229.81:47927,34.67.229.81:47927,34.67.229.81:47927,34.67.229.81:47927,34.67.229.81:47927,34.67.229.81:47927,34.67.229.81:47927,34.67.229.81:47927,34.67.229.81:47927,34.67.229.81:47927,34.67.229.81:47927,34.67.229.81:47927,34.67.229.81:47927,34.67.229.81:47927,34.67.229.81:47927,34.67.229.81:47927,34.67.229.81:47927,34.67.229.81:47927,34.67.229.81:47927,34.67.229.81:47927,34.67.229.81:47927,34.67.229.81:47927,34.67.229.81:47927,34.67.229.81:47927,34.67.229.81:47927,34.67.229.81:47927,34.67.229.81:47927,34.67.229.81:47927,34.67.229.81:47927,34.67.229.81:47927,34.67.229.81:47927,34.67.229.81:47927,34.67.229.81:47927,34.67.229.81:47927,34.67.229.81:47927,34.67.229.81:47927,34.67.229.81:47927,34.67.229.81:47927,34.67.229.81:47927,34.67.229.81:47927,34.67.229.81:47927,34.67.229.81:47927,34.67.229.81:47927,34.67.229.81:47927,34.67.229.81:47927,34.67.229.81:47927,34.67.229.81:47927,34.67.229.81:47927,34.67.229.81:47927,34.67.229.81:47927,34.67.229.81:47927,34.67.229.81:47927,34.67.229.81:47927,34.67.229.81:47927,34.67.229.81:47927,34.67.229.81:47927,34.67.229.81:47927,34.67.229.81:47927,34.67.229.81:47927,34.67.229.81:47927,34.67.229.81:47927,34.67.229.81:47927,34.67.229.81:47927,34.67.229.81:47927,34.67.229.81:47927,34.67.229.81:47927
audio_googRemoteAddress,158.101.112.6:10000,158.101.112.6:10000,158.101.112.6:10000,158.101.112.6:10000,158.101.112.6:10000,158.101.112.6:10000,158.101.112.6:10000,158.101.112.6:10000,158.101.112.6:10000,158.101.112.6:10000,158.101.112.6:10000,158.101.112.6:10000,158.101.112.6:10000,158.101.112.6:10000,158.101.112.6:10000,158.101.112.6:10000,158.101.112.6:10000,158.101.112.6:10000,158.101.112.6:10000,158.101.112.6:10000,158.101.112.6:10000,158.101.112.6:10000,158.101.112.6:10000,158.101.112.6:10000,158.101.112.6:10000,158.101.112.6:10000,158.101.112.6:10000,158.101.112.6:10000,158.101.112.6:10000,158.101.112.6:10000,158.101.112.6:10000,158.101.112.6:10000,158.101.112.6:10000,158.101.112.6:10000,158.101.112.6:10000,158.101.112.6:10000,158.101.112.6:10000,158.101.112.6:10000,158.101.112.6:10000,158.101.112.6:10000,158.101.112.6:10000,158.101.112.6:10000,158.101.112.6:10000,158.101.112.6:10000,158.101.112.6:10000,158.101.112.6:10000,158.101.112.6:10000,158.101.112.6:10000,158.101.112.6:10000,158.101.112.6:10000,158.101.112.6:10000,158.101.112.6:10000,158.101.112.6:10000,158.101.112.6:10000,158.101.112.6:10000,158.101.112.6:10000,158.101.112.6:10000,158.101.112.6:10000,158.101.112.6:10000,158.101.112.6:10000,158.101.112.6:10000,158.101.112.6:10000,158.101.112.6:10000,158.101.112.6:10000,158.101.112.6:10000,158.101.112.6:10000,158.101.112.6:10000,158.101.112.6:10000,158.101.112.6:10000,158.101.112.6:10000,158.101.112.6:10000,158.101.112.6:10000,158.101.112.6:10000,158.101.112.6:10000,158.101.112.6:10000,158.101.112.6:10000,158.101.112.6:10000,158.101.112.6:10000,158.101.112.6:10000,158.101.112.6:10000,158.101.112.6:10000,158.101.112.6:10000,158.101.112.6:10000,158.101.112.6:10000,158.101.112.6:10000,158.101.112.6:10000,158.101.112.6:10000,158.101.112.6:10000,158.101.112.6:10000,158.101.112.6:10000,158.101.112.6:10000,158.101.112.6:10000,158.101.112.6:10000,158.101.112.6:10000,158.101.112.6:10000,158.101.112.6:10000,158.101.112.6:10000,158.101.112.6:10000,158.101.112.6:10000,158.101.112.6:10000,158.101.112.6:10000,158.101.112.6:10000,158.101.112.6:10000,158.101.112.6:10000,158.101.112.6:10000,158.101.112.6:10000,158.101.112.6:10000,158.101.112.6:10000,158.101.112.6:10000,158.101.112.6:10000,158.101.112.6:10000,158.101.112.6:10000,158.101.112.6:10000,158.101.112.6:10000,158.101.112.6:10000,158.101.112.6:10000,158.101.112.6:10000,158.101.112.6:10000,158.101.112.6:10000,158.101.112.6:10000
audio_googRtt,26.0,26.0,26.0,26.0,26.0,26.0,26.0,26.0,26.0,26.0,26.0,26.0,26.0,26.0,26.0,26.0,26.0,26.0,26.0,26.0,26.0,26.0,26.0,26.0,26.0,26.0,26.0,26.0,26.0,26.0,26.0,26.0,25.0,25.0,25.0,25.0,25.0,25.0,25.0,25.0,25.0,25.0,25.0,25.0,25.0,25.0,25.0,25.0,25.0,25.0,25.0,25.0,25.0,25.0,25.0,25.0,25.0,26.0,26.0,26.0,26.0,26.0,26.0,26.0,26.0,26.0,26.0,26.0,26.0,26.0,26.0,26.0,26.0,26.0,26.0,26.0,26.0,26.0,26.0,26.0,26.0,26.0,26.0,26.0,26.0,26.0,26.0,26.0,26.0,26.0,26.0,26.0,26.0,26.0,26.0,26.0,26.0,26.0,26.0,26.0,26.0,26.0,25.0,25.0,25.0,25.0,25.0,25.0,25.0,25.0,26.0,26.0,26.0,26.0,26.0,25.0,25.0,25.0,25.0,25.0
audio_send_bitsSentPerSecond_3844469548,32416.0,31888.0,32208.0,25176.0,27144.0,26112.0,25592.0,22000.0,21704.0,22232.0,27056.0,26648.0,25336.0,26080.0,25704.0,22128.0,18336.0,26080.0,25368.0,25792.0,25200.0,19672.0,18920.0,35168.0,39368.0,39720.0,24976.0,26992.0,30288.0,27544.0,24832.0,25880.0,26408.0,26424.0,27008.0,27040.0,26904.0,26744.0,26880.0,25408.0,22144.0,27736.0,24640.0,30232.0,29640.0,25448.0,25296.0,25616.0,24136.0,25912.0,23624.0,20112.0,25120.0,24000.0,28152.0,29832.0,27528.0,25488.0,24720.0,25632.0,25944.0,26968.0,26928.0,26496.0,26944.0,23640.0,23928.0,18008.0,23656.0,18392.0,19648.0,19856.0,19664.0,25216.0,24824.0,23760.0,24696.0,22160.0,20912.0,22080.0,18296.0,20912.0,19624.0,19528.0,19544.0,21576.0,17088.0,24936.0,24760.0,21464.0,22592.0,18776.0,25520.0,25200.0,24504.0,23464.0,24704.0,23312.0,23952.0,23776.0,23000.0,24056.0,23544.0,23480.0,20088.0,22688.0,18224.0,19704.0,21408.0,23192.0,23712.0,31528.0,41952.0,23912.0,26488.0,26184.0,26104.0,26232.0,26648.0,25744.0
audio_send_packetsSentPerSecond_3844469548,50.0,49.0,50.0,49.0,49.0,50.0,49.0,49.0,50.0,50.0,49.0,49.0,49.0,50.0,50.0,50.0,50.0,49.0,50.0,50.0,49.0,50.0,49.0,50.0,49.0,49.0,50.0,49.0,50.0,50.0,49.0,50.0,50.0,49.0,50.0,50.0,49.0,50.0,49.0,50.0,50.0,49.0,49.0,50.0,49.0,50.0,49.0,50.0,49.0,50.0,49.0,50.0,49.0,49.0,50.0,50.0,49.0,50.0,49.0,49.0,50.0,50.0,50.0,50.0,49.0,50.0,49.0,50.0,50.0,50.0,49.0,50.0,49.0,50.0,50.0,49.0,50.0,50.0,49.0,50.0,49.0,50.0,50.0,49.0,49.0,50.0,50.0,50.0,50.0,49.0,50.0,49.0,50.0,49.0,49.0,50.0,50.0,49.0,49.0,50.0,49.0,50.0,49.0,50.0,49.0,50.0,50.0,49.0,50.0,49.0,50.0,50.0,49.0,50.0,49.0,50.0,50.0,50.0,50.0,49.0
video_send_bitsSentPerSecond_3684110243,234512.0,213776.0,232368.0,209280.0,229576.0,206528.0,211624.0,220848.0,208288.0,202152.0,222656.0,208544.0,222928.0,214328.0,225392.0,209312.0,206368.0,223816.0,207560.0,202464.0,222696.0,215408.0,220560.0,211640.0,227616.0,203304.0,209992.0,226112.0,206584.0,203616.0,220032.0,209840.0,226120.0,207648.0,226504.0,207328.0,208696.0,228744.0,207968.0,198736.0,218072.0,214672.0,225232.0,208160.0,227016.0,208136.0,205024.0,230944.0,207528.0,201208.0,246080.0,196424.0,223208.0,202736.0,227280.0,212312.0,199304.0,231800.0,207120.0,200096.0,217344.0,211864.0,230392.0,201648.0,224344.0,216368.0,203560.0,228800.0,207632.0,204160.0,218352.0,208336.0,233576.0,197384.0,228640.0,214384.0,203184.0,232496.0,207016.0,201832.0,214368.0,212704.0,234448.0,195168.0,225928.0,219376.0,196992.0,236080.0,206456.0,203856.0,216272.0,209216.0,234280.0,196160.0,229288.0,213872.0,202088.0,236936.0,201032.0,206704.0,240240.0,197512.0,230536.0,193712.0,227360.0,212488.0,200104.0,234216.0,207024.0,204168.0,216064.0,210320.0,230392.0,193368.0,232504.0,210632.0,204464.0,233496.0,204248.0,204112.0
video_send_packetsLost_3684110243,0.0,0.0,0.0,0.0,0.0,0.0,0.0,0.0,0.0,0.0,0.0,0.0,0.0,0.0,0.0,0.0,0.0,0.0,0.0,0.0,0.0,0.0,0.0,0.0,0.0,0.0,0.0,0.0,0.0,0.0,0.0,0.0,0.0,0.0,0.0,0.0,0.0,0.0,0.0,0.0,0.0,0.0,0.0,0.0,0.0,0.0,0.0,0.0,0.0,0.0,0.0,0.0,0.0,0.0,0.0,0.0,0.0,0.0,0.0,0.0,0.0,0.0,0.0,0.0,0.0,0.0,0.0,0.0,0.0,0.0,0.0,0.0,0.0,0.0,0.0,0.0,0.0,0.0,0.0,0.0,0.0,0.0,0.0,0.0,0.0,0.0,0.0,0.0,0.0,0.0,0.0,0.0,0.0,0.0,0.0,0.0,0.0,0.0,0.0,0.0,0.0,0.0,0.0,0.0,0.0,0.0,0.0,0.0,0.0,0.0,0.0,0.0,0.0,0.0,0.0,0.0,0.0,0.0,0.0,0.0
video_send_packetsSentPerSecond_3684110243,64.0,59.0,61.0,59.0,61.0,60.0,59.0,59.0,60.0,60.0,59.0,59.0,60.0,60.0,62.0,60.0,60.0,59.0,60.0,60.0,60.0,59.0,59.0,60.0,62.0,58.0,60.0,59.0,60.0,60.0,59.0,59.0,60.0,59.0,62.0,59.0,60.0,60.0,59.0,60.0,60.0,59.0,59.0,59.0,61.0,60.0,59.0,60.0,59.0,60.0,66.0,60.0,59.0,59.0,61.0,60.0,59.0,60.0,59.0,59.0,60.0,60.0,60.0,60.0,60.0,60.0,60.0,59.0,60.0,60.0,60.0,59.0,59.0,60.0,61.0,59.0,60.0,60.0,59.0,60.0,60.0,60.0,60.0,59.0,60.0,61.0,59.0,60.0,60.0,59.0,60.0,59.0,60.0,59.0,60.0,60.0,60.0,60.0,58.0,60.0,65.0,60.0,61.0,59.0,62.0,60.0,59.0,60.0,59.0,60.0,59.0,60.0,59.0,60.0,60.0,60.0,60.0,60.0,60.0,59.0
video_send_googEncodeUsagePercent_3684110243,44.0,39.0,35.0,32.0,30.0,28.0,27.0,25.0,24.0,23.0,22.0,21.0,20.0,20.0,19.0,19.0,19.0,19.0,20.0,19.0,19.0,18.0,18.0,18.0,18.0,18.0,18.0,18.0,18.0,18.0,18.0,18.0,19.0,18.0,18.0,19.0,19.0,19.0,20.0,19.0,19.0,19.0,18.0,18.0,18.0,18.0,18.0,18.0,18.0,19.0,19.0,19.0,18.0,18.0,19.0,18.0,18.0,18.0,18.0,18.0,18.0,18.0,18.0,18.0,17.0,18.0,18.0,18.0,18.0,19.0,18.0,18.0,18.0,18.0,18.0,19.0,19.0,19.0,19.0,19.0,18.0,19.0,19.0,19.0,19.0,19.0,18.0,18.0,19.0,19.0,19.0,19.0,19.0,19.0,18.0,18.0,18.0,19.0,19.0,19.0,19.0,19.0,19.0,18.0,18.0,18.0,18.0,18.0,19.0,19.0,19.0,19.0,19.0,19.0,19.0,19.0,19.0,20.0,20.0,20.0
video_send_googFrameHeightInput_3684110243,720.0,720.0,720.0,720.0,720.0,720.0,720.0,720.0,720.0,720.0,720.0,720.0,720.0,720.0,720.0,720.0,720.0,720.0,720.0,720.0,720.0,720.0,720.0,720.0,720.0,720.0,720.0,720.0,720.0,720.0,720.0,720.0,720.0,720.0,720.0,720.0,720.0,720.0,720.0,720.0,720.0,720.0,720.0,720.0,720.0,720.0,720.0,720.0,720.0,720.0,720.0,720.0,720.0,720.0,720.0,720.0,720.0,720.0,720.0,720.0,720.0,720.0,720.0,720.0,720.0,720.0,720.0,720.0,720.0,720.0,720.0,720.0,720.0,720.0,720.0,720.0,720.0,720.0,720.0,720.0,720.0,720.0,720.0,720.0,720.0,720.0,720.0,720.0,720.0,720.0,720.0,720.0,720.0,720.0,720.0,720.0,720.0,720.0,720.0,720.0,720.0,720.0,720.0,720.0,720.0,720.0,720.0,720.0,720.0,720.0,720.0,720.0,720.0,720.0,720.0,720.0,720.0,720.0,720.0,720.0
video_send_googFrameHeightSent_3684110243,180.0,180.0,180.0,180.0,180.0,180.0,180.0,180.0,180.0,180.0,180.0,180.0,180.0,180.0,180.0,180.0,180.0,180.0,180.0,180.0,180.0,180.0,180.0,180.0,180.0,180.0,180.0,180.0,180.0,180.0,180.0,180.0,180.0,180.0,180.0,180.0,180.0,180.0,180.0,180.0,180.0,180.0,180.0,180.0,180.0,180.0,180.0,180.0,180.0,180.0,180.0,180.0,180.0,180.0,180.0,180.0,180.0,180.0,180.0,180.0,180.0,180.0,180.0,180.0,180.0,180.0,180.0,180.0,180.0,180.0,180.0,180.0,180.0,180.0,180.0,180.0,180.0,180.0,180.0,180.0,180.0,180.0,180.0,180.0,180.0,180.0,180.0,180.0,180.0,180.0,180.0,180.0,180.0,180.0,180.0,180.0,180.0,180.0,180.0,180.0,180.0,180.0,180.0,180.0,180.0,180.0,180.0,180.0,180.0,180.0,180.0,180.0,180.0,180.0,180.0,180.0,180.0,180.0,180.0,180.0
video_send_googFrameRateSent_3684110243,60.0,60.0,61.0,60.0,60.0,60.0,60.0,60.0,60.0,60.0,60.0,60.0,61.0,60.0,60.0,60.0,60.0,60.0,60.0,60.0,60.0,60.0,60.0,60.0,61.0,61.0,60.0,61.0,60.0,60.0,61.0,59.0,60.0,60.0,60.0,60.0,60.0,60.0,60.0,60.0,60.0,60.0,61.0,61.0,60.0,60.0,60.0,60.0,61.0,60.0,61.0,60.0,60.0,61.0,60.0,61.0,59.0,60.0,60.0,60.0,60.0,60.0,59.0,60.0,61.0,60.0,61.0,60.0,61.0,60.0,61.0,61.0,61.0,60.0,59.0,59.0,60.0,60.0,61.0,59.0,61.0,61.0,59.0,60.0,61.0,60.0,59.0,59.0,59.0,60.0,60.0,61.0,59.0,60.0,60.0,60.0,60.0,61.0,59.0,59.0,61.0,59.0,60.0,60.0,61.0,60.0,59.0,60.0,60.0,61.0,59.0,60.0,59.0,59.0,61.0,60.0,59.0,59.0,59.0,60.0
video_send_googFrameWidthInput_3684110243,1280.0,1280.0,1280.0,1280.0,1280.0,1280.0,1280.0,1280.0,1280.0,1280.0,1280.0,1280.0,1280.0,1280.0,1280.0,1280.0,1280.0,1280.0,1280.0,1280.0,1280.0,1280.0,1280.0,1280.0,1280.0,1280.0,1280.0,1280.0,1280.0,1280.0,1280.0,1280.0,1280.0,1280.0,1280.0,1280.0,1280.0,1280.0,1280.0,1280.0,1280.0,1280.0,1280.0,1280.0,1280.0,1280.0,1280.0,1280.0,1280.0,1280.0,1280.0,1280.0,1280.0,1280.0,1280.0,1280.0,1280.0,1280.0,1280.0,1280.0,1280.0,1280.0,1280.0,1280.0,1280.0,1280.0,1280.0,1280.0,1280.0,1280.0,1280.0,1280.0,1280.0,1280.0,1280.0,1280.0,1280.0,1280.0,1280.0,1280.0,1280.0,1280.0,1280.0,1280.0,1280.0,1280.0,1280.0,1280.0,1280.0,1280.0,1280.0,1280.0,1280.0,1280.0,1280.0,1280.0,1280.0,1280.0,1280.0,1280.0,1280.0,1280.0,1280.0,1280.0,1280.0,1280.0,1280.0,1280.0,1280.0,1280.0,1280.0,1280.0,1280.0,1280.0,1280.0,1280.0,1280.0,1280.0,1280.0,1280.0
video_send_googFrameWidthSent_3684110243,320.0,320.0,320.0,320.0,320.0,320.0,320.0,320.0,320.0,320.0,320.0,320.0,320.0,320.0,320.0,320.0,320.0,320.0,320.0,320.0,320.0,320.0,320.0,320.0,320.0,320.0,320.0,320.0,320.0,320.0,320.0,320.0,320.0,320.0,320.0,320.0,320.0,320.0,320.0,320.0,320.0,320.0,320.0,320.0,320.0,320.0,320.0,320.0,320.0,320.0,320.0,320.0,320.0,320.0,320.0,320.0,320.0,320.0,320.0,320.0,320.0,320.0,320.0,320.0,320.0,320.0,320.0,320.0,320.0,320.0,320.0,320.0,320.0,320.0,320.0,320.0,320.0,320.0,320.0,320.0,320.0,320.0,320.0,320.0,320.0,320.0,320.0,320.0,320.0,320.0,320.0,320.0,320.0,320.0,320.0,320.0,320.0,320.0,320.0,320.0,320.0,320.0,320.0,320.0,320.0,320.0,320.0,320.0,320.0,320.0,320.0,320.0,320.0,320.0,320.0,320.0,320.0,320.0,320.0,320.0
video_send_googRtt_3684110243,26.0,26.0,26.0,26.0,26.0,26.0,26.0,26.0,26.0,26.0,26.0,26.0,26.0,26.0,26.0,26.0,26.0,25.0,25.0,25.0,25.0,25.0,25.0,25.0,25.0,25.0,25.0,26.0,26.0,26.0,26.0,26.0,26.0,26.0,26.0,26.0,25.0,25.0,25.0,25.0,25.0,25.0,25.0,25.0,25.0,25.0,25.0,25.0,25.0,25.0,25.0,25.0,25.0,25.0,25.0,25.0,25.0,25.0,25.0,25.0,25.0,25.0,25.0,25.0,25.0,25.0,25.0,25.0,25.0,25.0,25.0,25.0,25.0,25.0,25.0,25.0,25.0,26.0,27.0,27.0,27.0,27.0,27.0,27.0,26.0,26.0,26.0,26.0,26.0,26.0,26.0,26.0,26.0,26.0,26.0,26.0,26.0,26.0,26.0,25.0,25.0,25.0,25.0,25.0,25.0,25.0,25.0,25.0,25.0,25.0,25.0,25.0,25.0,25.0,25.0,25.0,25.0,25.0,25.0,25.0
audio_recv_bitsReceivedPerSecond_4258585836,33968.0,31832.0,39816.0,40504.0,43512.0,41784.0,31216.0,33152.0,8680.0,7520.0,18480.0,10056.0,7496.0,7528.0,9784.0,11776.0,8016.0,10472.0,6936.0,9696.0,10856.0,10664.0,7160.0,8592.0,10008.0,18808.0,9168.0,9056.0,11816.0,8912.0,11312.0,10576.0,15040.0,12352.0,17008.0,18160.0,17752.0,16848.0,16384.0,17272.0,20432.0,20104.0,14472.0,12744.0,8320.0,9936.0,10704.0,11480.0,11472.0,7168.0,8808.0,10568.0,11976.0,13528.0,9152.0,10952.0,9192.0,8272.0,8240.0,9496.0,6888.0,12824.0,14224.0,8600.0,11992.0,13792.0,16440.0,6784.0,10160.0,6008.0,7680.0,6976.0,10424.0,28024.0,43728.0,22344.0,18440.0,17424.0,15584.0,13424.0,8168.0,9608.0,11360.0,10488.0,13520.0,14016.0,9848.0,17760.0,17024.0,12200.0,11256.0,9912.0,16208.0,17296.0,17856.0,17728.0,16624.0,16664.0,17728.0,17808.0,16728.0,15320.0,12392.0,11984.0,8560.0,10272.0,10880.0,9672.0,9144.0,10832.0,9224.0,11536.0,9080.0,8528.0,8824.0,13320.0,7384.0,14024.0,10872.0,8504.0
audio_recv_packetsReceivedPerSecond_4258585836,50.0,49.0,50.0,46.0,49.0,49.0,47.0,49.0,13.0,10.0,22.0,15.0,10.0,10.0,10.0,12.0,11.0,11.0,10.0,11.0,11.0,10.0,7.0,10.0,12.0,19.0,9.0,8.0,12.0,9.0,11.0,11.0,16.0,12.0,19.0,19.0,20.0,19.0,17.0,19.0,23.0,21.0,15.0,13.0,8.0,10.0,10.0,12.0,11.0,10.0,10.0,11.0,12.0,13.0,9.0,10.0,9.0,8.0,7.0,9.0,7.0,14.0,17.0,9.0,12.0,15.0,18.0,7.0,11.0,6.0,7.0,7.0,10.0,32.0,50.0,24.0,21.0,19.0,16.0,15.0,9.0,16.0,13.0,10.0,14.0,15.0,10.0,20.0,19.0,12.0,12.0,9.0,18.0,19.0,18.0,19.0,18.0,17.0,18.0,19.0,17.0,16.0,18.0,19.0,12.0,16.0,16.0,14.0,14.0,15.0,14.0,18.0,12.0,12.0,10.0,14.0,7.0,15.0,11.0,8.0
audio_recv_googCurrentDelayMs_4258585836,73.0,72.0,71.0,90.0,91.0,92.0,70.0,74.0,55.0,52.0,61.0,52.0,46.0,72.0,59.0,44.0,48.0,53.0,72.0,60.0,61.0,65.0,61.0,71.0,48.0,57.0,62.0,44.0,45.0,46.0,60.0,49.0,72.0,66.0,50.0,54.0,80.0,63.0,66.0,60.0,60.0,74.0,70.0,53.0,46.0,48.0,71.0,49.0,62.0,43.0,48.0,58.0,59.0,71.0,46.0,49.0,43.0,53.0,42.0,51.0,57.0,66.0,60.0,47.0,57.0,57.0,63.0,74.0,48.0,72.0,42.0,41.0,46.0,70.0,95.0,65.0,50.0,52.0,51.0,57.0,66.0,53.0,65.0,53.0,56.0,56.0,70.0,60.0,51.0,58.0,56.0,62.0,68.0,51.0,64.0,47.0,46.0,52.0,55.0,55.0,66.0,62.0,67.0,56.0,47.0,47.0,63.0,57.0,48.0,64.0,68.0,61.0,68.0,63.0,53.0,49.0,42.0,72.0,60.0,55.0
audio_recv_googJitterBufferMs_4258585836,45.0,45.0,45.0,54.0,54.0,40.0,42.0,36.0,8.0,5.0,50.0,28.0,22.0,27.0,28.0,22.0,27.0,70.0,30.0,70.0,70.0,20.0,15.0,28.0,25.0,12.0,22.0,22.0,2.0,25.0,70.0,22.0,29.0,40.0,22.0,23.0,60.0,12.0,20.0,13.0,12.0,60.0,20.0,7.0,4.0,2.0,60.0,22.0,12.0,22.0,22.0,12.0,50.0,40.0,4.0,7.0,2.0,12.0,2.0,4.0,50.0,21.0,50.0,4.0,30.0,10.0,14.0,50.0,22.0,30.0,24.0,2.0,2.0,50.0,50.0,20.0,23.0,3.0,23.0,33.0,23.0,13.0,22.0,70.0,13.0,34.0,60.0,30.0,22.0,12.0,13.0,22.0,33.0,25.0,31.0,22.0,23.0,24.0,24.0,41.0,20.0,12.0,22.0,23.0,20.0,21.0,22.0,50.0,2.0,32.0,60.0,22.0,20.0,20.0,14.0,22.0,4.0,30.0,50.0,30.0
audio_recv_googJitterReceived_4258585836,2.0,2.0,2.0,2.0,2.0,1.0,2.0,1.0,2.0,2.0,2.0,2.0,2.0,2.0,1.0,2.0,3.0,2.0,2.0,1.0,2.0,2.0,2.0,1.0,2.0,1.0,1.0,2.0,2.0,1.0,2.0,2.0,2.0,2.0,2.0,1.0,1.0,1.0,2.0,1.0,1.0,1.0,1.0,1.0,1.0,1.0,2.0,1.0,1.0,1.0,1.0,1.0,2.0,1.0,2.0,2.0,1.0,1.0,2.0,2.0,2.0,2.0,1.0,2.0,2.0,2.0,2.0,2.0,2.0,2.0,2.0,2.0,2.0,2.0,2.0,3.0,2.0,2.0,2.0,2.0,2.0,2.0,1.0,2.0,2.0,2.0,2.0,2.0,2.0,2.0,1.0,2.0,2.0,2.0,1.0,1.0,1.0,2.0,2.0,2.0,2.0,2.0,2.0,2.0,2.0,1.0,2.0,2.0,1.0,2.0,2.0,2.0,2.0,2.0,2.0,1.0,2.0,2.0,1.0,2.0
audio_recv_googPreferredJitterBufferMs_4258585836,40.0,40.0,40.0,40.0,40.0,40.0,40.0,20.0,20.0,20.0,20.0,20.0,20.0,20.0,20.0,20.0,20.0,20.0,20.0,20.0,20.0,20.0,20.0,20.0,20.0,20.0,20.0,20.0,20.0,20.0,20.0,20.0,20.0,20.0,20.0,20.0,20.0,20.0,20.0,20.0,20.0,20.0,20.0,20.0,20.0,20.0,20.0,20.0,20.0,20.0,20.0,20.0,20.0,20.0,20.0,20.0,20.0,20.0,20.0,20.0,20.0,20.0,20.0,20.0,20.0,20.0,20.0,20.0,20.0,20.0,20.0,20.0,20.0,20.0,20.0,20.0,20.0,20.0,20.0,20.0,20.0,20.0,20.0,20.0,20.0,20.0,20.0,20.0,20.0,20.0,20.0,20.0,20.0,20.0,20.0,20.0,20.0,20.0,20.0,20.0,20.0,20.0,20.0,20.0,20.0,20.0,20.0,20.0,20.0,20.0,20.0,20.0,20.0,20.0,20.0,20.0,20.0,20.0,20.0,20.0
video_recv_bitsReceivedPerSecond_1082931411,236328.0,220264.0,227464.0,220936.0,223312.0,219088.0,214080.0,201744.0,214576.0,218416.0,214592.0,205952.0,218736.0,217904.0,213872.0,227192.0,210488.0,208368.0,207544.0,226048.0,208656.0,204512.0,214256.0,225784.0,216920.0,223152.0,206016.0,212576.0,213032.0,219280.0,210496.0,198912.0,217576.0,215944.0,223872.0,222088.0,209664.0,209952.0,212248.0,218672.0,210088.0,207016.0,215336.0,217280.0,222584.0,227096.0,205976.0,209360.0,211296.0,219904.0,226016.0,196480.0,216024.0,211384.0,220568.0,220248.0,214928.0,208328.0,211272.0,217440.0,210696.0,207280.0,218952.0,214952.0,222848.0,229584.0,202360.0,207736.0,212192.0,220568.0,208112.0,208184.0,217648.0,213424.0,225840.0,216816.0,216856.0,205024.0,213880.0,220560.0,208688.0,205800.0,217160.0,213040.0,225888.0,206016.0,227776.0,208072.0,209808.0,220584.0,211216.0,202712.0,221400.0,210960.0,224056.0,208968.0,226288.0,208776.0,209584.0,222072.0,224904.0,195232.0,211840.0,213768.0,221960.0,208800.0,226248.0,208736.0,208512.0,221448.0,212904.0,206992.0,215888.0,215760.0,224392.0,207976.0,224288.0,209152.0,207456.0,223272.0
video_recv_packetsReceivedPerSecond_1082931411,62.0,59.0,60.0,59.0,60.0,61.0,60.0,58.0,60.0,60.0,60.0,59.0,59.0,60.0,59.0,62.0,60.0,59.0,59.0,61.0,60.0,59.0,58.0,62.0,59.0,61.0,59.0,60.0,60.0,60.0,59.0,59.0,60.0,59.0,61.0,61.0,59.0,61.0,59.0,60.0,60.0,59.0,59.0,59.0,60.0,63.0,59.0,60.0,59.0,60.0,62.0,59.0,60.0,59.0,60.0,61.0,60.0,60.0,59.0,59.0,60.0,60.0,60.0,60.0,59.0,62.0,60.0,60.0,60.0,61.0,59.0,60.0,59.0,60.0,60.0,59.0,62.0,59.0,60.0,60.0,59.0,60.0,60.0,59.0,59.0,59.0,64.0,60.0,60.0,59.0,60.0,59.0,60.0,59.0,59.0,60.0,62.0,59.0,59.0,60.0,62.0,59.0,60.0,60.0,59.0,60.0,63.0,59.0,59.0,60.0,60.0,60.0,59.0,60.0,59.0,60.0,62.0,60.0,60.0,59.0
video_recv_googCurrentDelayMs_1082931411,27.0,26.0,26.0,26.0,26.0,26.0,26.0,26.0,26.0,27.0,27.0,27.0,26.0,25.0,25.0,25.0,25.0,25.0,25.0,24.0,24.0,24.0,24.0,24.0,24.0,24.0,24.0,24.0,24.0,24.0,24.0,24.0,24.0,24.0,24.0,24.0,24.0,24.0,24.0,24.0,24.0,24.0,24.0,24.0,24.0,25.0,24.0,24.0,24.0,24.0,24.0,24.0,24.0,24.0,24.0,24.0,24.0,24.0,24.0,24.0,25.0,25.0,25.0,25.0,25.0,26.0,25.0,26.0,26.0,25.0,25.0,25.0,25.0,25.0,25.0,25.0,25.0,25.0,25.0,25.0,25.0,25.0,25.0,25.0,26.0,26.0,26.0,26.0,26.0,26.0,26.0,27.0,27.0,27.0,27.0,26.0,26.0,26.0,26.0,26.0,27.0,27.0,28.0,28.0,28.0,29.0,29.0,29.0,29.0,29.0,30.0,30.0,30.0,30.0,30.0,29.0,29.0,29.0,29.0,29.0
video_recv_googDecodeMs_1082931411,1.0,1.0,1.0,1.0,1.0,1.0,1.0,1.0,1.0,1.0,1.0,3.0,1.0,1.0,1.0,1.0,1.0,1.0,1.0,1.0,1.0,1.0,1.0,1.0,1.0,1.0,1.0,1.0,1.0,1.0,1.0,1.0,1.0,1.0,1.0,1.0,1.0,1.0,1.0,1.0,1.0,1.0,0.0,1.0,1.0,1.0,1.0,1.0,1.0,1.0,1.0,1.0,1.0,1.0,1.0,1.0,1.0,1.0,1.0,1.0,1.0,1.0,1.0,1.0,2.0,1.0,1.0,1.0,1.0,1.0,1.0,1.0,1.0,2.0,1.0,3.0,1.0,1.0,1.0,1.0,1.0,1.0,1.0,0.0,1.0,1.0,1.0,1.0,1.0,1.0,1.0,1.0,1.0,1.0,1.0,1.0,1.0,1.0,1.0,1.0,1.0,1.0,4.0,1.0,3.0,2.0,1.0,1.0,5.0,1.0,1.0,1.0,1.0,1.0,1.0,1.0,1.0,1.0,1.0,1.0
video_recv_googFrameHeightReceived_1082931411,180.0,180.0,180.0,180.0,180.0,180.0,180.0,180.0,180.0,180.0,180.0,180.0,180.0,180.0,180.0,180.0,180.0,180.0,180.0,180.0,180.0,180.0,180.0,180.0,180.0,180.0,180.0,180.0,180.0,180.0,180.0,180.0,180.0,180.0,180.0,180.0,180.0,180.0,180.0,180.0,180.0,180.0,180.0,180.0,180.0,180.0,180.0,180.0,180.0,180.0,180.0,180.0,180.0,180.0,180.0,180.0,180.0,180.0,180.0,180.0,180.0,180.0,180.0,180.0,180.0,180.0,180.0,180.0,180.0,180.0,180.0,180.0,180.0,180.0,180.0,180.0,180.0,180.0,180.0,180.0,180.0,180.0,180.0,180.0,180.0,180.0,180.0,180.0,180.0,180.0,180.0,180.0,180.0,180.0,180.0,180.0,180.0,180.0,180.0,180.0,180.0,180.0,180.0,180.0,180.0,180.0,180.0,180.0,180.0,180.0,180.0,180.0,180.0,180.0,180.0,180.0,180.0,180.0,180.0,180.0
video_recv_googFrameRateOutput_1082931411,60.0,59.0,60.0,60.0,60.0,60.0,59.0,61.0,60.0,60.0,60.0,60.0,60.0,60.0,60.0,60.0,60.0,60.0,60.0,60.0,60.0,60.0,60.0,60.0,60.0,60.0,60.0,60.0,60.0,60.0,60.0,59.0,60.0,60.0,60.0,60.0,59.0,61.0,60.0,60.0,60.0,60.0,60.0,60.0,60.0,60.0,60.0,60.0,60.0,60.0,60.0,60.0,60.0,60.0,60.0,60.0,60.0,60.0,60.0,60.0,60.0,60.0,60.0,60.0,60.0,59.0,60.0,60.0,60.0,60.0,60.0,60.0,60.0,60.0,60.0,59.0,61.0,60.0,60.0,60.0,60.0,60.0,60.0,60.0,60.0,60.0,60.0,60.0,55.0,60.0,60.0,60.0,59.0,60.0,60.0,60.0,60.0,60.0,60.0,60.0,60.0,60.0,60.0,60.0,60.0,60.0,60.0,60.0,60.0,60.0,60.0,60.0,60.0,60.0,60.0,60.0,60.0,60.0,60.0,60.0
video_recv_googFrameRateReceived_1082931411,60.0,59.0,59.0,60.0,60.0,60.0,61.0,59.0,60.0,60.0,61.0,60.0,60.0,61.0,59.0,61.0,60.0,60.0,59.0,61.0,60.0,60.0,59.0,61.0,60.0,60.0,60.0,61.0,60.0,60.0,60.0,58.0,59.0,60.0,61.0,60.0,59.0,61.0,60.0,60.0,60.0,60.0,60.0,60.0,60.0,60.0,60.0,61.0,60.0,60.0,60.0,60.0,61.0,60.0,60.0,60.0,60.0,61.0,60.0,60.0,61.0,60.0,60.0,60.0,60.0,60.0,61.0,60.0,60.0,60.0,60.0,60.0,60.0,60.0,61.0,58.0,62.0,59.0,60.0,61.0,60.0,60.0,60.0,60.0,60.0,59.0,61.0,60.0,56.0,60.0,60.0,60.0,60.0,60.0,60.0,60.0,60.0,60.0,60.0,60.0,60.0,59.0,60.0,60.0,60.0,60.0,60.0,60.0,60.0,60.0,61.0,60.0,60.0,60.0,60.0,60.0,60.0,60.0,60.0,60.0
video_recv_googFrameWidthReceived_1082931411,320.0,320.0,320.0,320.0,320.0,320.0,320.0,320.0,320.0,320.0,320.0,320.0,320.0,320.0,320.0,320.0,320.0,320.0,320.0,320.0,320.0,320.0,320.0,320.0,320.0,320.0,320.0,320.0,320.0,320.0,320.0,320.0,320.0,320.0,320.0,320.0,320.0,320.0,320.0,320.0,320.0,320.0,320.0,320.0,320.0,320.0,320.0,320.0,320.0,320.0,320.0,320.0,320.0,320.0,320.0,320.0,320.0,320.0,320.0,320.0,320.0,320.0,320.0,320.0,320.0,320.0,320.0,320.0,320.0,320.0,320.0,320.0,320.0,320.0,320.0,320.0,320.0,320.0,320.0,320.0,320.0,320.0,320.0,320.0,320.0,320.0,320.0,320.0,320.0,320.0,320.0,320.0,320.0,320.0,320.0,320.0,320.0,320.0,320.0,320.0,320.0,320.0,320.0,320.0,320.0,320.0,320.0,320.0,320.0,320.0,320.0,320.0,320.0,320.0,320.0,320.0,320.0,320.0,320.0,320.0
video_recv_googInterframeDelayMax_1082931411,20.0,26.0,20.0,21.0,25.0,22.0,26.0,29.0,23.0,24.0,19.0,27.0,21.0,22.0,21.0,25.0,23.0,19.0,20.0,19.0,18.0,24.0,19.0,18.0,19.0,19.0,20.0,19.0,18.0,23.0,18.0,33.0,19.0,18.0,19.0,23.0,19.0,22.0,19.0,18.0,19.0,23.0,22.0,23.0,19.0,26.0,21.0,26.0,19.0,20.0,28.0,19.0,24.0,21.0,19.0,21.0,25.0,20.0,23.0,22.0,25.0,21.0,26.0,23.0,23.0,26.0,24.0,22.0,22.0,21.0,25.0,22.0,19.0,21.0,23.0,24.0,22.0,22.0,26.0,21.0,22.0,21.0,19.0,25.0,27.0,25.0,25.0,24.0,69.0,21.0,25.0,24.0,24.0,24.0,20.0,22.0,26.0,23.0,23.0,23.0,26.0,25.0,25.0,24.0,24.0,26.0,26.0,24.0,23.0,32.0,24.0,24.0,22.0,24.0,25.0,23.0,22.0,23.0,28.0,25.0
video_recv_googJitterBufferMs_1082931411,15.0,14.0,14.0,14.0,14.0,14.0,14.0,14.0,14.0,14.0,14.0,14.0,14.0,13.0,13.0,13.0,13.0,13.0,13.0,13.0,13.0,13.0,13.0,13.0,13.0,13.0,13.0,13.0,13.0,13.0,13.0,13.0,13.0,13.0,13.0,13.0,13.0,13.0,13.0,13.0,13.0,13.0,13.0,13.0,13.0,14.0,13.0,13.0,13.0,13.0,13.0,13.0,13.0,13.0,13.0,13.0,13.0,13.0,13.0,13.0,13.0,13.0,13.0,13.0,13.0,14.0,13.0,13.0,13.0,13.0,13.0,13.0,13.0,13.0,13.0,13.0,13.0,13.0,13.0,13.0,13.0,13.0,13.0,13.0,13.0,13.0,13.0,13.0,13.0,13.0,13.0,13.0,13.0,13.0,13.0,13.0,13.0,13.0,13.0,13.0,14.0,14.0,14.0,14.0,14.0,14.0,14.0,14.0,14.0,14.0,14.0,14.0,14.0,14.0,14.0,14.0,14.0,14.0,14.0,14.0
video_recv_googPlisSent_1082931411,1.0,1.0,1.0,1.0,1.0,1.0,1.0,1.0,1.0,1.0,1.0,1.0,1.0,1.0,1.0,1.0,1.0,1.0,1.0,1.0,1.0,1.0,1.0,1.0,1.0,1.0,1.0,1.0,1.0,1.0,1.0,1.0,1.0,1.0,1.0,1.0,1.0,1.0,1.0,1.0,1.0,1.0,1.0,1.0,1.0,1.0,1.0,1.0,1.0,1.0,1.0,1.0,1.0,1.0,1.0,1.0,1.0,1.0,1.0,1.0,1.0,1.0,1.0,1.0,1.0,1.0,1.0,1.0,1.0,1.0,1.0,1.0,1.0,1.0,1.0,1.0,1.0,1.0,1.0,1.0,1.0,1.0,1.0,1.0,1.0,1.0,1.0,1.0,1.0,1.0,1.0,1.0,1.0,1.0,1.0,1.0,1.0,1.0,1.0,1.0,1.0,1.0,1.0,1.0,1.0,1.0,1.0,1.0,1.0,1.0,1.0,1.0,1.0,1.0,1.0,1.0,1.0,1.0,1.0,1.0
audio_send_packetsLost_3844469548,0.0,0.0,0.0,0.0,0.0,0.0,0.0,0.0,0.0,0.0,0.0,0.0,0.0,0.0,0.0,0.0,0.0,0.0,0.0,0.0,0.0,0.0,0.0,0.0,0.0,0.0,0.0,0.0,0.0,0.0,0.0,0.0,0.0,0.0,0.0,0.0,0.0,0.0,0.0,0.0,0.0,0.0,0.0,0.0,0.0,0.0,0.0,0.0,0.0,0.0,0.0,0.0,0.0,0.0,0.0,0.0,0.0,0.0,0.0,0.0,0.0,0.0,0.0,0.0,0.0,0.0,0.0,0.0,0.0,0.0,0.0,0.0,0.0,0.0,0.0,0.0,0.0,0.0,0.0,0.0,0.0,0.0,0.0,0.0,0.0,0.0,0.0,0.0,0.0,0.0,0.0,0.0,0.0,0.0,0.0,0.0,0.0,0.0,0.0,0.0,0.0,0.0,0.0,0.0,0.0,0.0,0.0,0.0,0.0,0.0,0.0,0.0,0.0,0.0,0.0,0.0,0.0,0.0,0.0,0.0
audio_send_googJitterReceived_3844469548,0.0,0.0,0.0,0.0,0.0,0.0,0.0,0.0,0.0,0.0,0.0,0.0,0.0,0.0,0.0,0.0,0.0,0.0,0.0,0.0,0.0,0.0,0.0,0.0,0.0,0.0,0.0,0.0,0.0,0.0,0.0,0.0,0.0,0.0,0.0,0.0,0.0,0.0,0.0,0.0,0.0,0.0,0.0,0.0,0.0,0.0,0.0,0.0,0.0,0.0,0.0,0.0,0.0,0.0,0.0,0.0,0.0,0.0,0.0,0.0,0.0,0.0,0.0,0.0,0.0,0.0,0.0,0.0,0.0,0.0,0.0,0.0,0.0,0.0,0.0,0.0,0.0,0.0,0.0,0.0,0.0,0.0,0.0,0.0,0.0,0.0,0.0,0.0,0.0,0.0,0.0,0.0,0.0,0.0,0.0,0.0,0.0,0.0,0.0,0.0,0.0,0.0,0.0,0.0,0.0,0.0,0.0,0.0,0.0,0.0,0.0,0.0,0.0,0.0,0.0,0.0,0.0,0.0,0.0,0.0
audio_recv_bitsReceivedPerSecond_2437866916,15232.0,16112.0,21808.0,22056.0,22064.0,21704.0,21032.0,22008.0,21448.0,22528.0,20792.0,21960.0,22376.0,22120.0,22448.0,21416.0,22760.0,22776.0,21904.0,21672.0,22720.0,21464.0,22176.0,22000.0,21584.0,22096.0,22912.0,21976.0,21808.0,21704.0,16472.0,21120.0,13016.0,18920.0,19312.0,15272.0,14408.0,12864.0,11368.0,10472.0,19824.0,22104.0,23312.0,21856.0,22024.0,22360.0,23136.0,20880.0,22552.0,22696.0,22688.0,22088.0,21384.0,21968.0,22112.0,22456.0,22032.0,22872.0,17664.0,13608.0,19152.0,17128.0,17128.0,10416.0,21304.0,22328.0,22656.0,21968.0,21800.0,23760.0,18560.0,13656.0,13632.0,13384.0,13472.0,22824.0,23368.0,21088.0,26104.0,23560.0,24384.0,23560.0,24464.0,24664.0,23344.0,14968.0,18152.0,15568.0,22128.0,21664.0,14048.0,13880.0,9200.0,13456.0,10632.0,10344.0,10992.0,11328.0,12376.0,13528.0,14216.0,16704.0,20808.0,24560.0,24288.0,23544.0,20416.0,19512.0,17136.0,18800.0,22696.0,23400.0,23408.0,19944.0,24048.0,18192.0,16048.0,23632.0,24416.0,22624.0
audio_recv_packetsReceivedPerSecond_2437866916,19.0,20.0,28.0,27.0,27.0,27.0,26.0,27.0,26.0,28.0,25.0,27.0,27.0,28.0,28.0,27.0,28.0,27.0,27.0,27.0,28.0,26.0,27.0,28.0,26.0,26.0,28.0,26.0,27.0,28.0,20.0,26.0,18.0,20.0,21.0,16.0,21.0,20.0,16.0,16.0,24.0,26.0,28.0,26.0,27.0,28.0,27.0,26.0,27.0,28.0,27.0,27.0,25.0,26.0,27.0,27.0,27.0,28.0,22.0,18.0,20.0,20.0,21.0,15.0,25.0,27.0,27.0,27.0,26.0,29.0,23.0,19.0,18.0,19.0,20.0,27.0,28.0,25.0,29.0,27.0,27.0,27.0,28.0,27.0,26.0,16.0,20.0,17.0,27.0,27.0,20.0,19.0,13.0,18.0,14.0,14.0,15.0,15.0,16.0,14.0,15.0,18.0,23.0,28.0,27.0,27.0,23.0,22.0,20.0,23.0,27.0,28.0,27.0,26.0,28.0,24.0,22.0,27.0,28.0,25.0
audio_recv_googCurrentDelayMs_2437866916,86.0,217.0,395.0,557.0,480.0,367.0,584.0,597.0,389.0,496.0,498.0,332.0,484.0,495.0,340.0,533.0,545.0,366.0,487.0,476.0,351.0,511.0,422.0,347.0,479.0,352.0,474.0,591.0,540.0,365.0,560.0,632.0,793.0,723.0,816.0,882.0,888.0,908.0,907.0,897.0,869.0,892.0,895.0,745.0,510.0,471.0,557.0,397.0,489.0,608.0,515.0,389.0,539.0,486.0,367.0,487.0,390.0,470.0,699.0,627.0,763.0,869.0,933.0,902.0,916.0,929.0,866.0,667.0,436.0,574.0,685.0,561.0,698.0,810.0,867.0,885.0,905.0,843.0,675.0,436.0,529.0,448.0,359.0,563.0,474.0,308.0,505.0,708.0,818.0,852.0,662.0,694.0,812.0,859.0,829.0,839.0,815.0,842.0,817.0,819.0,818.0,859.0,858.0,909.0,806.0,699.0,396.0,467.0,686.0,807.0,887.0,792.0,505.0,358.0,492.0,340.0,408.0,600.0,673.0,426.0
audio_recv_googJitterBufferMs_2437866916,43.0,204.0,641.0,351.0,59.0,468.0,494.0,210.0,182.0,457.0,113.0,320.0,353.0,99.0,329.0,457.0,186.0,184.0,442.0,113.0,324.0,368.0,44.0,461.0,268.0,183.0,731.0,383.0,94.0,325.0,423.0,825.0,433.0,600.0,608.0,570.0,582.0,621.0,543.0,500.0,623.0,786.0,523.0,246.0,43.0,524.0,237.0,168.0,628.0,347.0,59.0,445.0,315.0,37.0,445.0,280.0,188.0,744.0,422.0,443.0,650.0,693.0,743.0,468.0,707.0,770.0,467.0,148.0,286.0,694.0,335.0,388.0,584.0,587.0,601.0,740.0,794.0,414.0,169.0,300.0,392.0,45.0,462.0,407.0,71.0,224.0,545.0,590.0,744.0,667.0,262.0,583.0,513.0,532.0,564.0,481.0,481.0,510.0,585.0,501.0,502.0,562.0,664.0,910.0,507.0,196.0,221.0,482.0,714.0,722.0,890.0,452.0,24.0,422.0,243.0,125.0,360.0,804.0,466.0,28.0
audio_recv_googJitterReceived_2437866916,18.0,27.0,26.0,24.0,21.0,23.0,23.0,25.0,23.0,22.0,16.0,22.0,22.0,21.0,26.0,23.0,24.0,23.0,27.0,24.0,23.0,23.0,23.0,22.0,22.0,23.0,23.0,21.0,24.0,24.0,25.0,24.0,22.0,21.0,27.0,25.0,22.0,23.0,32.0,27.0,26.0,22.0,21.0,22.0,23.0,22.0,23.0,24.0,23.0,21.0,22.0,23.0,24.0,24.0,25.0,23.0,27.0,25.0,20.0,23.0,31.0,31.0,28.0,32.0,25.0,23.0,22.0,22.0,25.0,23.0,18.0,29.0,28.0,22.0,22.0,23.0,22.0,17.0,24.0,23.0,22.0,23.0,23.0,22.0,22.0,31.0,30.0,32.0,25.0,22.0,32.0,33.0,34.0,38.0,39.0,39.0,38.0,34.0,33.0,36.0,36.0,35.0,25.0,23.0,22.0,23.0,27.0,26.0,27.0,27.0,23.0,21.0,22.0,23.0,24.0,25.0,25.0,24.0,21.0,23.0
audio_recv_googPreferredJitterBufferMs_2437866916,480.0,960.0,1380.0,1840.0,1840.0,1820.0,1820.0,1760.0,1740.0,1740.0,1740.0,1760.0,1760.0,1760.0,1760.0,1760.0,1760.0,1760.0,1760.0,1760.0,1760.0,1760.0,1760.0,1760.0,1760.0,1760.0,1760.0,1760.0,1760.0,1760.0,1760.0,1740.0,1740.0,1740.0,1740.0,1740.0,1740.0,1740.0,1740.0,1740.0,1740.0,1740.0,1740.0,1740.0,1740.0,1740.0,1740.0,1740.0,1740.0,1740.0,1740.0,1740.0,1740.0,1740.0,1760.0,1780.0,1780.0,1780.0,1780.0,1780.0,1780.0,1780.0,1800.0,1840.0,1820.0,1800.0,1800.0,1800.0,1800.0,1800.0,1800.0,1800.0,1800.0,1800.0,1800.0,1800.0,1780.0,1780.0,1780.0,1780.0,1780.0,1780.0,1780.0,1780.0,1780.0,1780.0,1780.0,1780.0,1780.0,1780.0,1780.0,1780.0,1780.0,1780.0,1780.0,1780.0,1780.0,1780.0,1780.0,1800.0,1800.0,1800.0,1800.0,1800.0,1800.0,1800.0,1800.0,1800.0,1800.0,1800.0,1800.0,1800.0,1800.0,1800.0,1780.0,1780.0,1780.0,1780.0,1780.0,1780.0
video_recv_bitsReceivedPerSecond_176570701,142944.0,229680.0,228792.0,233904.0,218032.0,207896.0,208680.0,219128.0,119736.0,131096.0,141256.0,140816.0,147440.0,163272.0,193872.0,208712.0,206248.0,200920.0,199064.0,211392.0,211088.0,215368.0,219528.0,218200.0,208640.0,208792.0,210296.0,220240.0,207440.0,217056.0,221224.0,224384.0,226360.0,227544.0,224496.0,224856.0,225640.0,226280.0,236712.0,246160.0,165168.0,132688.0,140048.0,175760.0,188432.0,195800.0,198992.0,196368.0,213688.0,210376.0,216808.0,200608.0,202680.0,193120.0,192600.0,192112.0,194096.0,201440.0,204856.0,213272.0,216104.0,211440.0,215040.0,222672.0,212032.0,205120.0,190720.0,189608.0,179704.0,197592.0,209200.0,214952.0,206856.0,203984.0,198600.0,207560.0,200072.0,214712.0,211448.0,176440.0,170592.0,186352.0,199976.0,210824.0,205544.0,211064.0,212336.0,208208.0,199760.0,205712.0,212240.0,212000.0,188720.0,234624.0,213208.0,220824.0,225656.0,230720.0,192216.0,189744.0,177496.0,174480.0,179840.0,186792.0,206536.0,204704.0,208712.0,201896.0,215216.0,196504.0,201432.0,210424.0,213504.0,215024.0,205688.0,217760.0,218720.0,223008.0,214664.0,215848.0
video_recv_packetsReceivedPerSecond_176570701,32.0,36.0,36.0,37.0,36.0,37.0,35.0,36.0,24.0,23.0,27.0,24.0,23.0,31.0,34.0,35.0,37.0,35.0,36.0,36.0,35.0,35.0,36.0,39.0,36.0,36.0,33.0,37.0,39.0,35.0,40.0,38.0,42.0,39.0,39.0,39.0,38.0,36.0,41.0,43.0,31.0,23.0,25.0,30.0,34.0,35.0,34.0,36.0,34.0,37.0,37.0,36.0,36.0,36.0,35.0,34.0,35.0,37.0,36.0,36.0,38.0,37.0,36.0,40.0,36.0,32.0,36.0,37.0,33.0,36.0,35.0,37.0,36.0,36.0,36.0,37.0,34.0,35.0,37.0,28.0,32.0,37.0,35.0,38.0,36.0,36.0,37.0,34.0,34.0,36.0,37.0,37.0,34.0,36.0,35.0,39.0,38.0,40.0,31.0,35.0,32.0,35.0,35.0,33.0,35.0,37.0,38.0,36.0,39.0,33.0,35.0,38.0,36.0,37.0,35.0,36.0,40.0,39.0,37.0,37.0
video_recv_googCurrentDelayMs_176570701,137.0,146.0,149.0,150.0,149.0,147.0,141.0,137.0,137.0,144.0,144.0,146.0,150.0,148.0,148.0,153.0,154.0,157.0,154.0,154.0,157.0,156.0,154.0,156.0,156.0,154.0,153.0,153.0,151.0,152.0,150.0,151.0,162.0,162.0,162.0,162.0,159.0,159.0,159.0,163.0,161.0,161.0,162.0,162.0,162.0,162.0,161.0,160.0,161.0,167.0,168.0,169.0,167.0,168.0,169.0,170.0,169.0,169.0,170.0,169.0,168.0,169.0,170.0,169.0,167.0,167.0,173.0,172.0,172.0,172.0,173.0,170.0,171.0,172.0,173.0,174.0,175.0,174.0,172.0,171.0,175.0,177.0,176.0,177.0,176.0,175.0,176.0,176.0,177.0,175.0,174.0,174.0,176.0,177.0,178.0,179.0,178.0,178.0,185.0,184.0,181.0,180.0,178.0,178.0,176.0,173.0,172.0,171.0,170.0,170.0,168.0,166.0,167.0,166.0,167.0,166.0,168.0,167.0,167.0,166.0
video_recv_googDecodeMs_176570701,1.0,1.0,2.0,1.0,1.0,1.0,1.0,1.0,1.0,5.0,1.0,1.0,1.0,1.0,1.0,1.0,1.0,1.0,1.0,1.0,2.0,1.0,1.0,1.0,1.0,1.0,1.0,1.0,1.0,1.0,1.0,2.0,1.0,1.0,1.0,1.0,5.0,2.0,1.0,2.0,1.0,1.0,1.0,1.0,1.0,1.0,1.0,1.0,1.0,1.0,1.0,1.0,1.0,1.0,1.0,1.0,1.0,1.0,1.0,1.0,1.0,1.0,2.0,1.0,1.0,1.0,2.0,1.0,1.0,1.0,1.0,1.0,1.0,1.0,1.0,1.0,1.0,1.0,1.0,2.0,1.0,1.0,1.0,1.0,1.0,1.0,1.0,1.0,1.0,1.0,1.0,1.0,2.0,1.0,1.0,1.0,1.0,1.0,1.0,1.0,1.0,1.0,1.0,1.0,1.0,1.0,1.0,1.0,1.0,6.0,1.0,1.0,1.0,1.0,2.0,1.0,2.0,1.0,1.0,1.0
video_recv_googFrameHeightReceived_176570701,180.0,180.0,180.0,180.0,180.0,180.0,180.0,180.0,180.0,180.0,180.0,180.0,180.0,180.0,180.0,180.0,180.0,180.0,180.0,180.0,180.0,180.0,180.0,180.0,180.0,180.0,180.0,180.0,180.0,180.0,180.0,180.0,180.0,180.0,180.0,180.0,180.0,180.0,180.0,180.0,180.0,180.0,180.0,180.0,180.0,180.0,180.0,180.0,180.0,180.0,180.0,180.0,180.0,180.0,180.0,180.0,180.0,180.0,180.0,180.0,180.0,180.0,180.0,180.0,180.0,180.0,180.0,180.0,180.0,180.0,180.0,180.0,180.0,180.0,180.0,180.0,180.0,180.0,180.0,180.0,180.0,180.0,180.0,180.0,180.0,180.0,180.0,180.0,180.0,180.0,180.0,180.0,180.0,180.0,180.0,180.0,180.0,180.0,180.0,180.0,180.0,180.0,180.0,180.0,180.0,180.0,180.0,180.0,180.0,180.0,180.0,180.0,180.0,180.0,180.0,180.0,180.0,180.0,180.0,180.0
video_recv_googFrameRateOutput_176570701,30.0,31.0,29.0,31.0,30.0,31.0,32.0,29.0,22.0,20.0,25.0,20.0,18.0,24.0,28.0,26.0,30.0,28.0,28.0,30.0,28.0,28.0,32.0,28.0,28.0,31.0,29.0,31.0,30.0,30.0,28.0,28.0,32.0,29.0,29.0,32.0,30.0,27.0,32.0,31.0,23.0,31.0,29.0,25.0,30.0,27.0,30.0,28.0,27.0,29.0,32.0,32.0,27.0,32.0,30.0,29.0,30.0,30.0,31.0,32.0,26.0,31.0,32.0,29.0,31.0,30.0,29.0,27.0,31.0,32.0,31.0,33.0,32.0,32.0,30.0,28.0,28.0,30.0,30.0,31.0,19.0,31.0,32.0,32.0,31.0,30.0,32.0,31.0,28.0,29.0,29.0,31.0,28.0,33.0,25.0,29.0,31.0,31.0,32.0,31.0,29.0,30.0,31.0,30.0,30.0,32.0,30.0,32.0,32.0,28.0,31.0,29.0,30.0,29.0,30.0,31.0,31.0,31.0,32.0,33.0
video_recv_googFrameRateReceived_176570701,32.0,32.0,28.0,33.0,28.0,31.0,31.0,27.0,22.0,19.0,24.0,19.0,18.0,24.0,28.0,25.0,31.0,31.0,24.0,29.0,26.0,26.0,29.0,26.0,31.0,30.0,27.0,30.0,30.0,27.0,32.0,30.0,31.0,28.0,32.0,30.0,26.0,27.0,32.0,35.0,25.0,20.0,22.0,24.0,27.0,27.0,27.0,29.0,27.0,26.0,28.0,30.0,31.0,28.0,28.0,30.0,26.0,31.0,30.0,26.0,32.0,29.0,26.0,30.0,30.0,19.0,30.0,32.0,29.0,32.0,27.0,28.0,29.0,27.0,28.0,29.0,26.0,28.0,31.0,22.0,24.0,30.0,25.0,30.0,31.0,27.0,33.0,27.0,27.0,30.0,28.0,28.0,25.0,26.0,27.0,29.0,28.0,34.0,22.0,24.0,27.0,31.0,32.0,29.0,27.0,30.0,27.0,28.0,31.0,29.0,28.0,30.0,26.0,28.0,28.0,28.0,26.0,31.0,31.0,33.0
video_recv_googFrameWidthReceived_176570701,320.0,320.0,320.0,320.0,320.0,320.0,320.0,320.0,320.0,320.0,320.0,320.0,320.0,320.0,320.0,320.0,320.0,320.0,320.0,320.0,320.0,320.0,320.0,320.0,320.0,320.0,320.0,320.0,320.0,320.0,320.0,320.0,320.0,320.0,320.0,320.0,320.0,320.0,320.0,320.0,320.0,320.0,320.0,320.0,320.0,320.0,320.0,320.0,320.0,320.0,320.0,320.0,320.0,320.0,320.0,320.0,320.0,320.0,320.0,320.0,320.0,320.0,320.0,320.0,320.0,320.0,320.0,320.0,320.0,320.0,320.0,320.0,320.0,320.0,320.0,320.0,320.0,320.0,320.0,320.0,320.0,320.0,320.0,320.0,320.0,320.0,320.0,320.0,320.0,320.0,320.0,320.0,320.0,320.0,320.0,320.0,320.0,320.0,320.0,320.0,320.0,320.0,320.0,320.0,320.0,320.0,320.0,320.0,320.0,320.0,320.0,320.0,320.0,320.0,320.0,320.0,320.0,320.0,320.0,320.0
video_recv_googInterframeDelayMax_176570701,131.0,138.0,133.0,137.0,139.0,142.0,133.0,135.0,160.0,173.0,158.0,165.0,170.0,160.0,144.0,152.0,155.0,160.0,165.0,153.0,171.0,158.0,150.0,152.0,151.0,150.0,151.0,151.0,156.0,169.0,161.0,166.0,149.0,148.0,151.0,199.0,146.0,166.0,153.0,148.0,165.0,144.0,150.0,139.0,129.0,146.0,152.0,148.0,154.0,146.0,145.0,144.0,161.0,149.0,144.0,150.0,144.0,149.0,145.0,144.0,260.0,144.0,143.0,144.0,145.0,144.0,146.0,164.0,148.0,145.0,142.0,154.0,143.0,145.0,142.0,141.0,143.0,142.0,143.0,142.0,282.0,142.0,143.0,138.0,142.0,142.0,145.0,145.0,140.0,145.0,144.0,141.0,146.0,142.0,191.0,150.0,149.0,141.0,148.0,140.0,144.0,145.0,140.0,143.0,143.0,145.0,154.0,143.0,145.0,155.0,144.0,142.0,144.0,149.0,137.0,141.0,139.0,144.0,140.0,138.0
video_recv_googJitterBufferMs_176570701,139.0,134.0,140.0,137.0,135.0,133.0,128.0,125.0,125.0,132.0,132.0,134.0,138.0,136.0,136.0,142.0,144.0,145.0,142.0,142.0,145.0,144.0,142.0,144.0,144.0,142.0,141.0,141.0,139.0,140.0,138.0,139.0,150.0,150.0,150.0,150.0,147.0,147.0,147.0,151.0,149.0,149.0,151.0,150.0,150.0,151.0,149.0,148.0,149.0,155.0,156.0,157.0,155.0,156.0,157.0,157.0,156.0,156.0,158.0,157.0,156.0,157.0,158.0,157.0,155.0,156.0,161.0,160.0,159.0,159.0,160.0,157.0,158.0,159.0,160.0,161.0,162.0,162.0,160.0,159.0,163.0,165.0,164.0,165.0,164.0,163.0,164.0,164.0,165.0,163.0,162.0,162.0,164.0,165.0,166.0,167.0,166.0,166.0,175.0,172.0,169.0,168.0,166.0,166.0,164.0,161.0,160.0,159.0,158.0,158.0,156.0,154.0,155.0,154.0,154.0,154.0,155.0,154.0,154.0,153.0
video_recv_googPlisSent_176570701,2.0,2.0,2.0,2.0,2.0,2.0,2.0,2.0,2.0,2.0,2.0,2.0,2.0,2.0,2.0,2.0,2.0,2.0,2.0,2.0,2.0,2.0,2.0,2.0,2.0,2.0,2.0,2.0,2.0,2.0,2.0,2.0,2.0,2.0,2.0,2.0,2.0,2.0,2.0,2.0,2.0,2.0,2.0,2.0,2.0,2.0,2.0,2.0,2.0,2.0,2.0,2.0,2.0,2.0,2.0,2.0,2.0,2.0,2.0,2.0,2.0,2.0,2.0,2.0,2.0,2.0,2.0,2.0,2.0,2.0,2.0,2.0,2.0,2.0,2.0,2.0,2.0,2.0,2.0,2.0,2.0,2.0,2.0,2.0,2.0,2.0,2.0,2.0,2.0,2.0,2.0,2.0,2.0,2.0,2.0,2.0,2.0,2.0,2.0,2.0,2.0,2.0,2.0,2.0,2.0,2.0,2.0,2.0,2.0,2.0,2.0,2.0,2.0,2.0,2.0,2.0,2.0,2.0,2.0,2.0
audio_send_googRtt_3844469548,26.0,26.0,27.0,27.0,28.0,28.0,26.0,27.0,27.0,27.0,27.0,27.0,26.0,27.0,27.0,28.0,26.0,25.0,25.0,26.0,26.0,28.0,27.0,26.0,26.0,26.0,29.0,26.0,27.0,25.0,26.0,26.0,26.0,26.0,26.0,26.0,26.0,28.0,27.0,28.0,26.0,26.0,26.0,27.0,26.0,25.0,26.0,26.0,26.0,26.0,26.0,25.0,25.0,27.0,27.0,27.0,26.0,26.0,26.0,26.0,27.0,27.0,26.0,26.0,26.0,27.0,27.0,26.0,26.0,26.0,27.0,27.0,26.0,26.0,26.0,27.0,29.0,31.0,28.0,29.0,29.0,28.0,28.0,26.0,27.0,28.0,28.0,29.0,26.0,28.0,28.0,28.0,27.0,27.0,28.0,27.0,27.0,28.0,26.0,25.0,26.0,27.0,26.0,27.0,27.0,26.0,26.0,26.0,26.0,27.0,27.0,26.0,27.0,27.0,27.0,26.0,27.0,27.0,27.0,27.0
video_send_resolutionChangesInput_3684110243,0,0,0,0,0,0,0,0,0,0,0,0,0,0,0,0,0,0,0,0,0,0,0,0,0,0,0,0,0,0,0,0,0,0,0,0,0,0,0,0,0,0,0,0,0,0,0,0,0,0,0,0,0,0,0,0,0,0,0,0,0,0,0,0,0,0,0,0,0,0,0,0,0,0,0,0,0,0,0,0,0,0,0,0,0,0,0,0,0,0,0,0,0,0,0,0,0,0,0,0,0,0,0,0,0,0,0,0,0,0,0,0,0,0,0,0,0,0,0,0
video_send_resolutionChangesSent_3684110243,1,1,1,1,1,1,1,1,1,1,1,1,1,1,1,1,1,1,1,1,1,1,1,1,1,1,1,1,1,1,1,1,1,1,1,1,1,1,1,1,1,1,1,1,1,1,1,1,1,1,1,1,1,1,1,1,1,1,1,1,1,1,1,1,1,1,1,1,1,1,1,1,1,1,1,1,1,1,1,1,1,1,1,1,1,1,1,1,1,1,1,1,1,1,1,1,1,1,1,1,1,1,1,1,1,1,1,1,1,1,1,1,1,1,1,1,1,1,1,1
video_recv_resolutionChangesReceived_1082931411,1,1,1,1,1,1,1,1,1,1,1,1,1,1,1,1,1,1,1,1,1,1,1,1,1,1,1,1,1,1,1,1,1,1,1,1,1,1,1,1,1,1,1,1,1,1,1,1,1,1,1,1,1,1,1,1,1,1,1,1,1,1,1,1,1,1,1,1,1,1,1,1,1,1,1,1,1,1,1,1,1,1,1,1,1,1,1,1,1,1,1,1,1,1,1,1,1,1,1,1,1,1,1,1,1,1,1,1,1,1,1,1,1,1,1,1,1,1,1,1
video_recv_resolutionChangesReceived_176570701,1,1,1,1,1,1,1,1,1,1,1,1,1,1,1,1,1,1,1,1,1,1,1,1,1,1,1,1,1,1,1,1,1,1,1,1,1,1,1,1,1,1,1,1,1,1,1,1,1,1,1,1,1,1,1,1,1,1,1,1,1,1,1,1,1,1,1,1,1,1,1,1,1,1,1,1,1,1,1,1,1,1,1,1,1,1,1,1,1,1,1,1,1,1,1,1,1,1,1,1,1,1,1,1,1,1,1,1,1,1,1,1,1,1,1,1,1,1,1,1
1_way_delay_audio_send_3684110243_0,13.0,13.0,13.5,13.5,14.0,14.0,13.0,13.5,13.5,13.5,13.5,13.5,13.0,13.5,13.5,14.0,13.0,12.5,12.5,13.0,13.0,14.0,13.5,13.0,13.0,13.0,14.5,13.0,13.5,12.5,13.0,13.0,13.0,13.0,13.0,13.0,13.0,14.0,13.5,14.0,13.0,13.0,13.0,13.5,13.0,12.5,13.0,13.0,13.0,13.0,13.0,12.5,12.5,13.5,13.5,13.5,13.0,13.0,13.0,13.0,13.5,13.5,13.0,13.0,13.0,13.5,13.5,13.0,13.0,13.0,13.5,13.5,13.0,13.0,13.0,13.5,14.5,15.5,14.0,14.5,14.5,14.0,14.0,13.0,13.5,14.0,14.0,14.5,13.0,14.0,14.0,14.0,13.5,13.5,14.0,13.5,13.5,14.0,13.0,12.5,13.0,13.5,13.0,13.5,13.5,13.0,13.0,13.0,13.0,13.5,13.5,13.0,13.5,13.5,13.5,13.0,13.5,13.5,13.5,13.5
1_way_delay_video_send_3684110243_0,13.0,13.0,13.0,13.0,13.0,13.0,13.0,13.0,13.0,13.0,13.0,13.0,13.0,13.0,13.0,13.0,13.0,12.5,12.5,12.5,12.5,12.5,12.5,12.5,12.5,12.5,12.5,13.0,13.0,13.0,13.0,13.0,13.0,13.0,13.0,13.0,12.5,12.5,12.5,12.5,12.5,12.5,12.5,12.5,12.5,12.5,12.5,12.5,12.5,12.5,12.5,12.5,12.5,12.5,12.5,12.5,12.5,12.5,12.5,12.5,12.5,12.5,12.5,12.5,12.5,12.5,12.5,12.5,12.5,12.5,12.5,12.5,12.5,12.5,12.5,12.5,12.5,13.0,13.5,13.5,13.5,13.5,13.5,13.5,13.0,13.0,13.0,13.0,13.0,13.0,13.0,13.0,13.0,13.0,13.0,13.0,13.0,13.0,13.0,12.5,12.5,12.5,12.5,12.5,12.5,12.5,12.5,12.5,12.5,12.5,12.5,12.5,12.5,12.5,12.5,12.5,12.5,12.5,12.5,12.5
ear_ear_delay_audio_send_3684110243_0,573.0,801.0,953.5,1221.5,844.0,579.0,283.0,22.5,43.5,41.5,17.5,58.5,25.0,14.5,16.5,17.0,15.0,24.5,26.5,14.0,15.0,28.0,25.5,24.0,153.0,421.0,579.5,103.0,89.5,455.5,361.0,19.0,19.0,33.0,19.0,83.0,73.0,28.0,19.5,47.0,73.0,18.0,73.0,57.5,261.0,529.5,213.0,29.0,27.0,23.0,19.0,32.5,52.5,23.5,63.5,83.5,389.0,375.0,23.0,15.0,103.5,67.5,36.0,53.0,44.0,16.5,63.5,33.0,19.0,21.0,18.5,33.5,53.0,33.0,63.0,14.5,48.5,48.5,84.0,27.5,54.5,23.0,27.0,43.0,35.5,17.0,28.0,24.5,34.0,27.0,44.0,74.0,19.5,23.5,44.0,22.5,26.5,34.0,23.0,32.5,22.0,34.5,63.0,33.5,46.5,63.0,43.0,43.0,43.0,15.5,23.5,14.0,95.5,435.5,103.5,34.0,27.5,63.5,17.5,27.5
audio_packet_loss_percentage_send_3684110243_0,0.0,0.0,0.0,0.0,0.0,0.0,0.0,0.0,0.0,0.0,0.0,0.0,0.0,0.0,0.0,0.0,0.0,0.0,0.0,0.0,0.0,0.0,0.0,0.0,0.0,0.0,0.0,0.0,0.0,0.0,0.0,0.0,0.0,0.0,0.0,0.0,0.0,0.0,0.0,0.0,0.0,0.0,0.0,0.0,0.0,0.0,0.0,0.0,0.0,0.0,0.0,0.0,0.0,0.0,0.0,0.0,0.0,0.0,0.0,0.0,0.0,0.0,0.0,0.0,0.0,0.0,0.0,0.0,0.0,0.0,0.0,0.0,0.0,0.0,0.0,0.0,0.0,0.0,0.0,0.0,0.0,0.0,0.0,0.0,0.0,0.0,0.0,0.0,0.0,0.0,0.0,0.0,0.0,0.0,0.0,0.0,0.0,0.0,0.0,0.0,0.0,0.0,0.0,0.0,0.0,0.0,0.0,0.0,0.0,0.0,0.0,0.0,0.0,0.0,0.0,0.0,0.0,0.0,0.0
e_model_audio_send_3684110243_0,36.921,6.369,0,0,0.6069999999999993,36.117000000000004,75.781,93.66,93.156,93.20400000000001,93.78,92.796,93.60000000000001,93.852,93.804,93.792,93.84,93.61200000000001,93.56400000000001,93.864,93.84,93.528,93.58800000000001,93.62400000000001,90.528,57.289,36.050000000000004,91.72800000000001,92.052,52.666000000000004,65.32900000000001,93.744,93.744,93.408,93.744,92.208,92.44800000000001,93.528,93.732,93.072,92.44800000000001,93.768,92.44800000000001,92.82000000000001,78.729,42.75000000000001,85.161,93.504,93.552,93.648,93.744,93.42,92.94,93.636,92.676,92.196,61.577000000000005,63.453,93.648,93.84,91.71600000000001,92.58,93.336,92.928,93.144,93.804,92.676,93.408,93.744,93.696,93.756,93.396,92.928,93.408,92.688,93.852,93.036,93.036,92.184,93.54,92.892,93.648,93.552,93.168,93.348,93.792,93.528,93.61200000000001,93.384,93.552,93.144,92.424,93.732,93.636,93.144,93.66,93.56400000000001,93.384,93.648,93.42,93.672,93.372,92.688,93.396,93.084,92.688,93.168,93.168,93.168,93.828,93.636,93.864,91.908,55.346000000000004,91.71600000000001,93.384,93.54,92.676,93.78
kpi_audio_synchronization_3684110243_0,1.915987795114273,0.999040388330137,1.0,1.0,0.996162097340199,1.8783645795847093,3.855079508088213,4.418012192728001,4.408432497537088,4.409363238444352,4.420229860936,4.401329429299649,4.416894208,4.421548724676544,4.420670461442753,4.420450283536384,4.421329526272,4.417118292301504,4.416220494188992,4.4217676780241915,4.421329526272,4.415544590542337,4.4166698801656965,4.417342132997633,4.351720305934337,2.9586807389200174,1.8752501091250002,4.379000673857536,4.385971275367745,2.7153298877099283,3.3710071066759775,4.4195671256965126,4.4195671256965126,4.413275788066816,4.4195671256965126,4.389266694639616,4.394258926944256,4.415544590542337,4.419345725045825,4.406794431115264,4.394258926944256,4.420009193714176,4.394258926944256,4.401809671624,3.975065925618577,2.2007219218750005,4.203207408322033,4.415092772503553,4.415995436191745,4.4177890832834565,4.4195671256965126,4.413503760184001,4.4041965427120005,4.417565730015808,4.398913909077568,4.389014609501248,3.1813129767307693,3.276907954855261,4.4177890832834565,4.421329526272,4.378739243672128,4.3969643574160004,4.411902868100608,4.403958932340736,4.408199210010112,4.420670461442753,4.398913909077568,4.413275788066816,4.4195671256965126,4.418680057397249,4.419788281943489,4.413047573578048,4.403958932340736,4.413275788066816,4.399156533047297,4.421548724676544,4.406088796105408,4.406088796105408,4.388762289321472,4.415770134952001,4.403244664705984,4.4177890832834565,4.415995436191745,4.408665544216576,4.412132293358656,4.420450283536384,4.415544590542337,4.417118292301504,4.412819116790272,4.415995436191745,4.408199210010112,4.393763952312832,4.419345725045825,4.417565730015808,4.408199210010112,4.418012192728001,4.416220494188992,4.412819116790272,4.4177890832834565,4.413503760184001,4.418235058276864,4.412590417776064,4.399156533047297,4.413047573578048,4.407029162203073,4.399156533047297,4.408665544216576,4.408665544216576,4.408665544216576,4.4211100828831364,4.417565730015808,4.4217676780241915,4.382894220682816,2.8565960699878485,4.378739243672128,4.412819116790272,4.415770134952001,4.398913909077568,4.420229860936
eye_eye_delay_video_send_3684110243_0,38.0,57.0,61.0,68.0,71.0,76.0,76.0,78.0,78.0,81.0,80.0,81.0,80.0,80.0,79.0,81.0,81.0,80.5,79.5,80.5,80.5,81.5,80.5,80.5,79.5,79.5,79.5,80.0,80.0,81.0,80.0,81.0,80.0,82.0,81.0,82.0,82.5,82.5,83.5,84.5,84.5,84.5,83.5,84.5,84.5,85.5,84.5,85.5,85.5,86.5,85.5,89.5,90.5,90.5,89.5,90.5,89.5,90.5,90.5,90.5,91.5,91.5,90.5,90.5,90.5,91.5,91.5,91.5,90.5,91.5,91.5,90.5,89.5,89.5,89.5,89.5,88.5,90.0,90.5,90.5,89.5,89.5,89.5,89.5,88.0,91.0,90.0,91.0,90.0,91.0,90.0,91.0,91.0,91.0,91.0,92.0,92.0,92.0,91.0,90.5,90.5,93.5,92.5,92.5,92.5,92.5,91.5,91.5,91.5,91.5,90.5,91.5,90.5,90.5,89.5,89.5,89.5,90.5,89.5,90.5
kpi_video_synchronization_3684110243_0,5,5,5,5,5,5,5,5,5,5,5,5,5,5,5,5,5,5,5,5,5,5,5,5,5,5,5,5,5,5,5,5,5,5,5,5,5,5,5,5,5,5,5,5,5,5,5,5,5,5,5,5,5,5,5,5,5,5,5,5,5,5,5,5,5,5,5,5,5,5,5,5,5,5,5,5,5,5,5,5,5,5,5,5,5,5,5,5,5,5,5,5,5,5,5,5,5,5,5,5,5,5,5,5,5,5,5,5,5,5,5,5,5,5,5,5,5,5,5,5
av_delay_send_3684110243_0,535.0,744.0,892.5,1153.5,773.0,503.0,207.0,-55.5,-34.5,-39.5,-62.5,-22.5,-55.0,-65.5,-62.5,-64.0,-66.0,-56.0,-53.0,-66.5,-65.5,-53.5,-55.0,-56.5,73.5,341.5,500.0,23.0,9.5,374.5,281.0,-62.0,-61.0,-49.0,-62.0,1.0,-9.5,-54.5,-64.0,-37.5,-11.5,-66.5,-10.5,-27.0,176.5,444.0,128.5,-56.5,-58.5,-63.5,-66.5,-57.0,-38.0,-67.0,-26.0,-7.0,299.5,284.5,-67.5,-75.5,12.0,-24.0,-54.5,-37.5,-46.5,-75.0,-28.0,-58.5,-71.5,-70.5,-73.0,-57.0,-36.5,-56.5,-26.5,-75.0,-40.0,-41.5,-6.5,-63.0,-35.0,-66.5,-62.5,-46.5,-52.5,-74.0,-62.0,-66.5,-56.0,-64.0,-46.0,-17.0,-71.5,-67.5,-47.0,-69.5,-65.5,-58.0,-68.0,-58.0,-68.5,-59.0,-29.5,-59.0,-46.0,-29.5,-48.5,-48.5,-48.5,-76.0,-67.0,-77.5,5.0,345.0,14.0,-55.5,-62.0,-27.0,-72.0,-63.0
kpi_av_synchronization_3684110243_0,1,1,1,1,1,1,1,5,5,5,5,5,5,5,5,5,5,5,5,5,5,5,5,5,2.72,1,1,5,5,1,1,5,5,5,5,5,5,5,5,5,5,5,5,5,1,1,1,5,5,5,5,5,5,5,5,5,1,1,5,5,5,5,5,5,5,5,5,5,5,5,5,5,5,5,5,5,5,5,5,5,5,5,5,5,5,5,5,5,5,5,5,5,5,5,5,5,5,5,5,5,5,5,5,5,5,5,5,5,5,5,5,5,5,1,5,5,5,5,5,5
1_way_delay_audio_send_3684110243_1,13.0,13.0,13.5,13.5,14.0,14.0,13.0,13.5,13.5,13.5,13.5,13.5,13.0,13.5,13.5,14.0,13.0,12.5,12.5,13.0,13.0,14.0,13.5,13.0,13.0,13.0,14.5,13.0,13.5,12.5,13.0,13.0,13.0,13.0,13.0,13.0,13.0,14.0,13.5,14.0,13.0,13.0,13.0,13.5,13.0,12.5,13.0,13.0,13.0,13.0,13.0,12.5,12.5,13.5,13.5,13.5,13.0,13.0,13.0,13.0,13.5,13.5,13.0,13.0,13.0,13.5,13.5,13.0,13.0,13.0,13.5,13.5,13.0,13.0,13.0,13.5,14.5,15.5,14.0,14.5,14.5,14.0,14.0,13.0,13.5,14.0,14.0,14.5,13.0,14.0,14.0,14.0,13.5,13.5,14.0,13.5,13.5,14.0,13.0,12.5,13.0,13.5,13.0,13.5,13.5,13.0,13.0,13.0,13.0,13.5,13.5,13.0,13.5,13.5,13.5,13.0,13.5,13.5,13.5,13.5
1_way_delay_video_send_3684110243_1,13.0,13.0,13.0,13.0,13.0,13.0,13.0,13.0,13.0,13.0,13.0,13.0,13.0,13.0,13.0,13.0,13.0,12.5,12.5,12.5,12.5,12.5,12.5,12.5,12.5,12.5,12.5,13.0,13.0,13.0,13.0,13.0,13.0,13.0,13.0,13.0,12.5,12.5,12.5,12.5,12.5,12.5,12.5,12.5,12.5,12.5,12.5,12.5,12.5,12.5,12.5,12.5,12.5,12.5,12.5,12.5,12.5,12.5,12.5,12.5,12.5,12.5,12.5,12.5,12.5,12.5,12.5,12.5,12.5,12.5,12.5,12.5,12.5,12.5,12.5,12.5,12.5,13.0,13.5,13.5,13.5,13.5,13.5,13.5,13.0,13.0,13.0,13.0,13.0,13.0,13.0,13.0,13.0,13.0,13.0,13.0,13.0,13.0,13.0,12.5,12.5,12.5,12.5,12.5,12.5,12.5,12.5,12.5,12.5,12.5,12.5,12.5,12.5,12.5,12.5,12.5,12.5,12.5,12.5,12.5
ear_ear_delay_audio_send_3684110243_1,57.0,57.0,57.5,20.5,20.0,19.0,19.0,16.5,25.5,23.5,16.5,22.5,23.0,20.5,18.5,22.0,22.0,21.5,16.5,25.0,20.0,19.0,16.5,38.0,63.0,23.0,15.5,52.0,52.5,15.5,23.0,18.0,20.0,18.0,15.0,25.0,18.0,18.0,16.5,27.0,18.0,16.0,17.0,35.5,35.0,14.5,23.0,16.0,18.0,18.0,26.0,13.5,13.5,22.5,42.5,46.5,15.0,18.0,18.0,19.0,13.5,13.5,25.0,16.0,26.0,15.5,33.5,19.0,15.0,20.0,18.5,18.5,14.0,14.0,18.0,17.5,20.5,17.5,20.0,15.5,24.5,21.0,22.0,15.0,20.5,23.0,18.0,26.5,63.0,20.0,23.0,17.0,26.5,19.5,18.0,73.5,17.5,39.0,14.0,15.5,24.0,19.5,22.0,19.5,17.5,17.0,20.0,19.0,43.0,35.5,17.5,41.0,41.5,25.5,22.5,16.0,19.5,25.5,19.5,15.5
audio_packet_loss_percentage_send_3684110243_1,0.0,0.0,0.0,0.0,0.0,0.0,0.0,0.0,0.0,0.0,0.0,0.0,0.0,0.0,0.0,0.0,0.0,0.0,0.0,0.0,0.0,0.0,0.0,0.0,0.0,0.0,0.0,0.0,0.0,0.0,0.0,0.0,0.0,0.0,0.0,0.0,0.0,0.0,0.0,0.0,0.0,0.0,0.0,0.0,0.0,0.0,0.0,0.0,0.0,0.0,0.0,0.0,0.0,0.0,0.0,0.0,0.0,0.0,0.0,0.0,0.0,0.0,0.0,0.0,0.0,0.0,0.0,0.0,0.0,0.0,0.0,0.0,0.0,0.0,0.0,0.0,0.0,0.0,0.0,0.0,0.0,0.0,0.0,0.0,0.0,0.0,0.0,0.0,0.0,0.0,0.0,0.0,0.0,0.0,0.0,0.0,0.0,0.0,0.0,0.0,0.0,0.0,0.0,0.0,0.0,0.0,0.0,0.0,0.0,0.0,0.0,0.0,0.0,0.0,0.0,0.0,0.0,0.0,0.0
e_model_audio_send_3684110243_1,92.83200000000001,92.83200000000001,92.82000000000001,93.708,93.72,93.744,93.744,93.804,93.58800000000001,93.636,93.804,93.66,93.648,93.708,93.756,93.672,93.672,93.684,93.804,93.60000000000001,93.72,93.744,93.804,93.288,92.688,93.648,93.828,92.952,92.94,93.828,93.648,93.768,93.72,93.768,93.84,93.60000000000001,93.768,93.768,93.804,93.552,93.768,93.816,93.792,93.348,93.36,93.852,93.648,93.816,93.768,93.768,93.57600000000001,93.876,93.876,93.66,93.18,93.084,93.84,93.768,93.768,93.744,93.876,93.876,93.60000000000001,93.816,93.57600000000001,93.828,93.396,93.744,93.84,93.72,93.756,93.756,93.864,93.864,93.768,93.78,93.708,93.78,93.72,93.828,93.61200000000001,93.696,93.672,93.84,93.708,93.648,93.768,93.56400000000001,92.688,93.72,93.648,93.792,93.56400000000001,93.732,93.768,92.436,93.78,93.264,93.864,93.828,93.62400000000001,93.732,93.672,93.732,93.78,93.792,93.72,93.744,93.168,93.348,93.78,93.21600000000001,93.20400000000001,93.58800000000001,93.66,93.816,93.732,93.58800000000001,93.732
kpi_audio_synchronization_3684110243_1,4.402049434599425,4.402049434599425,4.401809671624,4.418902190823617,4.419124080064001,4.4195671256965126,4.4195671256965126,4.420670461442753,4.4166698801656965,4.417565730015808,4.420670461442753,4.418012192728001,4.4177890832834565,4.418902190823617,4.419788281943489,4.418235058276864,4.418235058276864,4.418457679857473,4.420670461442753,4.416894208,4.419124080064001,4.4195671256965126,4.420670461442753,4.410982748432896,4.399156533047297,4.4177890832834565,4.4211100828831364,4.404433913542144,4.4041965427120005,4.4211100828831364,4.4177890832834565,4.420009193714176,4.419124080064001,4.420009193714176,4.421329526272,4.416894208,4.420009193714176,4.420009193714176,4.420670461442753,4.415995436191745,4.420009193714176,4.420890394582528,4.420450283536384,4.412132293358656,4.412361476608,4.421548724676544,4.4177890832834565,4.420890394582528,4.420009193714176,4.420009193714176,4.416445308871168,4.421986386242368,4.421986386242368,4.418012192728001,4.408898349976,4.407029162203073,4.421329526272,4.420009193714176,4.420009193714176,4.4195671256965126,4.421986386242368,4.421986386242368,4.416894208,4.420890394582528,4.416445308871168,4.4211100828831364,4.413047573578048,4.4195671256965126,4.421329526272,4.419124080064001,4.419788281943489,4.419788281943489,4.4217676780241915,4.4217676780241915,4.420009193714176,4.420229860936,4.418902190823617,4.420229860936,4.419124080064001,4.4211100828831364,4.417118292301504,4.418680057397249,4.418235058276864,4.421329526272,4.418902190823617,4.4177890832834565,4.420009193714176,4.416220494188992,4.399156533047297,4.419124080064001,4.4177890832834565,4.420450283536384,4.416220494188992,4.419345725045825,4.420009193714176,4.394011557875008,4.420229860936,4.410521238433792,4.4217676780241915,4.4211100828831364,4.417342132997633,4.419345725045825,4.418235058276864,4.419345725045825,4.420229860936,4.420450283536384,4.419124080064001,4.4195671256965126,4.408665544216576,4.412132293358656,4.420229860936,4.409595321008128,4.409363238444352,4.4166698801656965,4.418012192728001,4.420890394582528,4.419345725045825,4.4166698801656965,4.419345725045825
eye_eye_delay_video_send_3684110243_1,31.0,31.0,31.0,30.0,31.0,31.0,30.0,30.0,29.0,29.0,29.0,29.0,29.0,28.0,29.0,28.0,28.0,27.5,27.5,27.5,27.5,27.5,27.5,27.5,27.5,27.5,27.5,28.0,28.0,27.0,27.0,27.0,27.0,27.0,27.0,27.0,26.5,26.5,26.5,26.5,26.5,26.5,26.5,26.5,26.5,26.5,26.5,26.5,26.5,26.5,30.5,29.5,29.5,29.5,29.5,29.5,29.5,29.5,29.5,29.5,29.5,29.5,29.5,29.5,28.5,28.5,28.5,28.5,28.5,28.5,28.5,28.5,28.5,28.5,28.5,28.5,28.5,29.0,29.5,29.5,29.5,29.5,29.5,29.5,29.0,29.0,29.0,29.0,29.0,29.0,29.0,29.0,29.0,29.0,29.0,29.0,29.0,29.0,29.0,28.5,29.5,29.5,29.5,29.5,29.5,29.5,29.5,29.5,29.5,29.5,29.5,29.5,28.5,28.5,28.5,28.5,28.5,28.5,28.5,28.5
kpi_video_synchronization_3684110243_1,5,5,5,5,5,5,5,5,5,5,5,5,5,5,5,5,5,5,5,5,5,5,5,5,5,5,5,5,5,5,5,5,5,5,5,5,5,5,5,5,5,5,5,5,5,5,5,5,5,5,5,5,5,5,5,5,5,5,5,5,5,5,5,5,5,5,5,5,5,5,5,5,5,5,5,5,5,5,5,5,5,5,5,5,5,5,5,5,5,5,5,5,5,5,5,5,5,5,5,5,5,5,5,5,5,5,5,5,5,5,5,5,5,5,5,5,5,5,5,5
av_delay_send_3684110243_1,26.0,26.0,26.5,-9.5,-11.0,-12.0,-11.0,-13.5,-3.5,-5.5,-12.5,-6.5,-6.0,-7.5,-10.5,-6.0,-6.0,-6.0,-11.0,-2.5,-7.5,-8.5,-11.0,10.5,35.5,-4.5,-12.0,24.0,24.5,-11.5,-4.0,-9.0,-7.0,-9.0,-12.0,-2.0,-8.5,-8.5,-10.0,0.5,-8.5,-10.5,-9.5,9.0,8.5,-12.0,-3.5,-10.5,-8.5,-8.5,-4.5,-16.0,-16.0,-7.0,13.0,17.0,-14.5,-11.5,-11.5,-10.5,-16.0,-16.0,-4.5,-13.5,-2.5,-13.0,5.0,-9.5,-13.5,-8.5,-10.0,-10.0,-14.5,-14.5,-10.5,-11.0,-8.0,-11.5,-9.5,-14.0,-5.0,-8.5,-7.5,-14.5,-8.5,-6.0,-11.0,-2.5,34.0,-9.0,-6.0,-12.0,-2.5,-9.5,-11.0,44.5,-11.5,10.0,-15.0,-13.0,-5.5,-10.0,-7.5,-10.0,-12.0,-12.5,-9.5,-10.5,13.5,6.0,-12.0,11.5,13.0,-3.0,-6.0,-12.5,-9.0,-3.0,-9.0,-13.0
kpi_av_synchronization_3684110243_1,5,5,5,5,5,5,5,5,5,5,5,5,5,5,5,5,5,5,5,5,5,5,5,5,5,5,5,5,5,5,5,5,5,5,5,5,5,5,5,5,5,5,5,5,5,5,5,5,5,5,5,5,5,5,5,5,5,5,5,5,5,5,5,5,5,5,5,5,5,5,5,5,5,5,5,5,5,5,5,5,5,5,5,5,5,5,5,5,5,5,5,5,5,5,5,5,5,5,5,5,5,5,5,5,5,5,5,5,5,5,5,5,5,5,5,5,5,5,5,5
audio_recv_kbitsReceivedPerSecond_4258585836,33,31,38,39,42,40,30,32,8,7,18,9,7,7,9,11,7,10,6,9,10,10,6,8,9,18,8,8,11,8,11,10,14,12,16,17,17,16,16,16,19,19,14,12,8,9,10,11,11,7,8,10,11,13,8,10,8,8,8,9,6,12,13,8,11,13,16,6,9,5,7,6,10,27,42,21,18,17,15,13,7,9,11,10,13,13,9,17,16,11,10,9,15,16,17,17,16,16,17,17,16,14,12,11,8,10,10,9,8,10,9,11,8,8,8,13,7,13,10,8
kpi_q_audio_4258585836,5,4,5,5,5,5,4,5,1,1,3,2,1,1,1,2,1,2,1,1,2,2,1,1,2,3,1,1,2,1,2,2,2,2,3,3,3,3,3,3,3,3,2,2,1,2,2,2,2,1,1,2,2,2,1,2,1,1,1,1,1,2,2,1,2,2,3,1,2,1,1,1,2,4,5,3,3,3,2,2,1,1,2,2,2,2,2,3,3,2,2,2,2,3,3,3,3,3,3,3,3,2,2,2,1,2,2,1,1,2,1,2,1,1,1,2,1,2,2,1
video_recv_kbitsReceivedPerSecond_1082931411,230,215,222,215,218,213,209,197,209,213,209,201,213,212,208,221,205,203,202,220,203,199,209,220,211,217,201,207,208,214,205,194,212,210,218,216,204,205,207,213,205,202,210,212,217,221,201,204,206,214,220,191,210,206,215,215,209,203,206,212,205,202,213,209,217,224,197,202,207,215,203,203,212,208,220,211,211,200,208,215,203,200,212,208,220,201,222,203,204,215,206,197,216,206,218,204,220,203,204,216,219,190,206,208,216,203,220,203,203,216,207,202,210,210,219,203,219,204,202,218
kpi_resolution_stability_1082931411,4.303535113616246,4.303535113616246,4.303535113616246,4.303535113616246,4.303535113616246,4.303535113616246,4.303535113616246,4.303535113616246,4.303535113616246,4.303535113616246,4.303535113616246,4.303535113616246,4.303535113616246,4.303535113616246,4.303535113616246,4.303535113616246,4.303535113616246,4.303535113616246,4.303535113616246,4.303535113616246,4.303535113616246,4.303535113616246,4.303535113616246,4.303535113616246,4.303535113616246,4.303535113616246,4.303535113616246,4.303535113616246,4.303535113616246,4.303535113616246,4.303535113616246,4.303535113616246,4.303535113616246,4.303535113616246,4.303535113616246,4.303535113616246,4.303535113616246,4.303535113616246,4.303535113616246,4.303535113616246,4.303535113616246,4.303535113616246,4.303535113616246,4.303535113616246,4.303535113616246,4.303535113616246,4.303535113616246,4.303535113616246,4.303535113616246,4.303535113616246,4.303535113616246,4.303535113616246,4.303535113616246,4.303535113616246,4.303535113616246,4.303535113616246,4.303535113616246,4.303535113616246,4.303535113616246,4.303535113616246,4.303535113616246,4.303535113616246,4.303535113616246,4.303535113616246,4.303535113616246,4.303535113616246,4.303535113616246,4.303535113616246,4.303535113616246,4.303535113616246,4.303535113616246,4.303535113616246,4.303535113616246,4.303535113616246,4.303535113616246,4.303535113616246,4.303535113616246,4.303535113616246,4.303535113616246,4.303535113616246,4.303535113616246,4.303535113616246,4.303535113616246,4.303535113616246,4.303535113616246,4.303535113616246,4.303535113616246,4.303535113616246,4.303535113616246,4.303535113616246,4.303535113616246,4.303535113616246,4.303535113616246,4.303535113616246,4.303535113616246,4.303535113616246,4.303535113616246,4.303535113616246,4.303535113616246,4.303535113616246,4.303535113616246,4.303535113616246,4.303535113616246,4.303535113616246,4.303535113616246,4.303535113616246,4.303535113616246,4.303535113616246,4.303535113616246,4.303535113616246,4.303535113616246,4.303535113616246,4.303535113616246,4.303535113616246,4.303535113616246,4.303535113616246,4.303535113616246,4.303535113616246,4.303535113616246,4.303535113616246
max_resolution_percentage_1082931411,100.0,100.0,100.0,100.0,100.0,100.0,100.0,100.0,100.0,100.0,100.0,100.0,100.0,100.0,100.0,100.0,100.0,100.0,100.0,100.0,100.0,100.0,100.0,100.0,100.0,100.0,100.0,100.0,100.0,100.0,100.0,100.0,100.0,100.0,100.0,100.0,100.0,100.0,100.0,100.0,100.0,100.0,100.0,100.0,100.0,100.0,100.0,100.0,100.0,100.0,100.0,100.0,100.0,100.0,100.0,100.0,100.0,100.0,100.0,100.0,100.0,100.0,100.0,100.0,100.0,100.0,100.0,100.0,100.0,100.0,100.0,100.0,100.0,100.0,100.0,100.0,100.0,100.0,100.0,100.0,100.0,100.0,100.0,100.0,100.0,100.0,100.0,100.0,100.0,100.0,100.0,100.0,100.0,100.0,100.0,100.0,100.0,100.0,100.0,100.0,100.0,100.0,100.0,100.0,100.0,100.0,100.0,100.0,100.0,100.0,100.0,100.0,100.0,100.0,100.0,100.0,100.0,100.0,100.0,100.0
kpi_resolution_stability_norm_1082931411,kpi_resolution_stability_1082931411,4.303535113616246,4.303535113616246,4.303535113616246,4.303535113616246,4.303535113616246,4.303535113616246,4.303535113616246,4.303535113616246,4.303535113616246,4.303535113616246,4.303535113616246,4.303535113616246,4.303535113616246,4.303535113616246,4.303535113616246,4.303535113616246,4.303535113616246,4.303535113616246,4.303535113616246,4.303535113616246,4.303535113616246,4.303535113616246,4.303535113616246,4.303535113616246,4.303535113616246,4.303535113616246,4.303535113616246,4.303535113616246,4.303535113616246,4.303535113616246,4.303535113616246,4.303535113616246,4.303535113616246,4.303535113616246,4.303535113616246,4.303535113616246,4.303535113616246,4.303535113616246,4.303535113616246,4.303535113616246,4.303535113616246,4.303535113616246,4.303535113616246,4.303535113616246,4.303535113616246,4.303535113616246,4.303535113616246,4.303535113616246,4.303535113616246,4.303535113616246,4.303535113616246,4.303535113616246,4.303535113616246,4.303535113616246,4.303535113616246,4.303535113616246,4.303535113616246,4.303535113616246,4.303535113616246,4.303535113616246,4.303535113616246,4.303535113616246,4.303535113616246,4.303535113616246,4.303535113616246,4.303535113616246,4.303535113616246,4.303535113616246,4.303535113616246,4.303535113616246,4.303535113616246,4.303535113616246,4.303535113616246,4.303535113616246,4.303535113616246,4.303535113616246,4.303535113616246,4.303535113616246,4.303535113616246,4.303535113616246,4.303535113616246,4.303535113616246,4.303535113616246,4.303535113616246,4.303535113616246,4.303535113616246,4.303535113616246,4.303535113616246,4.303535113616246,4.303535113616246,4.303535113616246,4.303535113616246,4.303535113616246,4.303535113616246,4.303535113616246,4.303535113616246,4.303535113616246,4.303535113616246,4.303535113616246,4.303535113616246,4.303535113616246,4.303535113616246,4.303535113616246,4.303535113616246,4.303535113616246,4.303535113616246,4.303535113616246,4.303535113616246,4.303535113616246,4.303535113616246,4.303535113616246,4.303535113616246,4.303535113616246,4.303535113616246,4.303535113616246,4.303535113616246,4.303535113616246,4.303535113616246,4.303535113616246,4.303535113616246
max_resolution_percentage_norm_1082931411,max_resolution_percentage_1082931411,100.0,100.0,100.0,100.0,100.0,100.0,100.0,100.0,100.0,100.0,100.0,100.0,100.0,100.0,100.0,100.0,100.0,100.0,100.0,100.0,100.0,100.0,100.0,100.0,100.0,100.0,100.0,100.0,100.0,100.0,100.0,100.0,100.0,100.0,100.0,100.0,100.0,100.0,100.0,100.0,100.0,100.0,100.0,100.0,100.0,100.0,100.0,100.0,100.0,100.0,100.0,100.0,100.0,100.0,100.0,100.0,100.0,100.0,100.0,100.0,100.0,100.0,100.0,100.0,100.0,100.0,100.0,100.0,100.0,100.0,100.0,100.0,100.0,100.0,100.0,100.0,100.0,100.0,100.0,100.0,100.0,100.0,100.0,100.0,100.0,100.0,100.0,100.0,100.0,100.0,100.0,100.0,100.0,100.0,100.0,100.0,100.0,100.0,100.0,100.0,100.0,100.0,100.0,100.0,100.0,100.0,100.0,100.0,100.0,100.0,100.0,100.0,100.0,100.0,100.0,100.0,100.0,100.0,100.0,100.0
kpi_fps_stability_1082931411,5,5,5,5,5,5,5,5,5,5,5,5,5,5,5,5,5,5,5,5,5,5,5,5,5,5,5,5,5,5,5,5,5,5,5,5,5,5,5,5,5,5,5,5,5,5,5,5,5,5,5,5,5,5,5,5,5,5,5,5,5,5,5,5,5,5,5,5,5,5,5,5,5,5,5,5,5,5,5,5,5,5,5,5,5,5,5,5,5,5,5,5,5,5,5,5,5,5,5,5,5,5,5,5,5,5,5,5,5,5,5,5,5,5,5,5,5,5,5,5
kpi_q_video_1082931411,1.9,1.8499999999999999,1.9,1.8499999999999999,1.8499999999999999,1.8499999999999999,1.8,1.7428571428571429,1.8,1.8499999999999999,1.8,1.8,1.8499999999999999,1.8499999999999999,1.8,1.9,1.8,1.8,1.8,1.8499999999999999,1.8,1.7428571428571429,1.8,1.8499999999999999,1.8499999999999999,1.8499999999999999,1.8,1.8,1.8,1.8499999999999999,1.8,1.7428571428571429,1.8499999999999999,1.8499999999999999,1.8499999999999999,1.8499999999999999,1.8,1.8,1.8,1.8499999999999999,1.8,1.8,1.8499999999999999,1.8499999999999999,1.8499999999999999,1.9,1.8,1.8,1.8,1.8499999999999999,1.8499999999999999,1.7428571428571429,1.8499999999999999,1.8,1.8499999999999999,1.8499999999999999,1.8,1.8,1.8,1.8499999999999999,1.8,1.8,1.8499999999999999,1.8,1.8499999999999999,1.9,1.7428571428571429,1.8,1.8,1.8499999999999999,1.8,1.8,1.8499999999999999,1.8,1.8499999999999999,1.8499999999999999,1.8499999999999999,1.8,1.8,1.8499999999999999,1.8,1.8,1.8499999999999999,1.8,1.8499999999999999,1.8,1.9,1.8,1.8,1.8499999999999999,1.8,1.7428571428571429,1.8499999999999999,1.8,1.8499999999999999,1.8,1.8499999999999999,1.8,1.8,1.8499999999999999,1.8499999999999999,1.7428571428571429,1.8,1.8,1.8499999999999999,1.8,1.8499999999999999,1.8,1.8,1.8499999999999999,1.8,1.8,1.8499999999999999,1.8499999999999999,1.8499999999999999,1.8,1.8499999999999999,1.8,1.8,1.8499999999999999
audio_recv_kbitsReceivedPerSecond_2437866916,14,15,21,21,21,21,20,21,20,22,20,21,21,21,21,20,22,22,21,21,22,20,21,21,21,21,22,21,21,21,16,20,12,18,18,14,14,12,11,10,19,21,22,21,21,21,22,20,22,22,22,21,20,21,21,21,21,22,17,13,18,16,16,10,20,21,22,21,21,23,18,13,13,13,13,22,22,20,25,23,23,23,23,24,22,14,17,15,21,21,13,13,8,13,10,10,10,11,12,13,13,16,20,23,23,22,19,19,16,18,22,22,22,19,23,17,15,23,23,22
kpi_q_audio_2437866916,2,2,3,3,3,3,3,3,3,3,3,3,3,3,3,3,3,3,3,3,3,3,3,3,3,3,3,3,3,3,3,3,2,3,3,2,2,2,2,2,3,3,3,3,3,3,3,3,3,3,3,3,3,3,3,3,3,3,3,2,3,3,3,2,3,3,3,3,3,3,3,2,2,2,2,3,3,3,4,3,3,3,3,4,3,2,3,2,3,3,2,2,1,2,2,2,2,2,2,2,2,3,3,3,3,3,3,3,3,3,3,3,3,3,3,3,2,3,3,3
video_recv_kbitsReceivedPerSecond_176570701,139,224,223,228,212,203,203,213,116,128,137,137,143,159,189,203,201,196,194,206,206,210,214,213,203,203,205,215,202,211,216,219,221,222,219,219,220,220,231,240,161,129,136,171,184,191,194,191,208,205,211,195,197,188,188,187,189,196,200,208,211,206,210,217,207,200,186,185,175,192,204,209,202,199,193,202,195,209,206,172,166,181,195,205,200,206,207,203,195,200,207,207,184,229,208,215,220,225,187,185,173,170,175,182,201,199,203,197,210,191,196,205,208,209,200,212,213,217,209,210
kpi_resolution_stability_176570701,4.303535113616246,4.303535113616246,4.303535113616246,4.303535113616246,4.303535113616246,4.303535113616246,4.303535113616246,4.303535113616246,4.303535113616246,4.303535113616246,4.303535113616246,4.303535113616246,4.303535113616246,4.303535113616246,4.303535113616246,4.303535113616246,4.303535113616246,4.303535113616246,4.303535113616246,4.303535113616246,4.303535113616246,4.303535113616246,4.303535113616246,4.303535113616246,4.303535113616246,4.303535113616246,4.303535113616246,4.303535113616246,4.303535113616246,4.303535113616246,4.303535113616246,4.303535113616246,4.303535113616246,4.303535113616246,4.303535113616246,4.303535113616246,4.303535113616246,4.303535113616246,4.303535113616246,4.303535113616246,4.303535113616246,4.303535113616246,4.303535113616246,4.303535113616246,4.303535113616246,4.303535113616246,4.303535113616246,4.303535113616246,4.303535113616246,4.303535113616246,4.303535113616246,4.303535113616246,4.303535113616246,4.303535113616246,4.303535113616246,4.303535113616246,4.303535113616246,4.303535113616246,4.303535113616246,4.303535113616246,4.303535113616246,4.303535113616246,4.303535113616246,4.303535113616246,4.303535113616246,4.303535113616246,4.303535113616246,4.303535113616246,4.303535113616246,4.303535113616246,4.303535113616246,4.303535113616246,4.303535113616246,4.303535113616246,4.303535113616246,4.303535113616246,4.303535113616246,4.303535113616246,4.303535113616246,4.303535113616246,4.303535113616246,4.303535113616246,4.303535113616246,4.303535113616246,4.303535113616246,4.303535113616246,4.303535113616246,4.303535113616246,4.303535113616246,4.303535113616246,4.303535113616246,4.303535113616246,4.303535113616246,4.303535113616246,4.303535113616246,4.303535113616246,4.303535113616246,4.303535113616246,4.303535113616246,4.303535113616246,4.303535113616246,4.303535113616246,4.303535113616246,4.303535113616246,4.303535113616246,4.303535113616246,4.303535113616246,4.303535113616246,4.303535113616246,4.303535113616246,4.303535113616246,4.303535113616246,4.303535113616246,4.303535113616246,4.303535113616246,4.303535113616246,4.303535113616246,4.303535113616246,4.303535113616246,4.303535113616246
max_resolution_percentage_176570701,100.0,100.0,100.0,100.0,100.0,100.0,100.0,100.0,100.0,100.0,100.0,100.0,100.0,100.0,100.0,100.0,100.0,100.0,100.0,100.0,100.0,100.0,100.0,100.0,100.0,100.0,100.0,100.0,100.0,100.0,100.0,100.0,100.0,100.0,100.0,100.0,100.0,100.0,100.0,100.0,100.0,100.0,100.0,100.0,100.0,100.0,100.0,100.0,100.0,100.0,100.0,100.0,100.0,100.0,100.0,100.0,100.0,100.0,100.0,100.0,100.0,100.0,100.0,100.0,100.0,100.0,100.0,100.0,100.0,100.0,100.0,100.0,100.0,100.0,100.0,100.0,100.0,100.0,100.0,100.0,100.0,100.0,100.0,100.0,100.0,100.0,100.0,100.0,100.0,100.0,100.0,100.0,100.0,100.0,100.0,100.0,100.0,100.0,100.0,100.0,100.0,100.0,100.0,100.0,100.0,100.0,100.0,100.0,100.0,100.0,100.0,100.0,100.0,100.0,100.0,100.0,100.0,100.0,100.0,100.0
kpi_resolution_stability_norm_176570701,kpi_resolution_stability_176570701,4.303535113616246,4.303535113616246,4.303535113616246,4.303535113616246,4.303535113616246,4.303535113616246,4.303535113616246,4.303535113616246,4.303535113616246,4.303535113616246,4.303535113616246,4.303535113616246,4.303535113616246,4.303535113616246,4.303535113616246,4.303535113616246,4.303535113616246,4.303535113616246,4.303535113616246,4.303535113616246,4.303535113616246,4.303535113616246,4.303535113616246,4.303535113616246,4.303535113616246,4.303535113616246,4.303535113616246,4.303535113616246,4.303535113616246,4.303535113616246,4.303535113616246,4.303535113616246,4.303535113616246,4.303535113616246,4.303535113616246,4.303535113616246,4.303535113616246,4.303535113616246,4.303535113616246,4.303535113616246,4.303535113616246,4.303535113616246,4.303535113616246,4.303535113616246,4.303535113616246,4.303535113616246,4.303535113616246,4.303535113616246,4.303535113616246,4.303535113616246,4.303535113616246,4.303535113616246,4.303535113616246,4.303535113616246,4.303535113616246,4.303535113616246,4.303535113616246,4.303535113616246,4.303535113616246,4.303535113616246,4.303535113616246,4.303535113616246,4.303535113616246,4.303535113616246,4.303535113616246,4.303535113616246,4.303535113616246,4.303535113616246,4.303535113616246,4.303535113616246,4.303535113616246,4.303535113616246,4.303535113616246,4.303535113616246,4.303535113616246,4.303535113616246,4.303535113616246,4.303535113616246,4.303535113616246,4.303535113616246,4.303535113616246,4.303535113616246,4.303535113616246,4.303535113616246,4.303535113616246,4.303535113616246,4.303535113616246,4.303535113616246,4.303535113616246,4.303535113616246,4.303535113616246,4.303535113616246,4.303535113616246,4.303535113616246,4.303535113616246,4.303535113616246,4.303535113616246,4.303535113616246,4.303535113616246,4.303535113616246,4.303535113616246,4.303535113616246,4.303535113616246,4.303535113616246,4.303535113616246,4.303535113616246,4.303535113616246,4.303535113616246,4.303535113616246,4.303535113616246,4.303535113616246,4.303535113616246,4.303535113616246,4.303535113616246,4.303535113616246,4.303535113616246,4.303535113616246,4.303535113616246,4.303535113616246,4.303535113616246
max_resolution_percentage_norm_176570701,max_resolution_percentage_176570701,100.0,100.0,100.0,100.0,100.0,100.0,100.0,100.0,100.0,100.0,100.0,100.0,100.0,100.0,100.0,100.0,100.0,100.0,100.0,100.0,100.0,100.0,100.0,100.0,100.0,100.0,100.0,100.0,100.0,100.0,100.0,100.0,100.0,100.0,100.0,100.0,100.0,100.0,100.0,100.0,100.0,100.0,100.0,100.0,100.0,100.0,100.0,100.0,100.0,100.0,100.0,100.0,100.0,100.0,100.0,100.0,100.0,100.0,100.0,100.0,100.0,100.0,100.0,100.0,100.0,100.0,100.0,100.0,100.0,100.0,100.0,100.0,100.0,100.0,100.0,100.0,100.0,100.0,100.0,100.0,100.0,100.0,100.0,100.0,100.0,100.0,100.0,100.0,100.0,100.0,100.0,100.0,100.0,100.0,100.0,100.0,100.0,100.0,100.0,100.0,100.0,100.0,100.0,100.0,100.0,100.0,100.0,100.0,100.0,100.0,100.0,100.0,100.0,100.0,100.0,100.0,100.0,100.0,100.0,100.0
kpi_fps_stability_176570701,4.978873396874005,5,4.942427872760581,5,4.978873396874005,5,5,4.942427872760581,4.645444442750246,4.542982187053405,4.782870430458232,4.542982187053405,4.429715418300614,4.738985153469177,4.904703300310673,4.8250342659265355,4.978873396874005,4.904703300310673,4.904703300310673,4.978873396874005,4.904703300310673,4.904703300310673,5,4.904703300310673,4.904703300310673,5,4.942427872760581,5,4.978873396874005,4.978873396874005,4.904703300310673,4.904703300310673,5,4.942427872760581,4.942427872760581,5,4.978873396874005,4.865606628121216,5,5,4.693231865584395,5,4.942427872760581,4.782870430458232,4.978873396874005,4.865606628121216,4.978873396874005,4.904703300310673,4.865606628121216,4.942427872760581,5,5,4.865606628121216,5,4.978873396874005,4.942427872760581,4.978873396874005,4.978873396874005,5,5,4.8250342659265355,5,5,4.942427872760581,5,4.978873396874005,4.942427872760581,4.865606628121216,5,5,5,5,5,5,4.978873396874005,4.904703300310673,4.904703300310673,4.978873396874005,4.978873396874005,5,4.487839843855012,5,5,5,5,4.978873396874005,5,5,4.904703300310673,4.942427872760581,4.942427872760581,5,4.904703300310673,5,4.782870430458232,4.942427872760581,5,5,5,5,4.942427872760581,4.978873396874005,5,4.978873396874005,4.978873396874005,5,4.978873396874005,5,5,4.904703300310673,5,4.942427872760581,4.978873396874005,4.942427872760581,4.978873396874005,5,5,5,5,5
kpi_q_video_176570701,1.457142857142857,1.9,1.9,1.9,1.8499999999999999,1.8,1.8,1.8499999999999999,1.4,1.4,1.457142857142857,1.5714285714285714,1.6857142857142855,1.8,1.8,1.7428571428571429,1.7428571428571429,1.8,1.8,1.8499999999999999,1.8499999999999999,1.8499999999999999,1.8,1.8,1.8,1.8499999999999999,1.8,1.8499999999999999,1.8499999999999999,1.8499999999999999,1.9,1.9,1.8499999999999999,1.8499999999999999,1.8499999999999999,1.8499999999999999,1.95,1.95,1.5714285714285714,1.4,1.4,1.6285714285714286,1.6857142857142855,1.7428571428571429,1.7428571428571429,1.7428571428571429,1.8,1.8,1.8499999999999999,1.7428571428571429,1.7428571428571429,1.6857142857142855,1.6857142857142855,1.6857142857142855,1.6857142857142855,1.7428571428571429,1.8,1.8,1.8499999999999999,1.8,1.8499999999999999,1.8499999999999999,1.8,1.8,1.6857142857142855,1.6857142857142855,1.6285714285714286,1.7428571428571429,1.8,1.8,1.8,1.7428571428571429,1.7428571428571429,1.8,1.7428571428571429,1.8,1.8,1.6285714285714286,1.5714285714285714,1.6857142857142855,1.7428571428571429,1.8,1.8,1.8,1.8,1.8,1.7428571428571429,1.8,1.8,1.8,1.6857142857142855,1.9,1.8,1.8499999999999999,1.8499999999999999,1.9,1.6857142857142855,1.6857142857142855,1.6285714285714286,1.6285714285714286,1.6285714285714286,1.6857142857142855,1.8,1.7428571428571429,1.8,1.7428571428571429,1.8499999999999999,1.7428571428571429,1.7428571428571429,1.8,1.8,1.8,1.8,1.8499999999999999,1.8499999999999999,1.8499999999999999,1.8,1.8499999999999999
